ID,fold,actual,xgboost_native,catboost_native
9,1,1,0.67497444,0.6793050748317513
11,1,1,0.45913795,0.46568337898141143
14,1,1,0.82793784,0.8239040577195301
17,1,1,0.66137904,0.6790794924254725
21,1,0,0.60687286,0.6038443967968533
24,1,0,0.6998667,0.7001031128916625
25,1,1,0.64778656,0.6611164063517554
26,1,1,0.5592926,0.5820719087962
32,1,0,0.71040213,0.7319606596234328
37,1,0,0.66414654,0.6822866280026886
39,1,1,0.7274709,0.7143752129200908
56,1,1,0.6955485,0.6921241139515556
57,1,1,0.73086524,0.6031939060988144
64,1,0,0.6434391,0.6680009753363397
69,1,0,0.7443798,0.7203353325125068
74,1,1,0.8816247,0.8656972420093346
77,1,1,0.6377935,0.6799667566194261
78,1,0,0.71101004,0.6845194476921718
80,1,0,0.51387733,0.5287635213583157
88,1,1,0.7763903,0.7531069915266826
92,1,1,0.676309,0.6912992171995195
94,1,1,0.8936625,0.8767890644120588
96,1,1,0.76843023,0.7626612398225547
99,1,0,0.54233104,0.5498658528019589
100,1,0,0.518021,0.5378260537167948
109,1,1,0.69049037,0.6946693440283637
110,1,1,0.4819335,0.4686009819821786
117,1,1,0.6214499,0.5931758604245599
121,1,0,0.7554801,0.7081778803103541
135,1,1,0.66670394,0.6743167040500677
137,1,1,0.639414,0.6642666334585011
141,1,0,0.37641308,0.4514757856588006
145,1,1,0.3782005,0.365493493792128
146,1,0,0.78583115,0.7930081233102014
149,1,0,0.6269413,0.6543772474291769
162,1,0,0.39328808,0.3846970880122721
163,1,1,0.5464754,0.576134288948911
164,1,1,0.77394193,0.7590477795861834
168,1,1,0.46890295,0.465244613654442
170,1,1,0.46605402,0.5010430344052252
180,1,1,0.6583959,0.6657335438792984
185,1,1,0.7748623,0.7643094847574556
186,1,1,0.6522936,0.6143795721522498
192,1,1,0.72011155,0.7142142174529801
195,1,1,0.3665684,0.4256849488853421
202,1,0,0.74210185,0.7364533050474517
213,1,0,0.6528515,0.6382861832286848
218,1,1,0.55961686,0.5682131703135412
219,1,1,0.61137664,0.6479056496900091
223,1,0,0.37605563,0.43486456060830175
228,1,1,0.7974188,0.7872296419540745
230,1,1,0.47798768,0.5270078941094839
237,1,1,0.6805683,0.7239713594546767
243,1,1,0.5125326,0.48787111293576846
247,1,1,0.66899836,0.6536960467653192
249,1,0,0.67689216,0.6680839606839102
252,1,1,0.75781095,0.724430005728366
254,1,1,0.60742116,0.6344293604615295
260,1,1,0.60048264,0.6317757988839575
262,1,1,0.6689299,0.6787075130661532
264,1,1,0.6496223,0.6372530925463613
265,1,0,0.540406,0.5472246859580411
273,1,1,0.7597891,0.7762589861365949
277,1,1,0.5907112,0.6016950226438661
283,1,1,0.67634004,0.6439304387911834
297,1,1,0.6037217,0.6371247861575284
304,1,1,0.77783644,0.7378905916095472
306,1,1,0.85074466,0.8336832686152438
317,1,1,0.7517068,0.7178016558828489
319,1,1,0.8407408,0.8423291855837879
320,1,1,0.8878841,0.8622137628454136
322,1,1,0.63920987,0.6663040840288209
323,1,1,0.79270804,0.7865607338428491
329,1,1,0.5590039,0.5983746256954219
334,1,0,0.5170838,0.5170119451169224
342,1,0,0.48099983,0.5202911988903957
351,1,1,0.74526477,0.7285086250763084
352,1,1,0.55730456,0.5421987619770305
354,1,1,0.6147656,0.6271716000109251
359,1,1,0.7182533,0.7086674651549603
366,1,1,0.63993406,0.6295370040562148
375,1,1,0.69044405,0.6942463537116783
376,1,0,0.3260272,0.3488521113643655
378,1,0,0.56114066,0.5908586978803745
382,1,1,0.6949975,0.6306522652686357
397,1,1,0.6495052,0.640768047103927
403,1,1,0.6496226,0.6418140990285147
407,1,1,0.6296727,0.6791627017972183
412,1,1,0.595817,0.5977260877859206
413,1,0,0.2640139,0.30264632923059126
419,1,1,0.7912623,0.7973505508506669
421,1,1,0.5592248,0.5437671351833582
424,1,1,0.6492606,0.6847069359348434
426,1,0,0.4410047,0.5007429595949329
429,1,1,0.5966972,0.6218346897785343
431,1,0,0.15884504,0.15197179717867415
433,1,1,0.61846447,0.6445718847705947
436,1,1,0.7561077,0.7474281202054041
448,1,1,0.70927006,0.6655529704740678
461,1,1,0.6751981,0.6848898141132121
462,1,1,0.65288264,0.631983909956707
464,1,1,0.6664627,0.6760027957257798
469,1,1,0.48277634,0.4783691842425758
474,1,0,0.8187253,0.8022215805257615
478,1,1,0.3802504,0.4426981255095506
479,1,0,0.62877595,0.659885100255833
480,1,1,0.64282084,0.6273633985040131
488,1,0,0.662015,0.6689138896963276
493,1,1,0.7890518,0.7832988271148401
495,1,1,0.7942517,0.7832349957048635
501,1,1,0.5232504,0.5384618508186727
502,1,1,0.76727176,0.7298946705150293
513,1,1,0.6761037,0.6962518317891756
518,1,0,0.6914103,0.7031024236496285
520,1,0,0.26872295,0.2546904740049244
524,1,0,0.54538244,0.5531077729491899
528,1,1,0.68850195,0.7093119639085455
531,1,1,0.593875,0.6089778967070391
539,1,1,0.72239506,0.7493304840393858
545,1,0,0.24784331,0.2931901452990261
546,1,1,0.9151577,0.91787112906734
549,1,1,0.8313568,0.821358932117702
554,1,0,0.27524984,0.27618105220052275
556,1,1,0.73035413,0.733100041523483
563,1,1,0.8636447,0.8430584252953806
567,1,1,0.5776464,0.6155078922880676
568,1,0,0.15535137,0.16630729391848548
573,1,1,0.83967537,0.8149196333182968
575,1,1,0.638991,0.6453356008158085
582,1,0,0.56345487,0.5701473170516158
583,1,0,0.5649245,0.5676248646105929
585,1,1,0.605941,0.6160437849725401
590,1,1,0.4514413,0.5161456644063765
598,1,1,0.72111195,0.7183478244814588
602,1,1,0.70257723,0.6950178844238355
609,1,1,0.5821216,0.5987958457588244
611,1,0,0.32818982,0.32767552190227195
615,1,1,0.7317459,0.7417096791349412
623,1,1,0.8035951,0.7948584988963768
627,1,1,0.51472825,0.5004956186444114
630,1,1,0.88084847,0.8665473841148297
638,1,1,0.7341677,0.7482134229659038
639,1,1,0.77892226,0.7618548339701781
643,1,0,0.5685727,0.5760247466459737
667,1,0,0.4916904,0.51985936589069
668,1,1,0.7285667,0.763480344322769
673,1,0,0.68898153,0.6653256415430369
674,1,1,0.6442129,0.6564767486425372
688,1,0,0.6472984,0.6432821182005688
689,1,0,0.23740841,0.30208131357753576
691,1,0,0.81426615,0.8079991310610369
696,1,1,0.7523857,0.7326930071162657
697,1,1,0.79964846,0.7910772591855838
700,1,0,0.7460747,0.7312650523157159
701,1,1,0.2700604,0.26687295386593507
703,1,0,0.5682689,0.6018502850865487
710,1,1,0.43548012,0.46921907590487333
718,1,1,0.7867523,0.75291989851839
722,1,1,0.78659856,0.7618463994706828
728,1,1,0.6779846,0.698008740014313
730,1,1,0.6512332,0.6677928847801221
736,1,0,0.7442077,0.7473426891378401
744,1,1,0.67280334,0.6814266874408638
745,1,0,0.5583737,0.5941160899707189
747,1,1,0.5273048,0.5303994354534551
748,1,1,0.6928077,0.6870848067477981
749,1,1,0.9099724,0.9143451022441325
752,1,1,0.77884334,0.7723538193470016
755,1,1,0.7310726,0.7316243922322195
765,1,0,0.46763527,0.5178003942007028
767,1,0,0.62076765,0.6172338820928306
770,1,0,0.660842,0.6749085431548495
771,1,0,0.5161986,0.5350923972148168
784,1,0,0.28923902,0.3061387398798854
785,1,1,0.46774864,0.5101689129321786
788,1,0,0.38824192,0.3929251542957241
790,1,1,0.8085507,0.8121317455984621
795,1,1,0.6170013,0.6150636301997164
799,1,1,0.7472104,0.7196690464459319
800,1,1,0.6121036,0.5817717498838462
811,1,1,0.8477744,0.8321034684863378
812,1,1,0.8045283,0.8244493417544184
820,1,1,0.84693205,0.85641497358095
823,1,1,0.76927286,0.7654124020765309
828,1,0,0.5220518,0.5193953066582956
829,1,1,0.5568289,0.5747804660626059
833,1,0,0.4368153,0.47873316743684885
836,1,0,0.6289029,0.637080627079458
839,1,1,0.6103147,0.6085016094023882
841,1,1,0.47343153,0.4734623380243128
842,1,0,0.65085626,0.640927419387706
843,1,1,0.5104423,0.5245616808125847
848,1,0,0.613979,0.5932856041310198
855,1,0,0.5233198,0.5506446846878664
856,1,1,0.51729405,0.518218888282067
857,1,0,0.40656364,0.44040389109473355
865,1,1,0.63424575,0.5973165413830769
870,1,0,0.4525666,0.4196178132327289
873,1,0,0.5869529,0.5758138784315698
876,1,0,0.70298386,0.7079761656921147
884,1,1,0.5885014,0.5980830080212061
895,1,0,0.5587151,0.6083830083039573
903,1,1,0.5833152,0.636137328564444
904,1,0,0.20923007,0.2707230568152578
922,1,0,0.18442798,0.21651554445494722
923,1,1,0.6767232,0.7029588642571581
931,1,0,0.3611601,0.38789112006826776
932,1,1,0.87308824,0.8555329842154964
937,1,1,0.27296278,0.30830350189082456
941,1,1,0.43405223,0.4945172645808712
942,1,0,0.77024037,0.7530193127926827
953,1,1,0.69866407,0.684183302619443
961,1,0,0.48655415,0.5632654730385306
967,1,0,0.26493979,0.250702299068634
973,1,1,0.7552164,0.745673706941469
975,1,1,0.6223695,0.6116093503019661
980,1,0,0.4952869,0.4895509061443872
986,1,1,0.56287134,0.5830025091923449
995,1,0,0.5646995,0.5675366438167567
998,1,0,0.32574818,0.35910694727095277
1000,1,1,0.71125877,0.7097952248667633
1003,1,1,0.7014174,0.7388922262649668
1012,1,0,0.7835295,0.7946736307735234
1013,1,0,0.765917,0.7630956094319579
1019,1,0,0.21305081,0.22719915830463233
1025,1,1,0.53565764,0.5528499036561373
1026,1,0,0.4628167,0.5042136146229678
1040,1,0,0.41437146,0.46453173607173853
1042,1,1,0.7091083,0.6826617031746275
1044,1,0,0.25104192,0.296179478169799
1054,1,0,0.24345297,0.23297675523868858
1055,1,1,0.45839357,0.5023251692169338
1056,1,1,0.8498565,0.8263017997464628
1058,1,1,0.82738006,0.8152747049557173
1064,1,0,0.71795136,0.6819631307651735
1065,1,0,0.35877982,0.3560753730376485
1069,1,0,0.7108887,0.6912214039576869
1072,1,1,0.74452436,0.7264326590626089
1073,1,1,0.46091688,0.483482324321025
1076,1,1,0.7759562,0.7831666183452574
1087,1,1,0.8747268,0.8611226332398074
1091,1,1,0.6697868,0.7005666790962927
1101,1,0,0.5801952,0.6219938284922153
1103,1,1,0.7640783,0.7556767745408128
1106,1,0,0.5546794,0.5637152406014654
1107,1,1,0.9013229,0.8941161765228344
1111,1,0,0.59112686,0.5765603257183795
1115,1,0,0.6270564,0.6680991850805951
1119,1,1,0.5546026,0.5849929038075038
1125,1,1,0.6636204,0.7019090163964118
1127,1,1,0.7245243,0.7360673069820887
1128,1,1,0.79361033,0.807905588511891
1138,1,1,0.6712459,0.6143134922975096
1147,1,1,0.76161623,0.7639644173491982
1151,1,1,0.9200858,0.9043230299343151
1153,1,1,0.8221861,0.810027397250893
1155,1,0,0.29969278,0.35520296045434396
1160,1,0,0.7034661,0.7050457836257285
1166,1,0,0.56534046,0.5644447783623199
1175,1,0,0.7578443,0.7293294830529501
1179,1,1,0.6201169,0.6169398321287225
1184,1,1,0.7540102,0.7316310252923377
1192,1,1,0.62420106,0.6575904618676236
1193,1,0,0.6589115,0.6354999325625805
1200,1,1,0.6904616,0.6607073346745532
1201,1,1,0.7337446,0.7103133276997674
1202,1,1,0.6412724,0.6223543087206734
1205,1,1,0.80034345,0.8033735839597494
1209,1,1,0.505113,0.5489376767898035
1210,1,1,0.65211785,0.6646424567088357
1212,1,1,0.543116,0.4991657533042271
1220,1,1,0.5070895,0.5338515410623202
1222,1,1,0.7633935,0.7519430966995905
1226,1,1,0.7253983,0.7235236988108475
1229,1,1,0.7058607,0.7257467637680171
1239,1,1,0.8282234,0.7874026352336246
1251,1,0,0.67021906,0.6560822750751345
1252,1,1,0.53934956,0.5467545646943185
1253,1,0,0.4521405,0.482563803528436
1263,1,1,0.63447213,0.642078682634459
1264,1,1,0.7125383,0.6914767793022516
1269,1,1,0.64595133,0.64631585237365
1270,1,1,0.4273288,0.46781653614983293
1271,1,1,0.6818341,0.6470564258565445
1283,1,1,0.8627939,0.8323380292776499
1285,1,1,0.8033409,0.8190614365193578
1288,1,0,0.5160016,0.5027778915284313
1290,1,1,0.90881413,0.8960188736535726
1292,1,1,0.6060033,0.6161859753637827
1293,1,1,0.6112518,0.6232079492778997
1313,1,1,0.8641644,0.8687575145343663
1321,1,0,0.58073884,0.6314626031253141
1330,1,1,0.7632493,0.756910780038695
1331,1,0,0.7461561,0.750776547443115
1333,1,1,0.6726612,0.6795929680873749
1334,1,0,0.48239145,0.49289823140037775
1343,1,0,0.3381261,0.3560211163984594
1354,1,1,0.5287548,0.5584080071918084
1355,1,0,0.7000905,0.6775895668592401
1356,1,1,0.6792931,0.6426111897246928
1357,1,1,0.64170426,0.6377357415963077
1364,1,1,0.4788051,0.5205194784314421
1369,1,1,0.68852276,0.6900607631835554
1370,1,0,0.25389642,0.2638147570673234
1374,1,1,0.30938154,0.32928332857155695
1383,1,1,0.44233972,0.47474662549776264
1387,1,0,0.37334588,0.41594240259424536
1396,1,0,0.632189,0.5871662706966969
1397,1,1,0.6796385,0.6838509901726464
1398,1,1,0.54578626,0.590747166722298
1408,1,0,0.24916804,0.25340968559322735
1423,1,0,0.6549763,0.6756668768524591
1430,1,0,0.4493372,0.47700597582838217
1440,1,0,0.57864064,0.5769812297645366
1442,1,1,0.78978825,0.743252290153015
1443,1,1,0.8819284,0.8541659483743622
1445,1,1,0.7986111,0.7709618504909737
1447,1,1,0.78318715,0.7575987082724689
1456,1,1,0.6429882,0.6244029075423799
1463,1,1,0.48384732,0.4852171503633038
1464,1,0,0.5125873,0.43495533885840365
1468,1,1,0.41695005,0.4796036599449215
1469,1,0,0.38327065,0.43220344198837995
1475,1,1,0.85771894,0.8684780518641964
1483,1,1,0.73794806,0.7107068702238049
1485,1,0,0.78628147,0.7659533070972029
1487,1,1,0.78178734,0.7807067869395914
1488,1,0,0.6499562,0.6640297932733723
1489,1,0,0.35788274,0.39959202086265616
1494,1,0,0.44257644,0.4884701849109933
1499,1,0,0.35228607,0.3575490345290349
1501,1,1,0.5393077,0.5389102838174895
1504,1,0,0.28150225,0.32297617811185847
1506,1,1,0.7147962,0.6832244911812235
1512,1,1,0.76563305,0.7912838616664672
1517,1,1,0.36245763,0.4338658734717328
1520,1,1,0.5720653,0.5744820173276259
1522,1,1,0.5956247,0.5852729280331803
1523,1,0,0.51776844,0.5337013391204473
1543,1,0,0.56956077,0.5687475337670393
1544,1,0,0.9191878,0.90837233205265
1546,1,1,0.5308923,0.581227252072167
1553,1,0,0.6573797,0.5950683743923193
1555,1,0,0.63473,0.6517791797189114
1556,1,1,0.890254,0.8675287524596504
1558,1,0,0.44650313,0.4950256274325216
1562,1,1,0.8931758,0.8855312280505047
1563,1,0,0.3706486,0.37596529163795694
1567,1,0,0.22908959,0.2738930715342287
1568,1,1,0.82267904,0.7911577786471075
1576,1,0,0.539706,0.5335834368113875
1587,1,1,0.61061347,0.6071762767466723
1596,1,1,0.83845407,0.826831427788192
1601,1,1,0.6375594,0.643983896989752
1602,1,1,0.84846044,0.8138974376645324
1609,1,1,0.62259835,0.6210098843256212
1610,1,1,0.71757525,0.6798590581052312
1615,1,1,0.8035645,0.7833161755624805
1617,1,1,0.6440994,0.6356337233203142
1619,1,1,0.6733942,0.6573426848084782
1625,1,1,0.6335024,0.6322913392334774
1631,1,0,0.65249944,0.6460888304764314
1638,1,0,0.72118694,0.6994120544600283
1639,1,0,0.78504956,0.7449283039279574
1640,1,1,0.78881,0.7875365464404254
1645,1,1,0.5212506,0.5014514490760449
1647,1,1,0.69665855,0.6891096900863286
1656,1,0,0.80668294,0.7888480894089825
1662,1,0,0.6479764,0.6399499946766322
1677,1,1,0.38003036,0.41088786355002344
1679,1,0,0.5423717,0.5517662544767491
1680,1,1,0.7593378,0.7435875635705057
1682,1,1,0.6520784,0.6950203045405721
1683,1,1,0.79434323,0.8023403830972334
1691,1,1,0.7216552,0.704577522469554
1693,1,0,0.62207556,0.6330964862454127
1696,1,1,0.4932486,0.5344183959616573
1699,1,0,0.6966646,0.7167641466653286
1700,1,1,0.7839186,0.7914139025737322
1703,1,1,0.6299444,0.6543406121191992
1713,1,0,0.4819242,0.4820646563703177
1717,1,0,0.5535725,0.5435989620796488
1724,1,1,0.797608,0.7751988824684306
1733,1,1,0.9053111,0.8897531329453383
1734,1,0,0.6582174,0.6700673168669403
1738,1,0,0.72899365,0.6936701626829371
1739,1,0,0.6740032,0.711946589230265
1741,1,1,0.751634,0.6932365546776453
1745,1,1,0.57028246,0.5530336276709859
1750,1,1,0.58620054,0.6168824416882273
1751,1,0,0.557438,0.5644171138877913
1752,1,1,0.8451933,0.8365486287671691
1759,1,1,0.8619346,0.8674562733753144
1768,1,0,0.77595377,0.7525677828335534
1775,1,1,0.5722307,0.598130834124003
1797,1,1,0.6953634,0.7176485896365706
1804,1,0,0.16117671,0.17845351779317137
1814,1,1,0.76994646,0.7385579909212369
1818,1,1,0.6085662,0.5774898473200517
1826,1,1,0.6026081,0.5883774118988959
1827,1,1,0.5404652,0.5760443631482559
1834,1,0,0.5677972,0.5464559295214283
1835,1,0,0.27340215,0.2925963093063754
1840,1,1,0.49857333,0.5356696283662782
1847,1,0,0.5627706,0.5787054167104072
1848,1,1,0.40593642,0.43221480614489477
1849,1,1,0.6227379,0.6355892134598343
1851,1,0,0.37443587,0.40467366008157823
1857,1,1,0.7966993,0.7935197516582789
1864,1,1,0.5075017,0.5110430190552279
1869,1,1,0.5861306,0.5779807361236458
1878,1,1,0.8098664,0.8212035220371583
1879,1,1,0.8438315,0.8333722464197493
1886,1,1,0.6126802,0.6342884537459895
1894,1,0,0.22193578,0.2334469830307048
1895,1,0,0.4711269,0.5039149611363679
1898,1,1,0.7554768,0.755929265913179
1901,1,1,0.67948246,0.659998706934405
1902,1,1,0.6848178,0.6379372511644416
1903,1,1,0.6477515,0.6521867684060272
1909,1,0,0.63105106,0.6227457986511962
1914,1,0,0.3944212,0.41169512725622665
1917,1,1,0.60369146,0.609883270648475
1923,1,0,0.31462964,0.37172207835088883
1926,1,1,0.5199139,0.5708347390430681
1928,1,1,0.6240397,0.6180064430186031
1933,1,1,0.42893183,0.4819781923466241
1938,1,0,0.112066835,0.09583911619103784
1954,1,0,0.64174294,0.6425196748246563
1961,1,1,0.5740762,0.5982782083410045
1962,1,1,0.40521216,0.4236891525257966
1963,1,1,0.7956368,0.8030991558339968
1973,1,1,0.83175075,0.8370863149689233
1976,1,0,0.24908538,0.2764322880677578
1978,1,1,0.5021749,0.6044486259219837
1980,1,1,0.60924757,0.6196134550775886
1983,1,1,0.73725915,0.7387220145141038
1984,1,1,0.81685925,0.8286139837940559
1985,1,0,0.8235122,0.8039195871939403
1987,1,0,0.5171032,0.4884070169171207
1990,1,0,0.7147612,0.7278295374088937
1995,1,1,0.7453498,0.7769177449858359
1996,1,1,0.62567484,0.6257967145918895
1997,1,0,0.7623986,0.7575018874431004
2001,1,0,0.69439936,0.7369786083333557
2002,1,1,0.6235507,0.6262553716369956
2005,1,1,0.46871942,0.4358487441209812
2007,1,1,0.69789946,0.6793455033315009
2017,1,0,0.59447086,0.5941192741896635
2021,1,0,0.3562478,0.3559503033233089
2022,1,1,0.2848409,0.320834110420096
2024,1,0,0.522201,0.5690774354238101
2027,1,0,0.54502136,0.5382267848308422
2039,1,0,0.45752352,0.4441660363760019
2041,1,1,0.7709108,0.7679494766691923
2042,1,1,0.58076924,0.563028008820158
2044,1,0,0.12270442,0.1108426602514346
2047,1,0,0.56621706,0.5756999194207456
2048,1,0,0.41326767,0.44026208129956806
2052,1,0,0.35190538,0.3882515987221832
2053,1,0,0.37132442,0.4236141539295504
2059,1,0,0.58153707,0.6042824283544995
2065,1,0,0.63475484,0.6343221461685088
2068,1,0,0.3302515,0.3490625168749963
2072,1,0,0.5737211,0.5807937626415144
2083,1,1,0.5917569,0.5839585249713763
2094,1,1,0.80323464,0.8173972936827409
2096,1,1,0.8669776,0.8602095224530543
2097,1,0,0.63811886,0.7010477705681727
2098,1,1,0.6909479,0.6871825816889283
2104,1,1,0.81965256,0.7872246143842133
2105,1,1,0.6693338,0.648349820610028
2109,1,1,0.74717367,0.7354752922840325
2110,1,1,0.71551496,0.6966390635423558
2114,1,0,0.14063184,0.13598684661295912
2118,1,0,0.21172301,0.29171741159078884
2123,1,0,0.3524551,0.34241578708420534
2127,1,0,0.14519076,0.14137323874784977
2132,1,1,0.721674,0.7223988850630166
2134,1,0,0.42996362,0.44055355852413813
2138,1,1,0.6940653,0.6780129099167455
2147,1,1,0.8729067,0.8708756681246866
2148,1,0,0.71002054,0.6744142924802622
2154,1,1,0.7371284,0.7180772524756935
2157,1,1,0.62330663,0.6023529931011237
2158,1,0,0.6195886,0.6526779855229293
2165,1,0,0.6309252,0.6692631330826073
2169,1,1,0.669866,0.7158019076540515
2171,1,0,0.62264043,0.6734079902806444
2177,1,0,0.60748965,0.6074592077722205
2183,1,1,0.5950454,0.5543682409718805
2197,1,1,0.87860596,0.8788842091818926
2201,1,1,0.78624254,0.7741142005521338
2215,1,1,0.69613665,0.7066925052084883
2219,1,0,0.619807,0.5863385688098907
2222,1,1,0.6147696,0.6513202295421385
2224,1,0,0.3614521,0.39850424427160436
2226,1,1,0.24591698,0.25861277924365916
2231,1,0,0.7179175,0.7303878026583198
2232,1,0,0.67819816,0.6839316031341488
2243,1,0,0.4224034,0.4687971584980423
2257,1,0,0.5740786,0.6169799512705602
2263,1,0,0.5371052,0.555572692644287
2266,1,1,0.73003876,0.7364012106493518
2272,1,1,0.550657,0.5508913211090627
2273,1,0,0.49095476,0.49717471911694555
2279,1,1,0.8159818,0.8160277792633882
2280,1,1,0.81253725,0.8236591357985242
2281,1,1,0.73514307,0.7531898072987185
2286,1,1,0.23362193,0.2325014694085918
2290,1,0,0.3358824,0.36249671028155467
2296,1,1,0.7189221,0.7073831455255022
2297,1,1,0.51255345,0.5107298490628753
2299,1,1,0.5170059,0.5277821358699772
2306,1,1,0.5785189,0.5881488624495315
2342,1,1,0.79828614,0.8003650954300207
2343,1,1,0.3579209,0.40408771244420166
2345,1,1,0.2609656,0.29099235151957276
2346,1,0,0.42112458,0.47675425809520505
2347,1,1,0.27934983,0.2971177372531089
2353,1,1,0.7303731,0.7492869781346218
2364,1,1,0.697232,0.6890831709788545
2366,1,0,0.1804164,0.1650851986870473
2370,1,1,0.6627837,0.6713788698715693
2374,1,1,0.37125474,0.3016173938118584
2388,1,1,0.89329356,0.869144393663664
2393,1,1,0.28619385,0.28244645669104307
2397,1,1,0.7654063,0.7562817301321934
2412,1,1,0.69986284,0.7201072886800755
2414,1,0,0.5860354,0.5993874300985571
2442,1,1,0.6103937,0.6400918182340981
2448,1,1,0.696415,0.7139754363871027
2452,1,0,0.6034635,0.6026717337905408
2462,1,1,0.6246003,0.5662563308969278
2469,1,1,0.7861339,0.7690702367442662
2470,1,1,0.55402213,0.5847096760111281
2472,1,0,0.38355356,0.39172866459959566
2473,1,0,0.6076171,0.5964146703592922
2474,1,0,0.39617315,0.38163696242244977
2479,1,1,0.18554221,0.19569298610248573
2485,1,0,0.54049265,0.5511105593253991
2494,1,1,0.60785705,0.5864560163337715
2501,1,1,0.74575025,0.7542116453108971
2506,1,1,0.28024042,0.28978799076555506
2508,1,1,0.33603784,0.3578298277264994
2509,1,1,0.8955171,0.8976563374455014
2517,1,1,0.49832466,0.49749063906509616
2521,1,0,0.45124105,0.5000181263426209
2522,1,1,0.6799968,0.675537032974875
2524,1,0,0.47550547,0.46470170968621627
2527,1,1,0.17652495,0.1826116312771174
2541,1,0,0.2521531,0.29203657536168803
2542,1,1,0.62326515,0.6447125281875353
2552,1,0,0.72315764,0.7262337260622824
2553,1,1,0.62140757,0.6099812182749084
2555,1,0,0.55232006,0.5801410581367878
2557,1,0,0.31135458,0.3412826853742121
2558,1,1,0.71021307,0.6922384127647918
2561,1,0,0.2713755,0.3234051516975191
2562,1,1,0.68458617,0.7124941653009275
2563,1,1,0.6119132,0.6187752115572226
2568,1,1,0.6202202,0.667174278243213
2574,1,1,0.69947207,0.6951205460273192
2581,1,0,0.6036197,0.637891895632981
2586,1,0,0.5142232,0.535257785306138
2592,1,0,0.7088373,0.6856484736256314
2594,1,1,0.7894044,0.7867533584919432
2595,1,1,0.63719344,0.667790103152853
2598,1,0,0.5085357,0.5218620720735213
2602,1,0,0.5640548,0.573799248168915
2612,1,1,0.751871,0.7417173318728915
2617,1,0,0.5695722,0.6072940513858389
2620,1,1,0.82589036,0.7910881144888549
2626,1,1,0.75627,0.7340525703471551
2632,1,1,0.74997556,0.7767500204285155
2643,1,1,0.48760828,0.5070280462774287
2644,1,1,0.55654085,0.5913221582345037
2647,1,1,0.744494,0.7350874320448896
2649,1,1,0.7146771,0.682539210674777
2650,1,1,0.4855471,0.47987484423142873
2655,1,0,0.23261137,0.223023280452926
2657,1,1,0.50611466,0.48021061598359466
2660,1,1,0.3916248,0.43200521370894257
2669,1,0,0.4928089,0.4820093967554644
2680,1,1,0.84764326,0.8375842100692045
2688,1,1,0.54955566,0.572237035291335
2689,1,1,0.16374308,0.1883433237153797
2692,1,1,0.89286995,0.8875469915467784
2694,1,1,0.68554336,0.6506824992746267
2695,1,1,0.723215,0.7411157385576981
2704,1,0,0.519667,0.5382392572130846
2707,1,0,0.23364149,0.2367314703525504
2709,1,0,0.81115544,0.8081585369826196
2715,1,1,0.8238662,0.819604299086295
2725,1,0,0.31945285,0.357458318158786
2731,1,1,0.6582358,0.6515349908031257
2736,1,0,0.5166552,0.5209459663416371
2739,1,1,0.47272184,0.47094016960937446
2742,1,1,0.6113881,0.6010164148832047
2745,1,0,0.3162102,0.34936151608965105
2747,1,0,0.12316204,0.13322763161619663
2750,1,0,0.39299482,0.39077269122545927
2757,1,1,0.24506928,0.29835116544955836
2758,1,0,0.31677523,0.334490497829976
2766,1,1,0.75818896,0.7250287482759722
2772,1,0,0.2258985,0.22099853568453381
2777,1,1,0.71974164,0.7144836365608708
2781,1,1,0.63445413,0.6565796349131228
2782,1,1,0.81827164,0.8087874716589509
2784,1,0,0.30501464,0.3748870322993988
2788,1,1,0.5745921,0.6034550663972396
2792,1,0,0.10811411,0.11413412401117715
2793,1,1,0.66218543,0.6547982083725694
2797,1,1,0.6555617,0.6561942215982792
2798,1,1,0.7334616,0.6878872493633776
2799,1,1,0.7841522,0.8081368713291786
2811,1,1,0.35614434,0.3650007128677063
2815,1,0,0.68861234,0.688984036484982
2826,1,0,0.14193432,0.12182661879054331
2828,1,0,0.55446047,0.5637601150094901
2830,1,1,0.3206385,0.3437181726648356
2831,1,0,0.74375635,0.7653108104600416
2835,1,1,0.7507773,0.7588266790801351
2836,1,1,0.69851696,0.7150810922575719
2845,1,1,0.77136576,0.783368668888424
2848,1,0,0.62244695,0.6260032055715642
2850,1,1,0.5825654,0.5663836436314055
2864,1,1,0.64182234,0.6444292896261927
2865,1,0,0.78184843,0.753683966339248
2869,1,0,0.20841841,0.23437593210821467
2874,1,0,0.15937413,0.14693620264484827
2876,1,1,0.44678867,0.4651525020607749
2883,1,1,0.76334256,0.7210286659373922
2887,1,0,0.5927528,0.5793179248543743
2891,1,0,0.21243064,0.20217576323506736
2894,1,0,0.5136586,0.5147341071312331
2896,1,0,0.14613923,0.13731339357179606
2902,1,0,0.17439267,0.1607480975196007
2908,1,1,0.63780475,0.6519915216490989
2910,1,1,0.5756485,0.6005508950416554
2916,1,0,0.14677633,0.1553039487519093
2921,1,1,0.66226816,0.6753078565558434
2924,1,1,0.6335934,0.6034336459063252
2925,1,1,0.6058017,0.5877958662835502
2928,1,1,0.34666324,0.3404835413517365
2929,1,0,0.49065375,0.4658576593266943
2933,1,1,0.6704507,0.6621986265215691
2936,1,1,0.70735073,0.7001045487453966
2947,1,0,0.33706066,0.30951303120219603
2955,1,1,0.64352876,0.6299052921512497
2962,1,1,0.65675694,0.6132753429311777
2972,1,0,0.5618013,0.5753878698635626
2979,1,0,0.13729256,0.13341661740772873
2984,1,0,0.45371097,0.4433799950319914
2986,1,0,0.15206474,0.1551503922258319
2989,1,0,0.15142459,0.15192086025368487
2995,1,0,0.36648098,0.32649170098720115
3000,1,0,0.35132182,0.34298157924661415
3003,1,0,0.68374294,0.6560965818831981
3011,1,0,0.6699606,0.6878521903566985
3013,1,1,0.7432415,0.7250348841923071
3016,1,0,0.34458095,0.32020091127853706
3024,1,0,0.110158816,0.11783590792780564
3026,1,1,0.80629253,0.7504716938956878
3031,1,1,0.5137217,0.5579360218171122
3038,1,0,0.5391382,0.5072419240476732
3041,1,0,0.39748722,0.3838929421640768
3053,1,1,0.67876387,0.6624400587721788
3058,1,1,0.18436861,0.19633097249159384
3059,1,1,0.51824206,0.514732987633204
3062,1,0,0.14159404,0.1336752371619714
3064,1,0,0.20914464,0.18943118003390708
3067,1,1,0.6271986,0.573190541281331
3071,1,1,0.36107507,0.4237748181724238
3082,1,1,0.7778674,0.7660145721915361
3086,1,1,0.56425387,0.5321897157302333
3088,1,0,0.20966116,0.21048792528334886
3090,1,1,0.6110462,0.5844340458925196
3093,1,1,0.52280617,0.5109327196773255
3096,1,0,0.14508037,0.13591152905081685
3098,1,0,0.67738736,0.6586173192111477
3118,1,1,0.4493581,0.4588814268799625
3123,1,0,0.1520333,0.1589065855277177
3133,1,1,0.74567586,0.7051753415831337
3134,1,0,0.46185958,0.4634043189943893
3139,1,0,0.31652033,0.3132057919854963
3141,1,1,0.3731783,0.4426285160507486
3146,1,1,0.69980323,0.7066635423612327
3151,1,1,0.7467178,0.7525026036603143
3153,1,1,0.2245359,0.25501985786156833
3156,1,0,0.5394818,0.5400585423601814
3158,1,1,0.6173557,0.5812369414464836
3161,1,0,0.8029725,0.7588979156999597
3164,1,0,0.13869973,0.137824226921421
3165,1,1,0.6199667,0.6021843800338714
3170,1,0,0.37002966,0.3775054449983028
3174,1,1,0.45168164,0.4930018165988098
3175,1,1,0.8560704,0.8313771302157605
3176,1,0,0.11901941,0.11968788639113907
3177,1,1,0.58779913,0.5900101724980744
3181,1,0,0.6356442,0.6391299488423384
3184,1,1,0.5456161,0.5856879324665261
3200,1,1,0.83846045,0.8014148967302143
3201,1,1,0.9149636,0.8993280211057042
3203,1,1,0.511589,0.558630498502598
3204,1,0,0.3470655,0.38084574066279225
3207,1,0,0.42786768,0.41710731437857357
3210,1,0,0.78276783,0.7766505480815011
3212,1,0,0.37583593,0.38100279405806664
3215,1,1,0.62691724,0.6232082768134257
3218,1,0,0.43933436,0.4768695211826536
3235,1,0,0.3103619,0.31875974533085233
3247,1,1,0.5204841,0.5646518788058726
3251,1,1,0.67852956,0.6835891253495415
3260,1,1,0.5652708,0.5777158097375426
3265,1,0,0.729082,0.688945118806077
3266,1,0,0.4913555,0.43875019825231276
3269,1,0,0.3203901,0.3259610450321335
3270,1,1,0.6082746,0.5985066832568129
3279,1,0,0.37131983,0.41947788614965287
3283,1,1,0.55545545,0.5802554709167411
3284,1,0,0.22731993,0.20834472494300915
3285,1,1,0.3541146,0.4027464755289183
3310,1,1,0.87832516,0.8571248371005546
3311,1,1,0.5598098,0.5515529961611713
3319,1,1,0.6447784,0.6752930667547679
3330,1,1,0.8149139,0.803775442668565
3335,1,0,0.26884502,0.2635140500688078
3340,1,0,0.12800777,0.12504732220499926
3342,1,1,0.13047093,0.12487924556097123
3344,1,0,0.16642013,0.17398986869131816
3348,1,1,0.45313132,0.48486618991141245
3359,1,1,0.42084318,0.4251805627394221
3364,1,1,0.7394663,0.725457794500328
3366,1,0,0.2257552,0.2522722529799421
3368,1,0,0.67662686,0.6878357099935424
3370,1,0,0.5988556,0.6342878174456098
3373,1,1,0.76268476,0.7540667438297446
3380,1,1,0.4590711,0.5140640315538964
3381,1,0,0.1300269,0.12940163815072445
3383,1,1,0.5446212,0.5173282859388605
3385,1,0,0.81752175,0.7930119444219224
3392,1,0,0.33088374,0.36742372708822646
3394,1,0,0.41445494,0.4350945456738283
3409,1,1,0.66275537,0.6630383631834637
3410,1,1,0.35400125,0.36669467357779345
3414,1,0,0.6827558,0.6910780630181881
3416,1,0,0.5793774,0.6254659239544195
3417,1,0,0.12797712,0.12621535594406944
3419,1,1,0.6776142,0.6894518372014744
3421,1,1,0.8666501,0.8601947987753309
3428,1,1,0.4110637,0.4598305011467562
3442,1,1,0.7759567,0.779623322213543
3446,1,1,0.73994076,0.7346973389578564
3451,1,1,0.2859694,0.3202623034537201
3465,1,0,0.30149314,0.33981746686400677
3467,1,1,0.7869337,0.7580148915554767
3473,1,0,0.3846147,0.41288689612496016
3475,1,0,0.5282652,0.5647071107669701
3482,1,0,0.6351383,0.6371372893729588
3483,1,1,0.5702339,0.5852769627115748
3485,1,1,0.59029984,0.631024739377791
3486,1,1,0.44023213,0.4513947775541426
3491,1,0,0.6385682,0.6219418521718714
3498,1,1,0.80164933,0.7662954927050084
3505,1,0,0.5910858,0.5902636602271569
3512,1,1,0.55182016,0.5320680904645512
3514,1,0,0.58812493,0.5727499622506956
3515,1,0,0.45507413,0.4587626294838432
3516,1,0,0.71748036,0.6861891579327744
3518,1,1,0.63389635,0.6239218022346474
3519,1,1,0.6637701,0.670613942285463
3521,1,1,0.37682283,0.3870812966179197
3525,1,1,0.36334726,0.3773086241774941
3526,1,0,0.49381295,0.5104457841083467
3527,1,0,0.49242964,0.5198450596244995
3528,1,1,0.58866984,0.6161018289595349
3529,1,0,0.24950184,0.2566645526206736
3537,1,1,0.6879702,0.7066320502408769
3538,1,0,0.4697071,0.49954448720998496
3541,1,0,0.22759205,0.24703511814904547
3543,1,1,0.47779658,0.4980352485415537
3544,1,1,0.68465745,0.6846448535061004
3545,1,0,0.6478574,0.6804080533719775
3553,1,1,0.59847325,0.5831050144937002
3554,1,0,0.4892376,0.5085217935656676
3558,1,0,0.39741158,0.41639374135471
3564,1,0,0.62557876,0.6329819489609549
3573,1,0,0.5820951,0.5657408218708033
3577,1,0,0.38283274,0.4201968677757201
3581,1,1,0.73051655,0.7305881810807923
3586,1,1,0.6969742,0.7128622136341428
3587,1,0,0.58438426,0.6008057787926834
3593,1,0,0.2779415,0.37024712063621057
3595,1,1,0.7568792,0.7648661536310694
3604,1,0,0.6153945,0.6087965554177306
3607,1,0,0.1736658,0.1857319084740114
3609,1,1,0.65914774,0.6271432992251655
3610,1,0,0.31186688,0.33788106926826084
3611,1,0,0.422194,0.4541980403949767
3614,1,0,0.297988,0.2881552916176314
3616,1,0,0.48313504,0.475630964679559
3618,1,0,0.5205573,0.5463070700833809
3621,1,0,0.5106046,0.5132786447894083
3625,1,1,0.48347485,0.5243877029685811
3626,1,1,0.68772304,0.6616247624069382
3628,1,0,0.35278517,0.3825089898937769
3632,1,1,0.71123064,0.7088080842161468
3636,1,1,0.4979313,0.5044418137770532
3642,1,0,0.29787195,0.26224025345572494
3653,1,1,0.42274255,0.3938603397181967
3654,1,0,0.4352595,0.3705871562167283
3655,1,0,0.78073734,0.7731116933867623
3662,1,0,0.5740246,0.5296668424604712
3664,1,1,0.6237307,0.6067913592643522
3667,1,0,0.3270561,0.35134384731414253
3669,1,0,0.24272725,0.2769281220325545
3673,1,1,0.63583016,0.6169265834858992
3676,1,0,0.42952475,0.4428956630081295
3679,1,1,0.58193344,0.5835332227827015
3692,1,1,0.67046005,0.6438081092212736
3694,1,1,0.68375844,0.6705779334464046
3697,1,1,0.73671556,0.6788955116929777
3699,1,1,0.59311384,0.5934575428736326
3707,1,0,0.33707723,0.30910905675064315
3710,1,1,0.68674093,0.6493743403647874
3718,1,1,0.22347987,0.2361599891857687
3719,1,1,0.5354744,0.5583763854815663
3720,1,0,0.60041326,0.5977515319941116
3725,1,0,0.51544225,0.5139890294455813
3732,1,1,0.61605525,0.593902743814646
3733,1,0,0.5968097,0.6176521113892196
3734,1,1,0.5959377,0.6354226733049415
3744,1,0,0.38494495,0.4270383431326598
3748,1,1,0.59913665,0.5961348520575945
3749,1,0,0.53944254,0.5536537701615893
3757,1,0,0.2673458,0.2956715433317377
3758,1,0,0.3239179,0.3782804979336603
3785,1,1,0.8565285,0.8090667077159535
3788,1,0,0.35242367,0.3790232706720096
3793,1,1,0.8166593,0.8108574086876059
3796,1,0,0.16434698,0.22189995026174725
3797,1,1,0.62909025,0.6328800733407487
3798,1,1,0.4173087,0.4179991524517315
3802,1,1,0.73683304,0.734592653189876
3803,1,1,0.6909116,0.6749199220853865
3809,1,1,0.55604905,0.5758229517434658
3813,1,1,0.6812864,0.6823956477756817
3814,1,0,0.7313397,0.707352272055726
3824,1,1,0.73412085,0.7186756426679088
3825,1,0,0.48951197,0.49555064411847993
3828,1,1,0.678271,0.6729666912233123
3831,1,1,0.6256935,0.6243573237175393
3832,1,0,0.33023092,0.44681122851819827
3835,1,0,0.30182934,0.3639598816059234
3837,1,0,0.6425037,0.6085420004684294
3839,1,1,0.6125749,0.5961727426258755
3842,1,1,0.5152502,0.49423889712426905
3854,1,0,0.63717574,0.6365565277929885
3861,1,1,0.15061085,0.15458587522742612
3879,1,0,0.5333324,0.508107481865515
3880,1,1,0.772601,0.7475671279602228
3887,1,0,0.31883603,0.3027151608682194
3890,1,1,0.6376214,0.630057450247436
3891,1,0,0.70847446,0.7056213258391545
3894,1,0,0.74803513,0.7310951154380602
3899,1,0,0.7159314,0.7232386501056517
3901,1,1,0.7611497,0.7425768117939401
3903,1,0,0.5981003,0.6291309548695408
3905,1,1,0.84694517,0.8306887329930512
3908,1,1,0.67054355,0.6607944168989072
3916,1,1,0.8403477,0.7929093496372104
3925,1,1,0.34174886,0.3748897446605085
3928,1,0,0.63383275,0.6426055399590966
3935,1,0,0.33586788,0.3932457862895316
3947,1,1,0.71593064,0.7187543091374945
3949,1,1,0.6759851,0.675220182981477
3952,1,1,0.8167164,0.8176604797794509
3955,1,0,0.5481485,0.5877466163652475
3957,1,1,0.526124,0.5286566993933207
3967,1,1,0.3298062,0.3342731720592067
3968,1,1,0.36330193,0.39222013503894865
3971,1,1,0.7518085,0.7531087748768146
3974,1,1,0.4446447,0.4904591116527462
3979,1,1,0.89838296,0.8742789105254822
3980,1,1,0.5023968,0.5197855437283486
3984,1,0,0.5650134,0.5726401354870261
3985,1,0,0.45259726,0.457157768175197
3991,1,1,0.57999116,0.5821599603611354
3998,1,1,0.53387654,0.5624497762413392
4003,1,1,0.7733263,0.7454758088527507
4005,1,1,0.515427,0.5239350057673061
4009,1,0,0.2761275,0.2372932314253082
4011,1,0,0.21877077,0.26003498848743756
4014,1,1,0.7818743,0.7684039734786927
4018,1,0,0.31482747,0.35739940705074225
4019,1,0,0.27284634,0.30943862751451323
4022,1,1,0.7062419,0.7288467127231013
4023,1,1,0.8586916,0.8313017037660475
4035,1,1,0.6580485,0.6660550478580133
4041,1,0,0.27675304,0.3078632512104678
4043,1,1,0.8201584,0.8136329833510141
4050,1,1,0.5483865,0.5900664719938359
4058,1,0,0.659109,0.6550889281053728
4065,1,0,0.52781886,0.5165219084782172
4068,1,1,0.59134454,0.529611532197981
4071,1,0,0.231766,0.28071492635938033
4085,1,0,0.21247289,0.2255598211333839
4086,1,1,0.53884196,0.5420317644565692
4108,1,1,0.8515047,0.831711528913122
4114,1,1,0.3582004,0.4050409684720581
4117,1,1,0.59486383,0.6107293325807317
4122,1,1,0.65272754,0.6521564856490629
4123,1,1,0.7037573,0.7243010772273782
4128,1,0,0.20283182,0.22042343223058855
4133,1,1,0.5650596,0.6515910524270632
4141,1,0,0.8026295,0.8091868162758026
4149,1,0,0.37645772,0.3991240297870109
4150,1,1,0.8077071,0.8219943122125092
4154,1,1,0.69144464,0.672858990292857
4156,1,1,0.78357285,0.7796564111489562
4167,1,1,0.6587204,0.6543008814616957
4168,1,1,0.72239226,0.7295630676018019
4170,1,0,0.78527963,0.7711848970450851
4175,1,1,0.6041868,0.6156977992165494
4177,1,1,0.7970756,0.7828468365519822
4181,1,1,0.65008163,0.6051126488497828
4183,1,1,0.6482325,0.67748313920063
4184,1,0,0.6120114,0.6252878600567932
4195,1,0,0.51296896,0.5568737896503173
4196,1,1,0.85437816,0.8175844396046303
4197,1,0,0.86070395,0.8439814587944447
4198,1,0,0.6213312,0.6486083833749958
4200,1,0,0.22690186,0.26362760470788277
4202,1,0,0.6187233,0.6444028573165651
4203,1,0,0.4446541,0.4876030747922334
4205,1,1,0.658805,0.6617229581973432
4206,1,0,0.63055843,0.6089721850957632
4207,1,1,0.80968285,0.8119379556182903
4212,1,1,0.61941963,0.6214670340153774
4215,1,0,0.16015129,0.17639293937653153
4222,1,1,0.71262705,0.7130361115562899
4228,1,1,0.5450735,0.605757494081762
4232,1,0,0.47822675,0.5072297840235184
4234,1,0,0.60989547,0.5936484173383503
4238,1,1,0.88541037,0.8684975822700772
4244,1,1,0.64059544,0.6409584656144242
4245,1,0,0.83778113,0.8099943090120773
4247,1,0,0.81410444,0.7952940548658027
4252,1,0,0.5807314,0.6164136167781898
4255,1,1,0.2877539,0.2948312947537365
4256,1,1,0.65910196,0.6396389021678404
4263,1,0,0.31003514,0.3091543436005903
4265,1,1,0.7703789,0.7367484152498962
4268,1,1,0.61075246,0.639576888923483
4280,1,0,0.50321525,0.5227493057161938
4282,1,0,0.6478013,0.655198143794446
4289,1,0,0.58335906,0.5945015797662251
4302,1,0,0.8422634,0.8408335812164605
4306,1,0,0.5005056,0.4593900402562259
4310,1,0,0.31820634,0.3219959979584824
4311,1,0,0.5566144,0.5627962510169751
4312,1,0,0.15766533,0.15210314049606252
4313,1,0,0.57690066,0.5862569860941854
4319,1,0,0.6617094,0.6670778488235323
4331,1,0,0.6113269,0.605101455858636
4335,1,1,0.747731,0.7258281959577204
4337,1,1,0.67757994,0.664049873278458
4340,1,1,0.49844134,0.5107897678504713
4345,1,1,0.57977885,0.5930324591452573
4350,1,1,0.58796775,0.6082857649482198
4353,1,1,0.72834456,0.7062785385183453
4359,1,1,0.63294876,0.662212093684591
4366,1,1,0.6576797,0.6312064861351786
4379,1,0,0.36359966,0.44437782530633746
4381,1,0,0.3165435,0.3132637277050631
4382,1,1,0.87569606,0.8526593273505181
4383,1,1,0.6892272,0.7061326323334506
4385,1,1,0.32164675,0.3469798351357853
4387,1,1,0.74712986,0.7446413271247281
4391,1,1,0.55681646,0.5814556962067814
4392,1,1,0.40120217,0.402277921715191
4394,1,1,0.66383094,0.6370863269678622
4395,1,0,0.58215004,0.5902974647237015
4406,1,1,0.45488864,0.5072783047293073
4415,1,1,0.2739085,0.3124981705859362
4422,1,0,0.68108106,0.6566490373411517
4434,1,0,0.54781944,0.5571143690273248
4436,1,1,0.36130053,0.3937727101220879
4437,1,0,0.55558544,0.5685006096981243
4440,1,0,0.11253067,0.11125555527712132
4443,1,1,0.7527598,0.7359098495329082
4446,1,0,0.7545022,0.713599217274386
4448,1,0,0.6430541,0.5882762971738034
4451,1,0,0.4705536,0.472842176249161
4453,1,0,0.42478377,0.4298915954977374
4455,1,0,0.6685015,0.6504386293842875
4459,1,1,0.7076615,0.6751058158547288
4470,1,1,0.89261204,0.852359763252084
4472,1,1,0.3843711,0.39532452349578595
4474,1,0,0.34490424,0.3438492071420675
4481,1,0,0.38523042,0.40175612348857337
4482,1,0,0.47627404,0.493503903499249
4486,1,1,0.58529025,0.5912790592493301
4497,1,0,0.69494134,0.6949481941312986
4498,1,0,0.4888481,0.4923942075789448
4503,1,0,0.27816403,0.29619265530233113
4504,1,0,0.4058178,0.4470953694849225
4505,1,0,0.5543668,0.562950063627673
4521,1,0,0.6738693,0.6682895805143271
4523,1,0,0.5936805,0.6108119915535835
4524,1,1,0.43696287,0.4858858227085601
4527,1,0,0.56645405,0.5852701034932036
4529,1,0,0.58265245,0.5391791758955748
4533,1,1,0.67893845,0.6550155239651265
4534,1,1,0.54776585,0.5255637187087032
4536,1,1,0.64592606,0.66096309470873
4538,1,0,0.4083655,0.39414936806818524
4540,1,0,0.2875749,0.28689770845144086
4541,1,0,0.44627425,0.4508494203411577
4542,1,0,0.6652565,0.6309732406369724
4550,1,1,0.762309,0.7585767601355238
4563,1,0,0.56963754,0.5983080683914517
4564,1,0,0.6963156,0.6630814915899326
4573,1,0,0.6155566,0.5728753331642703
4574,1,1,0.7112159,0.721196878254411
4580,1,0,0.22525655,0.23134643004970312
4584,1,0,0.6185002,0.6277459148856502
4586,1,1,0.6944892,0.7088975867160183
4595,1,1,0.7803442,0.7533348948817425
4600,1,0,0.60371685,0.5493129766666677
4602,1,1,0.45543975,0.48228188668585326
4607,1,1,0.46193823,0.47614905154482384
4609,1,0,0.5184712,0.5094942444951738
4613,1,0,0.5702703,0.5753300277472426
4616,1,0,0.34581903,0.37212105207219287
4617,1,0,0.36362937,0.3867713075517501
4619,1,1,0.46580186,0.4969505254263786
4632,1,1,0.45707008,0.39380842175872655
4634,1,0,0.5583302,0.5674328322133803
4637,1,0,0.8355191,0.8102697719043108
4652,1,0,0.44566917,0.46098203181447595
4656,1,1,0.8620552,0.8689928043574389
4657,1,1,0.7088569,0.697619094322629
4662,1,1,0.4658787,0.4559594680518746
4665,1,1,0.72043127,0.7058385630174784
4666,1,1,0.6744907,0.6876914105278372
4668,1,1,0.33615026,0.3693506865277225
4673,1,0,0.5792447,0.6258920877650858
4679,1,0,0.25762916,0.26297408814489637
4699,1,0,0.6060408,0.6113533698395983
4701,1,1,0.30168992,0.374231988651826
4709,1,1,0.6307355,0.6218282408900958
4711,1,1,0.7873888,0.7862367010821869
4713,1,0,0.7008582,0.6976406239942214
4716,1,1,0.47379026,0.49327497743135085
4725,1,1,0.56656575,0.5580986136348355
4733,1,1,0.68679625,0.6653730994663732
4734,1,1,0.7986481,0.7898291503927444
4738,1,0,0.5124983,0.521418655994682
4739,1,1,0.7150903,0.7140155760296132
4742,1,0,0.25528252,0.24913229315415705
4751,1,1,0.8280326,0.7683722728190642
4755,1,0,0.3237604,0.3450875512706518
4763,1,1,0.38767084,0.42572042887220285
4765,1,0,0.6527399,0.6494700846152893
4771,1,1,0.6535973,0.6618308858379635
4776,1,1,0.66384447,0.6884403723664502
4778,1,1,0.9072346,0.9030187669235122
4779,1,1,0.5952566,0.6149642206984018
4783,1,1,0.6826079,0.667369781814332
4785,1,1,0.8381351,0.8381860861220907
4793,1,1,0.49296337,0.5605282199375119
4798,1,0,0.5669608,0.59198473160569
4810,1,1,0.6436407,0.6686335088453877
4812,1,1,0.730137,0.7213511010763811
4813,1,0,0.70215267,0.7302536970879684
4817,1,1,0.66900074,0.6789489442523992
4828,1,1,0.66693044,0.6581773664205216
4832,1,0,0.7679759,0.7545152622446052
4839,1,1,0.5886491,0.640774635497336
4848,1,1,0.72956586,0.7287747397737945
4858,1,1,0.7994349,0.7791679949989739
4859,1,1,0.5783236,0.6109350381574469
4860,1,0,0.22996213,0.23689274984726408
4865,1,1,0.6304073,0.6113937930962086
4872,1,0,0.8008265,0.7772513096628716
4878,1,1,0.74361706,0.748043198888993
4881,1,1,0.6330722,0.6469758744181271
4883,1,1,0.7021215,0.6544049810855552
4884,1,0,0.54638815,0.5463369185094105
4886,1,0,0.5278125,0.5710823595981609
4887,1,0,0.62003416,0.5959157771294814
4893,1,1,0.32484412,0.3503285003290878
4896,1,0,0.6782102,0.6614442274133122
4906,1,1,0.37389493,0.41105854647931
4908,1,1,0.8404987,0.8179799161168391
4911,1,1,0.53681284,0.5675744824122506
4918,1,1,0.52489364,0.5225672727009836
4923,1,1,0.62257683,0.6376694832290989
4933,1,1,0.64734554,0.6446913219028529
4938,1,1,0.5595394,0.5908275638098225
4940,1,0,0.44344077,0.43036857490505914
4943,1,0,0.33308735,0.34449164260781234
4949,1,0,0.5785528,0.5718599191097429
4952,1,1,0.8096565,0.8058200959474127
4954,1,0,0.3782696,0.41178757364150786
4957,1,0,0.47661117,0.48402173542859356
4958,1,1,0.46733108,0.48258414947948874
4962,1,0,0.66437334,0.6890905250309834
4963,1,1,0.7240468,0.6993245001353198
4966,1,0,0.1853527,0.19750142818297792
4971,1,0,0.170171,0.1575691529255189
4974,1,1,0.5778545,0.5894337523984863
4975,1,0,0.322739,0.3565066495548411
4978,1,1,0.25384474,0.3007281700475877
4980,1,1,0.5182197,0.5127098513331004
4981,1,0,0.13160253,0.13914885443738417
4982,1,0,0.33711705,0.37569166837402224
4983,1,1,0.5060904,0.5099693816353884
4986,1,1,0.23482986,0.24685737824939247
4989,1,1,0.41406226,0.40605339713374256
4990,1,0,0.5213992,0.5486304588580804
4991,1,0,0.15434304,0.18631528240213396
4996,1,0,0.4420247,0.47428889314788797
5001,1,1,0.5805106,0.5821610165852037
5005,1,0,0.35968372,0.37736759501063116
5010,1,0,0.22222684,0.2567070343471755
5016,1,0,0.25826335,0.2895608767532816
5024,1,0,0.28628567,0.35707894951490776
5026,1,0,0.16599163,0.15160418572020737
5029,1,0,0.39595583,0.4729165493849431
5033,1,0,0.21161175,0.2227706925506656
5045,1,0,0.23727159,0.24032206322516494
5050,1,0,0.094584085,0.07156109281314932
5056,1,0,0.1740407,0.164533667538201
5059,1,0,0.7154812,0.6929243991687294
5064,1,0,0.5106989,0.4858546956372681
5073,1,0,0.6342974,0.5997928648002533
5074,1,0,0.55114895,0.52282447513165
5082,1,0,0.23496021,0.21426879915337682
5084,1,1,0.43722972,0.48289941774577166
5090,1,0,0.26266766,0.27219025365518995
5092,1,1,0.24219684,0.2552331484638618
5093,1,0,0.33076727,0.3638933283376117
5095,1,0,0.19920084,0.16497030946859326
5096,1,0,0.245162,0.2581919633038094
5101,1,1,0.25604144,0.25194246800758563
5102,1,1,0.5311022,0.5492265407956681
5105,1,1,0.21249181,0.2257265077207322
5108,1,1,0.3814194,0.37390319112024184
5119,1,0,0.265019,0.30313485345307245
5125,1,0,0.28540483,0.30724230492478966
5133,1,0,0.108954884,0.09655071470804753
5147,1,0,0.28359863,0.29688031449215707
5150,1,0,0.26170984,0.24670715916441605
5153,1,1,0.77444416,0.7589162638284618
5154,1,0,0.51961637,0.4996688180774368
5155,1,1,0.41654238,0.45437057478456344
5161,1,1,0.5253721,0.5043975184088294
5164,1,0,0.70705783,0.6749933413711477
5166,1,0,0.41614452,0.4296192348472309
5170,1,0,0.19850548,0.17985674055992573
5171,1,0,0.44966224,0.49165808052668
5181,1,0,0.14761543,0.1302209237513839
5183,1,1,0.20007612,0.20313553424578418
5188,1,0,0.6144418,0.6263843135098969
5191,1,0,0.2186093,0.1946417989808793
5193,1,1,0.1424273,0.17290981282158432
5198,1,1,0.5375135,0.5650791664270371
5204,1,1,0.7423618,0.7005813730764296
5214,1,1,0.7958709,0.7719068043701905
5215,1,0,0.6937127,0.6940689192426066
5218,1,1,0.7432282,0.7582756650714164
5226,1,1,0.7724252,0.7466799095818321
5230,1,1,0.54917216,0.5716972602337527
5232,1,1,0.7955908,0.7776059692160405
5242,1,1,0.5320317,0.528633866083253
5250,1,1,0.42195645,0.46336353500746547
5251,1,0,0.43579566,0.4352167066599525
5282,1,0,0.20748611,0.22393588170139198
5285,1,0,0.7452951,0.7275483584970804
5304,1,0,0.3348814,0.3097323345531132
5306,1,1,0.57795453,0.5912690657430799
5321,1,1,0.44984236,0.4732247652964097
5331,1,1,0.5567739,0.5818560428715012
5336,1,0,0.65478235,0.6594078625616911
5338,1,0,0.40365845,0.42408727734220303
5341,1,0,0.2656813,0.2721769254154196
5343,1,0,0.5644233,0.5518207318968035
5345,1,0,0.37715346,0.361379899541253
5349,1,0,0.33840343,0.32444704606048463
5350,1,0,0.28664768,0.3047080023550804
5352,1,0,0.5539996,0.6066795584374572
5355,1,0,0.39842564,0.39362498520551187
5357,1,0,0.20564628,0.20698181548878739
5358,1,1,0.5141564,0.5510161642547781
5361,1,0,0.33647677,0.32729215304190845
5370,1,0,0.743032,0.7201815300333457
5375,1,0,0.28713015,0.30118377368717636
5387,1,0,0.19666354,0.20788434571515274
5393,1,1,0.6417166,0.6607492333351128
5407,1,0,0.34999081,0.3806126214785506
5408,1,0,0.14948179,0.15106592434820837
5417,1,0,0.7291946,0.7300131382304488
5427,1,0,0.48456046,0.4459401049678921
5434,1,1,0.36672857,0.3375958162819693
5435,1,1,0.49975586,0.5068790525101544
5443,1,1,0.46608505,0.46072296899953064
5452,1,0,0.5625396,0.5552805830280267
5453,1,1,0.81153834,0.7983458909543596
5455,1,1,0.53798145,0.5469963323801491
5458,1,1,0.8403755,0.8053782711971772
5460,1,0,0.7507704,0.7460648189868968
5465,1,0,0.4819919,0.46630147647267306
5469,1,0,0.5569514,0.538679257527867
5471,1,0,0.58771557,0.5958570860953334
5472,1,1,0.4134749,0.458148923667304
5474,1,0,0.35546234,0.34338815027043923
5484,1,0,0.30117238,0.28121063867994595
5486,1,0,0.37626234,0.36378140776447465
5492,1,0,0.3094128,0.315678474324378
5497,1,0,0.6750645,0.6810293514993013
5499,1,1,0.7059068,0.7002120587161603
5507,1,1,0.6948154,0.6466154049257018
5510,1,0,0.288777,0.30462417812241355
5514,1,1,0.54875505,0.5907991653349802
5521,1,1,0.16120589,0.18455189889607082
5522,1,1,0.66368675,0.6732186793352231
5523,1,0,0.40986705,0.4527684221962414
5532,1,0,0.5807305,0.6057105103866298
5543,1,0,0.34676382,0.3452812648571672
5545,1,1,0.7652996,0.7526398151004162
5547,1,1,0.7178552,0.7149969005949499
5552,1,1,0.54065615,0.561793702287456
5553,1,1,0.30459648,0.3309916675790115
5557,1,1,0.7180171,0.6843204323740484
5559,1,0,0.6819622,0.6510109100455481
5562,1,0,0.1853264,0.21620216834443184
5564,1,1,0.30175498,0.3226789299838974
5567,1,0,0.23316401,0.21702056660035143
5568,1,0,0.51109093,0.5500078670319236
5569,1,0,0.33167157,0.3287723439601651
5571,1,1,0.437068,0.45083275486110747
5572,1,1,0.49577463,0.496624547622377
5574,1,0,0.34561232,0.3802494915904846
5579,1,1,0.7261208,0.7151446223760123
5586,1,0,0.6937765,0.6679296779791121
5593,1,1,0.61125344,0.6007880387117206
5595,1,0,0.38740036,0.4237405812745694
5596,1,0,0.35374588,0.3449064646464901
5599,1,0,0.11150013,0.10148800621928905
5606,1,0,0.26362634,0.28393009212352005
5612,1,0,0.80097705,0.7990597283272898
5613,1,1,0.59145206,0.6021403228670746
5623,1,1,0.56811863,0.5800798256850692
5628,1,0,0.5788418,0.5517520327718208
5630,1,0,0.6169477,0.645212150452526
5632,1,1,0.35429975,0.3497777045978329
5644,1,1,0.5549034,0.5536892178479842
5647,1,1,0.3967013,0.380710464310287
5648,1,0,0.5232797,0.509527117145152
5660,1,1,0.6095214,0.5749339494522624
5668,1,1,0.65914285,0.6582446876593557
5673,1,1,0.5934271,0.6071532545532307
5674,1,0,0.6244062,0.6216190501267096
5675,1,0,0.41574976,0.43372430586044003
5683,1,1,0.6859236,0.6634364678734257
5684,1,0,0.23822616,0.2520585531089259
5687,1,1,0.61756766,0.6105139008423007
5688,1,0,0.36545926,0.3704211384669932
5690,1,1,0.7503578,0.7330292658892558
5693,1,0,0.46032903,0.48124848222491506
5701,1,0,0.34810096,0.38763072019787825
5706,1,0,0.7763263,0.733382174960032
5708,1,1,0.77923316,0.7731519390681563
5710,1,1,0.37208188,0.36308453547068914
5713,1,1,0.31351388,0.2745594702491218
5715,1,1,0.70156676,0.6647710662120199
5718,1,0,0.6667212,0.6646784571925176
5734,1,1,0.55896604,0.5368079941775455
5737,1,0,0.32296848,0.27513476673288517
5750,1,0,0.61803573,0.6229336683593687
5755,1,1,0.7381222,0.7213135482949352
5758,1,1,0.618474,0.6594587449425092
5760,1,0,0.53443855,0.5419535861618092
5768,1,1,0.6401962,0.6442306174124048
5771,1,0,0.76914644,0.758166401817669
5774,1,1,0.7433593,0.7236585379996937
5777,1,0,0.6198561,0.5951066889209201
5780,1,0,0.296666,0.32981900977184553
5787,1,0,0.28685775,0.3120514011725115
5789,1,1,0.632467,0.6084954239821452
5792,1,1,0.8021588,0.7814028222482522
5793,1,0,0.45625958,0.46716939625255866
5794,1,1,0.37051272,0.3947720552359486
5805,1,0,0.40887898,0.48391097914965897
5806,1,0,0.31616363,0.3098401764716455
5808,1,1,0.5699352,0.5856481122969004
5818,1,0,0.66033185,0.6753286188323685
5822,1,1,0.5878635,0.5805165609776874
5833,1,1,0.8054635,0.7952521088435527
5838,1,0,0.52328116,0.5370473069228817
5846,1,0,0.27997306,0.28067713023456975
5851,1,1,0.4254816,0.43087795454756406
5859,1,1,0.2961758,0.3397761764364536
5870,1,0,0.19508289,0.2036810183483931
5874,1,0,0.5602724,0.5976265705483316
5883,1,1,0.48985693,0.556933681166526
5887,1,0,0.7562623,0.718791985426806
5893,1,1,0.6959102,0.7232570235054815
5903,1,1,0.49703667,0.5010273758337059
5906,1,0,0.8079374,0.809290083987824
5907,1,1,0.822595,0.8074710077964011
5908,1,1,0.690328,0.6863002989656191
5917,1,1,0.41308427,0.4656052339423951
5922,1,1,0.76783717,0.7522560241340469
5923,1,1,0.40064052,0.4366647101748536
5925,1,0,0.59737086,0.6012541131555859
5934,1,1,0.7651905,0.7493709191841376
5935,1,1,0.6767913,0.6824007227133516
5943,1,1,0.50567794,0.5489657648071999
5946,1,1,0.2685248,0.2881880775301662
5947,1,0,0.6659704,0.6957721906226456
5953,1,1,0.79671943,0.7744061248899602
5960,1,0,0.5988947,0.6166811681982821
5963,1,1,0.80723214,0.7766996510613441
5965,1,1,0.858622,0.8655404569296059
5970,1,1,0.7562903,0.7390462900427729
5975,1,1,0.8362963,0.8218897522197499
5985,1,1,0.8928654,0.873473503236165
5993,1,1,0.45311233,0.4435970669422129
5996,1,0,0.6199947,0.615125409173754
6000,1,1,0.6916984,0.6904209327682147
6004,1,1,0.7199991,0.7088780394145291
6016,1,1,0.8111479,0.8055793217575438
6017,1,0,0.6837353,0.6905192663555788
6018,1,1,0.6933608,0.6600464955258937
6030,1,1,0.8514111,0.8350389016572535
6031,1,1,0.61186516,0.6479858822768884
6038,1,0,0.25559044,0.3028957354788973
6042,1,1,0.6357953,0.6381163508374811
6046,1,1,0.6448011,0.6543635314712251
6051,1,0,0.49254912,0.5034767362999168
6052,1,1,0.124161586,0.12598807194167247
6053,1,1,0.5701764,0.5600399443493748
6065,1,1,0.8699489,0.8692105047889201
6070,1,0,0.53942806,0.5502368482899517
6075,1,0,0.52586204,0.5215164433735857
6078,1,0,0.43625048,0.44342989108166436
6079,1,1,0.2609303,0.2629968762055096
6081,1,1,0.6808574,0.6732721356253606
6086,1,1,0.43072623,0.46134429616942246
6093,1,1,0.73432314,0.7282750535926646
6095,1,1,0.84448224,0.8539416354574636
6099,1,1,0.8605973,0.8374870821182148
6102,1,0,0.53640944,0.5620798848405709
6103,1,1,0.5711115,0.573677068430191
6105,1,1,0.78254825,0.7915333964867461
6106,1,1,0.6043982,0.5998489970768474
6110,1,0,0.69918597,0.7035155632019976
6116,1,0,0.3919703,0.3945028668600073
6119,1,1,0.71840644,0.6873486256622855
6127,1,1,0.34733853,0.37339172431211376
6136,1,1,0.55078876,0.5490393908180992
6144,1,0,0.7136708,0.7284110832914912
6146,1,1,0.837064,0.8207227632117919
6160,1,1,0.92420065,0.9006575966039402
6165,1,1,0.5908271,0.5973250838651306
6166,1,1,0.8504564,0.866269303556678
6169,1,0,0.19405936,0.23854060366579954
6171,1,1,0.7709843,0.7422335255883341
6177,1,1,0.6306763,0.6292096296590007
6178,1,1,0.7882925,0.7591678440723105
6186,1,0,0.3307362,0.32983347051210127
6187,1,1,0.8047497,0.8028920905058626
6189,1,1,0.77153283,0.7524740732446047
6192,1,1,0.19482328,0.1944249448963349
6198,1,1,0.8078806,0.7828269400709131
6201,1,1,0.6746338,0.6729808506385596
6203,1,1,0.5674966,0.5527115390902708
6206,1,1,0.39314565,0.3799509097942471
6208,1,1,0.7686917,0.7174656077369438
6216,1,0,0.4484051,0.4782838386193624
6221,1,1,0.9000719,0.8795769630187444
6223,1,0,0.18661791,0.21239390722725535
6225,1,1,0.72234374,0.7351194299908749
6226,1,1,0.6869023,0.6845208212053014
6233,1,1,0.6258044,0.6120833171433949
6244,1,0,0.18866175,0.19277458078131657
6246,1,1,0.5559606,0.5606366569930147
6254,1,1,0.8413965,0.8144784513150571
6267,1,0,0.7822016,0.7379492220813298
6271,1,0,0.5748642,0.5976744299016926
6272,1,0,0.67498785,0.6839450925420868
6273,1,1,0.49730214,0.5171373142054734
6274,1,0,0.334667,0.37494518610149363
6282,1,1,0.36940935,0.36991786188811526
6283,1,0,0.5634584,0.5814672002400277
6285,1,1,0.75697994,0.7625514917460907
6288,1,1,0.54994786,0.5913322399135081
6289,1,1,0.5325155,0.5891729166003777
6290,1,0,0.4818374,0.541956726200395
6292,1,0,0.68166816,0.666751876486296
6295,1,0,0.6654563,0.5568963505425867
6300,1,1,0.81674373,0.8074608641962748
6302,1,1,0.6348403,0.6092332561719824
6305,1,1,0.6879549,0.7003808487539034
6319,1,0,0.61162144,0.5713392534089136
6321,1,0,0.8108351,0.8111468906699143
6326,1,0,0.77599674,0.7911061237468968
6327,1,0,0.810078,0.7918021868759764
6329,1,1,0.73025405,0.7247876855576693
6334,1,0,0.40344945,0.44001662049498197
6335,1,1,0.8050851,0.7895389296161253
6346,1,1,0.8469558,0.807158971471053
6350,1,0,0.70890677,0.70894777020996
6355,1,0,0.17821635,0.1941534587584922
6358,1,1,0.6371178,0.6300646448938162
6372,1,0,0.64701396,0.6827860520281098
6376,1,1,0.69312125,0.6448409893517477
6380,1,0,0.08386228,0.06483342036736713
6392,1,0,0.31611443,0.3403119706283824
6393,1,0,0.4599922,0.4917404700991333
6395,1,1,0.6446837,0.630046119268267
6400,1,1,0.89382046,0.8798505603681918
6403,1,1,0.55702966,0.5709770792217622
6410,1,0,0.42629746,0.47049961537648055
6424,1,0,0.5930409,0.603227250989439
6429,1,0,0.3347339,0.346335636520554
6432,1,1,0.68380773,0.679710492216823
6439,1,0,0.36169273,0.3885712087823817
6445,1,1,0.34798694,0.36228215347450055
6451,1,0,0.5537053,0.5484308941696105
6457,1,1,0.44034904,0.4468561949864821
6458,1,0,0.49619633,0.5009610970513297
6461,1,1,0.6605429,0.6675164966021861
6463,1,1,0.8460882,0.8274815477053503
6468,1,0,0.58770496,0.6132852381308341
6472,1,0,0.31663144,0.31454293494496194
6477,1,0,0.6659054,0.6501780809779248
6485,1,0,0.5580663,0.5915766065526435
6490,1,0,0.5526276,0.5597419837496393
6493,1,1,0.3540544,0.37077777887847074
6495,1,1,0.57805365,0.6002007446432327
6497,1,1,0.42271966,0.47537977844617657
6499,1,1,0.7179202,0.721064415100351
6502,1,1,0.84542,0.8683830360946732
6508,1,1,0.4473303,0.4376524485714513
6514,1,1,0.54257977,0.57682536687202
6516,1,1,0.63757676,0.6534680841653779
6520,1,1,0.65473634,0.6693377431647938
6527,1,1,0.37154546,0.3781269635958386
6530,1,1,0.48008403,0.5051739510669914
6535,1,1,0.59386444,0.6195903402969803
6542,1,1,0.6718736,0.6889383387698983
6549,1,0,0.8322738,0.8304820316153747
6550,1,1,0.2875407,0.3056590046142166
6551,1,0,0.4486283,0.432555321859002
6554,1,1,0.70703816,0.7237025896804647
6566,1,1,0.9136544,0.9053517859294735
6573,1,0,0.89744896,0.8999465518636749
6574,1,0,0.6460711,0.647550839550098
6576,1,1,0.4802354,0.44605281963654614
6581,1,0,0.75252724,0.7640757480451088
6585,1,1,0.51892,0.5273324040945945
6586,1,0,0.62249917,0.602069194628687
6599,1,1,0.66518813,0.7012356180152549
6612,1,0,0.6432218,0.6394915268032173
6619,1,1,0.7450961,0.7141910845722291
6620,1,1,0.8419277,0.8289637139195698
6621,1,1,0.5698148,0.5821537858525162
6626,1,1,0.6531228,0.6761389498559288
6628,1,0,0.5276888,0.5485404327843477
6636,1,1,0.4150125,0.4506632043837429
6640,1,0,0.4248979,0.4765209868497907
6641,1,1,0.7090906,0.7205929829068252
6644,1,1,0.898529,0.8951636900815519
6655,1,0,0.5178638,0.542810798551336
6659,1,1,0.77692086,0.7571883273479834
6661,1,1,0.8052943,0.793060798972858
6663,1,0,0.34708434,0.40043073116781874
6666,1,0,0.20311797,0.20074483290328812
6668,1,1,0.74192035,0.7141696267487281
6675,1,1,0.7236405,0.7288427249395553
6678,1,1,0.7628099,0.7691030249036199
6686,1,1,0.8144442,0.8184239194914846
6696,1,1,0.20665538,0.18211365034632568
6698,1,1,0.75243896,0.7632448811336202
6701,1,1,0.17684999,0.193128545715207
6705,1,0,0.48118064,0.4627551288736842
6735,1,1,0.8257353,0.8167512140378381
6741,1,0,0.3543552,0.3852519728931787
6745,1,1,0.7864606,0.7725567117788134
6749,1,0,0.7021192,0.7019828606594231
6752,1,1,0.83682764,0.8268476840339446
6761,1,1,0.83526534,0.8261181547282765
6766,1,0,0.16490303,0.17720917652095902
6770,1,1,0.4559937,0.526306334581146
6772,1,1,0.62913084,0.6191538135571485
6773,1,1,0.49547,0.4884770354373453
6779,1,1,0.889713,0.8732452726638978
6780,1,0,0.8081745,0.7689695272168369
6784,1,0,0.61767405,0.6183950620141708
6785,1,1,0.59927773,0.6646831162926192
6786,1,0,0.5946618,0.5512875015758633
6792,1,0,0.7827491,0.8114540679913519
6796,1,1,0.8031782,0.8020031535092406
6804,1,0,0.49689388,0.5097098052837898
6805,1,1,0.16546674,0.16740559774933514
6807,1,0,0.54580504,0.591525844860769
6808,1,1,0.7038837,0.7060498580272127
6821,1,1,0.27379507,0.2904567978649058
6829,1,1,0.74654144,0.7540731175418142
6836,1,1,0.80953884,0.8017837872456814
6839,1,0,0.43257457,0.47245804086551574
6841,1,1,0.73091084,0.7045213735857926
6843,1,0,0.6305734,0.6040681895223645
6845,1,0,0.659331,0.584737134394045
6846,1,1,0.826393,0.7977744308829368
6850,1,0,0.61702865,0.6084407484012756
6857,1,1,0.58179736,0.6352748623268192
6859,1,0,0.56795084,0.510417058680038
6861,1,1,0.4312441,0.4618287533777892
6862,1,1,0.59342605,0.6101757933859246
6863,1,1,0.60714865,0.5560779321935297
6864,1,0,0.5563691,0.5475381292587749
6868,1,1,0.8087119,0.813153613916922
6871,1,0,0.57677877,0.5988209471485499
6873,1,1,0.5523331,0.484687220241205
6877,1,1,0.6531311,0.6501371928913032
6880,1,1,0.9319496,0.9219271045179163
6881,1,0,0.57411,0.5767645005287607
6882,1,1,0.6517496,0.664025355704624
6884,1,0,0.6599917,0.6901765634659701
6888,1,1,0.4843857,0.5013157754357337
6891,1,0,0.52011526,0.49094219276337
6892,1,0,0.38342956,0.35546274496844305
6897,1,1,0.9140491,0.9098628760719357
6898,1,1,0.5581344,0.5604417037881537
6902,1,1,0.76812214,0.7495405347692943
6908,1,0,0.14938274,0.1322282455852412
6912,1,0,0.388164,0.37650996563666644
6921,1,1,0.6229603,0.6182823222881008
6930,1,0,0.63562655,0.676742614675022
6931,1,1,0.8917457,0.8766323421114556
6934,1,1,0.3773214,0.4108300916532454
6939,1,1,0.6291519,0.588572251325631
6942,1,0,0.6237146,0.6517574710321277
6944,1,0,0.65758705,0.6412190070402548
6946,1,1,0.37051937,0.39661095791856193
6949,1,0,0.43612704,0.49911264811851963
6956,1,1,0.3739146,0.35499867036906435
6958,1,1,0.8248106,0.7792764183024747
6959,1,1,0.708056,0.6851442751313827
6972,1,1,0.8174432,0.7978819758039828
6977,1,0,0.83607143,0.8014385451340147
6979,1,0,0.51228666,0.5389395413731706
6982,1,1,0.83892584,0.8143939097751519
6985,1,1,0.6061915,0.5700938693783292
6996,1,1,0.7051595,0.6927833478834934
6999,1,1,0.66744083,0.697279273337691
7000,1,1,0.6197582,0.6059377848613764
7004,1,0,0.72560066,0.6947453886561002
7010,1,0,0.76980275,0.754757592630088
7013,1,0,0.41655302,0.4540462129238538
7019,1,0,0.45707342,0.435794995006236
7023,1,1,0.7411316,0.7135011594102763
7031,1,1,0.89770144,0.8725895834333225
7036,1,0,0.62121475,0.6503315453481158
7042,1,1,0.72156197,0.7454536572374936
7045,1,1,0.37621105,0.42424923260850006
7046,1,0,0.13146627,0.14825135330084135
7047,1,0,0.8022393,0.8074139706075572
7048,1,1,0.68391985,0.6812909282738603
7051,1,0,0.84479964,0.8314483234436876
7054,1,1,0.37110883,0.3939044998755856
7058,1,0,0.5334638,0.5776801859020343
7059,1,1,0.54056776,0.5565584006185038
7060,1,1,0.8436803,0.8588760163649032
7067,1,0,0.65963995,0.69532049955316
7068,1,1,0.91844416,0.9040625958578414
7069,1,1,0.7812017,0.7780237346914304
7079,1,0,0.33106235,0.3158255328381697
7090,1,1,0.25556177,0.28371713885093575
7101,1,1,0.80106145,0.7958010948604743
7108,1,1,0.8358779,0.8322602119811088
7113,1,1,0.73550177,0.7531284394265235
7120,1,1,0.64095217,0.6279965369545147
7121,1,1,0.882016,0.9116515241621308
7122,1,0,0.4665325,0.5106157386553994
7125,1,1,0.7919099,0.7734680262467639
7129,1,1,0.79975075,0.7910166254119566
7131,1,1,0.36062858,0.41242820325155816
7132,1,0,0.39685616,0.4035611596044125
7133,1,0,0.84226555,0.8334934267750088
7134,1,1,0.79316837,0.7958500045989957
7138,1,1,0.66779816,0.6736549999687363
7143,1,1,0.49532306,0.4886425917363494
7148,1,0,0.67063564,0.6603520051105766
7149,1,1,0.71707505,0.7173753949122629
7150,1,1,0.6190655,0.6242613893182926
7169,1,0,0.53598464,0.54201098915508
7171,1,1,0.7556859,0.7382925698614902
7172,1,1,0.88616896,0.8714521367735533
7173,1,0,0.5631314,0.612175983642718
7185,1,0,0.4037169,0.44450858193815573
7186,1,0,0.9031784,0.8990680405856938
7196,1,0,0.68208927,0.6955127151587602
7197,1,1,0.6280195,0.6237586025740358
7198,1,1,0.6865086,0.6752750888520416
7200,1,0,0.81330055,0.8147937088055032
7208,1,1,0.71574557,0.7096270678580641
7213,1,1,0.31569844,0.3162562488027527
7222,1,0,0.88547736,0.8639491412714941
7224,1,0,0.10311045,0.08070736371659006
7234,1,0,0.29467562,0.32444904928082835
7243,1,0,0.8081071,0.7992758078869194
7257,1,1,0.39691868,0.4022858155651321
7263,1,0,0.37598187,0.3752594091149593
7265,1,0,0.6316151,0.6589018322026311
7268,1,0,0.7668551,0.774440847375172
7272,1,0,0.15317471,0.15604688479322026
7282,1,0,0.83220893,0.8123994134093935
7283,1,1,0.913076,0.906412314182912
7287,1,0,0.6786751,0.691968290775666
7290,1,0,0.8198824,0.8240251956163764
7292,1,0,0.7576415,0.7649775439458908
7302,1,1,0.72547156,0.7176593629649888
7304,1,1,0.70038474,0.638981438671097
7306,1,0,0.39536306,0.42744896440042907
7308,1,1,0.76588655,0.7535689348704986
7312,1,0,0.52799654,0.5302362668725593
7319,1,0,0.72334665,0.7231893010336484
7322,1,1,0.6438785,0.6873174494734002
7331,1,0,0.7412457,0.7306774744986334
7332,1,0,0.17013086,0.18019693484188734
7341,1,0,0.2702929,0.273101417128161
7351,1,1,0.68059504,0.6522474960144289
7355,1,0,0.22974016,0.2580339467082481
7358,1,0,0.477479,0.4918515175133545
7359,1,1,0.7426971,0.7688268351565455
7367,1,1,0.9110258,0.9006689790074389
7368,1,0,0.6507335,0.6188578437875373
7369,1,0,0.16359386,0.16906319313146695
7372,1,0,0.470253,0.4594128309689153
7377,1,0,0.7621792,0.7606870359418786
7379,1,1,0.5911941,0.592366478572468
7384,1,1,0.85248774,0.8439263367120238
7386,1,0,0.7421187,0.7080376390561833
7389,1,0,0.3870039,0.4149386932836874
7395,1,1,0.80649555,0.8024613783953727
7400,1,1,0.73241436,0.7631805703673575
7404,1,1,0.56232977,0.5744480347916365
7410,1,0,0.20954195,0.21562014504030022
7411,1,1,0.70113647,0.687485481169797
7412,1,0,0.6102623,0.5974198382085465
7417,1,0,0.75948125,0.7460859437111621
7418,1,1,0.88949597,0.9076101590015402
7421,1,1,0.7924687,0.7859458682821234
7422,1,0,0.45502856,0.5351495759541636
7425,1,0,0.5837728,0.5378388004309095
7429,1,1,0.87832975,0.8933009543564565
7430,1,0,0.68617505,0.7094449412019112
7434,1,1,0.82826823,0.826480212479339
7436,1,1,0.51648617,0.5291503693826723
7439,1,0,0.5234263,0.518807988676627
7447,1,1,0.3246767,0.38350892371564943
7452,1,0,0.7015071,0.6847660018219308
7453,1,1,0.73151064,0.7283137212788725
7459,1,1,0.7534249,0.761026381340396
7465,1,0,0.31800437,0.31966784700914924
7472,1,1,0.6736686,0.694140188971867
7473,1,0,0.6764553,0.666239164600835
7475,1,1,0.60178345,0.6074026595787106
7479,1,0,0.7376535,0.7105954988046033
7485,1,1,0.78943,0.7834155029688071
7490,1,0,0.16783357,0.20110401988719132
7497,1,1,0.7390135,0.712128689545522
7500,1,1,0.5419321,0.5763129664951463
7504,1,1,0.7832784,0.7303632059585141
7508,1,0,0.62886465,0.5988595387494808
7512,1,0,0.43820128,0.44372181592233845
7513,1,0,0.5635775,0.5561111972622111
7518,1,0,0.31426805,0.34258090567301014
7520,1,0,0.7950571,0.8119697886543663
7525,1,1,0.77800107,0.7847081593189867
7529,1,1,0.7169805,0.7273404731781353
7533,1,1,0.6137979,0.6119521107171343
7539,1,0,0.47836986,0.46184636192075185
7541,1,1,0.7383212,0.7364238960635341
7543,1,1,0.39071548,0.41555788821595746
7546,1,1,0.7181622,0.7288387637990394
7550,1,0,0.3168541,0.3242470246191387
7551,1,1,0.39985403,0.44278828034839623
7553,1,0,0.5442556,0.5592820524759629
7557,1,1,0.81632435,0.7802756851177987
7561,1,0,0.7200844,0.7164697228374246
7562,1,1,0.7226738,0.7287715202940278
7572,1,1,0.6521368,0.6309580910863772
7576,1,1,0.57180786,0.6534160898264166
7577,1,1,0.5810374,0.6060940204193759
7578,1,0,0.15545538,0.17578063275662623
7580,1,1,0.86666024,0.8654036972440956
7581,1,1,0.50969696,0.48844528489809014
7583,1,1,0.46513623,0.4452724449900721
7584,1,0,0.36812612,0.386722948259812
7589,1,1,0.7076659,0.7185169113042245
7590,1,0,0.3952075,0.47615413956323366
7591,1,0,0.32486334,0.3601623477084115
7592,1,1,0.81054866,0.7866087637203336
7597,1,0,0.5479393,0.5348244404767225
7599,1,1,0.6728799,0.6658393307379583
7611,1,0,0.6271108,0.6247036383554679
7613,1,1,0.87288636,0.8769544175418053
7615,1,1,0.8177601,0.8305853950524889
7620,1,0,0.18269,0.1869394367960354
7622,1,0,0.4228814,0.3991250050915347
7623,1,1,0.8352439,0.8369595512374063
7627,1,0,0.5291014,0.50284857358231
7635,1,1,0.72593457,0.6908789457639686
7644,1,0,0.73683625,0.698229636296731
7651,1,1,0.36765516,0.3891229887119014
7654,1,1,0.2453059,0.3459252633540994
7655,1,1,0.4172678,0.4994044269257647
7657,1,0,0.26998067,0.28011888841997046
7667,1,1,0.5214838,0.5140967022227138
7668,1,1,0.6536974,0.6754998271034327
7669,1,1,0.5860222,0.582050253659822
7676,1,0,0.36173728,0.44748159173294405
7678,1,0,0.5228237,0.5463549901087736
7681,1,0,0.6118608,0.6064265061010586
7691,1,1,0.6127233,0.571337995581307
7692,1,1,0.74946064,0.7346674216793955
7697,1,1,0.629611,0.5988560566901954
7699,1,0,0.37179074,0.382320134698269
7703,1,1,0.7035454,0.7149163398123632
7704,1,1,0.7619989,0.7496707681974719
7707,1,0,0.3277274,0.3360153558302539
7714,1,1,0.78373843,0.7864826213127345
7716,1,0,0.36674002,0.3937596042133355
7717,1,0,0.36175346,0.3506897898914648
7728,1,0,0.76571065,0.7945452367511439
7730,1,1,0.8206046,0.832768082062461
7732,1,0,0.7956848,0.7718702257737566
7735,1,0,0.6861289,0.704499544139434
7736,1,1,0.6357189,0.6118676658104106
7748,1,0,0.702601,0.725878989781036
7749,1,1,0.86266804,0.8730768205192189
7751,1,1,0.7732353,0.7613135723263786
7754,1,1,0.7551287,0.778958884928355
7762,1,0,0.49626374,0.5283692232104797
7763,1,1,0.71073765,0.7344092266262885
7773,1,1,0.3522326,0.3665844084123859
7775,1,1,0.76790667,0.747886240390375
7781,1,0,0.5312529,0.5552240532467668
7784,1,1,0.8212097,0.7946533482925031
7786,1,1,0.864269,0.8709796775001956
7787,1,1,0.6233491,0.6268739716381749
7798,1,1,0.75154406,0.7177468121611281
7812,1,0,0.75998074,0.7500662723607912
7819,1,1,0.7887087,0.7484169000344716
7822,1,0,0.27531716,0.2887055161613967
7824,1,1,0.6563057,0.6610722600124369
7827,1,1,0.8315905,0.824986757390059
7832,1,1,0.78523314,0.7614232862405533
7833,1,1,0.615797,0.6233887333553857
7834,1,1,0.57219243,0.6022953604504601
7838,1,1,0.62430286,0.5861122294414137
7839,1,0,0.21777974,0.29589431915723474
7841,1,1,0.8225881,0.797514150165327
7842,1,0,0.34926727,0.3405066895383944
7843,1,0,0.5799837,0.5984942155076821
7848,1,0,0.42736432,0.4133206312962502
7850,1,1,0.8944141,0.8899424859987966
7853,1,1,0.76283616,0.6746551611381656
7855,1,1,0.73173076,0.7345993109940867
7857,1,1,0.650006,0.637696828109875
7858,1,1,0.7035817,0.7087840356709244
7864,1,1,0.80150837,0.8128895623826644
7875,1,1,0.6786382,0.6361291090046857
7879,1,0,0.42546663,0.5029658061287013
7883,1,0,0.78198624,0.7678746259235621
7886,1,1,0.6763157,0.6368531933715257
7887,1,1,0.6293126,0.6650829424060002
7889,1,1,0.64166355,0.6507191145082061
7893,1,1,0.69907707,0.7005160532428233
7900,1,1,0.8015401,0.8172231193298302
7911,1,0,0.73919284,0.7200940455165964
7914,1,1,0.82010794,0.8053246821652449
7915,1,0,0.31027,0.29720248971688107
7923,1,1,0.72767466,0.713253140757575
7926,1,1,0.8582251,0.8638210781124271
7946,1,1,0.6465081,0.6609768893556182
7951,1,1,0.7227841,0.6984302888347453
7955,1,1,0.6489007,0.656007111531158
7957,1,1,0.70209867,0.6837783299447626
7960,1,1,0.5345488,0.538768153054005
7965,1,1,0.42285383,0.47680159444851594
7966,1,1,0.67015547,0.7032293911138887
7967,1,1,0.59024096,0.6211265329039755
7974,1,1,0.88283944,0.8610220545348928
7976,1,0,0.2133232,0.21602985092399593
7982,1,1,0.60545623,0.6113875607574226
7984,1,1,0.43482766,0.47823068685913184
7985,1,0,0.62569755,0.6138434073770651
7989,1,1,0.79705215,0.8073288026283312
7997,1,0,0.79401094,0.7910335453814622
8006,1,1,0.6266381,0.6092365840619753
8010,1,0,0.44439915,0.46341681253176853
8015,1,1,0.4485359,0.4425518058614397
8018,1,1,0.94395953,0.9231644185455679
8019,1,1,0.6993033,0.7252620408148857
8024,1,1,0.77641076,0.7651581746285158
8025,1,1,0.6728738,0.7276500853808853
8030,1,0,0.24922298,0.29281263846826944
8034,1,1,0.8902167,0.8671587525362385
8035,1,1,0.70582885,0.7145870621808335
8038,1,0,0.6962584,0.6802651133982969
8045,1,1,0.7708771,0.7461614877811233
8047,1,0,0.50908333,0.5383809486045478
8049,1,1,0.6716537,0.7192846051601067
8053,1,1,0.5955892,0.5433826845297893
8054,1,1,0.853567,0.8578963620714809
8059,1,0,0.35119137,0.3627830001019242
8060,1,0,0.1744005,0.17132425677783938
8064,1,0,0.146532,0.1448243246445657
8072,1,1,0.67889065,0.7046522126533014
8074,1,1,0.50601506,0.5243477356443442
8079,1,1,0.864948,0.8546597935707744
8081,1,0,0.7562949,0.7825199376756758
8082,1,1,0.87799174,0.8545220721543985
8090,1,0,0.46550134,0.5151121266535494
8100,1,1,0.7506359,0.750102120137222
8101,1,1,0.8073791,0.8392968742568135
8105,1,1,0.85591567,0.8426847440286038
8107,1,0,0.5510195,0.6049000817113384
8111,1,0,0.57917583,0.6035841621125274
8114,1,0,0.8081144,0.7762663425554018
8117,1,1,0.29947418,0.32596745981647995
8118,1,1,0.7100766,0.6992275138055744
8120,1,1,0.65048677,0.6643419994690816
8122,1,1,0.5359934,0.5471199825463405
8123,1,1,0.8476614,0.8419389498408018
8124,1,1,0.6001429,0.601273963108861
8128,1,0,0.22896527,0.26587399312710996
8130,1,1,0.3786023,0.37743692759412517
8141,1,0,0.8437126,0.8195390580828383
8143,1,1,0.6292528,0.6284434356740187
8146,1,1,0.71436954,0.7238999318402157
8155,1,1,0.45440584,0.43890600740639035
8162,1,1,0.75334454,0.7216648619778936
8163,1,1,0.6262911,0.6326990151596843
8177,1,1,0.75971115,0.7476824958596783
8180,1,1,0.5745881,0.6148978234423561
8186,1,0,0.39663845,0.3990062010787977
8196,1,1,0.6329454,0.6184192447248821
8202,1,1,0.66763204,0.6249634966229441
8204,1,1,0.6275648,0.6289753921068097
8215,1,1,0.77658653,0.7649054280158685
8217,1,1,0.5876777,0.6101823301676064
8228,1,1,0.79293436,0.7847159295469591
8235,1,1,0.5891153,0.6172038157209544
8236,1,1,0.8157904,0.7973961072111722
8238,1,1,0.76405686,0.7620939170820746
8239,1,1,0.8078379,0.8111394677328817
8250,1,0,0.51208645,0.5510813410536368
8270,1,1,0.8153578,0.7831224899703072
8271,1,1,0.34975007,0.4193354879619569
8275,1,0,0.236033,0.2117352553349917
8277,1,1,0.73739916,0.7270079366586772
8280,1,1,0.7954041,0.7673169619548662
8285,1,0,0.8437062,0.827876894358373
8286,1,1,0.108024225,0.08645847070186574
8294,1,0,0.63998866,0.6405293500637472
8299,1,1,0.48540837,0.4941350963697241
8300,1,1,0.84413105,0.8445638966826099
8301,1,1,0.8596733,0.8515380800664014
8305,1,1,0.63375777,0.6465048305745177
8308,1,1,0.4632996,0.4943745411712204
8316,1,0,0.76754737,0.7534897146433083
8321,1,1,0.5666832,0.5768324666749189
8322,1,1,0.5448329,0.5418271124646391
8327,1,1,0.3636708,0.4005420253122735
8331,1,0,0.8230314,0.7995446381021483
8338,1,1,0.24663347,0.24044307348421662
8340,1,1,0.80232894,0.792384079871451
8352,1,0,0.6205439,0.5827053691584859
8358,1,0,0.69649523,0.6767434865666381
8360,1,0,0.5278389,0.5584835524588304
8363,1,0,0.7926864,0.7716527557518843
8368,1,0,0.85000426,0.8451014487387802
8369,1,0,0.3555588,0.4122331829068276
8372,1,1,0.6749795,0.6671016523012081
8378,1,1,0.6954013,0.6600491381985916
8382,1,0,0.41826296,0.3971853923707286
8393,1,1,0.60037476,0.5591763881453679
8396,1,1,0.80101377,0.7926859805994957
8398,1,1,0.82425994,0.8272989045838596
8400,1,0,0.54920274,0.5808352894000407
8407,1,1,0.8051508,0.8133962344483721
8430,1,1,0.25253305,0.23362260187027564
8450,1,0,0.41013318,0.4254518821933557
8456,1,0,0.34039783,0.3443557085190761
8461,1,1,0.8166135,0.8226866150443902
8462,1,1,0.7731575,0.7597415925497534
8463,1,1,0.8187064,0.8044805944609091
8472,1,1,0.82264626,0.8169822091693141
8473,1,1,0.75227904,0.7413658125680311
8484,1,0,0.3729922,0.3227923373694852
8485,1,1,0.39308795,0.3917835992731803
8490,1,1,0.6622663,0.6705441182832562
8495,1,1,0.7623878,0.7362265897148116
8501,1,1,0.8129073,0.7903186412245761
8512,1,0,0.29775178,0.3144875393989929
8513,1,0,0.54008967,0.49602321176285824
8517,1,1,0.62456065,0.599478968250111
8526,1,1,0.5642304,0.5921820178422788
8531,1,1,0.27326807,0.2887891519500022
8533,1,1,0.7188669,0.701619719297892
8538,1,0,0.69720703,0.6793033221654753
8545,1,1,0.5774492,0.5730530997632803
8547,1,1,0.6769681,0.644856462452676
8549,1,0,0.5296067,0.5731120707040485
8553,1,1,0.5428541,0.535957034372481
8556,1,1,0.67079866,0.6578631153433522
8559,1,1,0.6777632,0.675111216128002
8564,1,0,0.4634655,0.5012912087879463
8566,1,0,0.82347137,0.8122011622806721
8571,1,1,0.53564644,0.515550299958476
8574,1,1,0.6199012,0.6117665676555186
8581,1,1,0.34597152,0.35921316941008674
8586,1,0,0.59383106,0.6102995525409416
8589,1,0,0.48176074,0.5382487460038841
8590,1,1,0.73055756,0.733435016601191
8591,1,1,0.5001411,0.5305901044196764
8594,1,0,0.22577366,0.22861124856146403
8602,1,1,0.8681788,0.8470003030924271
8609,1,1,0.6850488,0.6933229948342012
8610,1,1,0.75084174,0.7436214141704528
8620,1,0,0.75412756,0.7562885101819848
8621,1,1,0.8494079,0.8575610286415518
8631,1,1,0.50091636,0.4941315948415324
8642,1,1,0.3673868,0.38784243275310665
8648,1,1,0.6975205,0.6980363486485398
8652,1,0,0.6773481,0.6507749698790567
8653,1,0,0.2618636,0.2556677891819751
8656,1,1,0.36965263,0.42219750769611636
8659,1,1,0.81099904,0.7937061281098804
8663,1,1,0.8140355,0.81374538257714
8665,1,0,0.44559172,0.4604613794815145
8666,1,1,0.76677513,0.7482629783805219
8671,1,1,0.6285646,0.6259380077640068
8682,1,1,0.625212,0.634969934765912
8687,1,1,0.7288813,0.714951954807963
8688,1,0,0.2917345,0.29051726784314097
8689,1,1,0.8123556,0.8165210312052598
8691,1,0,0.5901439,0.6171919889883443
8697,1,1,0.60929585,0.6025675943055404
8705,1,0,0.43696737,0.46680439630520654
8707,1,1,0.6702848,0.6888629884803686
8708,1,0,0.34457,0.3316322163355273
8711,1,1,0.69520366,0.6920752579012054
8712,1,1,0.21777949,0.24020017501271274
8714,1,0,0.18578249,0.19022608465264734
8716,1,1,0.7880694,0.7624369103153434
8718,1,0,0.5154507,0.5391059018463574
8719,1,0,0.6624803,0.6566100518203374
8720,1,1,0.82066745,0.8003571731094052
8726,1,0,0.25448558,0.2724944581836973
8755,1,0,0.76748234,0.7658429460559139
8759,1,1,0.70553154,0.6990735340243155
8773,1,1,0.2890363,0.29297093956993775
8774,1,0,0.61255556,0.6486249734680967
8775,1,1,0.7738553,0.7725828444476476
8780,1,1,0.79449403,0.7829492756877359
8790,1,1,0.6655648,0.5692901663006262
8795,1,0,0.7595747,0.8248576479123123
8800,1,0,0.6924855,0.6535743171811291
8805,1,1,0.4526886,0.40968423128385917
8811,1,1,0.55026335,0.5647946613716827
8818,1,1,0.89287984,0.8757769679284397
8822,1,1,0.7803341,0.7788007666345975
8829,1,1,0.7726494,0.7577180370228541
8833,1,1,0.6597939,0.6492561216616937
8836,1,0,0.16799729,0.16999722454301006
8839,1,1,0.7908632,0.8084188731403247
8842,1,0,0.49247354,0.47833577956400003
8843,1,1,0.66185576,0.6547829898755902
8853,1,0,0.1890689,0.19658760202517903
8862,1,1,0.7379093,0.7110201093485566
8863,1,1,0.7184437,0.7107897360127025
8868,1,1,0.45614535,0.45375483313935927
8871,1,1,0.46954247,0.49821333337697704
8873,1,1,0.57773966,0.5844104475103495
8874,1,1,0.7641855,0.7494723518590283
8876,1,0,0.57889104,0.5932772614397018
8877,1,0,0.6958726,0.725941776962653
8878,1,1,0.27336526,0.2933494721646785
8883,1,0,0.6897568,0.7054915384319321
8885,1,1,0.8101233,0.8209044252060901
8896,1,1,0.82281065,0.8092736132593802
8903,1,1,0.8131765,0.8122430450498893
8909,1,1,0.830701,0.8154838145733124
8920,1,1,0.600303,0.597861281515538
8922,1,1,0.6441134,0.6790868387592899
8923,1,1,0.8556338,0.8526704956051704
8924,1,1,0.8628581,0.8498669056260266
8925,1,1,0.5513302,0.5475419897463956
8931,1,1,0.6622462,0.6678770748927447
8935,1,1,0.87580717,0.853832950793613
8941,1,1,0.5693355,0.5972402627480073
8942,1,1,0.77547586,0.7971409983126639
8943,1,0,0.8168534,0.7899263409452337
8951,1,1,0.7594482,0.7428317128801059
8953,1,1,0.57928413,0.5690006863236365
8954,1,1,0.7590553,0.7437876717931622
8957,1,1,0.59630305,0.6191877597069425
8960,1,1,0.67013085,0.6750638784303908
8962,1,1,0.75217247,0.7295660059787048
8964,1,0,0.67058176,0.6592175923945497
8965,1,0,0.7203668,0.707261651814716
8968,1,1,0.41310284,0.4941676500467295
8970,1,1,0.6025005,0.6244695404724646
8976,1,1,0.54883397,0.5359126318388976
8979,1,1,0.62296844,0.6111996942579497
8984,1,0,0.75947887,0.7877760384690913
8990,1,0,0.26052812,0.247666977836338
8992,1,0,0.3996518,0.42988741810796094
8993,1,1,0.57748866,0.6034428756862903
8996,1,1,0.6538744,0.6480442775726434
8999,1,1,0.8791497,0.8824277759355527
9003,1,1,0.5573015,0.5963201251836725
9004,1,0,0.31569293,0.31525094936981135
9011,1,1,0.5887679,0.5978618472469894
9013,1,1,0.5635312,0.6142208154346841
9014,1,1,0.7975776,0.8091628116652952
9016,1,1,0.8415431,0.844138976838305
9018,1,1,0.5562243,0.5430532380865766
9028,1,0,0.45875794,0.4551775817115612
9033,1,1,0.7771175,0.7745897796759467
9034,1,1,0.51380956,0.5156541715479772
9035,1,1,0.4264667,0.4315573847067073
9038,1,0,0.32332653,0.3768356982054688
9046,1,0,0.33734232,0.3103079818152415
9049,1,1,0.4390507,0.47293298229684944
9054,1,0,0.37839222,0.37921708236389656
9055,1,0,0.24213925,0.2794031349045625
9060,1,0,0.8491087,0.8588819355653547
9065,1,1,0.8000719,0.8014165305620692
9066,1,0,0.37477392,0.3644197858905954
9067,1,0,0.72551954,0.7373590958276074
9068,1,0,0.64970374,0.6476723221476923
9072,1,1,0.6294616,0.6664048193637482
9082,1,1,0.74684805,0.7101195008644494
9083,1,1,0.30975637,0.3418310946509782
9086,1,1,0.87265426,0.8805285165736311
9105,1,1,0.8912295,0.8930661579909195
9108,1,1,0.49365625,0.4501178997152181
9116,1,1,0.48206407,0.5089745380515542
9123,1,0,0.7254413,0.7088905060349777
9130,1,0,0.48707822,0.5193709302839093
9134,1,1,0.51661235,0.5335782613405099
9135,1,0,0.6619838,0.6584229287981682
9138,1,0,0.61838144,0.581600386914174
9139,1,0,0.50465614,0.5320289735115055
9146,1,0,0.65633124,0.6720794303401598
9148,1,1,0.73119396,0.6903008962238241
9151,1,1,0.6857253,0.656349312019566
9153,1,1,0.7994814,0.8165830130010727
9157,1,0,0.86404496,0.8741864561029864
9162,1,1,0.8547988,0.8417508306948929
9167,1,1,0.4536091,0.4697538873426573
9168,1,1,0.55278593,0.5679266927609126
9170,1,0,0.88058347,0.8794290127137057
9171,1,1,0.7029134,0.6486456523421786
9173,1,1,0.64534044,0.6360984826421294
9174,1,0,0.16952768,0.1721450227400494
9176,1,1,0.3570738,0.3478646810160724
9178,1,1,0.6447365,0.660497353485206
9195,1,0,0.16386853,0.15429642881813446
9198,1,0,0.89855,0.8737757086780619
9206,1,1,0.73463035,0.7222083701948124
9208,1,0,0.30320144,0.31878222687211616
9209,1,0,0.5523927,0.5708327455315387
9211,1,0,0.2773598,0.2696519783335353
9213,1,1,0.708695,0.7597605323241371
9221,1,1,0.56568766,0.5580141840203396
9222,1,0,0.48067316,0.5135794950813309
9226,1,0,0.69110596,0.682489631989433
9229,1,1,0.6185897,0.6194645544690129
9236,1,1,0.6853075,0.6794949337041416
9237,1,1,0.80933917,0.8144859731634836
9240,1,1,0.37579334,0.35757928684774715
9241,1,0,0.7406257,0.7370999513678907
9246,1,0,0.41953412,0.4361655151953557
9247,1,0,0.6280347,0.637769576930411
9255,1,0,0.2924373,0.32476801642855624
9258,1,0,0.48575836,0.5086201638213524
9265,1,1,0.591116,0.6101185153305965
9266,1,1,0.8906773,0.8825884319721296
9268,1,1,0.6990711,0.6962150643200979
9269,1,1,0.26167598,0.3109060849984531
9275,1,0,0.12799944,0.12166760556346538
9282,1,1,0.68144894,0.6588227407224503
9289,1,0,0.74672,0.6843478104166146
9291,1,0,0.78049636,0.8013125194489367
9293,1,0,0.16488451,0.16043683338762535
9298,1,1,0.7327849,0.7027860393583869
9304,1,1,0.5697885,0.5704179176866078
9312,1,1,0.5400413,0.5512657597732044
9315,1,1,0.7237481,0.7112815604949784
9316,1,1,0.59485537,0.5601477128213059
9318,1,1,0.5580307,0.5718859067124122
9325,1,1,0.6304696,0.6754624014478403
9326,1,1,0.26213738,0.23005551351866543
9327,1,1,0.453303,0.44759817900700577
9328,1,1,0.8435433,0.827190497041847
9334,1,0,0.18999325,0.18783828377719852
9336,1,1,0.761909,0.7174327898019218
9350,1,1,0.7909176,0.7672580485542013
9354,1,0,0.6623371,0.6877838535109626
9358,1,0,0.46509367,0.4145396344943005
9361,1,1,0.6901313,0.7028076148581809
9367,1,1,0.8513523,0.8488948734044734
9374,1,0,0.82794935,0.8250225376522413
9379,1,0,0.12718678,0.1375220851039958
9388,1,0,0.5686082,0.601548133947
9389,1,1,0.7417404,0.7284480346937324
9393,1,1,0.5004877,0.5083246663108418
9394,1,0,0.3725476,0.39893278501401624
9397,1,0,0.8599959,0.8443506383736364
9403,1,1,0.70290047,0.6944749316067739
9405,1,1,0.36565334,0.3871114063614861
9419,1,1,0.7026454,0.6681656853608845
9428,1,1,0.6305313,0.6325362817923522
9429,1,1,0.6355139,0.6125794054303157
9432,1,0,0.36939448,0.4216797056190869
9433,1,1,0.67760044,0.6878368184129319
9441,1,1,0.7057494,0.6791951005001745
9445,1,0,0.75144774,0.7214223184054365
9448,1,1,0.7906526,0.7795160788509389
9455,1,0,0.7364697,0.7356530092469186
9458,1,0,0.56766593,0.5244929845195356
9465,1,0,0.43501553,0.46296053234454154
9468,1,0,0.18423852,0.2100167017144274
9472,1,1,0.75922245,0.7806730950040129
9473,1,0,0.601187,0.6007722054036321
9479,1,0,0.32402673,0.3514315123690604
9488,1,1,0.73673534,0.7435033179460245
9490,1,0,0.42760205,0.44070165901884417
9503,1,0,0.6886962,0.7191738799077755
9506,1,0,0.65042573,0.6241375154033633
9513,1,0,0.753523,0.7495704008282257
9515,1,1,0.6598151,0.6180803755242577
9531,1,1,0.27963692,0.34147210869745476
9539,1,1,0.80768,0.8133359317353146
9542,1,0,0.39533928,0.3984592822878443
9543,1,1,0.75405663,0.7387214881973447
9551,1,1,0.28504562,0.28045114897729284
9552,1,0,0.20306121,0.22723292210612694
9562,1,1,0.50377285,0.5293736546039285
9564,1,1,0.8822753,0.8760102001646369
9579,1,1,0.7969485,0.8061054984789622
9584,1,1,0.7529159,0.7651413900239389
9591,1,1,0.5181366,0.5235028464685966
9592,1,1,0.6573763,0.6561979939057098
9599,1,1,0.58863294,0.6313360933895102
9610,1,1,0.76600474,0.7714354443384835
9615,1,1,0.77405685,0.789077818437792
9616,1,1,0.6898609,0.6664047879341713
9618,1,1,0.8670311,0.8292178740589025
9620,1,1,0.8248021,0.8165133291896177
9624,1,1,0.19099674,0.18730605475508866
9626,1,0,0.52618396,0.5534368137179198
9629,1,1,0.31858993,0.33787893103593725
9630,1,1,0.84667826,0.840070053403339
9632,1,0,0.60321444,0.6012058154556128
9636,1,0,0.36521205,0.3755635940601815
9639,1,1,0.8233922,0.7440223613199478
9640,1,1,0.5411208,0.5722817461436802
9648,1,0,0.19772613,0.1516350771273342
9649,1,0,0.3203271,0.3721150476119534
9660,1,0,0.36187604,0.35988370488943505
9664,1,1,0.7269335,0.7513828853193038
9666,1,1,0.7093499,0.6944647257148212
9668,1,0,0.56649077,0.5781421984190278
9671,1,0,0.7672993,0.7512357199637777
9676,1,0,0.42428404,0.46723212133365355
9685,1,0,0.4454449,0.4628140075060977
9686,1,0,0.25906014,0.2860952553201838
9699,1,0,0.28826407,0.3323740276050982
9704,1,0,0.13127145,0.15904810784472434
9708,1,1,0.8225969,0.8161579519414489
9710,1,1,0.70380676,0.6882439139248246
9714,1,1,0.9304761,0.9115244095980215
9717,1,1,0.8175979,0.7931140935073393
9718,1,1,0.8016259,0.8030706881705716
9732,1,1,0.80931395,0.8116378180654868
9733,1,1,0.72137684,0.6867763868533574
9747,1,1,0.8020393,0.7773748901826042
9752,1,1,0.701766,0.6768509133467554
9767,1,0,0.17882624,0.20038957118000114
9768,1,0,0.6853011,0.6891766246082193
9783,1,1,0.2739009,0.3086952684444476
9785,1,1,0.733182,0.7360694163826325
9788,1,0,0.4398783,0.4379442544061565
9789,1,0,0.7695509,0.7330166415798686
9790,1,0,0.29950714,0.32306703735373926
9796,1,0,0.78857464,0.7721134384304533
9799,1,1,0.62967837,0.6375356396266559
9800,1,0,0.3657694,0.38491832689346567
9803,1,0,0.35404235,0.3557465094904444
9805,1,0,0.50300455,0.5101967085360806
9807,1,0,0.5944988,0.5540415440092548
9808,1,1,0.61593515,0.5028232882260629
9818,1,1,0.8719282,0.8816460952377809
9823,1,0,0.77059203,0.784961680542836
9824,1,0,0.46337044,0.44267971870914546
9828,1,1,0.8267688,0.8168355174775347
9831,1,0,0.17912582,0.2017574915263761
9837,1,1,0.28983906,0.2869940294168415
9840,1,1,0.64077616,0.6174898238543313
9842,1,1,0.8350268,0.8293603245957447
9844,1,0,0.7951332,0.7920524987245308
9857,1,0,0.18489784,0.18526658144253616
9858,1,1,0.71742773,0.76897549399518
9885,1,0,0.5536733,0.5788013733057711
9886,1,0,0.66428375,0.670847943808915
9892,1,0,0.28212517,0.29354746573420293
9897,1,1,0.75954014,0.7483774493666309
9899,1,0,0.67668724,0.690903101982685
9904,1,1,0.45164394,0.477601159023118
9909,1,1,0.6651135,0.6153470061978794
9916,1,1,0.539232,0.5292408473469894
9917,1,0,0.567932,0.5587906062982824
9924,1,0,0.8208367,0.7707764064975411
9939,1,1,0.8164853,0.8185159800589735
9942,1,0,0.47253075,0.4784313165048582
9944,1,1,0.6629625,0.6571809224639885
9947,1,0,0.66350675,0.6812464009616876
9948,1,1,0.9347628,0.9260075336033414
9949,1,0,0.6674292,0.6646336938782174
9952,1,0,0.48712993,0.4716751704521042
9953,1,1,0.73122597,0.7452770601869912
9960,1,0,0.61996,0.6348364528547323
9961,1,1,0.6679284,0.6646860231461408
9963,1,0,0.31961888,0.3222817431582283
9968,1,1,0.56429076,0.5608265441778832
9969,1,1,0.46543524,0.4730553080623654
9979,1,1,0.61521494,0.6035771608792675
9981,1,0,0.14641377,0.15992832621078557
9988,1,1,0.6531716,0.6250248955046616
9994,1,1,0.65561074,0.6483604729907473
10009,1,0,0.78043187,0.7864429060045451
10011,1,0,0.85611093,0.8851156478830553
10018,1,0,0.49002668,0.5119507897934602
10019,1,1,0.6600726,0.6737402941994789
10029,1,1,0.76649433,0.7566966208125881
10031,1,1,0.78393716,0.797494782026753
10036,1,1,0.797165,0.770484385732252
10038,1,1,0.62506735,0.6580425658021204
10040,1,1,0.8651152,0.8445424873744027
10043,1,1,0.7232494,0.7000265057132927
10044,1,1,0.41481113,0.4467415263844137
10049,1,1,0.46554872,0.42447165062541964
10070,1,0,0.18354852,0.1925634863128861
10079,1,0,0.35748768,0.3947483863779364
10080,1,1,0.85806483,0.8242990131920764
10085,1,1,0.805943,0.7954836784257062
10098,1,1,0.7669951,0.7858745955407236
10106,1,0,0.5631658,0.5716648613659117
10108,1,1,0.6348406,0.6257780937915167
10117,1,1,0.7191631,0.7184214569642575
10123,1,1,0.63624066,0.6529007564841329
10127,1,1,0.4816902,0.45779689965104436
10133,1,0,0.7442019,0.7274926419883239
10135,1,0,0.6983531,0.7063719403648611
10137,1,1,0.46982852,0.5069257512111569
10146,1,0,0.40728176,0.44099542105391987
10148,1,1,0.5083684,0.5720994443065844
10153,1,1,0.21109234,0.2198723454101956
10156,1,1,0.46806335,0.4970817708541006
10159,1,1,0.8284868,0.82237036207311
10180,1,1,0.57147473,0.6040596054811505
10188,1,1,0.7501851,0.7595473324588737
10190,1,1,0.48318785,0.5034777715307279
10193,1,0,0.71574956,0.6641882743125341
10207,1,1,0.42657223,0.4257986311980317
10208,1,1,0.56902,0.5732024507759788
10211,1,1,0.9073937,0.9039560362900406
10216,1,1,0.549399,0.5490601123562882
10227,1,0,0.5115825,0.5460590350724586
10229,1,0,0.2103719,0.2349069689313488
10230,1,0,0.24638613,0.2784244433360032
10232,1,1,0.5935549,0.6272377131914193
10236,1,0,0.33133057,0.3505418773152473
10238,1,0,0.5046599,0.4747827543571754
10240,1,0,0.80754143,0.7936015831928833
10241,1,0,0.60326195,0.6234892089571415
10249,1,1,0.85200405,0.8436978773008524
10258,1,0,0.5103534,0.5200957421420724
10260,1,0,0.33147836,0.33513204142136777
10268,1,1,0.68617326,0.6939236298495359
10269,1,1,0.4679739,0.4545889770460774
10270,1,0,0.30226716,0.3368671435736834
10271,1,0,0.5578545,0.567042714262275
10272,1,0,0.31083444,0.361986054705019
10280,1,0,0.25599205,0.25795139477192564
10282,1,1,0.65450966,0.6478206199715385
10284,1,1,0.81840336,0.8323730517167184
10289,1,0,0.64099324,0.638994795642213
10293,1,1,0.7276769,0.7374000904004543
10294,1,1,0.69536155,0.7017393840976319
10297,1,0,0.42074674,0.42698139270567903
10299,1,1,0.28369236,0.33375662016991736
10307,1,0,0.7838171,0.770046593089894
10313,1,1,0.79160124,0.7659501481394033
10318,1,0,0.7367154,0.7369670651121278
10321,1,0,0.35373178,0.4062885382810788
10322,1,0,0.68435204,0.6753125033774591
10323,1,1,0.37621048,0.4094642025166011
10325,1,1,0.7975907,0.7927500871224237
10327,1,0,0.29154235,0.28152401483569783
10328,1,0,0.51381606,0.49839969968373693
10329,1,0,0.24535601,0.25842617653412425
10333,1,1,0.5317983,0.5398254630080503
10338,1,0,0.3684548,0.3176649349809568
10341,1,0,0.570543,0.5663043877172356
10345,1,0,0.23292778,0.25065976943948465
10348,1,0,0.71651125,0.7052739176754185
10355,1,1,0.7698326,0.7595549056462467
10360,1,1,0.75329345,0.7456345022945181
10362,1,0,0.74088204,0.7398653548027352
10364,1,0,0.40980506,0.42689331318823953
10365,1,1,0.6320674,0.6288601647335703
10366,1,0,0.40070912,0.430722623983819
10379,1,1,0.79342175,0.7768929379175382
10380,1,1,0.5940056,0.6180226299456799
10383,1,1,0.53899944,0.5416589128047729
10388,1,1,0.72674155,0.6950985434717561
10395,1,0,0.65252656,0.6653842402767848
10396,1,0,0.6786008,0.6591623016285467
10400,1,1,0.6627638,0.6680438304699005
10401,1,1,0.81424576,0.801492832378092
10406,1,0,0.26667777,0.2368172956421062
10408,1,1,0.63268757,0.6404994005053299
10415,1,1,0.7694538,0.8006786397974572
10417,1,0,0.54585826,0.5540541913304922
10423,1,1,0.7355568,0.7175876081451275
10429,1,0,0.52032924,0.5518826880083221
10439,1,0,0.58921957,0.624645143997008
10440,1,1,0.35799608,0.37578220798368095
10444,1,0,0.14817458,0.15089866301928667
10452,1,1,0.8104227,0.7952172999003183
10453,1,1,0.7478043,0.6807467136567642
10460,1,1,0.6863446,0.6949371927283788
10463,1,0,0.3216117,0.35103114892978937
10471,1,1,0.4628742,0.4943275258220788
10472,1,1,0.8083353,0.7883889467832931
10476,1,0,0.53612906,0.5197091575907433
10481,1,0,0.23956645,0.23772200433522436
10489,1,1,0.812098,0.7803884152360316
10494,1,1,0.70278037,0.674457077823555
10495,1,0,0.30611333,0.3245089393131772
10498,1,1,0.5282239,0.5673414324623173
10501,1,1,0.74872273,0.7517667317325877
10504,1,1,0.81438005,0.7937503202507714
10506,1,1,0.62807184,0.6405199279018174
10509,1,1,0.76912767,0.7313818525785467
10512,1,1,0.8792813,0.8829980109517384
10513,1,1,0.6120364,0.6406191848427478
10519,1,1,0.6660843,0.6830905498849941
10520,1,1,0.77641654,0.7780568370533028
10521,1,1,0.8708704,0.8728349836137371
10522,1,1,0.30999246,0.34294732795230515
10523,1,1,0.3093946,0.32867211709830496
10527,1,1,0.7658695,0.7455580684650115
10531,1,1,0.4737308,0.5444630983175277
10535,1,1,0.3791993,0.3723387440763464
10538,1,1,0.8268582,0.811062021364371
10539,1,1,0.6958677,0.7173769529753624
10542,1,1,0.8548921,0.8572559052635615
10543,1,1,0.82221675,0.7987759181940915
10548,1,1,0.47343612,0.4810633243816845
10554,1,1,0.70501167,0.7149089877333381
10555,1,1,0.6889097,0.6621219588613888
10557,1,0,0.50964594,0.539745537521868
10558,1,0,0.53995216,0.5552402988623594
10561,1,1,0.8636134,0.8782476556299431
10571,1,0,0.85017073,0.8448193720844585
10573,1,1,0.7995172,0.7989787969924116
10577,1,0,0.45394433,0.4410537068636131
10579,1,0,0.8011622,0.7852287570174736
10585,1,1,0.68932164,0.6982270700625784
10587,1,1,0.34528956,0.3826316898974913
10595,1,1,0.6449726,0.6375128382165371
10600,1,0,0.6594902,0.6325908272386231
10601,1,1,0.6584203,0.6542889963511079
10604,1,1,0.7510775,0.738669356100515
10609,1,1,0.32696536,0.3112568415094772
10610,1,1,0.42372784,0.4018128509131519
10612,1,0,0.374621,0.4086498073936989
10615,1,0,0.2874145,0.24871351142726653
10618,1,1,0.7809371,0.7755486665142042
10620,1,1,0.6521724,0.6233654355629529
10623,1,1,0.51771075,0.5021793957592738
10628,1,1,0.6056737,0.6146678860827935
10629,1,1,0.88736224,0.8745131960823136
10633,1,1,0.8958597,0.8812676858835219
10634,1,1,0.79443544,0.7966784078181448
10636,1,1,0.75790614,0.7605812254280272
10639,1,0,0.59072286,0.5320880571001172
10650,1,0,0.42394918,0.45062765952370626
10655,1,1,0.5487722,0.5640915837367861
10661,1,1,0.09861221,0.08375819044897838
10662,1,1,0.6114454,0.586286470366295
10663,1,1,0.7456814,0.7412014017645312
10664,1,0,0.46964145,0.4806144669165845
10670,1,1,0.79045784,0.7652049143007875
10673,1,1,0.5674719,0.5727158518302914
10682,1,1,0.6375947,0.6250328612298369
10683,1,0,0.5548843,0.5189260507503339
10685,1,1,0.65157264,0.6284076544226903
10686,1,0,0.661426,0.6787137190729456
10687,1,1,0.62168765,0.6117502222497312
10689,1,0,0.48592764,0.4765266275078371
10702,1,1,0.6922195,0.6724111794878967
10705,1,1,0.5527847,0.5426551490017971
10708,1,1,0.43561304,0.4265985601686794
10710,1,1,0.54321575,0.5505495797795315
10717,1,1,0.7523533,0.7409253125148215
10719,1,1,0.74307775,0.7773706382640042
10721,1,0,0.4471368,0.4501745496478074
10724,1,1,0.40845314,0.432187821951352
10726,1,1,0.8612168,0.855830098726177
10729,1,1,0.5877472,0.6433015360335697
10737,1,1,0.4928428,0.5059897938566812
10742,1,1,0.8711344,0.8727187834219059
10750,1,0,0.74036974,0.715070009032388
10753,1,1,0.73207355,0.711453585244311
10766,1,1,0.6961337,0.7162618762835053
10774,1,1,0.723518,0.7668537604506875
10777,1,1,0.73538285,0.7679785982304361
10778,1,0,0.27710554,0.2942371035436883
10784,1,1,0.9032421,0.8906443540927748
10789,1,0,0.5731935,0.5325789048888442
10799,1,1,0.747095,0.7337695771996546
10805,1,0,0.69223756,0.6722221040744708
10820,1,0,0.5783811,0.5688256843858911
10829,1,1,0.53064615,0.5366835084923605
10832,1,0,0.86430866,0.8352113403703232
10838,1,1,0.53962576,0.552181307738621
10852,1,1,0.4868893,0.5222278633002687
10853,1,1,0.72919333,0.7300693276060031
10855,1,0,0.26026696,0.30694318570782964
10869,1,1,0.78079236,0.7401148166867467
10870,1,1,0.6517829,0.6972090199653365
10873,1,0,0.64309627,0.6792430367713199
10875,1,1,0.8781067,0.8499056409810596
10884,1,0,0.76968133,0.7410386909583973
10885,1,0,0.3851799,0.46179921439419286
10897,1,1,0.6158904,0.6146394694209172
10900,1,0,0.2675356,0.2652474912795437
10902,1,1,0.8149007,0.7905114384178382
10908,1,1,0.77068424,0.7647442520610931
10910,1,0,0.6812097,0.6857767241649699
10915,1,0,0.633292,0.6003391284093077
10917,1,1,0.6077573,0.5866564309088994
10918,1,1,0.80709505,0.8202205494964329
10922,1,1,0.67849094,0.6782729361471903
10926,1,0,0.72925085,0.7569660351473665
10934,1,1,0.59304225,0.60247220061571
10936,1,0,0.57493246,0.5920063854478548
10947,1,0,0.10533854,0.0794070607491904
10955,1,1,0.83380264,0.7809371068711882
10965,1,0,0.43386194,0.4638595142780604
10974,1,1,0.5595871,0.5721324777903816
10979,1,0,0.7460286,0.7593796845015567
10985,1,0,0.4410262,0.4974366011994816
10988,1,1,0.5987623,0.6030018783793953
10990,1,0,0.39523304,0.42942010220772264
10998,1,0,0.4238297,0.4587962360463742
11004,1,0,0.4962625,0.513629677954063
11006,1,1,0.674206,0.7063040741593942
11018,1,1,0.5513208,0.5304558878440727
11025,1,0,0.32790235,0.35404468410545303
11027,1,1,0.9309177,0.9279739104448811
11028,1,1,0.63233435,0.6320379315153288
11029,1,0,0.5677903,0.6231204409577349
11035,1,0,0.8158546,0.7943676073356923
11040,1,1,0.837749,0.823868685926424
11041,1,1,0.7081734,0.6832565483090557
11053,1,0,0.624494,0.6286568576787199
11067,1,1,0.7162572,0.6809120189814698
11068,1,0,0.63661146,0.6521609836897614
11069,1,0,0.7650062,0.7652511139897952
11071,1,1,0.7009061,0.690349249974192
11072,1,1,0.6897873,0.7028360879277287
11073,1,0,0.7916533,0.7842148791669552
11074,1,1,0.7122727,0.7085153358369252
11076,1,1,0.8696495,0.8494150295244794
11086,1,1,0.7823112,0.7687555211403249
11088,1,0,0.47608867,0.5021885538651698
11089,1,1,0.8193389,0.8110859875345107
11090,1,1,0.76573634,0.7795767698950602
11094,1,0,0.44661295,0.4649264252510836
11098,1,1,0.38724342,0.43773303077645864
11099,1,0,0.34540227,0.35544963857593864
11101,1,1,0.6564305,0.6547931742767068
11102,1,1,0.8892894,0.8765563429549789
11106,1,1,0.6800154,0.6834291566345111
11109,1,0,0.75189924,0.7193445025580636
11111,1,0,0.6062432,0.5940129312806435
11118,1,1,0.56119674,0.5877644532367597
11119,1,0,0.51701796,0.4913116147766505
11122,1,1,0.8044083,0.828057277445748
11125,1,1,0.89523005,0.8636366282078338
11140,1,1,0.4118825,0.43726725623102364
11143,1,0,0.5616868,0.5694546107112985
11145,1,0,0.49112687,0.5293248181892524
11146,1,0,0.63426006,0.6343577903868904
11148,1,0,0.21812041,0.18626434738842362
11150,1,1,0.84089756,0.8400485557234164
11155,1,0,0.6786473,0.6935706820825238
11168,1,1,0.73164624,0.7164731391602761
11178,1,1,0.7721419,0.742491804743199
11180,1,1,0.5349292,0.5384942590328323
11187,1,1,0.6904293,0.6894040295557508
11189,1,1,0.8333396,0.8048644800890503
11192,1,0,0.4508296,0.4388985727912345
11203,1,1,0.39727846,0.3849353778539088
11206,1,1,0.8622439,0.8651281831051935
11207,1,0,0.6613992,0.64279900912025
11208,1,0,0.4611711,0.5741476223961989
11243,1,0,0.24528714,0.23533674493637324
11246,1,0,0.34872657,0.3490333014012738
11259,1,0,0.52435184,0.5081895260757024
11268,1,1,0.5874362,0.5769859651384577
11285,1,0,0.57586753,0.5794960508544492
11295,1,0,0.43900028,0.4894881466610376
11297,1,0,0.42145863,0.4373103822750799
11305,1,1,0.6843468,0.6953576238048663
11311,1,1,0.6669334,0.6714313098678907
11320,1,1,0.77589464,0.7601463037508996
11323,1,0,0.51623154,0.5502288486612147
11324,1,0,0.48579744,0.5316212032286676
11329,1,1,0.30566326,0.3111936419425378
11332,1,0,0.35888302,0.38673321523989523
11333,1,1,0.8693672,0.8701637023535734
11334,1,0,0.6661202,0.681634756672931
11335,1,1,0.70101017,0.7164171363053266
11344,1,1,0.6577544,0.6606852065188688
11347,1,0,0.39219856,0.42927386723872907
11353,1,1,0.36706275,0.37941161826631004
11358,1,1,0.83358204,0.8228259328401208
11362,1,1,0.7042276,0.6960703799744832
11367,1,1,0.8640497,0.8619481581981103
11368,1,0,0.09370327,0.10214877016528848
11369,1,1,0.7774538,0.752436268541344
11375,1,0,0.7101088,0.737158728288295
11378,1,0,0.3038919,0.3127318680559344
11384,1,1,0.44221872,0.43629333233494116
11385,1,1,0.8723736,0.84353712211569
11387,1,1,0.6282176,0.6372557123428942
11400,1,1,0.5759496,0.5965486148739392
11418,1,1,0.7724913,0.7095395990814151
11419,1,1,0.61983943,0.6224111419714259
11423,1,0,0.5706578,0.5453218115989367
11432,1,1,0.7477282,0.7598780934825703
11442,1,0,0.59643644,0.5751414286449824
11444,1,1,0.8486788,0.8223935979664294
11449,1,1,0.61957437,0.644253681642147
11453,1,0,0.40079457,0.4069126781497133
11454,1,0,0.1875342,0.21009242221866348
11468,1,1,0.7440016,0.7467703230317231
11469,1,0,0.5769948,0.5763262835346585
11471,1,0,0.6225002,0.602463793671492
11483,1,0,0.39132956,0.4461579418745923
11489,1,0,0.21123968,0.20245453482604778
11494,1,1,0.8777546,0.8768567500215059
11500,1,1,0.78390145,0.8071013913059762
11503,1,1,0.7222739,0.6912258612235385
11506,1,1,0.77804846,0.7935314014451341
11508,1,0,0.70032316,0.6938952887400065
11510,1,0,0.20616615,0.19871102704954147
11511,1,0,0.4039622,0.47635926209454094
11512,1,1,0.6581432,0.6797436398821246
11513,1,1,0.88953316,0.8628915004070171
11517,1,0,0.41838726,0.45849819900016436
11518,1,1,0.2262411,0.24661574875856343
11521,1,0,0.31927252,0.32716115157695475
11525,1,1,0.8429858,0.8583682662795318
11532,1,1,0.4162019,0.4101471039422421
11534,1,0,0.4768803,0.5111683851200348
11539,1,0,0.6985072,0.6844066195455633
11546,1,0,0.5267717,0.5752723146112202
11550,1,0,0.7748878,0.759603941792386
11554,1,0,0.37103254,0.2182321891027327
11556,1,1,0.7384692,0.7279298253686669
11561,1,1,0.88784593,0.8525239168573342
11562,1,1,0.6151534,0.6114135044798472
11565,1,0,0.5681163,0.5518391693704656
11570,1,0,0.4250598,0.46368842402914623
11584,1,1,0.68610466,0.6815005179810288
11588,1,0,0.34672025,0.3537863479102614
11590,1,1,0.51839834,0.5170976691857465
11597,1,0,0.66464615,0.6846192761112186
11606,1,1,0.7312981,0.7167436230521523
11612,1,0,0.40547508,0.3809919872198664
11614,1,1,0.66965246,0.6718633654470147
11616,1,0,0.4965147,0.49700038000964525
11633,1,1,0.6144754,0.6405198043808922
11636,1,1,0.8894877,0.8729884419298335
11639,1,1,0.6664625,0.6912585267086059
11653,1,0,0.32140344,0.3099783454233145
11656,1,0,0.18077819,0.19918042405031297
11690,1,1,0.105283566,0.0810441837049903
11691,1,1,0.68672836,0.6499835236967291
11696,1,0,0.14540137,0.13733064770859246
11699,1,1,0.3795324,0.405548269246617
11705,1,1,0.831437,0.8221063604228298
11711,1,1,0.8356951,0.8415986641429979
11712,1,1,0.7647061,0.7455621697966192
11713,1,0,0.17757474,0.1962461530396736
11714,1,1,0.8318927,0.8057460610413651
11723,1,1,0.56305844,0.5985500837038013
11729,1,0,0.6190762,0.6503429301546289
11745,1,0,0.14186901,0.14193035146719118
11747,1,0,0.4274108,0.40815370379093346
11752,1,1,0.6223239,0.6734745644434308
11753,1,1,0.5971842,0.6375063507018098
11759,1,0,0.7586526,0.7448475331165897
11762,1,1,0.59743744,0.6170258934666379
11768,1,0,0.7512636,0.7737118387992039
11771,1,0,0.6858025,0.6932155739339486
11774,1,1,0.5840126,0.6083686094316119
11777,1,1,0.8055922,0.7734156874093087
11786,1,0,0.112302564,0.13023613917371019
11790,1,1,0.32054615,0.31891300449383714
11803,1,1,0.40042067,0.40781718625873487
11805,1,0,0.64540744,0.6870982260051439
11835,1,0,0.7482993,0.7360572302922078
11837,1,0,0.8135921,0.7980840589927319
11847,1,1,0.32957327,0.33434966470428096
11848,1,0,0.50675637,0.531856435029721
11849,1,1,0.610359,0.631815036316608
11852,1,0,0.7112758,0.7204225640927402
11853,1,1,0.8745115,0.8407398937234234
11855,1,1,0.6016239,0.598894412312956
11861,1,1,0.79543364,0.7927323295202461
11866,1,0,0.77286386,0.7161267154091061
11867,1,1,0.42447436,0.47352517882781636
11874,1,0,0.29603857,0.3202266556037885
11875,1,1,0.47286922,0.4880938912675018
11880,1,1,0.7577003,0.7131023465093946
11897,1,1,0.6948517,0.70381137997721
11900,1,1,0.7932441,0.7922677559256022
11902,1,0,0.19304693,0.23680725648202502
11903,1,1,0.7039533,0.689812006534218
11904,1,1,0.74046886,0.721649192896062
11906,1,0,0.6944725,0.681249701297787
11907,1,1,0.7254086,0.7050483149233138
11913,1,1,0.6721092,0.6868175322860997
11915,1,1,0.87508917,0.880548026592743
11917,1,0,0.71484655,0.6876345516514695
11919,1,0,0.7194887,0.7265681616840809
11921,1,1,0.45325163,0.4906041639084415
11928,1,0,0.09993562,0.10578356722095907
11930,1,0,0.58239645,0.6092827754610162
11935,1,0,0.8239617,0.8316128518044408
11938,1,1,0.4121049,0.4642903735210722
11951,1,0,0.7313971,0.7153935198844732
11953,1,1,0.36764258,0.37769389639133577
11956,1,0,0.5127294,0.5389145494196879
11957,1,0,0.5216816,0.5606868865949692
11958,1,0,0.40754825,0.41355927267147696
11959,1,1,0.6613349,0.6663897815280005
11965,1,1,0.721262,0.7246713162308688
11968,1,1,0.8263412,0.8343221581596366
11970,1,1,0.4610245,0.48096453596050187
11979,1,1,0.7886925,0.7557180689634391
11982,1,1,0.7694217,0.7451746555373736
11984,1,0,0.66461474,0.6666773212321905
11990,1,0,0.50669396,0.5314401120408736
11991,1,1,0.41901085,0.45370224020551486
11998,1,0,0.6999939,0.690070934758215
11999,1,0,0.50727904,0.5299594364751007
12001,1,0,0.48717794,0.49926720065043995
12003,1,1,0.40012822,0.4356811383012563
12010,1,1,0.47463244,0.45704707837688985
12012,1,1,0.41899607,0.40528815014567005
12018,1,1,0.5457852,0.5484754254032762
12020,1,1,0.18217698,0.16968768710225923
12022,1,0,0.5250284,0.5675599055827041
12023,1,1,0.83696526,0.8215952903155488
12024,1,1,0.6629387,0.7002685902036297
12026,1,0,0.5303054,0.5386212732714484
12034,1,1,0.47455627,0.487072608819728
12035,1,1,0.74615365,0.75224575760667
12039,1,1,0.61257523,0.5817653370840705
12040,1,0,0.49585423,0.48401275297407864
12041,1,0,0.60544574,0.5949162284681604
12047,1,0,0.59175074,0.5909890439136387
12054,1,1,0.80567783,0.7934608600393386
12056,1,0,0.25029776,0.244839554976725
12059,1,1,0.75565106,0.7622813669223655
12062,1,1,0.7607466,0.7554396366162929
12063,1,1,0.8695596,0.8453884324998915
12064,1,1,0.8128806,0.8052305656998776
12066,1,0,0.1850784,0.1699857133826845
12071,1,1,0.60802513,0.6579550119672165
12072,1,1,0.7379006,0.7192596754407277
12077,1,0,0.88519883,0.8895427011425617
12081,1,0,0.53008413,0.5492192792495544
12090,1,0,0.42281392,0.44874928179478446
12100,1,1,0.67338365,0.6835713972800169
12107,1,0,0.37167156,0.4187907765566636
12115,1,1,0.6047756,0.6085330219926871
12116,1,1,0.52859396,0.4814846141669758
12117,1,1,0.7809255,0.7945814531926335
12119,1,0,0.47935155,0.4910832462724503
12120,1,0,0.3634226,0.35827135481869365
12122,1,1,0.74693924,0.7372270356584179
12125,1,0,0.7030288,0.6796055092266475
12127,1,1,0.7288241,0.6952946656288591
12128,1,0,0.50958973,0.5053933388484003
12134,1,1,0.45416886,0.4596173076073383
12135,1,0,0.7768316,0.7421142208824417
12140,1,1,0.6446731,0.6528418745890578
12143,1,0,0.2468566,0.276460965592334
12147,1,0,0.5690457,0.6032127041415173
12157,1,0,0.34725308,0.35633231675069227
12168,1,1,0.74560267,0.7814281670604767
12174,1,0,0.30890962,0.34839856549386317
12198,1,1,0.7362672,0.7469128735632052
12199,1,1,0.6786439,0.6692681905339845
12202,1,0,0.41024593,0.4336102949316381
12207,1,0,0.3777409,0.38255372700146106
12211,1,1,0.7576269,0.7011534297602162
12219,1,0,0.35776898,0.3994343129492511
12226,1,1,0.6314644,0.62911287908647
12231,1,1,0.64897805,0.6278175482396676
12234,1,1,0.59339553,0.6139239954446236
12236,1,0,0.71983594,0.6893541788661509
12238,1,1,0.63426334,0.6328195210581876
12239,1,1,0.47067225,0.5186429263607114
12242,1,1,0.900409,0.8812074250005169
12246,1,0,0.27768633,0.3118502436818151
12250,1,1,0.71682054,0.6912417234260169
12251,1,1,0.7132292,0.7142659662523672
12255,1,0,0.18768144,0.1972697191878223
12275,1,1,0.6684525,0.6640261748986123
12279,1,0,0.5438768,0.5530266327594485
12282,1,1,0.6991701,0.7092440537967741
12285,1,1,0.5676688,0.5616377837334581
12292,1,1,0.5190478,0.5484776029620537
12298,1,0,0.6651279,0.650549303317592
12304,1,0,0.4026517,0.40810283700456407
12312,1,0,0.74620163,0.7415879069921498
12314,1,0,0.2452837,0.25524394491042096
12315,1,1,0.08891919,0.07138976355317916
12318,1,1,0.72708166,0.7109835803809013
12320,1,1,0.77672535,0.780557851861554
12325,1,1,0.7408654,0.739198872568863
12326,1,0,0.46980006,0.5019501454483042
12333,1,0,0.7245237,0.7069872766963796
12335,1,1,0.39560476,0.41852847049329567
12336,1,0,0.17009448,0.16389287584393367
12342,1,1,0.6830616,0.6309285793822113
12349,1,0,0.7789822,0.767613971203874
12353,1,1,0.13904378,0.1448758953104138
12359,1,0,0.71655023,0.6937430032500603
12364,1,0,0.3179726,0.33232724200224867
12365,1,1,0.20719136,0.2267569050316641
12369,1,1,0.60190654,0.5913223341935879
12372,1,0,0.4757573,0.5063858139912296
12379,1,1,0.74564886,0.6862442820114655
12381,1,1,0.60265094,0.5742295750568627
12383,1,0,0.44031122,0.4771574409398077
12385,1,1,0.7141281,0.7271844234540297
12389,1,1,0.69962424,0.6687076815510489
12392,1,1,0.181858,0.17234577412126037
12393,1,1,0.16397472,0.17105926065886698
12396,1,0,0.5715506,0.5719096322970568
12399,1,1,0.6086326,0.6021693920057473
12405,1,1,0.7770436,0.7465597000105306
12410,1,1,0.52136564,0.513460105410053
12415,1,0,0.7230832,0.6860552718142394
12422,1,0,0.4568856,0.4173694564368812
12437,1,1,0.39760146,0.38150444092748836
12449,1,1,0.5491638,0.5649808622705711
12451,1,1,0.8060142,0.7799950930966485
12452,1,1,0.55103827,0.5155343474356672
12454,1,1,0.5648336,0.5705878609673473
12456,1,1,0.7946033,0.7954890218124575
12458,1,1,0.6598435,0.6661101518283673
12459,1,0,0.14832957,0.13394517838783693
12461,1,1,0.88592225,0.8615055537010208
12462,1,1,0.67849916,0.6821698879993964
12471,1,1,0.4409179,0.43241570346998875
12482,1,0,0.28679693,0.23944626286812243
12485,1,1,0.82828224,0.8115864913250759
12488,1,1,0.7038913,0.6665510557589849
12490,1,0,0.62783015,0.6433474968236118
12498,1,0,0.49288478,0.49241817276257366
12514,1,1,0.56231135,0.5394160271292596
12519,1,1,0.6087976,0.6209336110098771
12520,1,0,0.70443135,0.7067869822526657
12521,1,0,0.30502954,0.3171484678589684
12524,1,0,0.8000204,0.8174018551323149
12527,1,0,0.65775186,0.6264811226198981
12531,1,1,0.6021027,0.5930702799225975
12533,1,1,0.8025487,0.8172770971421165
12535,1,1,0.23527719,0.2253255834435234
12542,1,1,0.73686093,0.72122682992204
12546,1,1,0.7425534,0.738370035141212
12547,1,0,0.44856372,0.43499796543367886
12548,1,1,0.8143741,0.8323734797265542
12554,1,1,0.50722784,0.5272055473002945
12557,1,0,0.40705377,0.43314008436511925
12565,1,0,0.62441796,0.6089422576253001
12583,1,1,0.5986301,0.6350671736066127
12595,1,0,0.27151814,0.3209459161415054
12597,1,0,0.5136244,0.5506553809507967
12598,1,1,0.6459571,0.6474571382685745
12609,1,0,0.3361406,0.33460273492868214
12612,1,1,0.76869947,0.7739316651869829
12615,1,0,0.7230588,0.646843069513213
12616,1,1,0.76233673,0.7347785056229377
12621,1,0,0.6192208,0.6277552569751158
12630,1,0,0.83756167,0.8030935300759635
12637,1,0,0.16586503,0.17178145473336917
12641,1,1,0.57611763,0.5191984794649337
12643,1,1,0.67904484,0.6616651066753941
12649,1,0,0.56284916,0.5551557831648833
12659,1,1,0.7247433,0.71115925163434
12660,1,1,0.720219,0.7404238389494086
12665,1,0,0.6160754,0.6333147433554518
12666,1,0,0.8198795,0.7920677020786638
12675,1,1,0.517786,0.5461867851388142
12682,1,1,0.28180546,0.28324979008065926
12685,1,0,0.5623136,0.5670903418276584
12696,1,0,0.564156,0.5413685650833503
12704,1,0,0.38751334,0.4296918936306443
12711,1,1,0.6906281,0.6952255670986913
12712,1,1,0.6597897,0.6664336516873772
12718,1,0,0.41140854,0.4535818413671297
12719,1,1,0.5958768,0.5896570211419341
12734,1,0,0.86148316,0.8508282058310592
12735,1,1,0.31111538,0.35383995026675524
12736,1,0,0.48063818,0.4916064848657363
12741,1,1,0.519467,0.5273267598529672
12744,1,0,0.61003834,0.6200745423490106
12746,1,1,0.8258604,0.7666619101358588
12747,1,1,0.7389828,0.7109215202995993
12751,1,0,0.5622358,0.5793823133522445
12761,1,0,0.8139385,0.7968898605391856
12769,1,1,0.67443264,0.6915256453092414
12775,1,0,0.57431775,0.5785407907782503
12778,1,1,0.4385816,0.47387720922623444
12780,1,0,0.4799167,0.5137176489502107
12783,1,1,0.91289794,0.9118827891791425
12787,1,1,0.8495948,0.839959395105189
12796,1,1,0.2617723,0.3079847486218899
12797,1,1,0.80126023,0.767655140157344
12799,1,1,0.68909323,0.6679825270635678
12805,1,0,0.27796116,0.21261988788198835
12808,1,0,0.081436284,0.062026838738721536
12810,1,1,0.35996652,0.35530283206007207
12816,1,1,0.83730084,0.8101697601101769
12817,1,0,0.49050462,0.504735227953146
12825,1,1,0.7614303,0.7489033136650682
12833,1,1,0.5149826,0.4491050291285816
12847,1,0,0.15097596,0.12925356648454953
12848,1,0,0.25315097,0.24135228890999877
12849,1,1,0.78725344,0.7642934857973696
12853,1,0,0.6943857,0.6702809919430794
12854,1,0,0.6038985,0.5856862966715748
12855,1,1,0.6688327,0.6635482455641523
12867,1,1,0.783674,0.7945282253992398
12872,1,1,0.7324173,0.7437498256700354
12880,1,0,0.46906382,0.5064898141491516
12885,1,0,0.6134371,0.6066910395510557
12887,1,0,0.5648572,0.6026449535701303
12892,1,1,0.8492667,0.8422225917948539
12901,1,1,0.6162332,0.6098540992807054
12911,1,1,0.44411424,0.47654989401161413
12919,1,0,0.2549198,0.29914387671893156
12920,1,1,0.7004074,0.7012596409762596
12926,1,0,0.67237645,0.6622773599878011
12927,1,1,0.8404679,0.8091752360370424
12929,1,1,0.6126021,0.6745333936134739
12937,1,1,0.6723591,0.6532301775420751
12946,1,0,0.24429108,0.26214766739617484
12966,1,0,0.5729405,0.5569968177334669
12967,1,1,0.909694,0.9120547357502353
12968,1,0,0.17864563,0.1785379150168953
12972,1,1,0.5387255,0.5434461592149115
12973,1,1,0.7752809,0.7507546755016374
12974,1,1,0.58428967,0.5942965163151458
12977,1,1,0.6907977,0.6965352329806803
12983,1,0,0.09190371,0.08327807845586879
12985,1,1,0.45931682,0.4407117545402737
12987,1,0,0.7357601,0.7405074088473027
12989,1,0,0.6679087,0.646404488778476
12990,1,1,0.92091155,0.9140074222352144
12992,1,1,0.7702872,0.7943624453131766
12993,1,1,0.71423584,0.6658315805016826
12997,1,1,0.7224888,0.7210453485656642
12999,1,1,0.46928972,0.4754888254577927
13001,1,1,0.7457868,0.7225473367191293
13003,1,1,0.5624654,0.5829583946976062
13006,1,1,0.6785562,0.692531851348829
13008,1,0,0.47209537,0.4323058174343842
13012,1,0,0.31006014,0.33700327903008354
13013,1,1,0.7683409,0.7700977272413112
13014,1,1,0.7428012,0.7480127505027934
13017,1,1,0.8678514,0.8501277742165932
13027,1,0,0.15719156,0.18166225416278528
13033,1,0,0.45417723,0.5063776856536785
13034,1,1,0.79129124,0.7908686108509162
13035,1,1,0.49782217,0.4885717304618091
13039,1,1,0.7356024,0.7271892703473393
13043,1,1,0.78068733,0.7566475909153593
13045,1,0,0.64604187,0.6315110281698227
13051,1,1,0.8380567,0.8302335927449763
13065,1,1,0.7199222,0.7201010921365509
13066,1,1,0.59393674,0.5902146427496178
13069,1,1,0.46157998,0.4620945284637959
13071,1,1,0.55584633,0.5678241910311118
13080,1,0,0.44739872,0.43281688919014977
13091,1,1,0.67249537,0.6750185057942897
13101,1,0,0.15406206,0.159653847300939
13112,1,0,0.77178776,0.7274429835878171
13113,1,1,0.58510435,0.6401997895300165
13115,1,1,0.43317845,0.47021165238469415
13126,1,1,0.8353518,0.8315865012323876
13129,1,1,0.6828445,0.6756374978466669
13132,1,0,0.42037672,0.4625851397109227
13134,1,1,0.7447869,0.717753075998094
13142,1,1,0.83356196,0.8303143474495799
13153,1,0,0.8004632,0.7944946022064977
13155,1,1,0.6226792,0.5706676454963115
13162,1,0,0.43050408,0.44026527608415006
13166,1,0,0.6458166,0.6154010611378942
13173,1,1,0.591814,0.5680255426496977
13185,1,0,0.620332,0.5960176123408183
13186,1,0,0.4944718,0.514427354523894
13187,1,1,0.870985,0.8512261790868128
13188,1,1,0.8191738,0.799397322641841
13189,1,0,0.28018576,0.3017370882282355
13191,1,1,0.7947025,0.776539991761509
13197,1,0,0.5475733,0.5624509339502687
13199,1,1,0.75173986,0.7133896905460168
13206,1,0,0.68849397,0.6786923513382169
13207,1,1,0.5827881,0.5978084513016796
13209,1,0,0.095157266,0.07899616332573554
13211,1,1,0.6042937,0.5860555870962474
13212,1,0,0.84419054,0.8316140735338382
13215,1,1,0.70952016,0.7318671023847753
13216,1,1,0.71464103,0.6998727626183358
13217,1,1,0.6092219,0.6372863260439426
13218,1,1,0.77202207,0.7397162064530454
13219,1,0,0.47360665,0.49227400495002915
13223,1,1,0.69410276,0.6415157973132822
13225,1,0,0.51899797,0.5123284024383414
13228,1,1,0.50352204,0.4786141010869016
13229,1,1,0.6056872,0.614000856381351
13232,1,0,0.08867514,0.07791808413084783
13239,1,0,0.11744242,0.12339400726987218
13244,1,1,0.576242,0.5886864908461851
13245,1,0,0.46736047,0.49833874848617865
13247,1,1,0.3917405,0.42665919061295776
13252,1,1,0.60974836,0.6171693690149679
13255,1,1,0.68539923,0.7141019999984162
13256,1,1,0.88461953,0.8747921529621997
13257,1,1,0.6913875,0.6847371162813809
13258,1,1,0.636091,0.6164787934329324
13268,1,1,0.84071624,0.8206930807114291
13269,1,1,0.48402286,0.5404087541021025
13271,1,1,0.8571775,0.8279652864298964
13280,1,0,0.5261047,0.5767880846609368
13283,1,1,0.71238613,0.7138898732133928
13288,1,1,0.6404198,0.6285691131641428
13293,1,1,0.5860773,0.5597941732979679
13295,1,1,0.38785374,0.4379784257002278
13300,1,1,0.88656837,0.8828498273732521
13305,1,0,0.24445266,0.2789663348581669
13309,1,0,0.45988914,0.4600150208414855
13313,1,0,0.64251375,0.688245110423365
13314,1,0,0.23527199,0.23853268014264686
13316,1,1,0.27321857,0.26845660395984383
13342,1,0,0.62955636,0.6364032913613157
13343,1,1,0.32816836,0.3078091351059343
13344,1,0,0.5306568,0.5753990488263124
13349,1,0,0.36707488,0.35880169108240123
13353,1,0,0.41245285,0.4300644498353319
13355,1,1,0.608971,0.597060724097096
13361,1,1,0.31237245,0.30940791420056835
13363,1,1,0.36870807,0.4272730869392991
13368,1,1,0.6186781,0.6265545158801081
13377,1,1,0.6499067,0.6451821395546627
13386,1,0,0.40699396,0.3772533400122918
13387,1,0,0.33068457,0.2899058495478133
13389,1,0,0.7457385,0.753157865780791
13391,1,0,0.23668636,0.24334718381227766
13401,1,0,0.33973104,0.42320681161786977
13404,1,1,0.8175368,0.8048737967287697
13406,1,1,0.8163205,0.8082964237957017
13414,1,0,0.21014884,0.2076625216267282
13421,1,0,0.42785287,0.43850044373036084
13427,1,1,0.6113833,0.6257478928175872
13435,1,1,0.5255558,0.5020951420812899
13442,1,0,0.53335524,0.543326994488306
13443,1,0,0.6547657,0.6032398872867938
13444,1,0,0.29063648,0.3063390946533514
13446,1,1,0.5073639,0.5357496189117549
13448,1,1,0.49933463,0.5248930858587985
13451,1,0,0.48982054,0.4879950423212287
13452,1,0,0.50561744,0.502908629632909
13456,1,0,0.48010403,0.4800908390711589
13471,1,0,0.8486808,0.8667180825613521
13475,1,1,0.6966308,0.6917191563958487
13477,1,0,0.38142318,0.41708081756609705
13479,1,1,0.47432166,0.5262615744028232
13480,1,1,0.7299653,0.6979559888759694
13489,1,1,0.70021677,0.6957726689078203
13491,1,1,0.74531555,0.7570232197329719
13494,1,1,0.77790517,0.7670176558949637
13496,1,0,0.45344895,0.4617749513476011
13505,1,1,0.78022814,0.7445593626865172
13511,1,1,0.5006672,0.5161278341158343
13517,1,0,0.7596067,0.7580700497159047
13519,1,1,0.5355818,0.5608616299458251
13523,1,0,0.37709507,0.453318489634606
13527,1,0,0.30281928,0.38452786822487395
13535,1,0,0.72204405,0.6691688434789105
13539,1,0,0.49846265,0.5173834782056306
13544,1,1,0.6483835,0.6807380533590421
13549,1,0,0.5558871,0.5699754328432932
13565,1,1,0.5637509,0.5698730856495727
13569,1,0,0.42302287,0.4131573938639939
13575,1,0,0.48333424,0.49978196154989446
13581,1,1,0.8506333,0.8557642111184437
13582,1,0,0.32108918,0.29361579092527496
13586,1,0,0.6126002,0.6357445947357664
13587,1,1,0.78761005,0.7756966339328242
13591,1,0,0.34516004,0.30839355797971435
13597,1,0,0.53539276,0.5544419992336249
13605,1,1,0.6672931,0.6477998289642234
13608,1,1,0.40873307,0.44472169616504265
13612,1,1,0.8647133,0.8455573838665141
13633,1,0,0.20163302,0.2041510728008114
13648,1,0,0.78745216,0.7544134101712667
13663,1,0,0.24667199,0.2906565088449551
13670,1,1,0.8033445,0.7860883645684744
13682,1,1,0.8317419,0.825314528369478
13683,1,1,0.84361726,0.8491541954099565
13687,1,0,0.4831761,0.4493149847991242
13690,1,1,0.19402866,0.20105781554551033
13699,1,1,0.68029803,0.6842118022499628
13704,1,0,0.28449127,0.2855722997224449
13705,1,1,0.61697495,0.6032032904770438
13715,1,1,0.55439496,0.5253056715052739
13721,1,1,0.5567225,0.5805227599443119
13722,1,1,0.8419114,0.8500520915847367
13725,1,1,0.5769591,0.5518536876394561
13731,1,1,0.6039572,0.625865644706624
13736,1,1,0.3540545,0.3565868876954642
13739,1,1,0.68295044,0.6333819499522971
13741,1,1,0.8638435,0.8746943223297446
13746,1,0,0.4009553,0.4002280215837375
13749,1,0,0.7236605,0.736485254455033
13757,1,0,0.5984814,0.6463319874699525
13759,1,1,0.72152567,0.6904906882439557
13773,1,1,0.85277414,0.8290351720390439
13777,1,1,0.684433,0.6761185676454169
13782,1,1,0.7805843,0.761574571546965
13785,1,1,0.6294013,0.6327563527266765
13788,1,1,0.64715445,0.6525698423244919
13803,1,0,0.65686363,0.6506294934841759
13805,1,1,0.623538,0.6045392152360043
13821,1,0,0.64644057,0.6401130450367324
13831,1,1,0.86590225,0.8331891997447636
13839,1,1,0.8379605,0.7992637730684037
13844,1,1,0.81048924,0.8142640625915627
13851,1,0,0.5950383,0.5884423835153816
13853,1,0,0.11303356,0.13053320823185113
13855,1,1,0.7712646,0.7820438473533411
13857,1,0,0.49736425,0.48274321720069774
13868,1,1,0.20305228,0.2158211556616921
13869,1,1,0.5259941,0.5108329240544955
13870,1,0,0.09067298,0.07285309173870064
13871,1,1,0.6716137,0.6993856012088545
13881,1,0,0.7242849,0.710552163827314
13890,1,0,0.7875879,0.7799749194208074
13892,1,0,0.15636416,0.16174102239382235
13895,1,1,0.8299861,0.8359863737401514
13897,1,0,0.4331459,0.4465969596637805
13911,1,1,0.3566953,0.3633086276670591
13917,1,0,0.60949576,0.5798916972644945
13921,1,1,0.76442397,0.7412826839422476
13927,1,1,0.30956778,0.354699875043895
13946,1,1,0.6751636,0.6820370771865001
13951,1,0,0.1548203,0.19745537247856823
13960,1,0,0.54550284,0.5280289037343077
13962,1,1,0.83760816,0.8201167216241545
13965,1,0,0.5288683,0.5544370039156112
13966,1,1,0.5917029,0.6384430805765967
13968,1,1,0.6544365,0.6294143905867033
13972,1,1,0.7462946,0.736782051687577
13975,1,1,0.38961416,0.4479009592550406
13976,1,1,0.4587666,0.5189915090601321
13986,1,0,0.4132602,0.469082241929504
13990,1,1,0.8328951,0.8294562329745065
13993,1,0,0.6089042,0.6448322758672557
13995,1,0,0.35603356,0.35060106287360465
13996,1,1,0.60032433,0.6383238785517992
13997,1,1,0.7211611,0.7235854549787573
14003,1,0,0.6441656,0.6454933618528788
14012,1,0,0.13373557,0.12413053089363854
14015,1,0,0.53891134,0.4799089448079793
14017,1,1,0.49785027,0.5297979491303221
14027,1,0,0.76224226,0.7452249845158537
14039,1,0,0.32360247,0.28264989266275753
14043,1,1,0.62455726,0.6342852791566104
14044,1,1,0.6799245,0.6732918409957237
14050,1,1,0.59048706,0.5770674892464189
14051,1,1,0.39233938,0.40999279077444556
14053,1,0,0.5782755,0.579077885587273
14056,1,1,0.7517497,0.7385736453792368
14061,1,1,0.5491557,0.535202580314379
14065,1,0,0.36290327,0.390904137509155
14067,1,0,0.68548626,0.6672784181896018
14068,1,1,0.6458973,0.634095272856508
14070,1,1,0.5715236,0.5851698452805572
14073,1,0,0.58502156,0.5743923882481957
14077,1,0,0.6246178,0.608015793590084
14079,1,1,0.6743503,0.6721117704849515
14085,1,0,0.7659339,0.7690366757965388
14087,1,0,0.4116834,0.48750118804079906
14088,1,0,0.46392745,0.4573815203403231
14095,1,1,0.59648615,0.6040957385644122
14100,1,0,0.59786856,0.6059054563923663
14105,1,0,0.30123922,0.3844057566002994
14109,1,0,0.47424936,0.47001807786805566
14112,1,0,0.30486718,0.3265387427975391
14126,1,1,0.6791307,0.6770452886390141
14131,1,1,0.75649124,0.7354310917341649
14134,1,1,0.6616012,0.6642189722461924
14138,1,1,0.25067365,0.25563657778762705
14140,1,1,0.22647609,0.21133690808031153
14144,1,1,0.4115314,0.38689427073246163
14149,1,1,0.37864915,0.3716845148705485
14152,1,0,0.7340363,0.7201778317629649
14153,1,1,0.40000442,0.4275379195198086
14154,1,1,0.30267683,0.32202811921228797
14155,1,1,0.5316028,0.5122903552107777
14166,1,1,0.63845104,0.6145361584369361
14170,1,0,0.34377456,0.2710956370587475
14175,1,0,0.6220671,0.6105374141946659
14179,1,0,0.50977725,0.5172272525046503
14180,1,1,0.39202613,0.41118433013998773
14183,1,1,0.5273521,0.5439314084231232
14188,1,1,0.6634239,0.6660937931504354
14191,1,1,0.67161095,0.691777126586198
14194,1,1,0.61476994,0.6138697867172004
14203,1,0,0.7046652,0.6822146358501482
14207,1,1,0.81394166,0.8244976383022053
14208,1,0,0.8700104,0.8710867862538415
14211,1,1,0.39094907,0.4342327315182357
14213,1,1,0.6493333,0.6463275035185236
14222,1,0,0.7823973,0.7676387845231846
14223,1,1,0.839154,0.8194685323491133
14227,1,1,0.622983,0.5845963787089711
14228,1,1,0.8360704,0.8474341752873715
14231,1,1,0.19329582,0.18731549175298634
14232,1,0,0.19331169,0.14749520442096173
14236,1,0,0.20861264,0.19479187767043693
14238,1,1,0.7239493,0.7007715592089204
14242,1,0,0.62809557,0.6290628598994696
14252,1,0,0.38594687,0.37554109672886904
14263,1,0,0.79713017,0.7886476859667737
14273,1,1,0.5462817,0.5859636590372224
14275,1,0,0.58509284,0.5849030686319638
14276,1,0,0.57276255,0.5568622096917983
14279,1,1,0.81103283,0.7990063578613328
14281,1,0,0.574934,0.590018437562316
14286,1,1,0.68811285,0.7062673915130948
14297,1,0,0.82125604,0.8034571313479442
14303,1,0,0.42693737,0.4368059560159687
14313,1,0,0.68689424,0.6779391548207352
14314,1,0,0.64326745,0.6486918479737225
14321,1,0,0.2673491,0.27255762762872954
14322,1,0,0.474437,0.4997344899433575
14325,1,0,0.637112,0.6184560760797629
14330,1,0,0.6990436,0.6787866885588276
14335,1,0,0.15240748,0.16918764256257207
14337,1,1,0.38857982,0.4190331756726513
14339,1,1,0.22353107,0.23892229496039394
14341,1,1,0.936824,0.9386028774050259
14348,1,1,0.39104396,0.3883345876081368
14352,1,1,0.78224146,0.78152148424632
14368,1,1,0.5680984,0.5986098836807436
14376,1,1,0.45602444,0.4380094243951672
14383,1,1,0.76624626,0.7789183872483841
14387,1,0,0.85020536,0.8554842078038899
14390,1,1,0.4393677,0.48021469330729766
14392,1,1,0.6929314,0.6715522781660817
14395,1,1,0.38633892,0.41387485066944957
14401,1,1,0.6262734,0.6018075389337859
14413,1,1,0.5785858,0.5842937818035144
14415,1,1,0.85135764,0.8689030497914554
14420,1,1,0.8127,0.8030734976063141
14426,1,1,0.5807666,0.5807887749150504
14441,1,0,0.47601864,0.5010067738603913
14443,1,1,0.82914203,0.8200996965520063
14444,1,0,0.31901842,0.3533191645221666
14449,1,1,0.64730364,0.6244588484759213
14451,1,1,0.81160665,0.7989709393755905
14455,1,0,0.53106207,0.5382527116492769
14459,1,1,0.73128194,0.7439114391773736
14480,1,0,0.6172769,0.6270137087448018
14484,1,1,0.5238594,0.5360351805779652
14486,1,0,0.5164726,0.5212556237815148
14493,1,1,0.34883976,0.3899602965684808
14494,1,0,0.20804307,0.26361860809975673
14496,1,0,0.33801752,0.3379362558928216
14497,1,1,0.81702715,0.7995359742020275
14501,1,1,0.7358065,0.7060973238476486
14503,1,1,0.9328056,0.9191287897978577
14506,1,0,0.78659505,0.7672921683175855
14509,1,1,0.8209184,0.8107094778911168
14512,1,1,0.71534735,0.7208452067201
14513,1,1,0.82030094,0.8089257716043894
14515,1,1,0.7448572,0.7545654709154597
14518,1,0,0.55304754,0.5012996408420336
14521,1,0,0.20427005,0.17076532504641528
14524,1,0,0.43586585,0.44680650909055436
14525,1,1,0.6998919,0.6891327484385941
14527,1,1,0.7280888,0.6887241086313945
14528,1,1,0.52709264,0.5339818602485504
14535,1,1,0.905648,0.8896316461259458
14541,1,0,0.4444421,0.4291330164093951
14545,1,0,0.52654856,0.5405977243385031
14547,1,1,0.8107999,0.816884515354806
14555,1,1,0.5343722,0.5191877558667825
14563,1,0,0.4520341,0.4527455899591538
14564,1,1,0.8454177,0.8307159046815112
14565,1,1,0.66064394,0.6834635594300127
14581,1,1,0.58090717,0.6101932165533208
14591,1,1,0.6985283,0.7070669815823312
14592,1,1,0.55438393,0.5915781615633828
14595,1,1,0.59747255,0.6055282967926363
14596,1,1,0.70435965,0.6948501393519987
14598,1,1,0.6735926,0.7166705795258256
14604,1,1,0.6978462,0.6692574388203372
14609,1,1,0.88319033,0.8642742202782783
14613,1,0,0.7961282,0.8079693361982027
14615,1,0,0.422298,0.43044168331797117
14617,1,1,0.6565278,0.684608634059422
14619,1,0,0.85773015,0.8424866068055481
14624,1,0,0.6878529,0.6643597559423247
14629,1,0,0.55762655,0.5375089124075131
14632,1,1,0.41151193,0.41619299872578414
14639,1,1,0.87894464,0.849027088838733
14640,1,1,0.8306402,0.8381055528332785
14644,1,1,0.87978005,0.8736502902402727
14649,1,0,0.5040288,0.536305698578707
14667,1,0,0.6021992,0.6189834021266776
14669,1,0,0.5256786,0.5343740396794037
14671,1,1,0.7665032,0.7657121566209063
14673,1,0,0.6948809,0.6473147514180045
14676,1,1,0.712937,0.704664656474187
14677,1,1,0.7556321,0.750683668069096
14687,1,0,0.48447308,0.5006292035630701
14693,1,0,0.862313,0.8529255383838658
14697,1,1,0.60738826,0.5971461001546311
14706,1,0,0.64712065,0.6245868162010098
14709,1,1,0.3782378,0.39545184915276754
14722,1,1,0.23679101,0.23388382405917985
14725,1,1,0.63862354,0.591464123449946
14729,1,1,0.58886117,0.5866995287685153
14733,1,0,0.59530324,0.5509141382232043
14739,1,0,0.13184547,0.11961825878942867
14740,1,1,0.5666239,0.5765542878080846
14742,1,0,0.5845597,0.6788813430656242
14743,1,1,0.7447144,0.7810858690093199
14744,1,1,0.76375866,0.7322012951510429
14745,1,1,0.61892414,0.6320521165137755
14749,1,1,0.8206557,0.7975587454310961
14750,1,1,0.82759726,0.7962845264066319
14751,1,0,0.31762058,0.2962927140955057
14752,1,0,0.6689505,0.6721221562906657
14757,1,0,0.45516682,0.49531479942216805
14762,1,0,0.660885,0.7078833540085889
14766,1,1,0.73946196,0.6483733123404215
14768,1,0,0.742827,0.7267149169683426
14772,1,0,0.47101703,0.4923398537093391
14778,1,1,0.59595823,0.6286845488460827
14789,1,1,0.75273293,0.734716787099933
14792,1,1,0.75664693,0.735823505540473
14802,1,0,0.58335155,0.5834225936233057
14805,1,1,0.669657,0.6622441367715033
14813,1,1,0.7195907,0.7219668366229123
14815,1,0,0.27114853,0.2947789996925907
14820,1,1,0.5346414,0.4961936195123108
14822,1,1,0.8572143,0.8528564959093494
14824,1,0,0.46018335,0.4858994147189831
14832,1,1,0.7230311,0.6891678189966519
14834,1,1,0.9046093,0.9044628827638355
14836,1,0,0.39811236,0.4034656273876965
14843,1,1,0.6516964,0.6522248371266773
14849,1,1,0.7606478,0.731871767115288
14850,1,0,0.36206636,0.36641507902406467
14859,1,1,0.6593735,0.6562797236631152
14864,1,0,0.53978634,0.5416011899401298
14873,1,0,0.12636152,0.13734210939888158
14874,1,1,0.60283786,0.6750826080251926
14878,1,0,0.44457456,0.4383233339981295
14883,1,0,0.5064723,0.5315635303135197
14885,1,0,0.13767436,0.11021089700282996
14887,1,0,0.22705631,0.265439814077775
14892,1,0,0.6243668,0.6224913875888344
14895,1,1,0.67613477,0.6737491032814064
14901,1,1,0.6673781,0.6627614054771318
14902,1,0,0.50877345,0.5169778092621634
14909,1,1,0.7680845,0.7528753938393312
14912,1,1,0.6601472,0.6543545524934852
14917,1,1,0.8334321,0.8109979725420268
14920,1,0,0.61499554,0.6355422050412406
14926,1,1,0.5915611,0.5316012169905526
14930,1,1,0.68352216,0.677110903698087
14941,1,1,0.7355214,0.7451405605684551
14949,1,0,0.7351666,0.720158295136599
14952,1,1,0.9126343,0.9054310197125066
14974,1,1,0.73401165,0.7501071359373603
14979,1,0,0.7849725,0.779720130616093
14984,1,1,0.65280336,0.6827396967572167
14985,1,1,0.6179858,0.620658989430087
14989,1,1,0.5522174,0.5802523730002055
14996,1,0,0.5858246,0.5636542640973569
14998,1,1,0.7070251,0.7120923158575017
14999,1,1,0.68455696,0.6609041483844704
15000,1,1,0.64458764,0.6744671970942568
15006,1,0,0.18871719,0.20709231038173773
15008,1,1,0.4897693,0.5231817475281274
15026,1,1,0.8740331,0.8724417216885052
15031,1,0,0.62842757,0.6580841317529031
15034,1,0,0.7680203,0.7376000788759927
15036,1,1,0.84355146,0.8517133105430628
15039,1,1,0.70107377,0.6853661684013609
15040,1,0,0.64736265,0.6234684482285681
15043,1,0,0.6982662,0.6831266404403711
15049,1,0,0.17028172,0.19422805787577394
15050,1,0,0.73941875,0.7352991549112026
15051,1,1,0.7626559,0.7489152138387946
15052,1,1,0.69438845,0.6641206803173596
15063,1,0,0.66723806,0.7063570569564859
15064,1,1,0.64101857,0.6318368322491356
15067,1,0,0.68519837,0.6800329728468923
15071,1,1,0.7179824,0.7120592385300502
15072,1,1,0.62085205,0.6363909004411703
15077,1,0,0.73737437,0.7219805137500133
15080,1,1,0.78651977,0.7860182441058531
15090,1,1,0.81605387,0.7832256428849833
15101,1,1,0.51445013,0.5179411166617018
15105,1,0,0.40799326,0.4466557147461149
15109,1,1,0.7732756,0.7573719738984318
15111,1,1,0.6244598,0.6164160641873657
15112,1,1,0.81589484,0.7879162915244561
15114,1,0,0.29387182,0.28714195209684296
15122,1,1,0.8554992,0.8487145560571634
15123,1,0,0.20033503,0.19880019052559394
15124,1,1,0.5438126,0.5826003692381515
15125,1,0,0.35474744,0.4084731952323165
15127,1,0,0.8015251,0.7741825258021353
15129,1,1,0.43948764,0.44986657137586533
15138,1,1,0.77318984,0.7576840923443577
15140,1,1,0.67539346,0.6618715029180732
15143,1,1,0.8599661,0.8362312424715409
15147,1,0,0.48650086,0.5371220970526669
15151,1,1,0.6706254,0.6430528623309308
15169,1,0,0.5373299,0.5618667659671939
15174,1,0,0.18413904,0.16339005468069526
15178,1,0,0.67341614,0.6974527667623693
15179,1,1,0.76688236,0.7343275752522437
15181,1,1,0.8863064,0.8504009911151954
15196,1,1,0.7305007,0.7026190264639034
15197,1,0,0.7924537,0.7643203746960969
15198,1,0,0.6242738,0.6154481106854472
15202,1,0,0.4195718,0.44636001513357276
15214,1,1,0.7890335,0.7734700665551915
15223,1,1,0.80779535,0.8080249186312377
15225,1,0,0.66064006,0.6457059804142937
15229,1,1,0.68270564,0.699063201292675
15232,1,0,0.7085844,0.6684254220930786
15233,1,0,0.58341205,0.5691997472728947
15235,1,0,0.20136264,0.21443694931742663
15240,1,0,0.40297028,0.4384169860892049
15242,1,1,0.71268535,0.7295294694127812
15247,1,1,0.7852111,0.7960110911362901
15248,1,1,0.84331816,0.8516620070993628
15252,1,1,0.31855533,0.3716178137110569
15263,1,0,0.46551198,0.4883730873023064
15270,1,0,0.83764315,0.8193217231302253
15275,1,0,0.746824,0.7533256295267234
15280,1,1,0.642066,0.663558452103181
15294,1,1,0.884186,0.8597217661335981
15298,1,0,0.62079287,0.7004196943566846
15308,1,1,0.6017184,0.5738672122726377
15310,1,0,0.20915274,0.2288801818784216
15311,1,1,0.86947626,0.8478851889509262
15312,1,1,0.7381622,0.7395775526157679
15314,1,0,0.43494755,0.4358703285024182
15315,1,1,0.6620583,0.6407663623434583
15316,1,0,0.5504247,0.5593079551291416
15317,1,0,0.43412608,0.4719249327872995
15332,1,1,0.8845889,0.8647699219508551
15334,1,1,0.6086897,0.582286089156708
15340,1,0,0.6784531,0.6884156638369354
15356,1,1,0.8175891,0.8006853913432542
15360,1,1,0.8752521,0.8731969093658123
15361,1,0,0.3727458,0.35938315973205853
15365,1,1,0.5495981,0.5643241903735801
15370,1,1,0.82409024,0.7931962527993539
15376,1,1,0.71181333,0.6924648502876989
15397,1,1,0.5566044,0.549611923335255
15398,1,0,0.6343492,0.607715658590613
15405,1,1,0.4120271,0.3598514608391201
15417,1,1,0.48023635,0.466432681318838
15418,1,1,0.7565047,0.7214591324681195
15425,1,1,0.8977152,0.8899814377444363
15435,1,1,0.65546626,0.6767643174906659
15436,1,0,0.51074225,0.4736583336118894
15437,1,1,0.37403738,0.3824122565487191
15449,1,0,0.46986943,0.48935863081348646
15450,1,0,0.2521466,0.17993053255036928
15451,1,0,0.80827314,0.7872958907596561
15456,1,1,0.68144137,0.6725005804484974
15458,1,1,0.63226646,0.6336921944157494
15459,1,0,0.6328731,0.6401823121003393
15470,1,0,0.0892173,0.058852042554116815
15472,1,1,0.65012306,0.6433634598873893
15474,1,0,0.20312396,0.19813193560396736
15484,1,0,0.7149682,0.7122680304285126
15495,1,1,0.65514183,0.6678800620520168
15497,1,0,0.6051186,0.534783964487506
15511,1,0,0.7530649,0.7492435833280078
15513,1,0,0.6454119,0.6362494521215915
15521,1,1,0.92685103,0.9232902554640431
15531,1,1,0.4221006,0.44566703305421224
15544,1,1,0.5672837,0.5474307725703403
15550,1,0,0.46078292,0.470546011952199
15557,1,0,0.2898665,0.3194319695740424
15558,1,1,0.71418697,0.6725856636841544
15565,1,1,0.792646,0.7575505328374428
15566,1,1,0.7877481,0.7577597107131133
15571,1,0,0.31130886,0.3933190447432058
15572,1,1,0.6963789,0.7035332160773153
15576,1,0,0.5830759,0.6197610751026237
15577,1,1,0.73855287,0.7460956730576105
15599,1,0,0.5534997,0.5681320131567512
15601,1,1,0.73512214,0.7348171356005053
15606,1,1,0.6827906,0.6650711099516907
15614,1,1,0.6507372,0.666313519663765
15616,1,1,0.6565281,0.6580591740412313
15617,1,1,0.54176086,0.5247397411364538
15623,1,0,0.78291875,0.7819595927177277
15627,1,1,0.68456566,0.6555489053185468
15629,1,1,0.66595894,0.6932719350152612
15635,1,0,0.38486263,0.40232886585861327
15636,1,1,0.9199802,0.912849364133544
15644,1,0,0.7607068,0.7312938744909495
15653,1,0,0.7572723,0.7283599853368012
15655,1,0,0.5259658,0.520193867230044
15665,1,1,0.58009374,0.6049792090024516
15668,1,1,0.45088717,0.43694549477536127
15672,1,1,0.75288874,0.7802283186342676
15676,1,1,0.7252387,0.7306796987978501
15683,1,1,0.3766784,0.39738701719171043
15696,1,1,0.68508387,0.6862009650524725
15697,1,1,0.90248877,0.9041157836570095
15703,1,0,0.31385714,0.28045856871733416
15709,1,1,0.27712306,0.2716844680680963
15714,1,0,0.6044576,0.6019762716185271
15722,1,1,0.51745707,0.5545720789507943
15729,1,1,0.7081693,0.7139531136360583
15730,1,0,0.56890666,0.5506000417043173
15737,1,1,0.6167941,0.6524974376076204
15740,1,0,0.6521202,0.6465034178555958
15741,1,0,0.38386092,0.39466432629527676
15742,1,1,0.5767608,0.6102731852191735
15746,1,0,0.24638885,0.17811980934555158
15748,1,1,0.46961328,0.5748815838174194
15751,1,1,0.78063333,0.8128101680560643
15755,1,0,0.27585408,0.27154300433950485
15759,1,1,0.90065503,0.8923623295658711
15761,1,0,0.26926112,0.2994331126454123
15762,1,0,0.14227006,0.19185677217141356
15764,1,0,0.3118196,0.3389963724726416
15765,1,1,0.73311806,0.7481875101179783
15768,1,1,0.8984386,0.8925167014241611
15769,1,1,0.56893116,0.5841517707795642
15770,1,1,0.59560907,0.5624002878159587
15777,1,0,0.78416085,0.7816659173908759
15778,1,1,0.693393,0.6618064886620778
15783,1,1,0.6597486,0.686870379726393
15792,1,0,0.6288785,0.6229613716895149
15795,1,1,0.88454545,0.8924229378656218
15807,1,0,0.37795076,0.4020259700877508
15817,1,1,0.7395126,0.7543830387654685
15821,1,1,0.84516525,0.8319141194405408
15829,1,0,0.4888546,0.5149836940425074
15830,1,1,0.30316693,0.3460838751002137
15831,1,0,0.3458094,0.3870541223835973
15835,1,1,0.8930032,0.8668933564194153
15838,1,0,0.82792705,0.8448688582925757
15849,1,1,0.702768,0.6998640111061315
15852,1,1,0.7810701,0.7536259116699087
15861,1,1,0.86861604,0.8623776345761108
15867,1,1,0.77203333,0.7769410917251073
15880,1,0,0.7596052,0.7546991989970253
15885,1,0,0.4064686,0.42175393544500595
15887,1,0,0.17110312,0.17040810445870144
15888,1,1,0.2510463,0.26116954363124983
15896,1,1,0.6822612,0.6735241219287031
15898,1,0,0.8099098,0.7964782336847056
15902,1,0,0.5873364,0.6281483337737255
15910,1,0,0.7702291,0.7776444200569391
15915,1,0,0.6036688,0.5913644022194945
15924,1,0,0.71767336,0.7062401075056659
15927,1,0,0.39631337,0.4211311397593005
15935,1,0,0.40118203,0.40661454553537757
15938,1,0,0.24539772,0.26127771914875386
15945,1,1,0.543695,0.5532877779619997
15946,1,1,0.2478633,0.2282127081461994
15950,1,0,0.51204115,0.5097064277220885
15954,1,0,0.6446859,0.6616678760891672
15970,1,0,0.19596444,0.18717024410507324
15975,1,1,0.6402525,0.6325442264900822
15977,1,1,0.37133268,0.4496831476363742
15980,1,1,0.5593087,0.5884413985615734
15982,1,1,0.7099893,0.7326844638963214
15983,1,1,0.7820585,0.7778331327572102
15995,1,1,0.78999186,0.7682789688898681
16011,1,0,0.1696313,0.18256471887349612
16013,1,0,0.5773928,0.5636712090309438
16016,1,0,0.35303652,0.39561198180224827
16019,1,0,0.40388167,0.39505763420575096
16023,1,0,0.64126724,0.671017959199169
16027,1,1,0.71677667,0.6835030535953432
16028,1,0,0.5471456,0.5638109269016771
16029,1,1,0.8446463,0.8359810624798736
16039,1,1,0.17667651,0.2047800553652123
16051,1,1,0.6008704,0.5969735193976482
16052,1,1,0.53552645,0.5770972224947498
16054,1,0,0.74773014,0.7193537727647947
16063,1,0,0.5999817,0.5832485905316823
16074,1,1,0.5332119,0.5462925609926741
16081,1,0,0.57847804,0.6188817544544505
16084,1,0,0.7387721,0.7228122729348271
16085,1,0,0.26363295,0.2705112055733398
16090,1,1,0.8312972,0.8338196408660945
16094,1,1,0.801341,0.7673382631391498
16097,1,1,0.8850479,0.8748082470965639
16099,1,0,0.7095716,0.6887598167594609
16101,1,0,0.31740388,0.33629488540330477
16102,1,1,0.8421404,0.8408733264655878
16103,1,1,0.8239121,0.8021959478833832
16109,1,0,0.32851583,0.38399252973340425
16111,1,1,0.60379034,0.6300748373354412
16114,1,0,0.8849042,0.8712914660429785
16115,1,1,0.45408478,0.49453360904213417
16117,1,0,0.5643638,0.5776329415097133
16130,1,0,0.69779116,0.6870234206315586
16132,1,1,0.8773383,0.8678107418550334
16139,1,0,0.8696864,0.8628976222143105
16141,1,1,0.63410723,0.66549331047554
16150,1,1,0.7948155,0.7940259802526343
16161,1,1,0.594317,0.6076619485397927
16165,1,1,0.9187977,0.9047143284465453
16166,1,0,0.18499911,0.19994362585201533
16167,1,1,0.4454156,0.49695722132142445
16168,1,1,0.54481804,0.5174168993870116
16169,1,0,0.30023253,0.3435893805857636
16171,1,0,0.84283817,0.8331828359733706
16178,1,1,0.92223346,0.9216946214427711
16180,1,1,0.39282268,0.37575566485918704
16182,1,1,0.43987375,0.44452158088161214
16184,1,1,0.5444405,0.5333853800514423
16185,1,0,0.11228514,0.1080404408174722
16195,1,1,0.7435879,0.7587334853613421
16199,1,1,0.8200554,0.7800899359104699
16205,1,0,0.37632757,0.4204926908754086
16214,1,0,0.16102876,0.18968365623048844
16217,1,1,0.862858,0.8395482814974315
16218,1,0,0.7854711,0.8071885597829287
16219,1,1,0.70148814,0.7151567319826866
16220,1,0,0.36530435,0.36424542539587584
16232,1,0,0.5277931,0.5563715099328118
16235,1,1,0.6372914,0.6167652883768814
16240,1,1,0.81207734,0.8038270440431341
16247,1,1,0.62007165,0.5958387094692246
16248,1,1,0.5495385,0.3722362794510476
16253,1,1,0.46886835,0.3961045964735943
16256,1,0,0.7852864,0.7566737102145452
16257,1,1,0.770907,0.7725225684739087
16269,1,1,0.7231335,0.7111848783582885
16270,1,1,0.7181921,0.6872025857030227
16274,1,0,0.21113312,0.19034899009684902
16281,1,1,0.5519074,0.5940601529276371
16292,1,0,0.69012064,0.6847225610624986
16299,1,0,0.37499937,0.3962779459561359
16303,1,1,0.45826638,0.4864576508948974
16310,1,0,0.7632791,0.7644163504084401
16314,1,1,0.88282114,0.8502009611661379
16322,1,1,0.63744473,0.6346432639956868
16325,1,1,0.40463492,0.46040670791465627
16327,1,1,0.47159308,0.4847903877217846
16330,1,1,0.7832198,0.7622442825641521
16331,1,1,0.5631609,0.5629517102492052
16341,1,0,0.5568894,0.533577145162247
16343,1,0,0.46594727,0.504636665861741
16344,1,0,0.6936674,0.6836801494344941
16353,1,1,0.62665284,0.6132986698207327
16372,1,0,0.53097403,0.5914358169169573
16376,1,1,0.3399871,0.3701305233544952
16377,1,0,0.38142192,0.30859702451862936
16383,1,1,0.33432987,0.3441997121284148
16385,1,0,0.7515579,0.7621791822752345
16387,1,0,0.8108096,0.8083643078690048
16389,1,1,0.71746856,0.6884433931715022
16391,1,1,0.83189535,0.8170976364487444
16393,1,1,0.41630304,0.44030386955142814
16409,1,1,0.15320851,0.15504077935884325
16415,1,1,0.57477176,0.5847424528008028
16416,1,0,0.533976,0.5329399568082547
16426,1,0,0.65828115,0.6485362253684198
16432,1,0,0.23703079,0.22941563340344923
16433,1,0,0.44301975,0.42643569340693244
16435,1,0,0.12874119,0.14276194056415784
16439,1,0,0.7048724,0.6772285841525992
16441,1,1,0.73979574,0.7570682834513497
16442,1,0,0.6538439,0.6396133637792254
16445,1,1,0.62518394,0.6300346265426802
16449,1,0,0.3374671,0.3919110887134423
16450,1,0,0.57014775,0.5675091535673795
16451,1,1,0.70463693,0.6935090976381371
16454,1,1,0.4803978,0.4897670520376239
16461,1,0,0.4046664,0.434038826662899
16462,1,1,0.8655902,0.8187256430656378
16463,1,1,0.53390557,0.5574198966091095
16464,1,1,0.84402615,0.8258684282019975
16481,1,1,0.6861366,0.6762853804433008
16485,1,0,0.7089962,0.692870791003715
16496,1,0,0.13116379,0.12930343258287316
16499,1,0,0.1339994,0.13436074322283595
16500,1,0,0.46677163,0.48167255379514823
16502,1,1,0.896266,0.898494177823989
16504,1,0,0.46904835,0.49014274390091483
16512,1,0,0.23565261,0.2551979363856805
16516,1,1,0.87998736,0.8562500516940857
16520,1,1,0.56127656,0.5979652869278739
16522,1,1,0.8007858,0.7909865621094992
16525,1,0,0.31109825,0.27106624457803463
16526,1,1,0.8379862,0.8296836166776317
16528,1,1,0.8450508,0.8228830622681628
16535,1,1,0.89368004,0.8639859948800269
16538,1,1,0.54950255,0.5541556962917692
16542,1,1,0.61325103,0.6176416402541365
16548,1,1,0.377264,0.404726094968771
16549,1,1,0.6750644,0.6755683816601291
16551,1,1,0.5616693,0.5706012272200953
16556,1,1,0.75527877,0.7489324242133101
16557,1,0,0.6024661,0.5866482481256791
16561,1,1,0.5052648,0.5166146983501944
16577,1,0,0.3646894,0.4150203681779219
16578,1,1,0.75078464,0.7321470110118012
16583,1,0,0.6969183,0.6937388014282148
16585,1,1,0.5456544,0.5647708854137061
16602,1,1,0.87835574,0.8532931608229795
16606,1,0,0.4591737,0.46061928253256684
16610,1,0,0.34023023,0.34054648316423963
16616,1,0,0.29889762,0.2859688375958262
16622,1,1,0.5991962,0.6176378227374956
16626,1,0,0.5685968,0.5906843945197082
16627,1,0,0.67077667,0.6604466561260391
16632,1,1,0.72987497,0.7177658024591338
16633,1,0,0.6629703,0.628831130887611
16638,1,0,0.7162802,0.7183674873384386
16644,1,1,0.90327203,0.8920132933708497
16647,1,1,0.6420039,0.6399931492442023
16652,1,1,0.41788885,0.4819900850789817
16653,1,1,0.60233575,0.6060134051298871
16654,1,1,0.75130665,0.7001229154802299
16655,1,1,0.76326144,0.7330175259850907
16657,1,1,0.7497599,0.7248160797502451
16660,1,0,0.59053665,0.5686827892437453
16662,1,0,0.12227641,0.11526061294052915
16664,1,1,0.867086,0.8336546296822206
16665,1,1,0.5713201,0.5696673830211667
16669,1,1,0.7526279,0.7469584110427271
16674,1,0,0.57676286,0.598667314463724
16675,1,0,0.7666964,0.7432584588821006
16688,1,0,0.5082592,0.5218215064842605
16694,1,1,0.90881854,0.8932740920190247
16703,1,1,0.08402633,0.06072571437956941
16710,1,1,0.92912143,0.9302975382637292
16712,1,0,0.5461614,0.5460153523303962
16714,1,1,0.759584,0.7686847495415201
16716,1,1,0.46773174,0.4706631840929314
16725,1,1,0.7064739,0.6796466174240092
16726,1,1,0.70335966,0.703032066766351
16727,1,1,0.7946845,0.7697312462463999
16730,1,0,0.7812259,0.7892551697571095
16731,1,0,0.3173333,0.35797690262532605
16733,1,1,0.87006336,0.8535177816549665
16735,1,0,0.47778094,0.471551570732615
16738,1,1,0.6802106,0.6447108167832534
16743,1,1,0.8941338,0.8572528472422192
16748,1,1,0.8098423,0.8279125937644463
16754,1,0,0.4135198,0.43976921449410467
16756,1,0,0.2212295,0.18693545690587718
16758,1,0,0.4967015,0.5076721450827079
16763,1,1,0.8218215,0.8140028445457965
16765,1,1,0.6690389,0.6722985542300708
16768,1,1,0.18272164,0.19241554681434628
16777,1,1,0.36417744,0.37010308209726966
16778,1,1,0.6954264,0.7006305311156558
16780,1,0,0.74550176,0.7000577366628756
16781,1,1,0.6456943,0.6329929748163998
16784,1,0,0.70657647,0.7442226786724977
16800,1,1,0.29171482,0.34183466838973525
16801,1,1,0.39925486,0.4206943903866422
16802,1,1,0.84959346,0.8292415647473993
16805,1,1,0.43524313,0.40224781047448005
16807,1,1,0.7610524,0.7405870076969975
16810,1,0,0.33004704,0.34900246479208935
16812,1,1,0.38172212,0.38799624695948176
16813,1,1,0.8806942,0.8707844006810445
16818,1,1,0.8072411,0.7229166328653786
16819,1,0,0.4957491,0.5121960284050747
16828,1,0,0.6779119,0.6522806521173105
16829,1,0,0.34388882,0.4041045533751311
16838,1,1,0.670589,0.6972729997886057
16839,1,0,0.6208966,0.6109730069715017
16841,1,0,0.82686406,0.8305088804733377
16848,1,1,0.5627348,0.5773804749214272
16852,1,1,0.37978247,0.39991436005665665
16857,1,1,0.2526976,0.23260640003783994
16860,1,1,0.90154153,0.8847349904297769
16868,1,1,0.48409402,0.49124904669896735
16871,1,0,0.5318091,0.5168341720400251
16881,1,1,0.7358519,0.7511655869342462
16891,1,1,0.8640183,0.867549874561577
16901,1,1,0.6412285,0.6161656776912484
16903,1,0,0.07363228,0.07547746408899624
16907,1,1,0.50549114,0.4579349149989767
16909,1,1,0.7731672,0.754752665018444
16913,1,1,0.79532,0.7916288506904504
16915,1,1,0.88076794,0.864750434970175
16921,1,0,0.87126625,0.8610579895481688
16930,1,1,0.8064744,0.790144393600035
16932,1,1,0.8564539,0.8138661594382525
16933,1,0,0.75042564,0.7950237750966761
16935,1,0,0.8093107,0.784060354687241
16936,1,1,0.50325954,0.5389264655727453
16944,1,0,0.25454068,0.26896553674770207
16945,1,0,0.61740756,0.5988386272336066
16949,1,0,0.32456923,0.35379096784341874
16953,1,1,0.6601216,0.6478221130444677
16955,1,1,0.65317214,0.6585827470108632
16966,1,0,0.6994346,0.6809944397989951
16972,1,1,0.78834116,0.7905588504760374
16974,1,0,0.72595215,0.685495028166746
16975,1,1,0.7493636,0.7309765979798568
16976,1,1,0.292687,0.29122924738886324
16977,1,0,0.43647936,0.45035091746918426
16983,1,1,0.49659282,0.4923521990456577
16986,1,0,0.5435264,0.6016891200989533
16989,1,1,0.45338425,0.518826987481267
16992,1,1,0.6518203,0.6984003903160176
16999,1,0,0.5947706,0.6317000909179276
17002,1,1,0.616959,0.6185642579537952
17004,1,0,0.43294656,0.4602818168177707
17006,1,1,0.5630841,0.5632918094813198
17008,1,1,0.45057136,0.47218729831850303
17009,1,1,0.7573753,0.7311552420174176
17011,1,1,0.39522445,0.4206144771112254
17013,1,1,0.6451116,0.650418478870002
17015,1,0,0.15574811,0.1779236552796078
17019,1,1,0.66192555,0.668913633516359
17021,1,1,0.75140905,0.7762788459945694
17026,1,1,0.61922604,0.6018995171941757
17032,1,0,0.27255666,0.30286922646268916
17034,1,0,0.655615,0.6230418851182349
17038,1,0,0.483611,0.5135742667520118
17042,1,0,0.6378839,0.6409267541529523
17044,1,0,0.5662981,0.564462997304899
17047,1,1,0.43083146,0.44181937375829183
17048,1,1,0.40531522,0.46552043141002036
17051,1,0,0.60340565,0.6175025969243729
17052,1,1,0.6405219,0.6351780928075722
17055,1,0,0.3000337,0.32447495442695223
17061,1,1,0.62814635,0.6526004402322554
17066,1,0,0.22162385,0.24428506296607486
17068,1,1,0.68301815,0.6739405164987285
17073,1,0,0.20617716,0.20472142496412032
17086,1,0,0.08113995,0.05514256880859387
17095,1,0,0.13633439,0.13902428217229906
17103,1,1,0.8473691,0.8288385580677802
17105,1,0,0.35454085,0.375576640667234
17115,1,0,0.4758157,0.46024773610317155
17116,1,1,0.746367,0.7221886359699398
17123,1,1,0.7817785,0.7353122302096923
17125,1,0,0.6277188,0.6010964881427783
17137,1,0,0.27556637,0.2821893896026236
17143,1,1,0.7452229,0.7506623115517245
17146,1,1,0.7704107,0.7556132834467602
17148,1,0,0.6485513,0.6810988245559937
17149,1,0,0.68804514,0.6860974740074633
17153,1,1,0.8820137,0.869476426592509
17155,1,1,0.4364255,0.4498255804298388
17157,1,0,0.85525364,0.8232006930499894
17158,1,0,0.6964874,0.6504549547781167
17159,1,1,0.7544604,0.7674652095171554
17165,1,1,0.91998196,0.9177922763546617
17168,1,0,0.7842618,0.7640294625211551
17171,1,1,0.49417752,0.5032658908843867
17176,1,0,0.82724994,0.8144572433157538
17180,1,1,0.35141608,0.38323888475720475
17184,1,0,0.23704153,0.276313283649641
17194,1,0,0.60372186,0.6138535019239642
17197,1,0,0.42360416,0.4469033932325376
17198,1,1,0.82626927,0.7705043553614168
17204,1,0,0.32241046,0.3725465319404608
17207,1,1,0.432512,0.4557563159189616
17208,1,0,0.35186985,0.3688834954099557
17209,1,0,0.69045573,0.6346315284804714
17210,1,1,0.3133121,0.3322738248426987
17212,1,1,0.6520732,0.6908989882756363
17216,1,1,0.49349537,0.5382509406167159
17219,1,0,0.7420148,0.696906511272422
17224,1,1,0.48393458,0.5000649260237578
17225,1,0,0.2689103,0.27141782545846554
17246,1,1,0.34557343,0.3493080848772468
17247,1,0,0.22455934,0.20586729530741865
17252,1,0,0.62761384,0.6065002032901294
17255,1,0,0.31525242,0.33791104397917815
17258,1,1,0.73609805,0.7701119829347126
17262,1,1,0.3046083,0.3064176349667972
17267,1,0,0.29948294,0.3241813772954863
17268,1,1,0.64203846,0.6238986029824357
17280,1,1,0.50581694,0.5320974774123355
17294,1,0,0.58437103,0.5909848530326053
17299,1,0,0.27357188,0.26018354479671324
17304,1,0,0.66776884,0.6664765517602208
17306,1,1,0.551403,0.5375920731435844
17309,1,1,0.63251597,0.6248198310878801
17318,1,1,0.735807,0.6939214789245007
17320,1,1,0.729653,0.7057055666701295
17321,1,1,0.89664215,0.8904824953593908
17324,1,1,0.49566647,0.5149563409026399
17329,1,1,0.6001165,0.6605922920008119
17331,1,1,0.39614636,0.4271570615783366
17335,1,1,0.8437247,0.8205736535238093
17339,1,1,0.78540456,0.8003975495530968
17349,1,0,0.73057926,0.7244910698265421
17358,1,1,0.6940172,0.6658914452615288
17359,1,0,0.556127,0.5600790044745652
17363,1,0,0.20051305,0.20043585626924823
17369,1,0,0.34551653,0.38562243612125024
17372,1,0,0.5887178,0.5632474568625788
17381,1,0,0.8066127,0.827640312373979
17384,1,1,0.8035024,0.7958881753039599
17387,1,0,0.37826824,0.3939089128127247
17392,1,0,0.8411188,0.8143205427806736
17393,1,0,0.560531,0.5750682330454547
17396,1,0,0.16597322,0.16490413234463303
17401,1,0,0.21246272,0.2222241929877963
17402,1,1,0.8541848,0.8459068731747803
17407,1,0,0.5477058,0.5613239262009591
17413,1,1,0.25685793,0.286974846050663
17416,1,0,0.65239567,0.6467924610424323
17418,1,1,0.6300746,0.6016864916213395
17421,1,0,0.5701093,0.5651749536245291
17422,1,1,0.7295408,0.7199926811926203
17424,1,0,0.7951405,0.7675825032628917
17425,1,1,0.76060724,0.734738370678531
17430,1,0,0.59539133,0.588278791117662
17453,1,1,0.30626342,0.3177848628360172
17463,1,1,0.65430874,0.6601530102330425
17471,1,1,0.7196493,0.72730344850706
17472,1,1,0.65964997,0.6865258924828808
17479,1,0,0.6395842,0.6412848261605975
17485,1,1,0.69540197,0.682448625004071
17489,1,1,0.61507744,0.597755435797019
17490,1,0,0.5929834,0.5803302354848482
17491,1,1,0.57724357,0.5732805928549985
17493,1,1,0.4535823,0.48099395619549673
17505,1,1,0.8592056,0.8470202776484755
17512,1,1,0.7891155,0.782291547537503
17513,1,1,0.6354302,0.6764608526912314
17520,1,1,0.73302823,0.6964225706620346
17521,1,1,0.35627043,0.38177942240126567
17531,1,1,0.7539491,0.7394277794593762
17533,1,1,0.76690036,0.7651120156142762
17541,1,0,0.3699251,0.40284283906242974
17544,1,1,0.7460598,0.7324208995217126
17546,1,1,0.6391639,0.6455535826090453
17547,1,0,0.66657573,0.6999213147992965
17548,1,1,0.48949403,0.5378642685206455
17551,1,1,0.6254421,0.5975748168019728
17552,1,1,0.622365,0.6840671054550898
17556,1,1,0.6337434,0.6087019894369647
17563,1,0,0.130398,0.14651071084161232
17564,1,0,0.70998216,0.6610599628326822
17572,1,1,0.5156851,0.5329763073100457
17577,1,0,0.6558902,0.6491579479700267
17578,1,0,0.22760646,0.23626290060115512
17579,1,1,0.8273456,0.8200428664567568
17587,1,1,0.7305801,0.70283689442863
17590,1,0,0.13264377,0.13883255494818206
17597,1,0,0.7736468,0.7643757006237165
17599,1,1,0.8295655,0.8031531881232229
17601,1,0,0.47566462,0.4767070431699596
17605,1,1,0.62810636,0.6167700187001626
17607,1,1,0.90848255,0.8988713960391184
17614,1,1,0.56917715,0.6183622074117817
17617,1,0,0.68860567,0.6912852001791946
17619,1,0,0.49207538,0.489770304513688
17623,1,0,0.4843476,0.49398594594998857
17632,1,0,0.5540724,0.5239955918591829
17633,1,0,0.27861518,0.2834788741738372
17638,1,1,0.6447907,0.6708510001822813
17640,1,1,0.690263,0.6859255094207839
17647,1,1,0.7906035,0.7790460670329855
17654,1,1,0.5610111,0.5700026667303058
17656,1,0,0.4117549,0.45172682672504366
17663,1,1,0.7599185,0.7509954839485106
17668,1,0,0.52135324,0.5525695083517037
17673,1,0,0.12303563,0.1367503647552802
17675,1,1,0.38505784,0.4203985740206991
17676,1,0,0.8576986,0.8653995204512921
17681,1,1,0.58961207,0.5659030845926528
17683,1,1,0.46425045,0.4960023262375353
17684,1,1,0.6378048,0.6309327185696538
17686,1,1,0.5410472,0.4108733973590956
17687,1,1,0.33687672,0.3641225476224029
17688,1,1,0.5262949,0.5103657981189419
17692,1,0,0.6116562,0.5958202523302651
17697,1,0,0.6380156,0.6811685651224905
17706,1,1,0.74097645,0.7306526205839294
17710,1,1,0.6641451,0.7317510204040254
17718,1,0,0.6733261,0.6890455398776864
17720,1,1,0.33096465,0.33159437427086125
17721,1,0,0.71345264,0.6913272408990009
17723,1,1,0.8432443,0.8457090676834523
17725,1,0,0.6197379,0.5742669217735691
17735,1,1,0.48981678,0.49581883316483216
17736,1,0,0.60915893,0.606761131327409
17744,1,0,0.16564076,0.1890268252333909
17746,1,1,0.7894092,0.7598076958621894
17751,1,1,0.33070153,0.33135486808331677
17755,1,1,0.79506767,0.7523987943260417
17759,1,0,0.34679812,0.3390137273326573
17762,1,1,0.245429,0.2786194287693878
17769,1,0,0.20913875,0.23653784823387847
17780,1,0,0.25246313,0.2554745396715525
17784,1,0,0.26290268,0.2937330370826607
17785,1,1,0.81979454,0.7895173485220272
17788,1,1,0.8327345,0.8134019962504913
17793,1,1,0.5819405,0.5925197810794253
17794,1,1,0.8670639,0.8649505945542586
17795,1,1,0.7968508,0.7954687725567556
17799,1,1,0.5999524,0.5783774775247719
17810,1,0,0.814156,0.8027856708946061
17812,1,1,0.7023676,0.6768125519167444
17835,1,1,0.49457934,0.5083398347503275
17839,1,1,0.2948689,0.2882678746854721
17842,1,1,0.43332335,0.41952375339149706
17843,1,0,0.13345169,0.16384075635539846
17844,1,1,0.667162,0.6447695499502518
17849,1,1,0.71876,0.7356338736151553
17853,1,1,0.80245185,0.7782556766067813
17856,1,0,0.6816175,0.6908963916857906
17860,1,1,0.79957443,0.800948956536919
17865,1,1,0.4776634,0.5135279048732574
17874,1,1,0.74939984,0.7100591428325745
17875,1,1,0.7788392,0.7565632886828483
17888,1,1,0.64711434,0.6095572329937511
17892,1,1,0.75626385,0.7417635666928346
17895,1,1,0.74289834,0.7523605512948962
17901,1,0,0.72582716,0.7496126668672438
17907,1,1,0.8839958,0.8668592143564335
17913,1,1,0.8678452,0.8350980652421524
17915,1,1,0.8317697,0.807279455899318
17927,1,1,0.6124111,0.6042005793121029
17937,1,1,0.663965,0.6370044978973819
17938,1,1,0.51794827,0.5617595894144499
17942,1,1,0.29522482,0.3206548419217818
17944,1,1,0.79457957,0.7835828462494514
17952,1,1,0.83467335,0.8368086480463955
17958,1,1,0.49233046,0.5073536980560984
17968,1,1,0.3787231,0.4237889707791487
17978,1,1,0.865495,0.8442045131353249
17979,1,1,0.73632866,0.719873922796106
17980,1,1,0.81398743,0.8134832320517319
17983,1,0,0.48793933,0.4989038436852561
17986,1,1,0.8969855,0.9027163604169448
17988,1,0,0.48228168,0.5092322861774826
17991,1,1,0.6080312,0.6376977907399254
17992,1,0,0.5956827,0.6334991212050235
17994,1,1,0.6269623,0.6318489383992952
17996,1,0,0.21891922,0.1931117017675749
17998,1,1,0.36374176,0.4235919244800888
18000,1,0,0.1393747,0.13604384844894207
18003,1,0,0.46335128,0.4849189535723372
18006,1,0,0.14619355,0.1428689015753223
18022,1,1,0.63564813,0.6332220756198726
18023,1,1,0.5804797,0.613022995230912
18026,1,1,0.71818143,0.6938288964273844
18031,1,1,0.47544226,0.468637790933993
18048,1,1,0.45281628,0.5187564670098715
18049,1,1,0.635272,0.6626042038801148
18060,1,0,0.15691842,0.16721564609645306
18062,1,1,0.6790116,0.6597611367087313
18063,1,1,0.7584462,0.7381523708985639
18067,1,1,0.24788034,0.28327082688737265
18079,1,0,0.6065311,0.64112668607431
18086,1,0,0.9131763,0.8998521658678332
18091,1,1,0.9087871,0.9055330833484934
18098,1,0,0.20604506,0.22116802219150083
18105,1,1,0.81559926,0.7945908591777399
18108,1,0,0.1997108,0.21369202305610452
18112,1,0,0.56246585,0.575768818331153
18117,1,1,0.9158457,0.8979751962132537
18121,1,1,0.7584531,0.7385442391701754
18124,1,1,0.39657694,0.39654158961275326
18128,1,1,0.71231323,0.7093605527602291
18129,1,1,0.5035027,0.508393429830648
18130,1,0,0.15709762,0.163098690501399
18131,1,0,0.5479093,0.6182140779301206
18137,1,1,0.8127745,0.7761386877619834
18144,1,1,0.7694307,0.7457745762477318
18145,1,0,0.078377195,0.09133120364489655
18146,1,0,0.62053156,0.5791006926608862
18149,1,1,0.46121794,0.46257148688448896
18154,1,1,0.54585046,0.554970109231138
18157,1,0,0.31253463,0.35058157437945936
18164,1,0,0.3187727,0.31659120975459104
18169,1,1,0.66736865,0.7031704540170167
18171,1,1,0.79754996,0.7739424959600452
18172,1,1,0.7227516,0.7382675713889268
18178,1,1,0.3879962,0.4081507028743142
18179,1,1,0.7844865,0.7899930205180519
18180,1,0,0.7104141,0.6940138248938934
18185,1,0,0.12645417,0.14944163597485466
18191,1,1,0.61330086,0.6240193931093868
18195,1,1,0.5365318,0.5286250579768165
18199,1,0,0.68296677,0.6875076981004999
18202,1,0,0.3323495,0.3572139431027297
18204,1,1,0.54976755,0.5363116433942241
18210,1,1,0.79202676,0.7688946356265253
18215,1,0,0.6866749,0.7087048224462646
18218,1,0,0.87769026,0.8649330810666551
18223,1,1,0.84175414,0.8264359497431727
18241,1,1,0.21262048,0.199418157271916
18246,1,1,0.5851972,0.5723381206926568
18254,1,1,0.67114747,0.6785635050698797
18255,1,1,0.8333582,0.7915179647158431
18257,1,0,0.45346758,0.43746682600104053
18259,1,1,0.83508456,0.8232144316891232
18260,1,0,0.61864454,0.6072347831881357
18261,1,1,0.54503554,0.5498438164107543
18269,1,0,0.6698455,0.6770124438504522
18271,1,1,0.73381513,0.6654845417764945
18277,1,0,0.38131535,0.39126363828082283
18281,1,0,0.6415272,0.64655331160846
18286,1,1,0.5414338,0.5510325344480251
18288,1,0,0.55977255,0.5468605512851444
18294,1,1,0.5110612,0.4227197460440637
18308,1,0,0.6773141,0.6818444866802206
18311,1,1,0.71101725,0.7254303237365006
18316,1,1,0.8068917,0.7423217054168263
18317,1,0,0.49177364,0.4711345204929378
18321,1,1,0.29981902,0.32231036776466937
18322,1,1,0.6305417,0.639967720689585
18329,1,1,0.82279897,0.8016285250345183
18332,1,0,0.3756159,0.4168850991190005
18335,1,1,0.80063754,0.7616686681136036
18338,1,0,0.3143596,0.31681167454313824
18344,1,1,0.85019433,0.8362971357695932
18346,1,1,0.6310594,0.5864526603809728
18349,1,1,0.7811179,0.7938040399699557
18371,1,1,0.9000436,0.8726335593797104
18382,1,0,0.14343281,0.14547756579777857
18383,1,1,0.73442507,0.7361157489566749
18387,1,0,0.53720057,0.5448217717858722
18389,1,1,0.24829516,0.26492504024996383
18392,1,1,0.46256486,0.4495147156107788
18393,1,1,0.66145205,0.6441903213566453
18398,1,1,0.47832295,0.5398029701758794
18399,1,0,0.51498276,0.4997985033180064
18406,1,1,0.81619656,0.8291411138400063
18407,1,1,0.37696227,0.40339002553678877
18409,1,1,0.74061745,0.7147453925360122
18415,1,0,0.654037,0.6368767798224589
18417,1,0,0.2516679,0.2756289088369149
18418,1,1,0.1795829,0.18394876460930237
18421,1,0,0.723757,0.7312396395233771
18435,1,1,0.83706105,0.8257181853623807
18437,1,1,0.76354414,0.7752655194508568
18448,1,1,0.8046995,0.7657074840261009
18452,1,1,0.5456287,0.5093838265757571
18458,1,1,0.69400066,0.7127930509018481
18461,1,1,0.87114805,0.8584239068932442
18462,1,1,0.856417,0.8636133140684062
18464,1,0,0.4556924,0.4520850491874065
18467,1,1,0.6944242,0.7011548460192083
18470,1,1,0.7651937,0.7338075287051515
18479,1,1,0.88104516,0.858173939617241
18480,1,1,0.60498893,0.6093137974272543
18485,1,1,0.77539,0.7672466049096747
18486,1,0,0.27836958,0.2624953982172699
18490,1,0,0.6206974,0.6448247396372526
18491,1,0,0.69210815,0.6960305233107066
18494,1,0,0.35199168,0.3909934091114289
18495,1,0,0.81783545,0.8085009352617164
18496,1,1,0.74186563,0.7335488433464886
18499,1,0,0.15252961,0.15457422448491975
18503,1,1,0.45146656,0.4725264930513603
18513,1,1,0.6139725,0.6261526096022122
18516,1,0,0.1649036,0.16740410158530789
18525,1,0,0.27462777,0.2768487855142543
18526,1,1,0.27445176,0.2659284673869195
18530,1,1,0.86153334,0.8214082511175538
18531,1,1,0.8231558,0.8092097489377432
18533,1,1,0.739072,0.70902666797138
18536,1,0,0.4972011,0.4847552913702242
18538,1,1,0.40102845,0.43263451782681484
18543,1,1,0.13187143,0.12151809267877775
18549,1,1,0.18728465,0.19647947384774203
18558,1,1,0.84904295,0.8661100142362365
18559,1,0,0.6688544,0.6442941277918718
18565,1,1,0.6965604,0.6934637089719452
18574,1,1,0.687757,0.6871651564465729
18577,1,1,0.48662612,0.475217760858787
18579,1,0,0.3742928,0.43567370450522463
18581,1,1,0.52861696,0.5258401939903083
18593,1,0,0.26641044,0.2695527070943414
18594,1,1,0.84586275,0.8098144580283481
18604,1,0,0.36387604,0.36269087530434685
18608,1,0,0.100175045,0.07200006463080841
18610,1,0,0.6595347,0.6106237212778953
18611,1,1,0.50449073,0.4988560333605002
18613,1,0,0.42652965,0.41076601637843835
18615,1,0,0.645988,0.6451470070207813
18616,1,0,0.0837625,0.06378683751188993
18617,1,0,0.17521523,0.18507155651449286
18618,1,0,0.5889373,0.6062470742248232
18633,1,1,0.6946214,0.6832873178636524
18634,1,1,0.8383015,0.8226874107589627
18637,1,1,0.9061049,0.9185891815764384
18640,1,0,0.71498126,0.7171370228611503
18655,1,0,0.81365556,0.7869260380478937
18656,1,1,0.87149787,0.8478926739315655
18657,1,1,0.5097445,0.5459269152983205
18662,1,0,0.3181746,0.36167567596966216
18663,1,1,0.781063,0.7295757926817676
18664,1,0,0.19528753,0.19962734752263042
18668,1,0,0.32249904,0.36105565959666347
18672,1,0,0.27736405,0.24509208566704352
18694,1,1,0.68937844,0.7017483629396789
18695,1,0,0.47702247,0.48907455626597823
18703,1,1,0.35804418,0.37887682206991324
18706,1,1,0.5676294,0.5346850893259948
18708,1,1,0.62560755,0.6364387543019673
18710,1,1,0.70367897,0.7186997325997231
18713,1,1,0.6582024,0.6562711660411501
18716,1,1,0.6428111,0.5909219888856052
18720,1,0,0.5113598,0.5048669008208184
18722,1,1,0.65439516,0.6501449519632928
18724,1,1,0.81096774,0.8054245846031117
18731,1,0,0.23531154,0.2653727911838747
18732,1,1,0.71246314,0.7121280034597331
18733,1,1,0.56826025,0.5605235377851638
18735,1,1,0.83493936,0.8265033623529007
18739,1,1,0.65733063,0.6423762369133845
18740,1,1,0.8260103,0.8037479840979015
18743,1,0,0.4437216,0.43986055993069456
18747,1,0,0.79930955,0.7892221768970273
18749,1,1,0.6901593,0.7181617881624462
18756,1,0,0.13322176,0.14030437435119153
18759,1,1,0.64742035,0.638824735323427
18762,1,0,0.2519231,0.2818827047333477
18767,1,1,0.58688635,0.6115594588840105
18782,1,0,0.58962727,0.6131214289823114
18785,1,0,0.5240967,0.5633899218481441
18790,1,0,0.32741946,0.32973563921755455
18797,1,0,0.40284058,0.4006234727098916
18800,1,0,0.10223727,0.12411305787988544
18804,1,1,0.78868735,0.755021468378656
18807,1,1,0.6382837,0.6106431858446594
18813,1,0,0.70704067,0.6804287459292266
18816,1,0,0.75703543,0.7260722834668859
18820,1,0,0.40746748,0.38022425324355047
18828,1,0,0.76709646,0.7211047984238119
18833,1,0,0.41562518,0.40481869014149596
18838,1,0,0.21265934,0.20927275384895788
18839,1,0,0.37753713,0.41176293997808217
18840,1,0,0.20592988,0.20321706659488425
18842,1,1,0.8426868,0.825627813158974
18848,1,1,0.7429684,0.7567902435821791
18855,1,1,0.13939245,0.14155849107705726
18864,1,1,0.7846554,0.7717705650400666
18865,1,1,0.7859152,0.7788099870375182
18866,1,1,0.4539643,0.5063731862207059
18882,1,0,0.6129925,0.6231622978833734
18883,1,1,0.51445407,0.5656219980433885
18887,1,1,0.74334276,0.7371919897333764
18888,1,1,0.7367229,0.7090265505420613
18889,1,1,0.5517417,0.5806182514959377
18901,1,0,0.6864365,0.6714366873810175
18914,1,0,0.35385606,0.3587350477807201
18918,1,0,0.21790376,0.2130557954994743
18927,1,1,0.5533479,0.5452816472343865
18928,1,0,0.45019355,0.4556339069726791
18935,1,1,0.90236706,0.8840660514870922
18936,1,0,0.1868872,0.17811580398504914
18937,1,0,0.6222471,0.62208684526093
18938,1,1,0.8059468,0.7951565488908415
18940,1,1,0.86515886,0.8640633057462401
18943,1,0,0.6004407,0.5882867376136348
18954,1,1,0.49157998,0.4852404275491977
18955,1,1,0.5022211,0.5145924249124574
18958,1,0,0.3712157,0.37274554781016944
18959,1,1,0.9266773,0.9155068459132782
18971,1,1,0.41270673,0.42169460965781547
18973,1,0,0.5375279,0.5361451792380035
18975,1,0,0.6992848,0.6059972547597138
18977,1,1,0.5149531,0.518674001482022
18983,1,0,0.79814065,0.8049167878013228
18989,1,1,0.47902766,0.4848813763534109
18991,1,1,0.7999264,0.7696813252972102
18994,1,1,0.7701054,0.7312001917380841
18999,1,1,0.89324635,0.8829708639690602
19001,1,0,0.54719985,0.5486839595338675
19009,1,0,0.794141,0.7581417730070833
19017,1,1,0.70389855,0.669697061367537
19020,1,0,0.16763246,0.1291906912655594
19023,1,0,0.24892892,0.275343963958712
19025,1,0,0.8807192,0.8641425065632399
19035,1,1,0.4053167,0.42426022984250916
19036,1,1,0.5220378,0.37039475198170896
19039,1,0,0.2617229,0.23777536343369288
19046,1,1,0.74442166,0.7054958839045073
19052,1,0,0.49809563,0.5195102011530177
19054,1,0,0.18396768,0.20669622813513072
19060,1,0,0.6726276,0.6815001089045387
19071,1,0,0.20121804,0.1919419371708153
19072,1,1,0.87966967,0.8786351585819964
19079,1,0,0.5740296,0.5119909105341527
19083,1,1,0.5520676,0.5610334425423893
19086,1,0,0.44054234,0.4548066863607411
19087,1,1,0.8869622,0.8707560070484992
19095,1,1,0.6368399,0.6557188866088771
19098,1,1,0.34229544,0.356118891610454
19111,1,1,0.2698279,0.2859517983872077
19113,1,1,0.8015351,0.7861440176747381
19117,1,1,0.68029374,0.6672231911229934
19120,1,0,0.29274753,0.3105707389352435
19129,1,1,0.74754626,0.7414671778444436
19131,1,1,0.38871506,0.400316757510671
19133,1,0,0.088759065,0.07304379189640581
19139,1,1,0.88686615,0.8797274093783688
19141,1,0,0.17221409,0.17482111547166646
19142,1,0,0.58681136,0.4689154710490118
19148,1,0,0.19630617,0.1954338338234225
19152,1,1,0.81998676,0.8092651440088608
19157,1,0,0.58041525,0.6168934586699347
19159,1,0,0.73046815,0.7288578376907435
19160,1,1,0.8423605,0.8481252536557724
19161,1,1,0.6326065,0.6496404215970785
19164,1,1,0.6386416,0.686313168410866
19167,1,0,0.3591111,0.3101046273852139
19176,1,1,0.62749594,0.6197713069640023
19181,1,1,0.9195613,0.9121171512879691
19186,1,1,0.5926557,0.5920510107741787
19199,1,1,0.7219297,0.7391599950151418
19207,1,1,0.36330354,0.3714461819541078
19209,1,1,0.7367657,0.7370745483513738
19216,1,0,0.19290899,0.22563251743170026
19217,1,1,0.7842328,0.7850695595874336
19233,1,1,0.77105385,0.7626103954548409
19235,1,0,0.45980516,0.4596037637971703
19236,1,1,0.74188226,0.707444254504614
19241,1,1,0.72962326,0.7360065540503705
19242,1,1,0.55455333,0.5768291978606923
19249,1,1,0.613591,0.6756122188979874
19253,1,1,0.7377337,0.7235746951198219
19255,1,0,0.32828853,0.3661558103178654
19265,1,1,0.6173015,0.6094081467996652
19266,1,1,0.71331334,0.685132406157919
19273,1,1,0.91777533,0.9142635451777666
19276,1,1,0.77236444,0.7523932989332723
19277,1,1,0.8559235,0.8582913599912286
19282,1,0,0.17194462,0.18245679053510097
19293,1,1,0.34043556,0.3332547631788547
19325,1,0,0.47374278,0.5102271886971771
19326,1,1,0.5773994,0.5900909569967936
19328,1,1,0.49473873,0.4637830141753713
19330,1,1,0.8729041,0.876057557006383
19345,1,1,0.4872042,0.49131210902185646
19353,1,0,0.54797137,0.4943506249731237
19354,1,1,0.6733448,0.636185064351602
19356,1,1,0.49640712,0.5106598658623385
19357,1,1,0.5500525,0.5203736022544511
19358,1,1,0.8056568,0.8179255904459153
19376,1,1,0.6821324,0.6787467875975949
19379,1,1,0.45531467,0.4405964991017255
19380,1,1,0.8608089,0.8379098140883497
19394,1,1,0.71709347,0.7321784191679004
19395,1,0,0.4866823,0.48516144063680305
19401,1,0,0.46739078,0.4937155305756503
19404,1,0,0.21275206,0.19818036397061867
19408,1,1,0.84985334,0.8333385869798292
19410,1,0,0.17649542,0.2218968785411558
19412,1,1,0.8883405,0.8563417428589453
19413,1,1,0.45973408,0.48734031958491036
19416,1,1,0.8176477,0.8034685033102068
19419,1,1,0.54287785,0.5491145396343395
19421,1,1,0.830911,0.8257557943701598
19423,1,1,0.8493379,0.8416890578863476
19436,1,1,0.7036859,0.6817758040891467
19438,1,1,0.44538948,0.4603582529056637
19440,1,0,0.7798653,0.7422887752080579
19442,1,0,0.17310193,0.1948834490084513
19453,1,0,0.69464195,0.6936777941250463
19455,1,1,0.81267613,0.7858162382944147
19457,1,1,0.4227555,0.434275675736058
19463,1,0,0.5746879,0.5326740401338906
19468,1,1,0.7761463,0.7542261023562067
19470,1,1,0.79263675,0.7617327860428996
19471,1,0,0.20606406,0.20115452305678164
19476,1,0,0.3742638,0.375390838159655
19477,1,1,0.7453815,0.7270491676131807
19478,1,0,0.4837231,0.3884668832044913
19487,1,1,0.45416793,0.46954744358807327
19488,1,0,0.6211171,0.6165528695700122
19493,1,1,0.84060514,0.811025719252003
19495,1,1,0.46377882,0.484924309522548
19499,1,1,0.83506376,0.8306494464352454
19506,1,0,0.45151466,0.46643831173107364
19508,1,0,0.74059796,0.7375296017052935
19513,1,1,0.685037,0.6606144898991325
19524,1,1,0.7248772,0.7231597073847704
19531,1,1,0.27751824,0.26840864345297555
19532,1,0,0.29476836,0.30996952547615214
19533,1,0,0.5572568,0.5530922620292865
19537,1,1,0.8972922,0.8678201074809061
19539,1,0,0.48791504,0.5129709014944349
19541,1,0,0.41661197,0.40089231760042654
19543,1,1,0.71562886,0.7051489855804952
19545,1,1,0.78528917,0.7946571917617625
19558,1,0,0.38542822,0.3989379464296374
19579,1,1,0.5885577,0.5619695742506636
19584,1,0,0.61031514,0.597428239719113
19592,1,0,0.5573118,0.5804477459053776
19603,1,0,0.4600091,0.4722576130428797
19605,1,0,0.15893589,0.1581889774699722
19606,1,1,0.6557463,0.6566587422246859
19610,1,1,0.8576979,0.827154528997201
19611,1,0,0.7157032,0.7174387478725015
19612,1,1,0.5255304,0.5275101565513485
19614,1,0,0.6802459,0.665447104383932
19618,1,1,0.82432586,0.8250012099655648
19619,1,1,0.7980418,0.7723273999541762
19632,1,1,0.5711855,0.5935098154823161
19637,1,1,0.3718933,0.4256434029385692
19639,1,1,0.825735,0.7808216363635468
19640,1,0,0.53634334,0.5402915309042947
19649,1,1,0.8394297,0.8316895084102274
19659,1,0,0.44780904,0.4390408690016065
19661,1,1,0.89935803,0.9001081729866932
19664,1,1,0.63359916,0.628995638545717
19666,1,0,0.14184219,0.17273936543596546
19670,1,0,0.3277263,0.34685098793971714
19677,1,1,0.40477136,0.4561931169795244
19693,1,1,0.8261208,0.7933072231006032
19696,1,1,0.61072683,0.599054608695369
19699,1,0,0.6710085,0.5928639220324752
19700,1,1,0.78217816,0.7649342074556519
19701,1,0,0.13648121,0.12244563949616749
19702,1,0,0.21212466,0.2070246482577465
19705,1,0,0.5595463,0.6166845289631144
19709,1,1,0.43357703,0.4330008875896444
19725,1,0,0.7786292,0.7642533474284956
19727,1,0,0.64612687,0.6257252178614598
19733,1,1,0.8673433,0.8579989127590325
19735,1,1,0.45732987,0.45545664250506196
19738,1,0,0.32922027,0.3707140967910419
19740,1,1,0.62868667,0.6228036013382113
19743,1,1,0.59023106,0.6140446920475577
19744,1,0,0.6000502,0.5867039026975577
19746,1,0,0.38858694,0.4326799821987371
19750,1,1,0.6899454,0.7015258164729669
19754,1,0,0.54045355,0.5569129681226377
19756,1,0,0.4847149,0.4723042193228837
19757,1,0,0.3775272,0.4421276448801656
19762,1,1,0.61112785,0.5751704763669572
19764,1,1,0.30323678,0.29870063140688613
19767,1,1,0.6548418,0.6291875440877752
19773,1,0,0.6694458,0.6437359772311474
19787,1,1,0.629716,0.619474685943438
19788,1,1,0.8861672,0.8858595746494243
19795,1,1,0.6138108,0.6812824625537974
19797,1,0,0.4261701,0.44156171916159276
19799,1,1,0.64696664,0.6359576831075456
19800,1,0,0.9311398,0.9195512798106164
19802,1,0,0.7726889,0.7502369801594962
19809,1,1,0.9014619,0.9143521948927992
19815,1,1,0.72709596,0.7112435014125893
19819,1,1,0.87503654,0.8514283909880942
19823,1,0,0.54293483,0.533952473289801
19828,1,1,0.9517478,0.9506045101081432
19830,1,0,0.4250844,0.4605231938332704
19850,1,0,0.3551208,0.3931136750229285
19856,1,0,0.74012774,0.7384411609464281
19858,1,0,0.15871198,0.16841764217462882
19862,1,0,0.8689313,0.8808705574045955
19863,1,1,0.45499155,0.4698645630234403
19864,1,1,0.5569182,0.5734260158280432
19870,1,0,0.343423,0.3701022034871349
19872,1,1,0.783412,0.752708806427844
19873,1,0,0.858021,0.85859661351399
19879,1,1,0.5385331,0.5647423206993611
19880,1,1,0.41978055,0.48347200030178084
19882,1,0,0.60772973,0.6642668726697001
19885,1,1,0.35871196,0.40378105963012845
19889,1,1,0.47820625,0.449151693350346
19893,1,1,0.7850953,0.7751871134799437
19894,1,1,0.7623425,0.7464324612610589
19895,1,0,0.22612256,0.2242852513977661
19897,1,1,0.8278463,0.81383808122684
19902,1,1,0.8578117,0.855930856921483
19904,1,0,0.8123462,0.7861410993022931
19905,1,1,0.90695596,0.8793371309309694
19906,1,1,0.7734267,0.7234591392603128
19910,1,0,0.42969182,0.4483981602906369
19917,1,1,0.724971,0.7189169158149774
19921,1,0,0.48391387,0.4170445963188947
19936,1,1,0.77800894,0.7757437495959291
19939,1,1,0.6715383,0.633427893414761
19948,1,1,0.6178192,0.612383303724622
19950,1,1,0.48082507,0.5330767816382371
19953,1,0,0.2800668,0.2753597033556652
19954,1,1,0.4644605,0.5364061177789632
19967,1,1,0.54890484,0.552427472417258
19986,1,0,0.8198406,0.8265989814730459
19990,1,1,0.45320177,0.47245471867524913
19991,1,1,0.3582779,0.3870190826271973
19998,1,1,0.5310336,0.5208544396115689
20001,1,0,0.7309922,0.7137792092895088
20007,1,0,0.31514615,0.33750320121793975
20013,1,1,0.24574454,0.26828801640230593
20014,1,1,0.82489413,0.8014828110853522
20025,1,1,0.7938296,0.7554671876283542
20029,1,1,0.53100544,0.5364659826509093
20034,1,1,0.7153714,0.6686625203390679
20036,1,1,0.7428654,0.7454174230225895
20039,1,1,0.8499,0.8302803554533303
20041,1,0,0.2754751,0.30835745113695867
20042,1,1,0.82464004,0.8059832897809837
20052,1,1,0.5814067,0.6199738312129753
20059,1,1,0.9478232,0.9373502616545938
20061,1,1,0.25364393,0.29188614886223446
20062,1,1,0.7634771,0.7350384540151438
20063,1,1,0.5013844,0.5354655754715539
20065,1,1,0.7642582,0.7533942507899739
20071,1,1,0.7562118,0.7497938328947972
20081,1,1,0.86002886,0.844027633431735
20082,1,0,0.24443644,0.22460360058289244
20083,1,1,0.6367944,0.6797460322228496
20087,1,0,0.3344087,0.3473150298949855
20089,1,0,0.39355302,0.4167714878203253
20090,1,0,0.6678356,0.6721553650451703
20095,1,0,0.7126725,0.7084417919273811
20098,1,1,0.77309644,0.7627652413474558
20102,1,1,0.74855655,0.7590028742136927
20104,1,1,0.43298215,0.4634795427640267
20113,1,1,0.7398518,0.6959701546600304
20117,1,1,0.6827743,0.6547544353673637
20124,1,0,0.48404035,0.4979177165098862
20125,1,0,0.74114954,0.731269974568385
20127,1,1,0.7771767,0.7623641939922855
20133,1,1,0.9029895,0.8611762607730034
20140,1,1,0.8341921,0.8479564482353484
20146,1,1,0.64783376,0.6428942463537323
20148,1,1,0.26346266,0.2671434986003559
20149,1,0,0.534041,0.5801727865808955
20150,1,1,0.44426042,0.4451524060145147
20152,1,1,0.7480278,0.7346827101983568
20153,1,1,0.6250371,0.6244708242995524
20154,1,0,0.5036407,0.4934686288043021
20156,1,0,0.6684777,0.6306717475760036
20161,1,1,0.6924865,0.6761155394003269
20166,1,1,0.7626346,0.7545874286775656
20169,1,1,0.85199577,0.8376648811357402
20170,1,1,0.5508865,0.5945643566776535
20174,1,0,0.15342785,0.15396001596385817
20180,1,1,0.528078,0.5409351927999768
20182,1,0,0.31932813,0.31636593229450644
20183,1,1,0.703557,0.6813908575988142
20184,1,0,0.35305423,0.4015516468482024
20186,1,1,0.53168684,0.5328454533174088
20190,1,0,0.5050698,0.48125326262977847
20195,1,0,0.25787693,0.28899468661554295
20198,1,1,0.8909684,0.8916646647927559
20205,1,1,0.8635145,0.848531603286266
20206,1,0,0.3998194,0.3899586413884511
20211,1,1,0.4126819,0.43381147196767583
20214,1,1,0.7310037,0.7072472474218257
20218,1,0,0.34811452,0.3848236506142612
20220,1,0,0.3792387,0.35378965409138735
20221,1,0,0.4950501,0.4876809715701163
20228,1,1,0.46373555,0.4711909692909278
20232,1,1,0.8607766,0.8395192305465341
20237,1,1,0.7926201,0.7558234184924651
20244,1,0,0.32233843,0.3350942922915325
20245,1,1,0.79771286,0.7791608326514808
20247,1,0,0.6855296,0.6836286806495442
20248,1,1,0.6331933,0.608733993154613
20254,1,1,0.47112095,0.47014977344705045
20263,1,0,0.35693827,0.34285594010989817
20265,1,1,0.8629835,0.849292449113262
20280,1,1,0.48807287,0.4707220563877973
20290,1,0,0.5948599,0.5851231562335663
20291,1,1,0.6173614,0.6336540840380138
20293,1,1,0.25875315,0.2700841681028892
20296,1,1,0.8096614,0.8174996494199541
20299,1,1,0.8010863,0.8007786477346905
20307,1,1,0.2790725,0.2780297439536414
20310,1,1,0.3729827,0.37044998008724306
20314,1,0,0.6094205,0.5966797491369805
20323,1,1,0.43573347,0.4484381105344921
20324,1,1,0.80613714,0.8107394726423914
20332,1,1,0.83831,0.8038825807639046
20340,1,0,0.51543075,0.5206097423432804
20344,1,1,0.88755727,0.8612268460366398
20345,1,0,0.52644956,0.5163737045531251
20349,1,0,0.78200454,0.7684585472101872
20352,1,1,0.66893566,0.6436591522195997
20359,1,1,0.7501396,0.7467577290119306
20360,1,0,0.3199829,0.3216658718197894
20365,1,1,0.37440753,0.3949360040653646
20376,1,0,0.26275083,0.2561467947173424
20377,1,0,0.63901216,0.6620332223430182
20378,1,0,0.38799053,0.43844653853713134
20390,1,0,0.532297,0.539974338981361
20391,1,0,0.12621865,0.1247172246199984
20394,1,0,0.37740985,0.37602345725065806
20398,1,1,0.8963302,0.8922848100121564
20399,1,1,0.6552349,0.676880741585317
20401,1,0,0.64772826,0.6412914067618947
20404,1,1,0.7024358,0.6860112574448884
20406,1,1,0.8791979,0.8780278937893602
20410,1,1,0.4305414,0.41335347255283833
20412,1,1,0.65538716,0.6387768442226279
20422,1,1,0.66233754,0.6543151511210291
20424,1,1,0.37274578,0.41571510650781485
20426,1,0,0.18399327,0.16431560449218702
20434,1,0,0.26737818,0.28844146422418465
20437,1,0,0.40772003,0.4095406712486584
20440,1,1,0.6100447,0.638878648758895
20442,1,1,0.69078165,0.6871135766781838
20443,1,1,0.657772,0.6599798047207551
20444,1,0,0.37300274,0.35309226491131945
20446,1,0,0.44317684,0.46770532289306227
20453,1,0,0.6372303,0.6367037007536974
20460,1,0,0.63959175,0.6620476414807055
20467,1,0,0.47045943,0.5165803618077802
20470,1,0,0.48526448,0.530479270772109
20471,1,0,0.3011985,0.3493933622926629
20480,1,0,0.22642735,0.25361194520592634
20484,1,1,0.8465824,0.8306332091265005
20494,1,1,0.83473045,0.8211940087977478
20497,1,0,0.58158123,0.5729066120265165
20499,1,1,0.6887493,0.7183939868760822
20501,1,1,0.7713978,0.7514917143640254
20508,1,0,0.69561654,0.6364492344536335
20520,1,1,0.5434193,0.5493532776612675
20521,1,1,0.69932514,0.6761213305120068
20524,1,0,0.63333005,0.6763394053197949
20525,1,1,0.5619099,0.5467258679845308
20533,1,1,0.8248216,0.7871163416767838
20539,1,0,0.7377624,0.7591288861403518
20551,1,0,0.58681285,0.5510846803582092
20553,1,0,0.36642575,0.36834650410422975
20559,1,0,0.5473069,0.5127439851365255
20562,1,0,0.25030175,0.23215631807109238
20565,1,0,0.5286106,0.5501916461730232
20566,1,1,0.7043893,0.719147997164595
20569,1,0,0.25221962,0.2875778929240218
20571,1,0,0.46143907,0.5199964285472192
20574,1,1,0.6499758,0.6736978172310475
20576,1,0,0.16474359,0.1753977779855298
20579,1,0,0.24347071,0.22421142839411254
20580,1,0,0.24375378,0.24817446417764563
20583,1,1,0.51038295,0.5093367169094325
20590,1,1,0.57266104,0.5704286376907112
20597,1,0,0.5515131,0.55226743637716
20598,1,1,0.5252405,0.5639464760710123
20608,1,0,0.15271144,0.16554287436835022
20617,1,1,0.86485887,0.8204293279623361
20620,1,0,0.16114464,0.1764366870762852
20626,1,0,0.12299455,0.10437843375484872
20627,1,1,0.5449578,0.6194364900961171
20631,1,0,0.5396917,0.5259716673583914
20633,1,1,0.75928134,0.7309237026974692
20637,1,0,0.44324085,0.44943609632629866
20643,1,1,0.15286611,0.13842525681151704
20645,1,1,0.54860896,0.5752210404946527
20649,1,0,0.3743586,0.37245994934350807
20652,1,0,0.45071623,0.4559961889487066
20667,1,0,0.2866593,0.269780423973779
20670,1,0,0.3925539,0.30230324299335065
20673,1,1,0.816696,0.7975665288090653
20676,1,0,0.80235046,0.7806407889273408
20679,1,1,0.45940226,0.4150672192113001
20681,1,1,0.87336427,0.8832648418518952
20682,1,0,0.638048,0.6343399903764726
20689,1,0,0.72391355,0.7104523045130637
20692,1,0,0.13775453,0.13482801179197768
20697,1,1,0.6502287,0.6287614763367981
20698,1,0,0.13613553,0.10840281519136018
20701,1,1,0.88897,0.8751215374936334
20702,1,1,0.3337033,0.3469438336414609
20705,1,0,0.30873612,0.3336356054223436
20708,1,0,0.38674083,0.4084231446971136
20717,1,0,0.44305676,0.46062880043866267
20722,1,0,0.2311438,0.1527511809914435
20723,1,1,0.15851116,0.15419823584382034
20724,1,1,0.70577174,0.7085197265141077
20734,1,1,0.90619624,0.898987395384509
20739,1,1,0.71087146,0.722821187516334
20743,1,1,0.79923505,0.7855222412572125
20744,1,1,0.69606984,0.6861899096434795
20748,1,0,0.20719405,0.1802281109289764
20752,1,1,0.86817527,0.8660626505622412
20754,1,1,0.61323065,0.633751162935421
20756,1,1,0.7853872,0.7524179605614875
20766,1,1,0.4092955,0.46431238559583865
20771,1,1,0.5831544,0.5909470312584318
20791,1,1,0.7536282,0.7113729090391572
20799,1,0,0.29812476,0.33393531287139083
20802,1,0,0.8007742,0.7977713526347283
20810,1,0,0.44703114,0.4738416999607625
20818,1,1,0.7006111,0.7169892709827694
20819,1,0,0.19081354,0.18147089018516946
20823,1,0,0.5279049,0.5302917867775885
20824,1,1,0.645268,0.6469196741146461
20832,1,0,0.4150474,0.4524477307130823
20837,1,1,0.653791,0.6786992099243395
20838,1,0,0.5719883,0.618589388777285
20839,1,1,0.81961405,0.7753668359655914
20847,1,1,0.68545264,0.6785373390956702
20848,1,0,0.5690488,0.5824090706534094
20850,1,1,0.78931844,0.7942512445696643
20851,1,1,0.5277136,0.5612971433997916
20854,1,1,0.8318862,0.8119495298374465
20858,1,1,0.8307038,0.8050637932399489
20861,1,0,0.6422227,0.6198871798916542
20862,1,0,0.6492439,0.629992399866026
20865,1,1,0.52474403,0.5433889648916338
20868,1,1,0.6839851,0.6824751331623128
20872,1,0,0.39176798,0.45249265649192144
20875,1,0,0.1664645,0.175861174024438
20876,1,0,0.66524494,0.6588319428583219
20880,1,1,0.44716623,0.4498352335800925
20881,1,0,0.44678804,0.48066864519605657
20883,1,1,0.681367,0.6778929845839013
20887,1,0,0.48318246,0.5078883184651368
20890,1,0,0.5818488,0.6080380492645092
20892,1,1,0.7366385,0.6927137036939306
20897,1,0,0.67952543,0.6891106512277035
20900,1,1,0.5526446,0.5683090139092236
20901,1,0,0.6037712,0.6149145639422244
20907,1,1,0.65794873,0.6658313321624492
20909,1,1,0.84022206,0.8383468815379697
20921,1,1,0.69629014,0.6895501682285573
20932,1,0,0.34951326,0.3546336492208177
20934,1,1,0.5964208,0.5403284510852558
20935,1,1,0.21584831,0.20413005186194638
20938,1,1,0.70336986,0.686572299494635
20942,1,0,0.5675725,0.5542198151828382
20943,1,0,0.6969007,0.680858003874006
20951,1,0,0.5299579,0.5451382250311646
20952,1,1,0.56400406,0.6055635736185901
20962,1,1,0.35812974,0.45166272278165814
20965,1,1,0.454327,0.48352140799582605
20968,1,0,0.6293058,0.5965849053114428
20971,1,1,0.6909908,0.6957465824728288
20976,1,1,0.61991316,0.6076893167565474
20979,1,1,0.6569413,0.6519271601169159
20981,1,0,0.48209038,0.5549515651225895
20983,1,1,0.879311,0.8750808145518211
20985,1,1,0.27491346,0.3434213775826136
20988,1,1,0.57952535,0.6230310599921691
20989,1,0,0.8352879,0.820583666389788
20994,1,0,0.21060835,0.18797278083248678
20995,1,1,0.5951203,0.591854715638697
20997,1,1,0.81172514,0.8315678731087291
21005,1,1,0.80435437,0.7911305776745355
21011,1,1,0.7273364,0.722874721020443
21016,1,1,0.58083344,0.5950805674575922
21017,1,1,0.49080974,0.5147684964073159
21019,1,0,0.40376735,0.38419580038590845
21030,1,1,0.831992,0.8032630278749567
21032,1,0,0.4155719,0.43579755959699534
21045,1,0,0.3362052,0.40105681924404607
21058,1,1,0.74588305,0.7297285375645797
21062,1,1,0.78185713,0.7752527411143452
21065,1,1,0.77725476,0.7864710954999354
21073,1,0,0.4449618,0.4492065613596191
21077,1,1,0.77093256,0.7845553394184084
21086,1,1,0.85765547,0.8500783459883844
21087,1,0,0.44937706,0.5559133975060877
21088,1,1,0.85152197,0.8132112668780903
21089,1,0,0.52376443,0.5366229159128522
21092,1,1,0.7502474,0.7898907897502199
21095,1,1,0.88994676,0.8840723178614468
21097,1,1,0.749043,0.7511964359272189
21103,1,1,0.8511714,0.825091246722378
21104,1,1,0.8483173,0.8396686393730199
21106,1,0,0.855335,0.8829753638540054
21111,1,0,0.90593445,0.897377081834321
21113,1,1,0.6594693,0.6615315293177397
21114,1,1,0.5648928,0.5466394225290903
21117,1,1,0.67553616,0.6507353165962546
21134,1,1,0.6640585,0.6342768762143471
21144,1,0,0.8031219,0.7701212765242939
21147,1,1,0.7393516,0.7272311439791256
21148,1,1,0.8327569,0.8165692482736585
21156,1,1,0.70738804,0.6518678773481437
21157,1,1,0.75713885,0.7647272955830203
21166,1,1,0.8800821,0.8655068433175614
21175,1,0,0.5783907,0.5996609840251198
21176,1,1,0.6625048,0.6856950374298983
21184,1,1,0.50710434,0.522586397425868
21186,1,0,0.88781047,0.8815052196698955
21189,1,1,0.66802084,0.6775810273571303
21192,1,1,0.53744185,0.5377812530171533
21193,1,1,0.48748723,0.48229997075321274
21195,1,1,0.7455493,0.7454813184454578
21198,1,1,0.85254234,0.8796916281674096
21202,1,0,0.7512558,0.7407988055106053
21204,1,1,0.89330894,0.8811878999098689
21207,1,1,0.7416908,0.7516951221586937
21209,1,0,0.43782538,0.43970150201823827
21211,1,1,0.32976294,0.3738990732621274
21212,1,0,0.47722447,0.45984089315386567
21221,1,1,0.7811949,0.7786865958243596
21224,1,1,0.67486835,0.6510674781056102
21229,1,1,0.44310617,0.48530396684575067
21234,1,1,0.832283,0.8193100336538167
21243,1,0,0.37506548,0.41501720392249697
21248,1,1,0.8040945,0.8293409263618773
21251,1,0,0.5826552,0.5758464087580414
21252,1,1,0.7340737,0.6998543174217363
21255,1,1,0.6254874,0.6218294039737767
21258,1,1,0.3664142,0.39516130653375714
21261,1,0,0.37807733,0.3925971933724655
21263,1,1,0.77200794,0.7805643909813996
21270,1,1,0.64360005,0.6601350908309475
21275,1,0,0.54317206,0.5146015779524903
21279,1,1,0.59327656,0.585020175272146
21283,1,1,0.6120341,0.6220839826879712
21286,1,1,0.8342468,0.8317172450348033
21291,1,1,0.7659459,0.7646896615428197
21297,1,1,0.70435387,0.7054893554940049
21300,1,1,0.709898,0.707537665540256
21312,1,0,0.75587165,0.7225785751907527
21314,1,1,0.73999804,0.7202794083751296
21323,1,1,0.5732597,0.5793570006469454
21324,1,1,0.70244616,0.7093963679595671
21332,1,1,0.7377195,0.7537900356027881
21335,1,1,0.5516146,0.5209975730690621
21336,1,0,0.49039307,0.5216446214634078
21337,1,0,0.44975823,0.4675546172225754
21338,1,0,0.6095933,0.616024949588331
21340,1,1,0.81877583,0.7885394030540807
21341,1,0,0.6422522,0.6640630853395395
21345,1,1,0.58560586,0.5601516534319823
21346,1,0,0.75243735,0.7580779882517068
21353,1,1,0.7802734,0.761734223244074
21354,1,0,0.3191275,0.34303601629145514
21359,1,0,0.5357975,0.5746772467278932
21368,1,1,0.8247075,0.8245045472245254
21370,1,0,0.73858196,0.7544661656716126
21376,1,0,0.56891376,0.5968294979950693
21379,1,1,0.7208703,0.7351513093814763
21384,1,0,0.6004548,0.6291079029130741
21407,1,1,0.7888995,0.7688996048554372
21408,1,1,0.76036084,0.7602767314935178
21410,1,1,0.78735936,0.7647258804761219
21411,1,1,0.66716176,0.6785547261259423
21412,1,1,0.55179304,0.552511661340897
21420,1,0,0.49181637,0.4865663548847059
21434,1,0,0.27568376,0.30527081560232283
21438,1,1,0.6206249,0.628043506695838
21440,1,0,0.49217135,0.5047164162074803
21446,1,1,0.76358503,0.7336969036634055
21450,1,0,0.725571,0.7449354514601049
21451,1,0,0.3727048,0.37614856398574126
21452,1,1,0.88546497,0.8833056976276644
21455,1,0,0.33380026,0.3788421396115591
21456,1,1,0.3567588,0.360990646862296
21467,1,1,0.6864448,0.6869574827572064
21468,1,1,0.6185419,0.602146443488031
21475,1,1,0.8271533,0.8253384047307258
21488,1,1,0.5928663,0.581204869049255
21489,1,0,0.5615631,0.5182463350313334
21492,1,1,0.8123956,0.8121976705939887
21502,1,1,0.82782173,0.8114347005422546
21503,1,1,0.6921336,0.7112089204441923
21504,1,1,0.5513824,0.5422277204117973
21506,1,1,0.320435,0.35793962478035996
21508,1,0,0.15598427,0.12614921504012122
21514,1,1,0.40822157,0.42125361083931345
21520,1,0,0.7034511,0.7107780880138436
21524,1,1,0.43411863,0.43746307173001425
21526,1,1,0.46377438,0.473191291071063
21534,1,1,0.84024274,0.8538273638284606
21536,1,0,0.54286855,0.5808880213320564
21539,1,0,0.68448514,0.6722463080283174
21551,1,0,0.49809527,0.5086657017174533
21553,1,1,0.22952998,0.20818452778165367
21554,1,1,0.6599972,0.6332625183670216
21555,1,1,0.73110557,0.732786366734425
21556,1,0,0.42359766,0.43936132386047794
21560,1,1,0.85480434,0.8142808546589464
21562,1,0,0.29704854,0.28265408154945904
21564,1,0,0.48893917,0.5113496633614771
21567,1,1,0.799933,0.8133231008442802
21568,1,1,0.8155182,0.8206071248561981
21571,1,0,0.5340788,0.5691154676874574
21581,1,1,0.25833598,0.27155349945487556
21586,1,0,0.5635196,0.5581686306819609
21588,1,0,0.39645025,0.41240099506821026
21590,1,0,0.54234093,0.5868188334689075
21595,1,1,0.8724465,0.8581147883368341
21605,1,1,0.7186694,0.7194949883932431
21606,1,0,0.52476555,0.5393309719651039
21609,1,0,0.5337337,0.5432217869501839
21612,1,0,0.70907545,0.68683463590456
21614,1,0,0.18785661,0.19512678140025852
21617,1,1,0.8020906,0.7891592581769692
21633,1,1,0.5728175,0.572401575362261
21638,1,0,0.8253653,0.8009637356539449
21640,1,0,0.49752536,0.4594599801935557
21644,1,1,0.72580737,0.7084927974170001
21648,1,1,0.20510556,0.25358504309534063
21649,1,1,0.73907125,0.7018577300877687
21654,1,1,0.6804054,0.6573826804073496
21667,1,0,0.35857812,0.40964837957974853
21672,1,1,0.81259125,0.790109385297996
21681,1,1,0.69589096,0.7179338860531591
21682,1,0,0.4057148,0.3811803322151973
21683,1,1,0.68755084,0.6977754251743558
21685,1,1,0.60453355,0.6646582218709058
21689,1,1,0.69239837,0.706844482372992
21692,1,1,0.66587037,0.6803158068154795
21694,1,1,0.75165445,0.7622051876112717
21696,1,0,0.8591393,0.8197210906291199
21714,1,0,0.5021217,0.4581492953050082
21722,1,0,0.73199713,0.7320704624405019
21724,1,0,0.42939082,0.4837967842536049
21725,1,0,0.21504608,0.19147288309391994
21731,1,1,0.72014946,0.7435435203265808
21737,1,1,0.6770628,0.6890095428905154
21741,1,1,0.52340984,0.5663943135279517
21742,1,0,0.50688267,0.5121386225755828
21744,1,1,0.718722,0.6847657498112855
21752,1,1,0.7554295,0.7672565877661071
21753,1,0,0.20300291,0.21263834920252672
21763,1,0,0.11305468,0.1169300542844296
21767,1,1,0.7652278,0.7366245546231944
21769,1,1,0.75884145,0.7491836495249999
21770,1,0,0.668475,0.6325360769985874
21774,1,1,0.7566975,0.7494830935020429
21788,1,1,0.51586634,0.45615648946268056
21793,1,1,0.61771554,0.6166711979852876
21794,1,1,0.6070018,0.6383292896402943
21795,1,1,0.7013156,0.701312324286086
21798,1,1,0.69058096,0.6869233102353831
21811,1,0,0.5456972,0.5597818483587322
21814,1,1,0.82529753,0.8049040863524388
21816,1,1,0.8313395,0.8301802380499013
21817,1,1,0.68577266,0.6605504812900244
21820,1,1,0.84191465,0.824365954547969
21830,1,1,0.8160841,0.8011010511012475
21832,1,1,0.8784726,0.8734680399134876
21838,1,1,0.6909855,0.694027473956593
21839,1,0,0.7584398,0.7244530097214114
21850,1,0,0.18600713,0.2056529076275308
21851,1,1,0.85775894,0.8212389809192232
21852,1,1,0.37308675,0.412658791561784
21855,1,1,0.14442658,0.17884644773744163
21858,1,1,0.5234047,0.5400943982124995
21861,1,0,0.23087016,0.23079896926894156
21871,1,0,0.28369787,0.3507342537265502
21877,1,1,0.5094944,0.5174713188690864
21886,1,1,0.3051888,0.33429141747050245
21896,1,0,0.6665753,0.6513478926976086
21900,1,0,0.35394529,0.37289191961208645
21901,1,1,0.3669153,0.41681844059479756
21904,1,1,0.6853108,0.7154681610341868
21906,1,0,0.5660569,0.5708929489966091
21909,1,0,0.33577034,0.3708642998454589
21915,1,1,0.6251443,0.6483447548172646
21925,1,1,0.22757567,0.2290850393320678
21927,1,1,0.82748085,0.8071011031028689
21930,1,1,0.73780614,0.7337857235400702
21931,1,1,0.61903965,0.6169460623724241
21933,1,1,0.8161727,0.7936370930565722
21944,1,1,0.8500482,0.8260961571291172
21948,1,0,0.1840645,0.1973719198083411
21958,1,1,0.5269728,0.5582691433071936
21961,1,1,0.5320616,0.5397883216878537
21965,1,1,0.60236114,0.6161518329402542
21966,1,1,0.53624666,0.5086766669881917
21971,1,0,0.5902733,0.5736654908591948
21974,1,0,0.57998824,0.5961384708753273
21978,1,1,0.6720892,0.6820424540739816
21984,1,1,0.7819781,0.7764513357532915
21989,1,1,0.52224594,0.545972512931501
22013,1,1,0.8253884,0.7997859389211537
22020,1,1,0.568899,0.5712417128650288
22024,1,1,0.798739,0.7692874972336055
22031,1,1,0.6684321,0.6225871468930919
22034,1,1,0.60078126,0.6300456016608622
22037,1,1,0.672811,0.6670038805492657
22042,1,0,0.45265037,0.49449911675907265
22044,1,1,0.67909396,0.6904313091363407
22050,1,1,0.57822216,0.5557334624462303
22058,1,1,0.5748029,0.6106567456091653
22060,1,1,0.7006358,0.6497896796977483
22062,1,0,0.6311946,0.6117558451305796
22067,1,0,0.45010626,0.44764442286864076
22068,1,1,0.5661353,0.6017774292165695
22069,1,1,0.80852246,0.8086336984198804
22071,1,0,0.41878217,0.4579038059277091
22072,1,1,0.768285,0.741563242905502
22073,1,1,0.8088316,0.798013994727976
22077,1,0,0.5587437,0.514857164860227
22078,1,0,0.38967955,0.45950767113095786
22080,1,1,0.63627523,0.6325644471496236
22084,1,0,0.46277165,0.5026993190650274
22092,1,1,0.53673506,0.559827695841162
22108,1,1,0.6242319,0.5993078933754836
22112,1,1,0.41332346,0.40681650544633113
22116,1,1,0.76560473,0.7412083678147656
22127,1,0,0.23361176,0.23744701944010088
22135,1,1,0.3125827,0.31688112843985994
22136,1,1,0.6474261,0.6800024254858158
22137,1,0,0.64134926,0.6407775668750871
22141,1,1,0.9007009,0.8844207190257799
22142,1,0,0.16553695,0.2069692578863123
22143,1,1,0.66344315,0.6621136703329655
22144,1,0,0.28132248,0.28342359554699215
22158,1,1,0.16893272,0.1769164536893541
22163,1,1,0.5903614,0.6216865273252631
22167,1,0,0.49448887,0.5275089118987274
22174,1,1,0.7212738,0.7353751917897255
22177,1,1,0.6257753,0.6278813932316695
22179,1,1,0.8771562,0.8603423048434476
22183,1,0,0.22693047,0.2249487212143541
22191,1,1,0.7184915,0.7092424837462684
22193,1,1,0.492147,0.4851265703027247
22198,1,1,0.66576236,0.6602836892281624
22219,1,1,0.80622864,0.8058430159596898
22222,1,1,0.77845055,0.7406762002832958
22225,1,1,0.5748773,0.6309520406345525
22232,1,0,0.11360412,0.13632011101227479
22235,1,1,0.26260686,0.26930063723753983
22236,1,0,0.6300923,0.5991397794062756
22245,1,0,0.39983225,0.41034415773238914
22249,1,0,0.6500496,0.6046144962398924
22255,1,0,0.32323655,0.36099693843871744
22257,1,1,0.75995183,0.7318933119672564
22259,1,1,0.47397688,0.4863576412730758
22261,1,0,0.22059035,0.2530345858315129
22266,1,0,0.790677,0.7635799483041971
22271,1,1,0.8470417,0.8300750538111555
22275,1,0,0.4975185,0.5084312287134928
22278,1,1,0.52541554,0.5700503743687081
22281,1,0,0.73210424,0.7145222379014756
22286,1,0,0.12445433,0.13266447426533112
22292,1,0,0.7471076,0.7165652128785743
22294,1,1,0.9020843,0.8759628561711161
22304,1,1,0.5662793,0.5692450741470901
22311,1,1,0.73226357,0.7331890285476887
22313,1,0,0.3327502,0.3450400573098264
22316,1,1,0.60100377,0.6204908449397315
22320,1,1,0.88486326,0.8848891210656951
22330,1,1,0.79893225,0.7688277116797435
22338,1,1,0.86842376,0.8701706269216573
22345,1,1,0.34146693,0.36515979334201926
22346,1,1,0.53426486,0.5563506107764493
22349,1,0,0.7610853,0.7370226775616014
22350,1,1,0.7132977,0.720987312039994
22352,1,1,0.84629065,0.8471178164687422
22357,1,0,0.5801903,0.6014484036658262
22367,1,0,0.5564749,0.5543177705759529
22373,1,0,0.1511077,0.14914830611957405
22378,1,0,0.74251235,0.7449339760943496
22387,1,1,0.5360619,0.5685789120177843
22397,1,1,0.7783606,0.7793906558121748
22398,1,0,0.19094451,0.20987819577239153
22399,1,1,0.53414273,0.5158341404713388
22401,1,1,0.47568545,0.542552818402538
22403,1,1,0.37966043,0.39992779341551676
22410,1,0,0.678164,0.6519778223804827
22412,1,1,0.80494004,0.8140154948989344
22414,1,1,0.31262603,0.32066528767307845
22417,1,1,0.39370242,0.4045423774482802
22423,1,1,0.8086354,0.7905194175112911
22424,1,1,0.84486353,0.8362201140314492
22425,1,1,0.6830862,0.706649769210057
22434,1,0,0.42503512,0.4817221580520567
22440,1,0,0.56865233,0.5293467434649765
22447,1,1,0.73200583,0.6936634460016008
22449,1,0,0.54508436,0.5293686310918333
22450,1,0,0.75431484,0.7297385066494555
22453,1,0,0.54078853,0.5248343418362721
22454,1,0,0.40238678,0.3981503161807898
22470,1,0,0.16365321,0.19232588132013495
22471,1,0,0.078079656,0.05866408572927109
22474,1,1,0.8773614,0.8703892836761883
22476,1,0,0.17139564,0.23575327935744406
22477,1,1,0.6898038,0.6650020267144816
22487,1,1,0.7178741,0.6975713936914023
22493,1,1,0.68671864,0.6874507122611817
22494,1,0,0.482703,0.46507369065328913
22497,1,1,0.9233507,0.9136860617866714
22498,1,1,0.6646518,0.6578377764635747
22512,1,1,0.854751,0.8499684709190791
22517,1,1,0.78966796,0.7871756228171674
22523,1,1,0.7203886,0.7233072328348027
22525,1,1,0.76309174,0.768846515703725
22526,1,1,0.7557856,0.7483364284570535
22527,1,0,0.50909483,0.4949237342534599
22530,1,1,0.31226996,0.32913894215569045
22541,1,0,0.367707,0.3689297627517944
22550,1,0,0.6486595,0.6217699725200586
22554,1,1,0.40630615,0.46849789880683557
22558,1,1,0.8236227,0.8274353158064389
22560,1,0,0.57547104,0.6083747837585709
22562,1,1,0.56394225,0.6173374094943774
22566,1,0,0.4704129,0.46332970291124465
22570,1,0,0.78902847,0.7807823198734261
22573,1,0,0.22686982,0.20575793086547298
22580,1,0,0.38283956,0.369533758960815
22587,1,0,0.51026094,0.5274466350347409
22588,1,0,0.16544904,0.17482769530568543
22589,1,1,0.83040714,0.8255139702541392
22591,1,0,0.65475214,0.6300227587996917
22593,1,1,0.5112511,0.5560253764050641
22602,1,0,0.7380241,0.7414294637591644
22603,1,1,0.3842155,0.41851664500286545
22625,1,1,0.44889766,0.486666587606199
22631,1,0,0.6043117,0.5838079383890837
22644,1,1,0.7882749,0.7848497999124543
22646,1,1,0.5295327,0.5765542522844554
22657,1,0,0.41090077,0.4138028916203662
22659,1,0,0.635079,0.6409389644853987
22665,1,1,0.5780326,0.5935112157447873
22666,1,1,0.88464594,0.8814337164738387
22674,1,0,0.2877865,0.2885465379139793
22675,1,0,0.44277635,0.4230115481289458
22678,1,0,0.78850436,0.7727418483167136
22684,1,1,0.5749891,0.5952962249146326
22688,1,1,0.64031863,0.5951241390353494
22690,1,1,0.5829079,0.5953226822120854
22694,1,1,0.82442576,0.832912259677951
22697,1,0,0.19549648,0.18066523501519738
22698,1,1,0.88665956,0.8681732372605113
22700,1,0,0.33115837,0.32773060825113703
22705,1,1,0.4321683,0.4579271502249034
22712,1,1,0.79448706,0.7867794089727643
22716,1,1,0.4644485,0.5036058262772697
22717,1,1,0.72988313,0.7205587158278498
22719,1,1,0.734669,0.7294407749211685
22720,1,0,0.64404684,0.6367780248570892
22723,1,1,0.7216381,0.7058739252232278
22724,1,1,0.726439,0.6983608457029192
22725,1,0,0.4973095,0.5754282961491334
22726,1,1,0.8690202,0.8416187604374905
22733,1,1,0.48307332,0.4986462983569614
22736,1,1,0.7925767,0.7801530253794869
22737,1,0,0.770004,0.7423983222586044
22742,1,1,0.19374453,0.17068061016086689
22754,1,1,0.79417074,0.7729442139204353
22762,1,1,0.3843771,0.36605360697406447
22768,1,0,0.18704866,0.18933706277670023
22786,1,0,0.26205686,0.27997535187378547
22794,1,0,0.49606147,0.5056349179569029
22796,1,0,0.7186899,0.7095389973900013
22799,1,1,0.83760905,0.8293964763427157
22801,1,1,0.74749476,0.7048810464966941
22804,1,1,0.16897818,0.19716468176426863
22817,1,0,0.6235769,0.6106406971499742
22821,1,1,0.64658207,0.6624155043316033
22836,1,1,0.62939906,0.6735591619644513
22842,1,1,0.7800484,0.754003395222653
22843,1,1,0.8039509,0.81092144703071
22845,1,0,0.388136,0.397082246996028
22846,1,1,0.21154664,0.21430590175150935
22851,1,0,0.5732051,0.590657102016217
22855,1,1,0.8085319,0.7882653315552861
22856,1,0,0.45032963,0.440736871196774
22863,1,1,0.7644652,0.7402082078194782
22865,1,1,0.7675335,0.759854274243355
22879,1,1,0.5102393,0.5143637550099363
22885,1,1,0.75339127,0.7869487077832164
22888,1,0,0.60409623,0.6330329749321252
22890,1,0,0.7780494,0.7384588253364056
22900,1,1,0.79731107,0.7840740220612532
22902,1,1,0.8691729,0.856091439542192
22903,1,0,0.15377723,0.13324269286043436
22906,1,1,0.76147705,0.7460538122993672
22913,1,1,0.7812024,0.7735334952828019
22914,1,1,0.75629044,0.7276436460388724
22916,1,1,0.8242454,0.8532164228988103
22917,1,0,0.4206,0.41271406266061006
22918,1,0,0.26744074,0.2789421231802514
22919,1,0,0.1863966,0.18390130484923595
22926,1,1,0.75432754,0.7115872608948104
22933,1,0,0.70541435,0.6695806635208389
22942,1,1,0.5820783,0.6023257052840084
22945,1,1,0.9506981,0.9109144893347568
22951,1,1,0.92704874,0.9192046917187594
22958,1,1,0.83066905,0.8118593739670995
22960,1,0,0.63183254,0.6484622270108273
22966,1,0,0.7868386,0.7533770017728818
22977,1,0,0.7461633,0.7341986229662272
22979,1,0,0.55441535,0.5707295973067709
22980,1,0,0.32133606,0.33128068975252845
22986,1,1,0.5938958,0.6280603685131914
22987,1,1,0.48249945,0.5024497675457289
22996,1,0,0.76029193,0.7549797904913761
22997,1,1,0.3647268,0.40971864438359107
23002,1,1,0.69525325,0.6913068747079659
23008,1,0,0.19076733,0.15013847002666306
23009,1,1,0.70011085,0.6529797147237798
23010,1,1,0.737834,0.7401032027759337
23013,1,0,0.3766971,0.4261136628434103
23014,1,1,0.48144716,0.46957783553104815
23021,1,1,0.7317721,0.7134966786088603
23028,1,1,0.7800059,0.7707168043996911
23029,1,0,0.8688421,0.824089056498363
23031,1,0,0.7207779,0.7156734115926564
23032,1,0,0.584432,0.6207482872794182
23035,1,1,0.84799534,0.8262810882736494
23036,1,0,0.6165703,0.5419287774796083
23037,1,0,0.29356506,0.29851360715370284
23042,1,1,0.636793,0.6111808485512218
23044,1,1,0.8693667,0.8509488855211641
23047,1,0,0.56590515,0.5597302818999359
23050,1,1,0.802207,0.7994715431084267
23055,1,0,0.50955,0.48763225157858336
23059,1,1,0.7741225,0.79531424099383
23070,1,0,0.6615917,0.6235436872553336
23074,1,1,0.75317055,0.7404527666517996
23079,1,0,0.6373501,0.6366124602489031
23081,1,1,0.43229333,0.4474812298489607
23082,1,0,0.61716884,0.6422210327492441
23083,1,1,0.24442616,0.26716185407344695
23085,1,0,0.4780763,0.45860671165916267
23089,1,0,0.53186196,0.5427476720747726
23092,1,1,0.2904728,0.33185320036353183
23096,1,0,0.4583587,0.4931757193707058
23098,1,1,0.2024407,0.21163977940975884
23099,1,0,0.75121516,0.712784110571699
23101,1,1,0.9085514,0.8962479593902166
23102,1,1,0.6742778,0.6686167324163499
23114,1,0,0.5251595,0.49246061318265855
23117,1,0,0.24190445,0.2870044817696118
23122,1,0,0.50079364,0.4911294163423554
23136,1,1,0.7936546,0.8230148005409949
23140,1,1,0.24495617,0.2389192839919361
23141,1,1,0.73580396,0.7232596205798215
23148,1,0,0.1610808,0.15420021654350943
23152,1,1,0.77308017,0.7616837489629578
23153,1,1,0.72621477,0.7028136669721294
23154,1,1,0.38747942,0.3903277858415704
23158,1,1,0.6230814,0.6465452220326025
23165,1,1,0.5458833,0.5405329828580155
23168,1,0,0.5227445,0.5404630596496189
23170,1,1,0.6176757,0.6062869778522999
23171,1,1,0.53904593,0.5930534834128504
23180,1,0,0.634058,0.6576868010153043
23195,1,1,0.73381835,0.7173765108985996
23199,1,1,0.46835208,0.48009311834131274
23201,1,1,0.6101855,0.6140307149175697
23207,1,0,0.30793202,0.3500705408487711
23209,1,1,0.5650292,0.5886926858294831
23210,1,1,0.361038,0.3685399855714811
23217,1,0,0.6696662,0.6441609819838363
23218,1,0,0.41272637,0.4407995482596493
23219,1,1,0.4330905,0.4350019468806861
23221,1,0,0.22907077,0.2391434013227451
23222,1,1,0.79701036,0.7740226728063345
23224,1,0,0.7061462,0.7096831535911603
23235,1,1,0.23391768,0.248709427128901
23236,1,1,0.8335958,0.8107047137742623
23240,1,1,0.812931,0.8202441086968199
23242,1,1,0.2916482,0.32936036664200175
23253,1,1,0.74554724,0.717855700939216
23264,1,0,0.39921772,0.3827094814162923
23267,1,0,0.43705732,0.4546436697373552
23268,1,1,0.713429,0.6785396261997256
23269,1,0,0.14861545,0.1529296647919503
23277,1,1,0.52837706,0.5519860987647797
23284,1,1,0.4111205,0.3975218123060401
23285,1,1,0.85183346,0.8449689673204437
23288,1,0,0.40415117,0.48923232993155247
23290,1,0,0.5007169,0.53119743518267
23296,1,1,0.6550368,0.6214206692098713
23305,1,0,0.17605017,0.1861124117136281
23312,1,1,0.69288045,0.702997129553828
23318,1,0,0.37103465,0.39049204068445
23320,1,0,0.65458864,0.6620212655341019
23321,1,1,0.73796207,0.7453024626802618
23323,1,0,0.42451838,0.4420353288243809
23326,1,0,0.65819097,0.6401979217959265
23333,1,0,0.7058268,0.7119350163574595
23340,1,0,0.61841923,0.5974683132919467
23351,1,1,0.79308873,0.7872118633234415
23352,1,1,0.8781355,0.8710367856543051
23353,1,0,0.2820763,0.30148195495100744
23354,1,0,0.40549207,0.3935896219566575
23355,1,0,0.28779444,0.3226557982234121
23357,1,1,0.65127593,0.6454487684486508
23358,1,0,0.28324932,0.29783326966171747
23360,1,0,0.5483008,0.5165680927544456
23366,1,1,0.5613666,0.6009453046264887
23370,1,0,0.46455392,0.45565770704298014
23374,1,1,0.7749154,0.7571114216407927
23376,1,1,0.81326807,0.7853065757081107
23378,1,0,0.13042131,0.15331659109172355
23381,1,1,0.3982352,0.42258462886072773
23389,1,1,0.20208566,0.23489603211270654
23392,1,0,0.6039802,0.617711500185695
23397,1,1,0.8519011,0.8574307025957315
23403,1,0,0.8107348,0.8098181736548319
23412,1,0,0.6500253,0.6403416301902302
23416,1,0,0.30339062,0.3215510294063012
23427,1,1,0.6363547,0.6375077868256247
23434,1,0,0.33518213,0.3787946199663071
23440,1,0,0.17420837,0.204701588653354
23441,1,0,0.3950797,0.41082269437367586
23442,1,0,0.51892895,0.5393072706914631
23443,1,0,0.5120253,0.5303566046191404
23449,1,1,0.70190823,0.6779058046751679
23455,1,0,0.11301802,0.14134450808910107
23456,1,0,0.414799,0.4454751037194596
23459,1,1,0.56305003,0.6161355321121509
23462,1,1,0.5422569,0.5279682215763027
23465,1,0,0.37462428,0.39247370392645214
23473,1,0,0.18014951,0.15634708941091552
23475,1,0,0.4431162,0.44478690970796436
23477,1,0,0.23534973,0.26361814668047645
23494,1,1,0.8296272,0.8279694800914281
23499,1,0,0.2552333,0.25431731910420446
23501,1,0,0.23820291,0.1834078392439934
23504,1,1,0.44371375,0.4670045909994005
23507,1,1,0.7569564,0.7257029549979735
23508,1,1,0.62193036,0.6375551567484775
23513,1,0,0.2738083,0.287660709564051
23516,1,1,0.38894773,0.41622959257820996
23521,1,1,0.34130967,0.35560585069770984
23522,1,0,0.65157616,0.6311995118503819
23524,1,0,0.7761161,0.7724056672154435
23526,1,1,0.6821666,0.6809503284496392
23528,1,1,0.60652316,0.5865512975738281
23535,1,0,0.31913233,0.33217188024423105
23540,1,1,0.7001469,0.6962525964981334
23541,1,0,0.69939077,0.6920907576368439
23543,1,0,0.34109786,0.2943527478021922
23549,1,0,0.21429768,0.2335162090272021
23550,1,1,0.8109531,0.7869205464580277
23557,1,1,0.84968096,0.8140513293754011
23562,1,1,0.7744924,0.7735601902045735
23563,1,1,0.6386446,0.6537068795894914
23574,1,0,0.10407626,0.09577717624914601
23576,1,1,0.66815925,0.6463536018433259
23583,1,0,0.1432097,0.13009942787756693
23594,1,0,0.6533592,0.6865095248151639
23600,1,1,0.69022775,0.6867839587783438
23602,1,0,0.41220373,0.4076676939540798
23604,1,1,0.8062707,0.8098571286492133
23607,1,0,0.6628102,0.6921331064881612
23610,1,0,0.12190482,0.08900353342784165
23611,1,1,0.7052846,0.6879388392603762
23614,1,1,0.8950034,0.8776414239616926
23621,1,1,0.31431556,0.3393386578089071
23623,1,1,0.693636,0.7101154129895706
23633,1,1,0.6858723,0.7079945403246952
23634,1,1,0.73055893,0.6812995218474038
23635,1,1,0.4253236,0.46867579207801735
23647,1,0,0.5010824,0.48330479036282126
23652,1,0,0.7252757,0.714267122288379
23654,1,1,0.81429183,0.7786498610755008
23659,1,1,0.39431262,0.4455482174809579
23667,1,1,0.7691821,0.78016349781648
23669,1,1,0.61245173,0.6298817136497998
23671,1,1,0.6915232,0.722345665105273
23672,1,1,0.47097722,0.46399296780592025
23674,1,1,0.6876123,0.6980575051564405
23680,1,0,0.4208722,0.4691103973562824
23693,1,1,0.8240438,0.81950195184779
23698,1,1,0.16921067,0.150354177375606
23699,1,1,0.61654514,0.6170291025234428
23703,1,0,0.30308145,0.26510712369809863
23733,1,0,0.28770795,0.2824222170513786
23743,1,1,0.81089646,0.7842131996594858
23746,1,1,0.33432728,0.382968570523575
23754,1,0,0.40123987,0.4585336110240888
23757,1,1,0.5280594,0.5154685770304259
23762,1,0,0.49213508,0.525948367848584
23774,1,0,0.25366786,0.18967951521069526
23779,1,1,0.8618259,0.845728480284508
23782,1,1,0.5810939,0.6331399369184024
23788,1,0,0.30169317,0.31008021133477326
23792,1,0,0.6541484,0.6537246663063816
23803,1,0,0.34564042,0.3347734151880783
23804,1,0,0.7183977,0.7103277199031154
23805,1,0,0.40598217,0.4043349237252758
23824,1,0,0.12685205,0.13154581969960272
23827,1,0,0.6151238,0.6185963765950439
23829,1,1,0.8936034,0.891332848482873
23840,1,1,0.8708037,0.8509573013891617
23842,1,1,0.74764323,0.7379410827322492
23843,1,0,0.72452116,0.7477552107699663
23845,1,1,0.8502966,0.8274316555552435
23851,1,1,0.6715206,0.6551208770918728
23858,1,0,0.37441146,0.39022407500621104
23863,1,0,0.69800264,0.6944225718631325
23868,1,1,0.54160863,0.5439450735618835
23870,1,1,0.7834592,0.7730008016909913
23872,1,0,0.73024124,0.7141981497838908
23874,1,0,0.5502248,0.5799649649446275
23876,1,0,0.64014053,0.648807004960543
23877,1,1,0.7785421,0.748250589397271
23879,1,1,0.8740721,0.8690507070620443
23886,1,1,0.27511746,0.30494848936256985
23893,1,0,0.27823567,0.24122905037138864
23894,1,1,0.7139779,0.6540167460647637
23896,1,0,0.32555556,0.31997394383878736
23897,1,0,0.58210295,0.6136571161409053
23898,1,1,0.72276956,0.7204299987042593
23907,1,1,0.63622665,0.6287787781781086
23912,1,1,0.63773376,0.647498572738636
23915,1,1,0.84705335,0.7985085391080504
23917,1,0,0.85035247,0.8314649481107232
23919,1,0,0.24553351,0.2854917177851914
23925,1,1,0.5890821,0.6021199678452056
23927,1,0,0.44067007,0.4714891337596304
23935,1,0,0.49690846,0.4255925185254837
23937,1,0,0.45923933,0.48983643256872916
23940,1,0,0.89708954,0.9077418749569038
23941,1,1,0.6312801,0.6461165524961551
23943,1,1,0.65366524,0.6248610020691975
23950,1,1,0.71786654,0.7497501245306644
23958,1,0,0.53048706,0.505578224165435
23974,1,1,0.7116228,0.7080429634962866
23976,1,1,0.770194,0.7575445684002102
23983,1,1,0.7940233,0.7644731207634758
23987,1,0,0.5128883,0.5416615003866249
23996,1,0,0.41260922,0.42274274751945995
23997,1,1,0.40210545,0.4308352923593804
24000,1,0,0.1464232,0.1632652276156527
24001,1,0,0.27775815,0.3040258355860138
24006,1,1,0.78072184,0.7593004495082423
24009,1,1,0.7282213,0.6856737775409308
24012,1,0,0.5871154,0.616573923886879
24024,1,1,0.74153197,0.7207876032545695
24028,1,1,0.8176216,0.8264761726630507
24032,1,1,0.49302754,0.5195493738848816
24035,1,1,0.6783723,0.6530679564582078
24040,1,1,0.41234577,0.41551478712158046
24042,1,0,0.21322651,0.23230664867088557
24043,1,1,0.80952036,0.7853926188214805
24045,1,0,0.7883766,0.8098412281842284
24046,1,1,0.29200974,0.3132511505734977
24049,1,0,0.5305089,0.4921623558822254
24053,1,1,0.36700234,0.39786268942320197
24057,1,1,0.83628553,0.8181610112138347
24063,1,0,0.23611628,0.22690563819449777
24069,1,1,0.84155166,0.8282379533462829
24080,1,0,0.7596296,0.7572884828490393
24082,1,0,0.5201654,0.5197618891264097
24083,1,0,0.49668846,0.4947893123853153
24084,1,1,0.51842195,0.5033183395372061
24088,1,0,0.4060129,0.4468332422850471
24094,1,0,0.62635,0.6122164982316626
24098,1,1,0.3570844,0.3790817218525259
24103,1,0,0.67296517,0.6912015553081116
24105,1,0,0.40579706,0.4532509729481992
24113,1,0,0.26592273,0.28205161375694177
24120,1,0,0.66803426,0.6771583843019499
24124,1,1,0.82012093,0.7891433460479981
24126,1,0,0.6163551,0.5880316019060181
24131,1,1,0.63577574,0.6242160187070314
24141,1,0,0.8067918,0.7902374581072054
24142,1,1,0.54169506,0.5221709183881245
24149,1,0,0.45907322,0.41474184502784683
24151,1,0,0.47579482,0.5438844892694485
24156,1,0,0.53629476,0.5387318184026996
24160,1,1,0.46200672,0.4831087166739119
24166,1,1,0.7971881,0.7890485667097052
24176,1,0,0.44238338,0.4387724322439354
24186,1,0,0.34708086,0.416962895711259
24188,1,1,0.7687196,0.7395528376433322
24191,1,0,0.637049,0.6557065413071242
24193,1,1,0.2074036,0.22025035558367687
24210,1,0,0.40287352,0.41075915692976056
24211,1,0,0.22470772,0.2275915167780476
24214,1,1,0.72528756,0.7734237074208478
24218,1,1,0.5218899,0.5232692930851169
24224,1,1,0.47649357,0.4537591875548715
24225,1,0,0.1256097,0.12665167990282888
24226,1,0,0.5292864,0.5277774472970606
24227,1,1,0.3807426,0.41693551068043383
24232,1,0,0.14231929,0.1486155076032897
24235,1,1,0.5808176,0.5861228363622187
24238,1,1,0.70513815,0.7182667585957768
24248,1,1,0.4710436,0.47030102292461473
24251,1,0,0.6939369,0.702395055792928
24256,1,0,0.60034657,0.5620909903304983
24259,1,1,0.2210956,0.23709437786633233
24264,1,0,0.24771158,0.25518674882438486
24272,1,1,0.79386276,0.7634133580102808
24279,1,1,0.61570174,0.5849027287611995
24280,1,0,0.080258325,0.06475519866501639
24287,1,0,0.2908808,0.3035852622799236
24290,1,1,0.6954663,0.6992791378237676
24292,1,1,0.86595356,0.8309261893874127
24293,1,0,0.61939555,0.6240244388256657
24300,1,0,0.56184214,0.5497368367622697
24301,1,1,0.31601366,0.2796148466009526
24306,1,0,0.33473694,0.361791027029387
24308,1,1,0.7805772,0.7519089312197331
24309,1,0,0.5471761,0.5588635480889937
24317,1,1,0.7417967,0.7295617950221148
24321,1,0,0.39690053,0.4309372655970372
24324,1,1,0.6691994,0.6400453167572453
24334,1,1,0.90678066,0.8929739298364786
24340,1,1,0.7081809,0.721616591956465
24348,1,1,0.6445175,0.5931935392563823
24351,1,0,0.52939206,0.4991285017146502
24352,1,0,0.5651817,0.5916471936938201
24354,1,0,0.589683,0.601831466146732
24365,1,1,0.4478778,0.4627212884606827
24366,1,1,0.4197121,0.42514311443386127
24368,1,0,0.22440925,0.20119301291330466
24369,1,0,0.122968584,0.1730658646039909
24372,1,1,0.81873536,0.7842252690263504
24375,1,0,0.12070037,0.1452759566809846
24376,1,0,0.58282167,0.6437936018947781
24379,1,1,0.86423796,0.834318470551171
24387,1,1,0.41993016,0.477957167836645
24394,1,0,0.30761972,0.3294274774009805
24399,1,1,0.6105233,0.6091913004499924
24405,1,0,0.5966163,0.6073667286907204
24415,1,1,0.5478411,0.5487325734517696
24423,1,0,0.3540872,0.39322458905919916
24427,1,1,0.26288983,0.2831962976943788
24440,1,0,0.698844,0.7008490132928962
24443,1,0,0.3071358,0.32276864741178607
24453,1,1,0.86750394,0.8229933842448904
24454,1,1,0.5387768,0.5318748425458495
24465,1,1,0.20361766,0.19998998890350045
24473,1,1,0.7607968,0.7343566282571387
24475,1,0,0.5479142,0.5514624278560882
24479,1,0,0.6547563,0.6355901673765176
24486,1,1,0.6577197,0.6679737977972752
24487,1,1,0.7436929,0.7467220344723495
24492,1,1,0.3681083,0.38967432277934183
24498,1,0,0.2323665,0.2366440334735385
24501,1,0,0.27613392,0.2989738265129258
24506,1,0,0.3815803,0.38208777582665704
24512,1,0,0.38903806,0.3931019276881097
24515,1,1,0.33634034,0.3287769739903371
24516,1,0,0.12605731,0.13756656558513983
24519,1,0,0.3036178,0.3431722275478212
24521,1,1,0.22554272,0.23460989832181606
24525,1,1,0.6042208,0.5699621437879372
24531,1,0,0.17121345,0.1981503114953296
24538,1,1,0.5288535,0.5203273034496029
24551,1,1,0.4825061,0.4696389750486324
24555,1,1,0.7572589,0.7655639034355053
24563,1,1,0.7438025,0.7660523372101004
24564,1,0,0.3009332,0.23575354869391482
24566,1,1,0.2731944,0.37264196995133225
24567,1,1,0.62386984,0.6106145876443886
24571,1,0,0.75775063,0.7654387821842814
24583,1,1,0.57782316,0.5524124762525554
24586,1,1,0.40011314,0.40196715419533013
24593,1,0,0.20623182,0.19081245308958877
24597,1,1,0.62013197,0.5898549096061129
24598,1,0,0.60728925,0.6050148164140696
24607,1,1,0.53214455,0.5699092762654642
24610,1,1,0.80300623,0.7833503963745411
24612,1,0,0.2271166,0.23030307279330794
24613,1,0,0.5105801,0.51587143230126
24619,1,1,0.23250888,0.23801438463266225
24635,1,1,0.5199602,0.5296642345244581
24641,1,1,0.8697855,0.8295664524892986
24643,1,1,0.8916018,0.895766179984273
24650,1,1,0.2017803,0.19402959722466534
24654,1,1,0.52072024,0.514017661388962
24660,1,1,0.5413151,0.574914517482355
24675,1,1,0.5871606,0.5724723903223299
24676,1,1,0.7934115,0.7672528016379764
24678,1,1,0.6540806,0.6513990267857537
24681,1,1,0.8438715,0.8203567078548939
24683,1,1,0.6775324,0.6291174789839598
24688,1,1,0.47383687,0.5080775957618395
24691,1,0,0.4309449,0.3257717199240961
24699,1,0,0.21770553,0.23765843714316034
24703,1,1,0.6938964,0.6770270671705918
24707,1,0,0.5434959,0.5539069593453998
24710,1,1,0.9143753,0.9014360207884516
24711,1,1,0.7784187,0.798138879361754
24713,1,0,0.33468843,0.3642141169497727
24718,1,1,0.6531475,0.6458229465904334
24719,1,0,0.16376598,0.15545385671922568
24722,1,1,0.26979968,0.2925752152108512
24724,1,0,0.17873065,0.1765199417210398
24728,1,1,0.8398701,0.8213614078149966
24733,1,1,0.20858675,0.22832191073871377
24740,1,1,0.6429502,0.6597163426714009
24742,1,1,0.64310235,0.6315859802007654
24744,1,1,0.60997,0.5725210667527146
24747,1,1,0.7449557,0.7306974821846927
24750,1,0,0.25412434,0.23080184818226035
24758,1,0,0.43686816,0.476894420931674
24762,1,0,0.55954975,0.5814639661990179
24767,1,0,0.50994796,0.5298876985803683
24772,1,0,0.4327376,0.4440279499868413
24777,1,1,0.71201736,0.7042072599043459
24789,1,1,0.17821123,0.15574013565972933
24794,1,1,0.73103285,0.7282391228089969
24799,1,1,0.20919956,0.2011536470104552
24803,1,1,0.5504542,0.5533849790101386
24806,1,1,0.9145391,0.9108998675313469
24810,1,0,0.63726145,0.6411770540998606
24817,1,0,0.17038397,0.19304667742823342
24818,1,1,0.33902285,0.23113173115632463
24823,1,1,0.7435901,0.7368605983837889
24832,1,1,0.8814224,0.8770551424257369
24833,1,0,0.3651571,0.44052216014935847
24843,1,1,0.7990661,0.7679315446264958
24845,1,1,0.4394709,0.47695779743924577
24847,1,0,0.15667191,0.1623004139502623
24848,1,0,0.3022452,0.32646352230439857
24855,1,1,0.7477436,0.762742145037833
24856,1,0,0.58607525,0.5605765998844577
24864,1,1,0.75883037,0.7823129466988462
24865,1,1,0.4968986,0.5224806065663683
24866,1,1,0.918743,0.9001612789612484
24867,1,0,0.14202939,0.13048122220326386
24868,1,1,0.6636616,0.6216358433358935
24872,1,0,0.69544345,0.6979233330044627
24873,1,1,0.7757751,0.7781251198451244
24874,1,1,0.27587217,0.29779341940441967
24878,1,1,0.83765584,0.8572314267544976
24880,1,1,0.656999,0.6242129732943925
24883,1,0,0.38397127,0.4108221439166823
24884,1,0,0.7313037,0.7233465253919419
24886,1,1,0.40475786,0.41149042741403513
24891,1,1,0.35025463,0.3584843559342303
24896,1,1,0.7418994,0.7215431260797436
24898,1,1,0.24219371,0.2444834373927289
24900,1,0,0.8021557,0.8087428256693447
24902,1,1,0.3738263,0.3504671334528878
24906,1,1,0.7797097,0.7743827688227737
24913,1,0,0.29803044,0.286875509395503
24920,1,1,0.62818104,0.603858998716814
24925,1,1,0.8768248,0.8738977558092824
24926,1,1,0.7000628,0.7183211620940586
24928,1,0,0.31594065,0.33240109867441325
24934,1,1,0.71528685,0.6814686791173274
24938,1,0,0.6488921,0.6344099508994551
24944,1,1,0.4929723,0.5040510906209528
24945,1,1,0.33258438,0.3682359881029939
24947,1,0,0.3179772,0.3215293840543875
24951,1,1,0.68378973,0.6836840004541037
24953,1,0,0.5324531,0.5380832753265286
24954,1,0,0.19099666,0.20270975470669766
24965,1,1,0.63509405,0.6109219173539743
24972,1,0,0.7364865,0.7160165487581254
24973,1,1,0.15891883,0.19794393108801678
24975,1,1,0.42457923,0.45817274881402725
24976,1,1,0.659011,0.6426137690517446
24977,1,0,0.43332922,0.4269608228814818
24979,1,0,0.24294868,0.22091471674236487
24983,1,0,0.30168143,0.30554086622270205
24988,1,1,0.7908846,0.76680139498295
24995,1,0,0.4030832,0.4333907464654616
25002,1,1,0.37292692,0.3646851789913376
25004,1,1,0.83440864,0.8206460142729728
25011,1,1,0.7032637,0.6770920475970418
25027,1,0,0.390958,0.378855063836734
25028,1,1,0.63227993,0.6274254635526169
25029,1,0,0.34725124,0.3996550399523876
25034,1,0,0.8832253,0.8739866859465127
25037,1,1,0.41343886,0.39338550504682945
25043,1,1,0.6581585,0.7218526342251381
25060,1,0,0.122748904,0.08555427051371267
25064,1,0,0.2265979,0.22478620466200755
25071,1,0,0.3564306,0.3957067873059303
25076,1,1,0.63778037,0.6050900086803442
25085,1,1,0.71774995,0.7010215899762907
25086,1,0,0.2902396,0.3135562448875016
25087,1,1,0.30921364,0.33740235491275333
25094,1,0,0.4397053,0.4047995600549381
25104,1,1,0.50096655,0.5139935179402995
25105,1,0,0.5377622,0.5301227649840002
25108,1,0,0.62989414,0.6193078787955182
25117,1,0,0.6272339,0.5976136557575704
25123,1,1,0.5422233,0.5439766078347286
25126,1,0,0.44882348,0.45492361786627344
25135,1,0,0.8298539,0.8108015654537286
25138,1,0,0.3408681,0.347550179712978
25139,1,0,0.66795576,0.646909478570203
25140,1,0,0.24082367,0.2546912649752792
25143,1,0,0.22015387,0.2564315140104109
25145,1,1,0.6811757,0.6874770219131215
25147,1,1,0.53172255,0.5405252597791143
25148,1,0,0.5016246,0.45806307389545264
25152,1,1,0.15984038,0.18333309275872572
25167,1,1,0.53107584,0.5221502870897893
25176,1,1,0.37265626,0.3795629372317676
25178,1,0,0.19411749,0.2159203897967165
25189,1,0,0.37135538,0.35275988061928615
25191,1,1,0.3751605,0.4357454667032217
25194,1,0,0.45439935,0.4725586712067986
25199,1,0,0.25184157,0.26705485070198287
25200,1,0,0.38666037,0.39910643300280757
25201,1,0,0.6528038,0.6385075759540961
25203,1,1,0.47485757,0.5178482578693437
25205,1,0,0.15067841,0.1529794022449874
25207,1,1,0.62297714,0.6246876243373121
25211,1,1,0.6373398,0.6192199282134473
25212,1,0,0.37453955,0.2721470960929531
25214,1,0,0.2518532,0.23330553857793343
25219,1,1,0.5960943,0.6377635521019727
25223,1,0,0.6574888,0.6292704440502803
25243,1,0,0.21490802,0.21355300426721976
25246,1,0,0.40230465,0.39838502884178945
25250,1,0,0.3185617,0.30633050322573735
25252,1,0,0.31722614,0.3287362098537979
25254,1,0,0.23485307,0.2508872419136779
25255,1,0,0.4528834,0.4572811907741944
25256,1,1,0.44793516,0.46268010095762735
25258,1,0,0.49212483,0.5223384732367861
25262,1,0,0.7257013,0.693834951590227
25267,1,1,0.6520108,0.6982175872206688
25275,1,1,0.42272332,0.42399264390922603
25279,1,0,0.57373875,0.5871454816137512
25290,1,1,0.89631444,0.8774740833290338
25293,1,0,0.6238772,0.5822994137263591
25294,1,0,0.37730685,0.40383830048416525
25300,1,0,0.40401357,0.4265084745872773
25303,1,1,0.8154417,0.8039901949003071
25304,1,1,0.75502354,0.7164837645902458
25309,1,1,0.5987149,0.5753929099243128
25317,1,1,0.3233331,0.31118281094739364
25323,1,0,0.24418795,0.2702148771095245
25326,1,1,0.39791974,0.40332884795925095
25328,1,1,0.8761637,0.860078151432701
25331,1,1,0.90120995,0.8901516566283099
25335,1,0,0.6411591,0.6409341874404632
25337,1,0,0.38570696,0.44339927450390076
25341,1,1,0.79219896,0.7664573818658145
25346,1,0,0.62360615,0.6382327097381139
25349,1,0,0.16472344,0.16067366577901435
25351,1,0,0.26758745,0.3030161042004164
25354,1,0,0.15858836,0.16906754649186106
25355,1,1,0.7538685,0.7310933117161665
25356,1,1,0.63002944,0.6472728636831988
25358,1,0,0.5469955,0.541667737172241
25366,1,1,0.68421894,0.6452709697410698
25369,1,1,0.5660075,0.5494894596377957
25374,1,0,0.42113566,0.4376349737189398
25375,1,1,0.6118877,0.6590822547158914
25384,1,1,0.5564972,0.5391153007259485
25387,1,1,0.3527236,0.36626019294674045
25391,1,0,0.5202064,0.4997743267010353
25401,1,0,0.6361537,0.5551059192970462
25402,1,1,0.37205473,0.38747084626761535
25406,1,1,0.7118901,0.7308626876096403
25417,1,0,0.14450559,0.14583526120727522
25418,1,1,0.516768,0.569646978983134
25430,1,1,0.28030503,0.31054991534518833
25443,1,0,0.23218155,0.2284071728038571
25445,1,0,0.42844978,0.43885572514748933
25446,1,0,0.633212,0.5809174993236226
25448,1,1,0.8393069,0.7709082700878793
25454,1,0,0.6156388,0.5854989692606531
25464,1,1,0.16608517,0.15913430100748202
25476,1,0,0.2043925,0.18990840287950905
25489,1,1,0.35541183,0.36315570864549673
25495,1,1,0.41428867,0.4197708938146963
25497,1,1,0.68139195,0.707772143518965
25508,1,1,0.31946692,0.3398021982005372
25509,1,1,0.80389696,0.7773807813151912
25512,1,0,0.4177621,0.43477957299259934
25514,1,1,0.7047344,0.6727182730301918
25521,1,0,0.15936317,0.15176849534694073
25524,1,0,0.59273916,0.5591327656581474
25529,1,1,0.57241815,0.5385117288773581
25537,1,0,0.5714865,0.5548310676308065
25538,1,0,0.3980096,0.3861929097424892
25540,1,1,0.8716496,0.8692204675834366
25541,1,0,0.68205446,0.6637032993838274
25544,1,0,0.51566994,0.5358373824499284
25550,1,1,0.67939055,0.7273199786044972
25553,1,0,0.33379978,0.3602695718526712
25554,1,1,0.7557662,0.7434706136271045
25559,1,1,0.8794422,0.8946026227933924
25561,1,0,0.27944207,0.30832200548295285
25562,1,0,0.49551997,0.49081715590923297
25573,1,1,0.52283114,0.5284895982970446
25574,1,1,0.28557178,0.265366631929652
25576,1,0,0.57825404,0.6009814456976593
25591,1,1,0.91726273,0.8986253519546613
25599,1,1,0.8313091,0.8090811640946407
25604,1,0,0.4557538,0.47153783498674945
25607,1,0,0.6390012,0.6302704922241776
25610,1,0,0.42205796,0.43495900060277526
25611,1,0,0.6863958,0.6647233542061562
25612,1,0,0.49376366,0.5221173297457062
25615,1,1,0.8730034,0.8715937356309846
25618,1,0,0.82200897,0.8143203750176612
25621,1,0,0.48144677,0.5210727526983421
25622,1,1,0.7523311,0.7585197409725574
25623,1,1,0.90893054,0.8690196305991731
25628,1,1,0.2041241,0.2047803767077448
25632,1,0,0.24002476,0.15344382482044827
25636,1,1,0.61887354,0.6162314656789051
25641,1,0,0.51364905,0.5168435281397834
25642,1,0,0.66391915,0.6078236711810099
25644,1,0,0.46499416,0.4437759328164763
25650,1,1,0.74970543,0.7431260680061951
25651,1,1,0.5353212,0.48615298668595586
25652,1,0,0.84948736,0.850875598323495
25653,1,0,0.6217178,0.5785471081124592
25658,1,1,0.61597025,0.6314060034485458
25662,1,1,0.84062976,0.8318098132902683
25671,1,0,0.3821438,0.38151482787876767
25672,1,0,0.32467005,0.3773283280394866
25675,1,0,0.6892896,0.6989352091176363
25687,1,0,0.4874456,0.48186545653935675
25691,1,1,0.52923506,0.5416995719143332
25698,1,1,0.5718386,0.5830061530410791
25705,1,0,0.42781276,0.3983350095578733
25706,1,0,0.3772447,0.3985724189862001
25715,1,1,0.27740794,0.27923251029846285
25716,1,1,0.66977125,0.6436153746183141
25718,1,1,0.72609967,0.7284148542185771
25720,1,0,0.51530755,0.5393988412023908
25725,1,1,0.63688123,0.6295030619909289
25727,1,0,0.31738776,0.3626579094937829
25729,1,1,0.2320552,0.2275844820935141
25731,1,0,0.41770703,0.40005564052801207
25734,1,1,0.7036663,0.7046484334083414
25736,1,0,0.4198853,0.41557111610175923
25738,1,1,0.641706,0.6234096552788031
25753,1,0,0.32467005,0.3773283280394866
25756,1,1,0.31876618,0.31798110474737173
25759,1,1,0.5846838,0.5927440683625473
25763,1,1,0.7698629,0.7630633408190909
25770,1,0,0.35939467,0.3486424316836184
25772,1,0,0.49146363,0.47650692329238437
25777,1,1,0.7036851,0.5958639766909285
25779,1,1,0.4869278,0.463517335811419
25782,1,0,0.5114154,0.5308338109215651
25787,1,0,0.15213048,0.1545476468632859
25790,1,0,0.47686344,0.4778684074491591
25792,1,1,0.7294451,0.7050659041872122
25794,1,0,0.29114056,0.2841862689848984
25795,1,1,0.20119216,0.2140085736329428
25796,1,1,0.38570696,0.44339927450390076
25797,1,0,0.30429244,0.3015388831395788
25800,1,0,0.4406113,0.44245216417810035
25803,1,1,0.46648782,0.4415676493975929
25810,1,0,0.5455938,0.546765030317521
25811,1,0,0.5779454,0.5717751655090065
25817,1,0,0.21452092,0.2087971159671657
25818,1,0,0.455517,0.5039462460453117
25820,1,1,0.5708635,0.5805583998069828
25823,1,1,0.642465,0.6376501973182371
25824,1,0,0.31092447,0.24674676259931147
25839,1,1,0.32555902,0.34476667099571506
25841,1,0,0.59624135,0.5387523403300288
25847,1,0,0.44766098,0.45245966928810494
25851,1,1,0.3182862,0.34136960916657993
25866,1,1,0.691179,0.6674803971335532
25878,1,0,0.5834192,0.6020632123305496
25885,1,1,0.6134314,0.6684322571229471
25895,1,1,0.4930488,0.5148296877245404
25896,1,0,0.11121206,0.11343058284085542
25903,1,1,0.648134,0.6209843775945791
25904,1,1,0.46573386,0.47917349564238804
25914,1,0,0.16752917,0.15683980204739412
25919,1,1,0.76066184,0.7421414537808848
25925,1,1,0.5010506,0.5237879264567202
25926,1,0,0.31037796,0.3415796017438208
25927,1,0,0.19401588,0.21516399153681776
25935,1,1,0.4678337,0.4871962005617356
25936,1,1,0.78778523,0.7686348583236278
25941,1,1,0.20782623,0.23925839086077394
25944,1,1,0.55156404,0.5603329804717707
25949,1,0,0.22680534,0.2413690196901593
25953,1,0,0.49675038,0.5026522901610141
25954,1,1,0.72580844,0.7269773054152133
25960,1,0,0.53154397,0.5103660308293498
25963,1,0,0.67802894,0.6786573427725301
25966,1,1,0.5462428,0.5371360130667707
25974,1,1,0.6818886,0.6942279727933066
25978,1,1,0.7113555,0.6928822789208343
25988,1,1,0.8364685,0.824736889286296
25992,1,0,0.13081698,0.12459528218392221
25996,1,0,0.1733787,0.17957441916524322
25997,1,1,0.6151685,0.5995560740805005
26002,1,1,0.6944291,0.7132848366448364
26007,1,1,0.6793746,0.6751625464651566
26009,1,0,0.25445992,0.27044264630837966
26017,1,1,0.5544418,0.5590350041484047
26019,1,0,0.5128025,0.5009687452792219
26037,1,0,0.35530844,0.3833665366636205
26041,1,0,0.7295892,0.686216901892607
26043,1,0,0.29223937,0.3262427013497212
26045,1,0,0.4250561,0.4213780340419007
26046,1,1,0.54118794,0.5359402308895677
26048,1,1,0.36915758,0.4123368941701318
26050,1,1,0.3188378,0.3644226230892346
26059,1,1,0.51942885,0.5271321770163343
26063,1,0,0.22421788,0.22137557747052747
26067,1,0,0.40839198,0.3736174397263315
26071,1,1,0.73998547,0.7479498095285724
26073,1,0,0.41472837,0.4209535087875537
26078,1,1,0.29929483,0.3033585469685248
26083,1,1,0.4876585,0.5543178230507831
26085,1,0,0.24355528,0.2372870466960001
26086,1,1,0.7885291,0.768925089241557
26089,1,0,0.34233218,0.3979433767418702
26091,1,0,0.54035866,0.5217293678430236
26094,1,0,0.7004092,0.7025337384195841
26095,1,0,0.4618116,0.459595216967285
26102,1,1,0.7004991,0.6875294643162985
26119,1,0,0.43528116,0.4341160128128221
26121,1,0,0.5034255,0.56434001850944
26127,1,1,0.7933259,0.7934356844915305
26129,1,0,0.5002903,0.3903008605966846
26131,1,0,0.41538724,0.33914184007090614
26135,1,0,0.19557041,0.18591322903652296
26138,1,1,0.7236637,0.7145033823985985
26146,1,0,0.1632653,0.14305341792068524
26147,1,1,0.62673426,0.6231632736568522
26157,1,1,0.8556127,0.9250916100754282
26160,1,0,0.5888445,0.5590780658575513
26162,1,1,0.7960771,0.7867959468276688
26177,1,0,0.5774623,0.5475135694988795
26189,1,0,0.1845563,0.20130484502897678
26193,1,1,0.7354101,0.7429002409731971
26194,1,1,0.43343717,0.49397526946683984
26195,1,1,0.7232631,0.6644929221940635
26197,1,1,0.6086577,0.601449607323358
26198,1,0,0.6928891,0.6654492909660155
26210,1,0,0.29301554,0.28150687818039843
26218,1,0,0.37948635,0.4102319097265978
26220,1,0,0.1616696,0.1719815142669259
26221,1,1,0.800257,0.8386497109681715
26223,1,1,0.6652061,0.685648743009258
26229,1,0,0.26336104,0.25580716136769216
26230,1,0,0.15062879,0.16005416201406975
26238,1,1,0.3370968,0.3623673721592922
26243,1,1,0.46779653,0.4708932228733322
26250,1,1,0.87980396,0.8636049083786703
26264,1,1,0.28835827,0.29438529102389327
26265,1,0,0.40260094,0.4403576130027055
26266,1,0,0.62986434,0.5954790052600107
26268,1,0,0.42130563,0.43573382579788417
26269,1,1,0.5187528,0.518238142869058
26271,1,1,0.49061134,0.48464615163558034
26272,1,1,0.2718118,0.2770942570909134
26280,1,0,0.32077765,0.32474271131693455
26283,1,0,0.28550145,0.27588400366802734
26288,1,1,0.42948622,0.47991163457510166
26294,1,0,0.13012587,0.13877414139492825
26301,1,1,0.38570696,0.44339927450390076
26306,1,0,0.2075859,0.19595170170165815
26329,1,0,0.44063428,0.42756376572887383
26331,1,1,0.60711515,0.5934350811846427
26332,1,0,0.61120385,0.6393069393293337
26333,1,1,0.82767636,0.8146807258464925
26340,1,1,0.72930294,0.7304197552530781
26342,1,1,0.78818643,0.7840722739665377
26347,1,0,0.28378922,0.2842783912334882
26348,1,1,0.5223562,0.5462940896294676
26350,1,0,0.6168402,0.6269203469021063
26356,1,0,0.6514056,0.603993342067366
26357,1,0,0.1664353,0.18492150997254697
26359,1,0,0.37264675,0.30594169471264515
26363,1,1,0.8200554,0.7857297300084127
26366,1,1,0.8072582,0.7798354385650466
26367,1,0,0.309355,0.2858191412348697
26373,1,0,0.54953617,0.5137172539491153
26375,1,0,0.35430065,0.3637214478374232
26382,1,0,0.22817476,0.23247541607428648
26384,1,1,0.5427609,0.6027131635610548
26387,1,0,0.77235025,0.7545293868817146
26388,1,1,0.4046131,0.42084474727440985
26391,1,0,0.61456823,0.6417758154673262
26396,1,0,0.44197968,0.4387964318028315
26397,1,0,0.53611964,0.49215115801779125
26401,1,1,0.38570696,0.44339927450390076
26405,1,0,0.46959955,0.5054702252157806
26408,1,1,0.743334,0.7290495689319142
26409,1,1,0.7293218,0.7147083286371116
26410,1,0,0.3456474,0.3845430797117842
26415,1,0,0.19590496,0.20502022782090887
26424,1,0,0.52681875,0.5562209843237648
26430,1,1,0.85711664,0.8445622632991078
26438,1,1,0.21817015,0.24126228705358932
26448,1,1,0.77413344,0.7429360446863711
26449,1,1,0.84249526,0.825722911100658
26459,1,0,0.35687116,0.3470786911424407
26488,1,1,0.24753457,0.2656882313907292
26490,1,1,0.41703346,0.4378844245534967
26500,1,1,0.57762223,0.555842944990261
26505,1,1,0.5384429,0.49935955234507506
26506,1,0,0.2324536,0.3122093354108345
26508,1,1,0.554168,0.5548373738660571
26509,1,1,0.45191815,0.4341306492994145
26510,1,1,0.5198376,0.4883749974294749
26516,1,1,0.4851827,0.5251390670415383
26525,1,0,0.33060306,0.37546011727399575
26529,1,0,0.33491388,0.3719150731437463
26530,1,0,0.77618825,0.7399043723434318
26539,1,1,0.46342075,0.5221955421071534
26542,1,1,0.18538956,0.1979442721768045
26544,1,0,0.3555174,0.36559513890525314
26546,1,1,0.38570696,0.44339927450390076
26551,1,0,0.18477185,0.20895879524136546
26563,1,0,0.4002678,0.47140446602303876
26565,1,0,0.35877475,0.37017480955440113
26566,1,1,0.72821003,0.7230891006340325
26572,1,1,0.5153804,0.4948972896366639
26574,1,1,0.530041,0.5293473846348197
26576,1,1,0.73500246,0.7294205435686452
26581,1,0,0.6126861,0.5682011104858139
26584,1,1,0.48326212,0.4615461699553978
26585,1,0,0.45730925,0.4607708565929792
26595,1,0,0.46325538,0.4975535032604384
26600,1,0,0.606953,0.5953483136174919
26609,1,0,0.5599664,0.5674138668640826
26620,1,0,0.58847183,0.5567215797283876
26621,1,1,0.34541422,0.2695530576111255
26624,1,0,0.28213775,0.27519275879153465
26628,1,1,0.1472095,0.15870711230993226
26629,1,1,0.7932442,0.775350415329803
26631,1,1,0.28089193,0.2943972564744438
26632,1,0,0.4225129,0.4099462423665043
26633,1,1,0.76776934,0.732060185001666
26636,1,1,0.7473625,0.7365083532973864
26637,1,0,0.84619904,0.8146905901888556
26639,1,0,0.33908546,0.35050077832271964
26641,1,0,0.6262696,0.623651984492037
26644,1,1,0.3110729,0.34727330834839903
26650,1,1,0.60257024,0.6406284618709056
26652,1,1,0.7331171,0.6951555870695745
26653,1,1,0.38568297,0.38357303354948696
26654,1,0,0.20119216,0.2140085736329428
26655,1,0,0.54322034,0.5382459831040277
26656,1,1,0.53644985,0.5420574276012587
26677,1,1,0.5648322,0.5642548438630983
26678,1,1,0.87840116,0.8389518116132019
26686,1,0,0.38570696,0.44339927450390076
26691,1,1,0.5524588,0.6060562264178152
26704,1,1,0.35134616,0.35046073517905546
26705,1,1,0.6744841,0.6084217373457707
26709,1,0,0.36483178,0.33615145105477195
26711,1,0,0.8673884,0.8416770331072086
26713,1,1,0.5293931,0.5336637700259369
26717,1,1,0.2856773,0.41203649784583285
26718,1,1,0.18194862,0.20115289130224298
26719,1,1,0.47341314,0.46479394382739425
26723,1,1,0.38356325,0.4304739641178388
26729,1,1,0.28654993,0.3236373172242074
26742,1,1,0.4336991,0.5805534959627102
26760,1,0,0.2995032,0.43920255273249453
4,2,0,0.5650244,0.6010352648120587
5,2,1,0.53205323,0.5050715806236016
13,2,0,0.27518216,0.29766346059620485
18,2,1,0.83901584,0.7939251972614433
19,2,0,0.4977355,0.5336750816616715
29,2,0,0.54555583,0.5628586733748515
33,2,1,0.8149317,0.7974307612768917
42,2,0,0.32926688,0.3859909999055952
48,2,0,0.17871952,0.1778684333913989
50,2,0,0.36551842,0.44925186683953017
55,2,0,0.69719267,0.6867831206634094
59,2,1,0.5810529,0.601925539220393
68,2,0,0.78582424,0.7777639330304742
71,2,0,0.75278443,0.6955014835328995
75,2,1,0.5612037,0.5038411631326176
82,2,1,0.72817475,0.7149906243966164
84,2,0,0.64249897,0.6602625130148086
91,2,0,0.6668828,0.667390442721473
93,2,1,0.51407814,0.5315052871705109
95,2,1,0.4613715,0.4920648739537799
97,2,0,0.76057786,0.7722340310556239
101,2,0,0.44040304,0.4430023874209323
104,2,0,0.6595045,0.6440958873431681
112,2,1,0.5995545,0.5715967714449607
113,2,1,0.8972135,0.8939845468252221
116,2,0,0.75487703,0.74999339517798
122,2,0,0.61396414,0.5920406216385169
125,2,0,0.643408,0.6535918456427736
127,2,0,0.4842508,0.5071356775060972
130,2,1,0.7681051,0.7371325493079146
131,2,1,0.2911202,0.3110304038655887
139,2,1,0.64222646,0.6248533862149512
148,2,1,0.77574974,0.7179301904803512
152,2,0,0.25328013,0.2832062501996568
155,2,1,0.80109817,0.7814175710506318
158,2,1,0.616102,0.6390757741087717
173,2,1,0.77724034,0.7716737249448687
176,2,0,0.73728806,0.7267261476276518
177,2,1,0.83345705,0.8362789053198709
181,2,1,0.8564091,0.8430015126931509
184,2,1,0.7613236,0.7537369355969843
188,2,1,0.8245484,0.8163605537441143
191,2,1,0.85102624,0.8455294090086368
194,2,0,0.632382,0.615332344923574
196,2,0,0.59370697,0.5690901103555581
197,2,1,0.60958105,0.6163553941932209
199,2,0,0.26700523,0.29157249504348376
200,2,1,0.8306911,0.8142367698415921
205,2,0,0.4686215,0.47732056918124804
207,2,0,0.3044112,0.3115528801843311
212,2,0,0.26901975,0.2964518602324062
226,2,1,0.6965745,0.6900938138532932
227,2,0,0.59590644,0.6484997636449373
234,2,1,0.5409381,0.5786339134292986
239,2,1,0.7395253,0.7137655110866978
240,2,1,0.8841607,0.8779297985484626
250,2,1,0.62428355,0.6165678553589874
251,2,1,0.8985689,0.8694044155864695
253,2,1,0.6567007,0.6539652264994797
255,2,0,0.650222,0.5976943990907473
266,2,1,0.4530773,0.4324624855523837
267,2,1,0.8180321,0.7810818229943315
268,2,1,0.23990723,0.2880772048313364
269,2,1,0.6083455,0.5863139726932898
274,2,1,0.66342473,0.6764564637763358
276,2,1,0.5468115,0.5459904711212096
280,2,0,0.50994855,0.5473458972950201
281,2,0,0.6063337,0.6429657818489958
284,2,1,0.699886,0.679237791661321
287,2,0,0.27109128,0.29709165353590944
292,2,1,0.7337792,0.736041895349652
293,2,1,0.7403451,0.7765873620106423
294,2,1,0.8826994,0.86043068243876
296,2,1,0.91836476,0.9060541464785756
299,2,1,0.91125757,0.903982458308815
303,2,0,0.5852602,0.6033197212186772
310,2,0,0.721145,0.6938313531709094
311,2,0,0.60069835,0.678201412821023
316,2,1,0.70536554,0.7066230076807697
324,2,0,0.5786971,0.5784929967868435
325,2,1,0.38401768,0.425943217995607
326,2,0,0.56250024,0.5650794965710751
328,2,1,0.6263752,0.6305485744254502
331,2,1,0.6749814,0.6702528899243905
333,2,0,0.68377584,0.6701358164314398
335,2,1,0.4969207,0.5392489353995928
337,2,1,0.6772129,0.6571041013328026
338,2,1,0.7299459,0.7321542914648359
339,2,0,0.8389814,0.8194763551699553
340,2,0,0.84525216,0.8395999755465677
346,2,1,0.5854168,0.5602616980622054
349,2,1,0.60869825,0.6300167836355112
361,2,0,0.60623854,0.5819994668379925
377,2,0,0.57181543,0.5539699075425002
379,2,1,0.47469765,0.5096188939471935
384,2,1,0.8070829,0.7977156566273179
388,2,1,0.6272612,0.6404052354482022
391,2,0,0.17178868,0.20698950339505914
392,2,0,0.63932484,0.6090495995980333
393,2,1,0.47799447,0.530085395920741
394,2,1,0.48180562,0.5195413688739728
395,2,0,0.69987184,0.7023432296054927
396,2,0,0.59640056,0.6091792654924146
401,2,1,0.87667423,0.8577896037484346
414,2,1,0.72199625,0.7312001421883786
416,2,1,0.80555326,0.7581831513640517
417,2,0,0.6103306,0.5883685859184579
418,2,1,0.64641243,0.6321754712974295
422,2,1,0.9310515,0.9110604122809082
423,2,0,0.31035036,0.435603856548098
425,2,0,0.44640625,0.464903952174455
428,2,0,0.5651452,0.5799963664003066
430,2,0,0.3745393,0.4199826693103836
435,2,0,0.49726442,0.517332549935573
442,2,0,0.18267061,0.1999079111119316
443,2,0,0.63441527,0.6369329129821361
444,2,1,0.7931961,0.8065616352793549
456,2,0,0.48230347,0.5456931535894124
458,2,1,0.7575098,0.7397248029933267
460,2,1,0.5923201,0.5796931492721754
465,2,0,0.8819531,0.8816185665520266
468,2,0,0.6424129,0.6587633633672946
471,2,1,0.45453253,0.45805312392824005
472,2,0,0.38584405,0.37440757759936116
483,2,0,0.19355212,0.20795923480529427
485,2,0,0.4555352,0.48822884880947776
491,2,1,0.40390968,0.4504661979273394
500,2,1,0.57352144,0.5626716281369603
504,2,1,0.7226373,0.6867958912866856
507,2,1,0.72839075,0.7291444035245712
510,2,1,0.8662503,0.8568617853538677
511,2,0,0.5858456,0.5620033381709424
519,2,1,0.48222575,0.4145405812668356
525,2,1,0.7234859,0.6914560025858628
530,2,0,0.40381578,0.4456209912305202
534,2,1,0.90249944,0.8937601485501251
538,2,0,0.58593935,0.5662456746833718
548,2,0,0.5708278,0.5946739339764391
555,2,0,0.8428037,0.8209886899470652
559,2,0,0.4322956,0.4439573227763136
564,2,0,0.54900515,0.5281827208522366
570,2,0,0.80971336,0.789346841441973
572,2,0,0.39213604,0.39674781874616666
576,2,1,0.8360018,0.7962486345111679
580,2,0,0.52584213,0.5090208978860796
586,2,1,0.7916837,0.7514375535196951
593,2,0,0.19231172,0.23755873720658738
594,2,1,0.8126621,0.7971156945219559
595,2,0,0.39021453,0.38332019794748307
603,2,1,0.60590225,0.613836489126251
605,2,1,0.3923856,0.4507147145583597
612,2,1,0.4974849,0.5433048107753512
614,2,1,0.683625,0.6878663633235648
620,2,0,0.3184791,0.31198082792782833
624,2,1,0.90625626,0.902948510595717
633,2,0,0.7324684,0.7112264001709784
644,2,1,0.81255656,0.7488805874732265
649,2,1,0.7545092,0.7556795171645758
650,2,1,0.5178185,0.5547579824535929
654,2,1,0.600173,0.6112663399826498
657,2,0,0.5435109,0.5140338386914574
660,2,0,0.17743649,0.1838446116742794
663,2,0,0.35043502,0.3768718803868058
664,2,1,0.55397373,0.5581767640344264
666,2,1,0.69719046,0.6769137420125755
669,2,1,0.83748746,0.8353348207330253
672,2,0,0.1687713,0.2038949003491194
675,2,1,0.7207597,0.7077584517771747
680,2,1,0.62397176,0.6413165142356229
685,2,1,0.7010068,0.6944460122306411
702,2,0,0.68471307,0.6604449368592541
704,2,1,0.58670735,0.5786254380229556
705,2,1,0.6965639,0.6979614508527543
712,2,0,0.43214783,0.45682028734430696
713,2,0,0.29636312,0.3199929259966499
715,2,0,0.46404108,0.4902274008265609
719,2,1,0.83017117,0.8025679320322887
723,2,1,0.7357974,0.7582154754488948
725,2,1,0.53846925,0.5765324027104418
727,2,0,0.46658102,0.4857414702649881
732,2,0,0.47208172,0.4698767367506788
733,2,1,0.37708786,0.41816966752630363
735,2,1,0.8040125,0.7917196375900045
743,2,1,0.8797738,0.8684374938946992
751,2,0,0.6264226,0.6388166418031997
759,2,0,0.58461946,0.5567468561166218
769,2,1,0.54834956,0.5634852599925478
775,2,0,0.4884456,0.5458347143958098
776,2,0,0.6562643,0.6584078132392596
778,2,0,0.80128074,0.781562033602182
779,2,0,0.55523765,0.5357827451725835
782,2,1,0.63356054,0.6344514285280489
783,2,1,0.8080194,0.7752398184764475
787,2,0,0.64735305,0.6660329141734626
791,2,0,0.74667615,0.7315984258598364
806,2,0,0.38326928,0.3738119821509329
807,2,1,0.68532205,0.7188301619747964
814,2,0,0.66172147,0.6829990763833657
818,2,0,0.5034313,0.5659982268042308
830,2,1,0.45001167,0.44271786130083307
834,2,1,0.7102317,0.6835261911893207
845,2,0,0.36059532,0.34537090478299043
850,2,1,0.27107087,0.29920519876312734
853,2,0,0.29557848,0.28101518515545293
861,2,1,0.8606418,0.851666467203498
862,2,1,0.35350314,0.4184832858929584
864,2,0,0.59681356,0.5984736268422574
866,2,0,0.46341395,0.4746480274072343
877,2,1,0.7555209,0.7286510187744469
886,2,1,0.615523,0.6586352156348083
887,2,1,0.7956202,0.7755801078004759
893,2,1,0.55696404,0.5853674308512345
894,2,1,0.5995085,0.5861274585948338
897,2,1,0.71592647,0.7052242310110818
899,2,0,0.5074488,0.5007260478837863
905,2,0,0.3121412,0.31042285800630465
908,2,0,0.6682109,0.6658441821952708
913,2,1,0.730506,0.7204375094692661
914,2,1,0.7651901,0.7550628800732567
919,2,1,0.65584177,0.6567703138477224
929,2,1,0.86332875,0.8556147015542624
936,2,1,0.553727,0.5228745668594443
938,2,0,0.48402342,0.4891819168373624
943,2,1,0.7539216,0.7571288298608405
945,2,1,0.29762906,0.3333774939994877
946,2,1,0.7365546,0.7238113139882691
952,2,1,0.8532489,0.830052407666683
955,2,0,0.7797184,0.740639415706628
957,2,0,0.3852744,0.4730482674991724
976,2,0,0.3658799,0.37527389821620055
978,2,1,0.38555455,0.3992698475881619
984,2,0,0.69447184,0.6663433132736766
985,2,1,0.4609561,0.4884382451611901
1002,2,0,0.2879616,0.3215423441876143
1006,2,1,0.57736444,0.5929861708059457
1007,2,1,0.24278176,0.31413947334732695
1008,2,1,0.77868396,0.7538952598039764
1023,2,0,0.7597986,0.7680873232166222
1027,2,0,0.6876941,0.6922326430799332
1029,2,1,0.79403794,0.7671732441184649
1035,2,0,0.55505234,0.5912246119275538
1037,2,1,0.6643738,0.6791198614644687
1039,2,0,0.44907063,0.493445003240496
1050,2,1,0.66015863,0.6513254157246285
1059,2,0,0.73262453,0.7003697432991148
1061,2,1,0.859429,0.862152502763648
1062,2,0,0.2250139,0.2269811057720095
1067,2,1,0.5894202,0.6182439899301141
1068,2,1,0.8454332,0.8425167482952004
1074,2,1,0.88516873,0.8621726042661999
1083,2,1,0.4780156,0.5031076986909243
1086,2,1,0.7987206,0.7796075356957961
1089,2,0,0.5370475,0.5666668408849287
1096,2,0,0.5891448,0.5927017150263509
1097,2,0,0.62472665,0.6182007607930358
1098,2,0,0.43187603,0.4675358195655446
1099,2,0,0.70646596,0.6923946213620132
1100,2,0,0.40981853,0.4027823993318422
1108,2,0,0.5288033,0.5778028745683842
1109,2,0,0.7831894,0.779997134462125
1110,2,0,0.69564974,0.7053843894464257
1116,2,1,0.7619967,0.7491244618144278
1117,2,0,0.51803654,0.5143222874948659
1122,2,1,0.9042356,0.8926947659898044
1129,2,1,0.8563904,0.8436468347635913
1135,2,1,0.75449467,0.7232106277676286
1136,2,1,0.47922745,0.5067441337021465
1145,2,0,0.62715644,0.5891751003672862
1148,2,1,0.8592007,0.8301871958363696
1150,2,1,0.7159962,0.698897292207661
1161,2,0,0.5803676,0.5630972002670803
1167,2,1,0.5241519,0.501764435935247
1169,2,0,0.5927131,0.6047901032321912
1171,2,1,0.79577893,0.7845298985038727
1174,2,1,0.7692985,0.7437074403736628
1178,2,1,0.8149015,0.8030950602412278
1181,2,1,0.6839388,0.675468551909192
1183,2,1,0.85977286,0.7966889810480011
1185,2,1,0.7254601,0.7390203685220345
1191,2,1,0.42041907,0.3328246803643694
1207,2,1,0.6948696,0.6925553465181873
1215,2,1,0.80579126,0.7724809692306839
1219,2,0,0.41956824,0.47229015289606147
1228,2,0,0.7411778,0.7382007789343773
1234,2,0,0.70455676,0.6895705363407018
1235,2,0,0.74792874,0.7366344519157094
1241,2,0,0.49119082,0.45533805534477595
1246,2,1,0.9037299,0.8845801478456283
1248,2,0,0.31787091,0.3572325513207767
1250,2,0,0.5495967,0.5462180206981635
1254,2,0,0.21843308,0.21562846930707158
1256,2,1,0.52219737,0.5089602565030307
1258,2,1,0.75415295,0.7537854076778355
1262,2,0,0.27322876,0.29356974716162076
1276,2,0,0.51129967,0.5222836361761447
1284,2,0,0.47058254,0.4723572941045122
1295,2,0,0.39428413,0.4767671404888059
1306,2,1,0.40829188,0.5055776463962864
1309,2,0,0.2694292,0.3202156678466495
1311,2,1,0.6858771,0.5937524919075786
1312,2,1,0.64767325,0.6330905088320437
1315,2,0,0.67070025,0.6575879947367894
1318,2,1,0.7888877,0.7658096446504775
1324,2,1,0.88773,0.8604699157811196
1325,2,0,0.28714183,0.273445467655909
1336,2,1,0.83203214,0.8020320900557055
1342,2,1,0.7815646,0.7778771298598786
1344,2,0,0.41500667,0.4531292956796919
1345,2,1,0.8050637,0.8012510398014202
1346,2,1,0.48692435,0.4872637366812441
1362,2,0,0.16707161,0.22380605657340513
1363,2,0,0.43389526,0.4677237415611372
1365,2,1,0.78413624,0.7713620453499582
1366,2,0,0.5868647,0.6040246959722492
1367,2,0,0.525834,0.5522642209630703
1375,2,0,0.57807696,0.6082813330933551
1380,2,0,0.4302019,0.42767294555394814
1388,2,1,0.5188183,0.5016885043698408
1390,2,0,0.51139146,0.5525344807257881
1391,2,0,0.76180756,0.77678571193459
1393,2,1,0.74043757,0.7299198637081836
1394,2,1,0.7353057,0.7252340188234976
1403,2,1,0.6188033,0.6151397001066065
1407,2,0,0.6178438,0.610747844419131
1410,2,0,0.71730584,0.7076833499307045
1411,2,1,0.7842232,0.758856669455396
1413,2,0,0.75805515,0.7316402157843316
1418,2,1,0.54589856,0.55885619782395
1420,2,0,0.47785637,0.5272534045030955
1421,2,1,0.7803672,0.7391862552463672
1427,2,1,0.74047023,0.7192512872517626
1439,2,0,0.76563907,0.7631441880218038
1444,2,1,0.50078905,0.4389814911224599
1455,2,1,0.4935705,0.5654994211968406
1459,2,0,0.7157636,0.6966559803920933
1460,2,0,0.6716947,0.7010130802934713
1461,2,1,0.6614283,0.6971854041661681
1462,2,0,0.45113617,0.46181660648620665
1467,2,0,0.6398284,0.6014919365151102
1480,2,0,0.53630453,0.5241973844427865
1496,2,0,0.6989842,0.6968048459536481
1497,2,1,0.6871381,0.6818519461766956
1500,2,1,0.89515704,0.8894925023677052
1502,2,1,0.907597,0.8876361070659512
1510,2,1,0.76171714,0.752160184337594
1516,2,1,0.7725629,0.7628853207128958
1519,2,1,0.7765722,0.7930751175277313
1529,2,1,0.8131094,0.7892803506844535
1534,2,0,0.77777374,0.7498990589184572
1535,2,1,0.6269703,0.6322045198407101
1537,2,1,0.64383984,0.6626317053239825
1541,2,0,0.8495467,0.8017784280889343
1542,2,1,0.8275464,0.7914642087777388
1545,2,1,0.48968816,0.5089985726877562
1550,2,0,0.5991956,0.5900871667518032
1551,2,0,0.43678018,0.47548607291273187
1557,2,1,0.8522815,0.8361857576149777
1566,2,0,0.41991633,0.4384362729149801
1570,2,0,0.6366212,0.6301855628914459
1573,2,0,0.6589968,0.6401866146461689
1579,2,1,0.5469092,0.5301745202743233
1583,2,0,0.6789251,0.6718638165195194
1588,2,0,0.61296433,0.6441469413120727
1591,2,0,0.4375525,0.4564226399223045
1592,2,0,0.6793369,0.687245419430101
1606,2,1,0.67544955,0.6514839199992584
1620,2,0,0.69153327,0.67610314190162
1633,2,1,0.44764692,0.4133505674401497
1636,2,1,0.8761093,0.8666898581404618
1637,2,0,0.53017974,0.6023672762010089
1641,2,1,0.7981615,0.7351692477110066
1651,2,1,0.51288354,0.5162095632553797
1657,2,0,0.70323235,0.6865427543443993
1661,2,0,0.30842763,0.30470330610498003
1665,2,0,0.5164718,0.5484526209841626
1672,2,0,0.6981282,0.7128882443747956
1673,2,1,0.8580448,0.8529752911136588
1675,2,0,0.83908635,0.844994910732744
1678,2,1,0.48365718,0.5331483763301771
1684,2,1,0.6642976,0.678326363136107
1685,2,1,0.66122186,0.6254985142183218
1687,2,1,0.61789906,0.5881625765064595
1689,2,0,0.76730037,0.7162105581742598
1694,2,1,0.89062214,0.8808182519543232
1695,2,1,0.5949133,0.6207142106096998
1701,2,1,0.33799618,0.37341721644387105
1702,2,0,0.5056351,0.4938049684535067
1704,2,1,0.54052234,0.5505568047701103
1706,2,1,0.67306906,0.6893501779338213
1711,2,1,0.7940556,0.7617864584898916
1727,2,1,0.82150745,0.831960913906262
1728,2,0,0.40934286,0.44426001846644136
1731,2,1,0.35961357,0.39964753250506446
1736,2,0,0.5593731,0.5493581294813855
1742,2,1,0.7099687,0.6960467586689992
1754,2,0,0.5200889,0.5214456215949729
1771,2,1,0.5440179,0.5462135398991937
1774,2,1,0.7004659,0.7072757510820952
1777,2,1,0.6812839,0.6679443079537061
1782,2,0,0.5227838,0.5436473674547747
1784,2,1,0.59948516,0.6381074417424235
1785,2,1,0.68818367,0.7080449035121849
1795,2,1,0.69549227,0.7070465962728316
1798,2,1,0.36882532,0.4022491398559901
1802,2,1,0.7880383,0.7819514490585768
1807,2,1,0.7921175,0.7922105411233398
1810,2,1,0.691605,0.7279033032111898
1821,2,1,0.6552975,0.6565387480228175
1823,2,1,0.7633703,0.7441830954376182
1825,2,0,0.61572844,0.6264453711410839
1843,2,0,0.39286697,0.3943417093470664
1853,2,0,0.61682355,0.5875455115015601
1856,2,1,0.7805193,0.7581707386951343
1859,2,0,0.24494097,0.2721688237465608
1865,2,1,0.6197604,0.5798813845848135
1866,2,1,0.8468646,0.8659675239409461
1868,2,1,0.47783023,0.524345224377206
1876,2,1,0.65269554,0.6344002378668792
1881,2,1,0.58716905,0.5411932505976091
1882,2,1,0.5121336,0.5357594988181399
1885,2,1,0.6099197,0.5926856331628415
1890,2,0,0.43630883,0.4703150552801169
1907,2,1,0.33077914,0.3092376275322093
1911,2,1,0.68396246,0.6884302638875396
1912,2,1,0.64328206,0.6459707923877106
1915,2,0,0.65013933,0.6398758827038138
1922,2,1,0.64723444,0.6408064222873587
1932,2,0,0.54047287,0.542752680102365
1935,2,1,0.32697102,0.3111104951912809
1944,2,0,0.6836958,0.6466080063443743
1945,2,1,0.6170414,0.6106025910650169
1948,2,0,0.56346273,0.5756179331639887
1950,2,0,0.5751443,0.590890234685986
1952,2,1,0.7164807,0.6885038217819934
1958,2,1,0.4826904,0.48988185452237965
1959,2,1,0.58200544,0.549783639993572
1964,2,1,0.6483422,0.6531014359946824
1967,2,0,0.112140894,0.10274272247571295
1968,2,0,0.3696622,0.37465813038738877
1972,2,1,0.6438077,0.6256652123550297
1989,2,1,0.6148078,0.6396562081717527
1992,2,1,0.7225072,0.7297845249669496
2010,2,1,0.80519265,0.8038164606613845
2011,2,1,0.35919172,0.40363318071609905
2013,2,1,0.802125,0.8097211980041019
2014,2,1,0.7050674,0.6655809317043576
2015,2,0,0.56663454,0.593520030714631
2020,2,0,0.8626982,0.8217581263574143
2032,2,1,0.9061732,0.89743369713759
2038,2,1,0.69070584,0.6933077839755192
2049,2,0,0.6009652,0.5961354239921623
2050,2,1,0.7431413,0.7362543109040629
2057,2,1,0.74761623,0.7647590141148096
2060,2,0,0.5820697,0.5873655939046567
2066,2,1,0.8635774,0.8531999981252444
2067,2,0,0.5533702,0.5532636892161321
2074,2,1,0.5957026,0.5532284249229945
2075,2,1,0.52253664,0.5568138164501062
2080,2,1,0.84596896,0.8465808809553611
2088,2,1,0.7520265,0.7571956790928549
2089,2,1,0.56840813,0.6015460977693758
2090,2,0,0.45376354,0.47989517444479424
2093,2,1,0.686522,0.6566061553750822
2102,2,1,0.58086133,0.6186432296661296
2107,2,0,0.7304098,0.6866681104958808
2108,2,0,0.55241716,0.580871130045921
2113,2,1,0.39884448,0.3673867277061981
2119,2,0,0.20857973,0.2722081280313222
2121,2,1,0.5001423,0.3894837421642985
2130,2,0,0.5561641,0.5294752490490235
2143,2,0,0.5631308,0.5726134810629382
2163,2,0,0.35031685,0.40179987457531025
2166,2,1,0.6922126,0.6500022091438075
2173,2,1,0.43410385,0.4357781352932491
2176,2,1,0.7555352,0.7482200124283565
2178,2,0,0.27165216,0.2533624568360664
2179,2,1,0.4136645,0.38529123591843184
2180,2,1,0.76917577,0.7555126680617791
2181,2,1,0.5818954,0.4979661687590675
2189,2,0,0.75884634,0.746450217793524
2191,2,1,0.6465415,0.6294421711865844
2192,2,1,0.77372676,0.7102990389203666
2200,2,0,0.3670578,0.4045819632188683
2202,2,1,0.5844218,0.6007072793561266
2204,2,1,0.56316006,0.5705210490306822
2205,2,1,0.8705085,0.8695764766818291
2214,2,1,0.64304113,0.6349198693040236
2228,2,1,0.6518129,0.6363707956474418
2229,2,0,0.46881485,0.5371455167767298
2230,2,0,0.56144786,0.6072158255444837
2234,2,1,0.31902668,0.3617329617465689
2238,2,1,0.48709756,0.4649837634766138
2244,2,0,0.7053836,0.7088630645792476
2246,2,0,0.498481,0.49207257171107216
2247,2,0,0.39270353,0.449449063967834
2248,2,0,0.5145844,0.4652606733450662
2249,2,0,0.63840973,0.6451442151353773
2252,2,0,0.38212422,0.3924539526703198
2254,2,0,0.39345622,0.40313668602328406
2255,2,0,0.6754197,0.6472031395262992
2260,2,1,0.56377494,0.5869456021024212
2262,2,1,0.6997239,0.6867569581079535
2265,2,0,0.71905816,0.7052005561471443
2267,2,1,0.62689245,0.5885071690510009
2275,2,1,0.62873816,0.6404283707922654
2283,2,0,0.18096918,0.16494011173377943
2291,2,0,0.6819758,0.6746028044938982
2292,2,1,0.61475796,0.5605408925297893
2294,2,0,0.9302116,0.9229903293019606
2298,2,1,0.36121485,0.3606500535157173
2304,2,0,0.42360675,0.4426563579525415
2311,2,1,0.8518244,0.8242964411687023
2315,2,0,0.7597781,0.7590617173381263
2316,2,1,0.698573,0.7106680432922958
2317,2,0,0.638402,0.6334615789351429
2318,2,0,0.1504703,0.13722422276562463
2321,2,1,0.6444086,0.7239110968761446
2323,2,0,0.36641166,0.47739782089759125
2324,2,0,0.27189404,0.30722396650906597
2325,2,1,0.8915605,0.8876482868134224
2326,2,1,0.74610955,0.7251051950466626
2327,2,1,0.37880465,0.4122887830808519
2330,2,0,0.80846083,0.7731462312815531
2334,2,1,0.7728482,0.7526343724943066
2338,2,1,0.65269184,0.6461637729402413
2339,2,0,0.8069166,0.8302310949355971
2341,2,1,0.7371329,0.7278620022661413
2348,2,1,0.35823542,0.35218229295264203
2351,2,0,0.77621424,0.7727076930067066
2371,2,1,0.35233924,0.31719873651946545
2376,2,1,0.46713758,0.5056518354328989
2377,2,0,0.3158979,0.2886706835190733
2382,2,1,0.36091253,0.3188681429523235
2383,2,0,0.6313202,0.6735386918325006
2389,2,1,0.71595556,0.6868011264534825
2395,2,1,0.4280215,0.4467722553780132
2401,2,1,0.76360244,0.6991763660544973
2402,2,1,0.82100606,0.7993368478517859
2403,2,0,0.47774452,0.4466916360497259
2407,2,1,0.9055169,0.9031656432853974
2411,2,1,0.37460795,0.4109206451794203
2413,2,1,0.46017715,0.4574134093116947
2416,2,1,0.40146986,0.4585325146993844
2421,2,1,0.6476541,0.6573380242123144
2422,2,1,0.7454286,0.733666257632511
2423,2,1,0.78067213,0.7610331780680973
2427,2,0,0.18955088,0.2451606713722201
2431,2,0,0.5759758,0.5199143585153863
2432,2,0,0.6528861,0.6474493674003136
2437,2,1,0.63765407,0.6694602429130228
2438,2,1,0.6380667,0.6631761686835931
2439,2,0,0.5110928,0.4921037680136308
2444,2,0,0.7488756,0.7679073776560315
2451,2,0,0.3987603,0.38753164360157805
2454,2,1,0.45998335,0.4701268758859729
2461,2,1,0.6694804,0.5924817901342913
2463,2,0,0.43053174,0.41032616789905557
2464,2,0,0.3534517,0.3538985398933897
2466,2,1,0.7390792,0.7161650415405306
2468,2,1,0.5824917,0.6531976566914012
2476,2,1,0.59242713,0.588882093635041
2482,2,1,0.89190656,0.8808652161130313
2483,2,0,0.7032478,0.6959569729377171
2484,2,1,0.6801201,0.6698321186630217
2486,2,1,0.40215656,0.4381319162691356
2488,2,0,0.62037677,0.6081611819165026
2496,2,1,0.26656824,0.30475595862049054
2498,2,0,0.5173269,0.49676867542708664
2500,2,0,0.38813752,0.44388446812275945
2502,2,1,0.7549946,0.7439276646306168
2507,2,1,0.76611,0.7659297562700103
2510,2,0,0.59165406,0.6508487271803316
2511,2,0,0.51860416,0.5025990504446071
2512,2,0,0.44567487,0.5319564800664007
2526,2,1,0.75987685,0.734340522371157
2537,2,0,0.4006596,0.42341535957085435
2544,2,1,0.81777143,0.8005942069739317
2547,2,0,0.5667008,0.5326940752226698
2549,2,0,0.35845706,0.4128767839471114
2550,2,1,0.58750856,0.5924916099718217
2551,2,1,0.41534853,0.46140385655999683
2564,2,0,0.6742192,0.6280037102459528
2566,2,1,0.15580371,0.16284799251916673
2582,2,0,0.12758854,0.10817165049818923
2588,2,1,0.4424947,0.5026017243801882
2589,2,1,0.5469497,0.5577459205180703
2596,2,0,0.62820137,0.6417904619960909
2609,2,1,0.34639066,0.38862401479055636
2610,2,1,0.48569694,0.5141776636175169
2613,2,1,0.57936406,0.5917256614931915
2615,2,1,0.6631576,0.6703890640275869
2622,2,1,0.6686411,0.6891458031468767
2623,2,1,0.61592793,0.620720007003233
2631,2,1,0.5947381,0.6040452516557968
2633,2,1,0.5918627,0.642813451370074
2638,2,1,0.4865432,0.5002511126249538
2639,2,0,0.11097179,0.09835000118772569
2640,2,0,0.85091114,0.8259903111194116
2663,2,1,0.92151374,0.9028575649761532
2666,2,1,0.41543627,0.466274323378565
2673,2,1,0.5286365,0.5247848036882327
2677,2,1,0.4782644,0.4926333477797218
2682,2,1,0.62550396,0.6662723496018647
2685,2,1,0.69773734,0.6510244859424522
2686,2,0,0.17815626,0.1695408443659905
2690,2,0,0.4624175,0.47340998512544663
2696,2,1,0.6148895,0.627240586440687
2701,2,1,0.6096636,0.6367055647069607
2702,2,1,0.85634226,0.8599068024060698
2705,2,1,0.51031744,0.4987809104534631
2710,2,0,0.6313343,0.6286454490642779
2711,2,1,0.7363895,0.7327902977744598
2714,2,1,0.5544359,0.6071236650254261
2721,2,0,0.11632593,0.11665245702803421
2722,2,0,0.7926114,0.8115372451644012
2727,2,0,0.6923311,0.6917545899186314
2732,2,1,0.77498096,0.7752001431031705
2734,2,1,0.358891,0.3977670074331367
2743,2,0,0.44861084,0.3766212153873911
2752,2,1,0.7720806,0.7771025290132655
2756,2,1,0.78739464,0.7996714357789224
2761,2,1,0.7570592,0.7306963163213128
2768,2,1,0.72960013,0.7478919157641182
2771,2,0,0.089244455,0.07906023407568125
2773,2,1,0.78393763,0.752821024057388
2775,2,0,0.16289136,0.1702625366022056
2779,2,1,0.59364134,0.6252979417798881
2789,2,0,0.26189765,0.28225164819615756
2795,2,0,0.09705182,0.09271315420590681
2806,2,0,0.15450527,0.15823970284607083
2809,2,0,0.23986605,0.2397065406410519
2813,2,1,0.52752775,0.5212250192809132
2821,2,1,0.7401649,0.7027103541060657
2822,2,1,0.7694581,0.7734424639120789
2825,2,0,0.17411716,0.16223555653804764
2841,2,1,0.3628471,0.3539821706719919
2846,2,0,0.5076078,0.47535221166589653
2863,2,1,0.777792,0.7677798595514058
2870,2,0,0.53602815,0.5714146230564144
2871,2,0,0.38442093,0.3884578265569217
2872,2,0,0.3815984,0.3802692274816202
2886,2,1,0.6038721,0.6615355278250281
2903,2,0,0.18760969,0.18451880080320573
2909,2,1,0.53475255,0.5692797974878341
2915,2,0,0.2084783,0.21542582905883867
2917,2,1,0.4223931,0.4049810236921383
2920,2,1,0.60798496,0.5979196750029441
2922,2,0,0.3467969,0.43533689641416135
2931,2,1,0.5955794,0.6224454217657348
2934,2,0,0.6292629,0.5950588818727338
2939,2,1,0.53396106,0.5597269715680644
2944,2,0,0.51219827,0.5222589079872978
2945,2,1,0.33563614,0.425625248167957
2946,2,1,0.62610096,0.6588163561652631
2948,2,1,0.2904722,0.3302240988698293
2949,2,1,0.3683852,0.32126445613298305
2954,2,1,0.778215,0.7716755076486113
2956,2,0,0.5704311,0.544482056865347
2959,2,0,0.38312164,0.35284395775763083
2961,2,1,0.47018218,0.4418272737379918
2982,2,0,0.24222144,0.19624980742605366
2998,2,0,0.42451233,0.4475144599780804
3014,2,0,0.30735824,0.29099775650467696
3018,2,0,0.46294487,0.48630356711057865
3019,2,1,0.5382085,0.5376130115152667
3022,2,0,0.11317602,0.09803261688028321
3023,2,0,0.21002856,0.16724627014280027
3030,2,0,0.16103198,0.14531114960089023
3033,2,0,0.23471981,0.1943993939063725
3034,2,0,0.2062677,0.2165640944796308
3046,2,0,0.17736664,0.10945675001248396
3047,2,1,0.36124304,0.3917832906558501
3052,2,1,0.18355285,0.21035024973489558
3055,2,0,0.26139316,0.20080357404154367
3056,2,1,0.44429925,0.4304787483397697
3060,2,0,0.5169954,0.4855432022642258
3061,2,0,0.14020671,0.1275958436108952
3065,2,0,0.12199779,0.1055464761201717
3074,2,0,0.1465577,0.12479159859120764
3075,2,0,0.44608924,0.38309132101931087
3076,2,0,0.46375617,0.48241343814631876
3084,2,1,0.6687621,0.7038049893053925
3087,2,0,0.21371561,0.17535378251087047
3091,2,1,0.6632135,0.6670419672992158
3094,2,1,0.6223376,0.6143513947081886
3103,2,0,0.26455873,0.2496707834755947
3107,2,1,0.57270235,0.5656109277199889
3119,2,1,0.74341995,0.7282505173985026
3124,2,1,0.7055012,0.6713556616150916
3132,2,1,0.4331333,0.48065751904975823
3135,2,0,0.2401218,0.24032059352717275
3136,2,1,0.606327,0.6435194086117133
3147,2,1,0.634543,0.5820254863416661
3148,2,1,0.69669515,0.6761338282586824
3150,2,0,0.13119648,0.11877334637647892
3152,2,0,0.53010154,0.5020969964108939
3157,2,1,0.130216,0.10570187768627058
3159,2,1,0.2798284,0.2537916598075036
3162,2,0,0.4188728,0.3941799078015211
3163,2,1,0.74049646,0.6809250176372003
3169,2,1,0.645216,0.6715964558046877
3173,2,0,0.36432147,0.3259701534785921
3186,2,1,0.35024124,0.4057841492614458
3202,2,1,0.667576,0.6638759857784986
3216,2,0,0.5704052,0.5849383759859681
3217,2,0,0.17591996,0.16065175405403911
3220,2,0,0.2235286,0.20610619427034738
3223,2,0,0.5571633,0.5912927244469994
3230,2,1,0.5694047,0.5291988442420905
3236,2,1,0.7074527,0.6997292314010588
3245,2,1,0.20667313,0.24827280081403394
3254,2,1,0.815839,0.7885666598104143
3255,2,0,0.6859395,0.6855154814446278
3256,2,1,0.45677325,0.43761645141822864
3258,2,1,0.65994567,0.6318273785847285
3263,2,1,0.612667,0.6062026444036992
3268,2,0,0.61016,0.5695104157094785
3272,2,0,0.11913836,0.1069218309959202
3273,2,1,0.83549196,0.8200316631559857
3275,2,1,0.33925977,0.36672015866172925
3277,2,1,0.5221511,0.546267380748913
3281,2,0,0.54274744,0.5221234726254392
3289,2,1,0.7137778,0.7061248596533442
3290,2,1,0.7702606,0.7707709535431282
3302,2,1,0.47262958,0.5116879792901777
3303,2,0,0.64338785,0.6466201314494038
3307,2,0,0.167721,0.17220412023548343
3309,2,1,0.6604948,0.6385135376991659
3312,2,0,0.72500616,0.6969151284791401
3316,2,0,0.697345,0.7125032457385111
3320,2,1,0.824733,0.7871661452147871
3324,2,1,0.74574697,0.7325285851170843
3325,2,1,0.7858512,0.7249459353300951
3331,2,1,0.4464618,0.45171160703690894
3334,2,1,0.18311477,0.16254274576236968
3339,2,1,0.27859205,0.28683990333648934
3343,2,1,0.8052149,0.7970368671336453
3345,2,0,0.8806051,0.8411534193709906
3346,2,1,0.66164625,0.677117750651355
3352,2,1,0.27165657,0.32175427075752805
3356,2,1,0.6321127,0.643069523309979
3358,2,1,0.4500555,0.44991575628245195
3363,2,0,0.32407856,0.3437606922744753
3365,2,1,0.72962624,0.7212104188163777
3367,2,1,0.474574,0.46500088318866756
3375,2,0,0.6318805,0.6553623455102897
3378,2,1,0.8162679,0.7927129415789242
3387,2,0,0.57659256,0.553053054720747
3391,2,1,0.66554797,0.667342746005978
3393,2,1,0.6097117,0.6113585695808403
3398,2,1,0.77789736,0.7834614968897071
3404,2,1,0.5620334,0.5878488078436024
3408,2,1,0.17407756,0.1818152951184857
3422,2,1,0.6678243,0.6383701725971749
3425,2,1,0.42361975,0.44474691553951473
3430,2,1,0.81452817,0.7952467143288675
3436,2,1,0.7546061,0.7123712363868788
3437,2,0,0.44261885,0.509504773030389
3440,2,0,0.5432903,0.5775145816354172
3443,2,1,0.87457985,0.8572133031098912
3447,2,0,0.6109364,0.5813223304911345
3452,2,0,0.66422546,0.6745546317962106
3453,2,0,0.7833176,0.7300685830042967
3461,2,1,0.27826896,0.3098276440892523
3464,2,0,0.8493404,0.8215804617934739
3469,2,1,0.74380904,0.7383439006443422
3474,2,0,0.15430427,0.16370235055482385
3478,2,0,0.7381049,0.7422059220641398
3479,2,1,0.5790779,0.5844758836130248
3495,2,1,0.5071626,0.5138988978357774
3497,2,1,0.3131082,0.30386359606019436
3501,2,1,0.3431607,0.3650351113143469
3504,2,1,0.21462654,0.25100647077843363
3508,2,0,0.23117545,0.2976186057926589
3510,2,1,0.43260062,0.4625629300487008
3517,2,0,0.19046377,0.23033743154057448
3540,2,0,0.3520597,0.36527363018834225
3547,2,1,0.66960394,0.6542768201669488
3548,2,1,0.6860614,0.6702009385589052
3550,2,0,0.58906597,0.5774952191184977
3557,2,0,0.6208271,0.6192207244154063
3561,2,1,0.643088,0.6464545757449788
3563,2,0,0.5310339,0.5434360152992044
3567,2,1,0.3567761,0.35359657089831964
3570,2,1,0.47324947,0.486961237641577
3572,2,1,0.67149127,0.6667647591140989
3574,2,0,0.35369086,0.31977580680493717
3583,2,1,0.7458808,0.727612492726891
3585,2,0,0.68020195,0.695636088662405
3590,2,1,0.64639044,0.6473137491061087
3612,2,0,0.56768966,0.5747397680936903
3617,2,1,0.6264217,0.5997282308692002
3623,2,1,0.42977935,0.40036470486950954
3629,2,0,0.6095591,0.6280313399867643
3635,2,1,0.6196735,0.619163337683479
3639,2,0,0.38296273,0.40503496864744676
3658,2,1,0.56801176,0.5241582790437412
3661,2,1,0.7050138,0.680661053695416
3672,2,1,0.71399134,0.6842135630189651
3675,2,1,0.47230452,0.5149988830778607
3678,2,1,0.60605556,0.5967115398568332
3684,2,1,0.6022027,0.597237354744457
3687,2,1,0.54010123,0.5275846171239655
3689,2,1,0.46588925,0.481711273590865
3700,2,1,0.5946097,0.6018037658542075
3702,2,0,0.4586835,0.4608798249996574
3704,2,1,0.3458448,0.37099404155455995
3721,2,1,0.69960153,0.741991433616783
3726,2,1,0.40636063,0.47240516542223643
3731,2,0,0.516371,0.48543822437052325
3735,2,1,0.70837986,0.6623449503427442
3736,2,0,0.4777737,0.4896212259241496
3737,2,1,0.5973587,0.6189074037338806
3750,2,0,0.696653,0.6949248827356465
3752,2,1,0.52414346,0.5272429665503746
3754,2,1,0.51615304,0.4807057430449793
3755,2,0,0.25156218,0.2598713351495307
3756,2,1,0.70268524,0.6632116799649672
3763,2,1,0.6570242,0.6291902589760413
3769,2,1,0.6701955,0.6475682000192319
3771,2,0,0.1161855,0.12794597764569515
3773,2,0,0.28150564,0.30325543122358833
3774,2,1,0.5379627,0.5714773864778127
3776,2,1,0.66555023,0.7018742527007386
3777,2,1,0.7455027,0.767039996317492
3780,2,1,0.773449,0.7722002510787496
3783,2,0,0.7105674,0.7039852055471492
3790,2,0,0.32776532,0.27303378613358303
3801,2,1,0.64256483,0.6447878963634875
3805,2,0,0.5715807,0.5726062519972847
3808,2,0,0.6652454,0.7000682666119237
3816,2,1,0.6069937,0.6304319139940565
3822,2,1,0.78208077,0.7351524249781618
3827,2,1,0.41192287,0.4430928437241583
3829,2,1,0.35197815,0.36240123338572017
3840,2,0,0.4090896,0.39587302953487263
3846,2,1,0.57394046,0.5708921500834087
3852,2,1,0.72839326,0.6994265719369273
3857,2,1,0.48598182,0.526095243248512
3863,2,1,0.7429509,0.7433453100713361
3864,2,0,0.62374127,0.6216555669605729
3871,2,1,0.60609746,0.5985910561286866
3876,2,1,0.6143629,0.6213642174551083
3886,2,0,0.27951458,0.3214998566730149
3893,2,0,0.4484648,0.496974574311753
3902,2,1,0.5995339,0.5965913236742975
3907,2,1,0.37442404,0.3261207709574739
3912,2,1,0.40649095,0.44455039366014654
3913,2,1,0.51411736,0.5203964455405895
3914,2,0,0.57337624,0.5538368189845579
3918,2,1,0.79307544,0.7738980914194129
3922,2,1,0.25678253,0.22892952608447165
3924,2,0,0.42955223,0.4700041226994473
3926,2,1,0.6381534,0.6290718923590606
3927,2,0,0.37869623,0.3711608365798317
3929,2,0,0.4391806,0.4246720625131354
3930,2,1,0.40157586,0.41124004727139435
3939,2,0,0.40966737,0.4053226577379509
3941,2,1,0.7599431,0.7490695241790173
3950,2,0,0.32245374,0.3167419090075605
3954,2,1,0.83248395,0.7919132001482676
3960,2,0,0.39100903,0.45798522110325185
3966,2,0,0.60393965,0.5831255087982692
3973,2,0,0.22262867,0.20126779074808093
3975,2,1,0.57559747,0.5607680722761119
3978,2,1,0.30296224,0.35851424996690434
3983,2,0,0.46846575,0.4810745456225226
3990,2,1,0.63448286,0.6180665959184094
4000,2,0,0.61785275,0.6365591718355589
4001,2,0,0.43428487,0.3987725206813971
4002,2,1,0.5068422,0.5191130042380787
4012,2,1,0.77620745,0.7644604383149438
4017,2,1,0.70339435,0.7136840512178394
4024,2,1,0.593282,0.5588474970444399
4025,2,0,0.57989526,0.6106378861256804
4026,2,1,0.3924866,0.3972880878086885
4034,2,1,0.6986548,0.6706327302419677
4039,2,1,0.7645452,0.7685765399256099
4045,2,0,0.21451142,0.2429501977140955
4047,2,1,0.7342659,0.7061457438808184
4051,2,0,0.26821655,0.2294899579557126
4052,2,1,0.64811295,0.6741093065126058
4056,2,1,0.8076456,0.7880505577539757
4057,2,1,0.8445842,0.8171797295430265
4059,2,1,0.7517792,0.7188341042177127
4060,2,0,0.28816387,0.282866197811309
4061,2,0,0.7454317,0.7147709641454263
4067,2,0,0.7627882,0.758267582350793
4070,2,1,0.55914867,0.5869961903459289
4072,2,1,0.6567742,0.6533287255227647
4073,2,1,0.6503658,0.6662883763673818
4075,2,1,0.43901238,0.4699659651337508
4081,2,1,0.69891405,0.6903919044685395
4084,2,0,0.62801075,0.6579628229055141
4088,2,0,0.53623766,0.5463543848634852
4091,2,1,0.737053,0.7006760911312365
4094,2,1,0.7221779,0.6857896596885611
4095,2,0,0.78771406,0.7805542097620977
4100,2,0,0.34611478,0.35085643869695965
4101,2,1,0.6756898,0.6703418954722586
4109,2,1,0.7175445,0.7064029033529792
4112,2,0,0.28844494,0.29044460528124383
4113,2,1,0.670301,0.658685646484761
4116,2,1,0.7570439,0.7055369743658838
4120,2,0,0.5925648,0.6281064820253401
4124,2,1,0.7892559,0.7406567682716471
4129,2,1,0.568172,0.5550416092461401
4130,2,0,0.783299,0.7459271215512163
4131,2,0,0.6286571,0.6622996397667883
4144,2,0,0.4181351,0.40990323536648626
4145,2,0,0.53707564,0.5048216069418175
4146,2,1,0.76924545,0.7790717883388784
4148,2,1,0.73311615,0.7010536230132047
4151,2,1,0.6659643,0.6817904349669244
4153,2,1,0.7677709,0.7321347707352939
4159,2,1,0.54290766,0.5549606461303996
4160,2,0,0.31236866,0.32858606719260625
4161,2,1,0.72439194,0.6867342788768864
4165,2,1,0.7997957,0.8122099776955803
4172,2,1,0.8324662,0.7990474871878575
4173,2,1,0.7744102,0.7447317242980078
4174,2,0,0.49280432,0.498750523170208
4178,2,0,0.6902409,0.6970897255553122
4180,2,0,0.74985623,0.7232753988853394
4182,2,0,0.5481739,0.564615112289672
4185,2,0,0.27920857,0.2743942927025369
4186,2,1,0.6961379,0.6071892207583567
4187,2,1,0.7249114,0.7109163965575326
4194,2,0,0.41198024,0.3923523266834084
4209,2,1,0.46388733,0.4965094407400761
4219,2,1,0.82956547,0.8446830805593171
4225,2,0,0.25700516,0.25898840520899996
4229,2,1,0.7882532,0.7819227793904273
4230,2,1,0.7716627,0.7417446573293859
4233,2,1,0.68962723,0.6570423923169756
4236,2,1,0.75286037,0.7556144029826636
4237,2,1,0.68348265,0.6733400645166867
4248,2,0,0.4045502,0.43598595312896493
4251,2,0,0.71469826,0.7051456860130645
4254,2,1,0.8404977,0.8357624763957657
4258,2,1,0.5998359,0.5915297664891553
4262,2,1,0.28704584,0.27710770889605024
4271,2,0,0.6882641,0.6589692118583724
4274,2,1,0.6143492,0.6026898204549713
4277,2,0,0.4858842,0.5683472053540674
4279,2,1,0.7754543,0.7635815713796967
4283,2,0,0.4195378,0.47171614897157504
4285,2,1,0.7760082,0.7725421561402998
4286,2,0,0.4636291,0.43910794554905397
4297,2,1,0.42209807,0.471228612012037
4303,2,0,0.54616606,0.5604051399823252
4305,2,1,0.8328944,0.8118967433037582
4308,2,1,0.68065387,0.6581250656280073
4309,2,0,0.74718523,0.7479554977221485
4314,2,1,0.79886985,0.7957599173822292
4317,2,0,0.62030894,0.6036547487812992
4320,2,1,0.82982105,0.8106900817143425
4321,2,1,0.5013648,0.497733792633675
4329,2,1,0.770527,0.7538698168868099
4336,2,1,0.45693174,0.48132887297490773
4341,2,1,0.8126599,0.8038259312867946
4342,2,1,0.79448766,0.7603412408905581
4348,2,1,0.8745177,0.837884814807816
4352,2,1,0.78917736,0.7544967962941389
4358,2,1,0.50931364,0.48579045005681876
4360,2,1,0.5718128,0.49117505280087537
4364,2,1,0.4830142,0.48488332616234164
4368,2,0,0.5270178,0.6019871460067366
4376,2,1,0.791005,0.7732485963747381
4377,2,0,0.77476746,0.7873227421716642
4390,2,0,0.28219116,0.34862294073402905
4398,2,1,0.44997492,0.4260474188344883
4401,2,1,0.64149266,0.6799829367399288
4403,2,0,0.32668316,0.245420603212599
4405,2,0,0.6316497,0.6603037558222075
4416,2,0,0.19613598,0.22977524182129194
4417,2,0,0.42232773,0.4406210636503219
4418,2,0,0.5448018,0.550416579844335
4425,2,1,0.7351672,0.7337075726581862
4428,2,0,0.46271574,0.4795921494712782
4430,2,0,0.28746554,0.35118289916096224
4431,2,0,0.38128075,0.4002315089806111
4449,2,0,0.5334077,0.5806598297104703
4454,2,1,0.4240199,0.46936787038674305
4458,2,0,0.5971167,0.5789697509259121
4461,2,0,0.53629214,0.5188075115648538
4465,2,0,0.47802782,0.44948162157455923
4467,2,0,0.37439016,0.34402112645791444
4473,2,0,0.523832,0.5260681376013714
4477,2,0,0.66507643,0.6729384036775351
4480,2,1,0.73451453,0.7420969087548853
4487,2,1,0.570777,0.6031538996423477
4488,2,1,0.59319633,0.6053891438217992
4490,2,0,0.7660044,0.767421061380895
4495,2,0,0.543791,0.5355108291419932
4500,2,1,0.65482205,0.6550119031000651
4501,2,1,0.51477885,0.49040907688818036
4506,2,1,0.6847004,0.6365745970147263
4507,2,1,0.70356697,0.7001536840900789
4509,2,0,0.5084434,0.5539379030523877
4510,2,1,0.75014716,0.7201281019616151
4513,2,0,0.3507185,0.2996802593177405
4515,2,1,0.6711132,0.6419098856422945
4516,2,1,0.6884904,0.7053009371317962
4518,2,0,0.6631882,0.6601723648316561
4522,2,1,0.58387333,0.6258246596997055
4530,2,0,0.6688791,0.6968407648352677
4543,2,1,0.7150751,0.7018445633513156
4545,2,1,0.7339695,0.7241895911933887
4546,2,1,0.32906246,0.320040178716049
4556,2,0,0.5152799,0.5546492916870868
4567,2,0,0.44047228,0.4198696821423137
4579,2,1,0.49500224,0.4817732570062438
4585,2,1,0.68348515,0.67239332702565
4598,2,1,0.6347127,0.6402298177371529
4599,2,1,0.36270115,0.36104448212074297
4604,2,0,0.73709095,0.6971436976048874
4610,2,1,0.5405341,0.524608437346614
4615,2,1,0.73662853,0.7162562645670115
4618,2,1,0.48640293,0.5060202409136173
4620,2,1,0.54565626,0.5723126041994584
4626,2,1,0.3449799,0.31562425519820164
4627,2,0,0.56989,0.5636756381706998
4629,2,0,0.26586992,0.2745148955862902
4635,2,1,0.6000272,0.5822065290466282
4639,2,1,0.55582917,0.5501637310087116
4640,2,0,0.2804754,0.3247634470629746
4641,2,0,0.4893283,0.4755916677959567
4643,2,1,0.6295754,0.6242738338296203
4645,2,1,0.83934873,0.8233164544029211
4646,2,0,0.7643051,0.7590401430612449
4648,2,0,0.5537824,0.6052382437442047
4649,2,1,0.7367895,0.7215442937276243
4650,2,0,0.3220585,0.38419027730236793
4655,2,0,0.7574625,0.7398549442641076
4663,2,1,0.7670262,0.7270764324125006
4671,2,1,0.6216697,0.6264375530580071
4675,2,0,0.4135515,0.40656255029244565
4686,2,1,0.41355407,0.3964878641530044
4691,2,1,0.66680354,0.6518943739117248
4693,2,0,0.20526062,0.23651371204764732
4694,2,0,0.5048047,0.5100458375808892
4696,2,1,0.55964214,0.5945954256164223
4703,2,1,0.5978973,0.5854547102904235
4706,2,1,0.8507839,0.8224051700320152
4714,2,0,0.4205628,0.40865339600638667
4720,2,0,0.26181865,0.27268074741160286
4722,2,1,0.67944,0.6411600148479176
4723,2,1,0.7307521,0.7087877519648955
4724,2,0,0.4715469,0.41209634352012386
4737,2,0,0.5122541,0.5600397958950566
4750,2,0,0.45708442,0.47423625153544013
4757,2,0,0.55167454,0.5313380073555872
4766,2,1,0.49969137,0.5410246200159856
4767,2,1,0.5267466,0.5140918093786591
4787,2,0,0.64599013,0.6703315560342358
4791,2,0,0.77374136,0.7499905595320245
4795,2,1,0.6790496,0.6496370899015134
4799,2,1,0.4298431,0.47483646576727045
4804,2,0,0.566082,0.5892629307351425
4807,2,0,0.6491582,0.6521659196876318
4815,2,0,0.22865215,0.2583695616617088
4816,2,1,0.5729075,0.5947780516972134
4825,2,1,0.7829827,0.7344784037883609
4830,2,1,0.7188589,0.6666907050133427
4835,2,0,0.619044,0.6435830583201567
4845,2,0,0.14894785,0.13983060643855122
4846,2,1,0.7146238,0.6995721334031214
4850,2,1,0.7443716,0.7333525137090301
4854,2,0,0.5959668,0.5919809664202235
4868,2,0,0.6188152,0.632533521959118
4870,2,1,0.34321138,0.39086784269120733
4875,2,1,0.75230134,0.7569390424076418
4879,2,0,0.38639364,0.457398322499091
4880,2,1,0.6667507,0.6561713086674467
4885,2,0,0.39025262,0.4358719470724999
4888,2,0,0.348908,0.39416213538619443
4890,2,1,0.831518,0.8420796176913731
4898,2,1,0.6481801,0.5669834981763584
4903,2,0,0.37170503,0.3824566012383339
4909,2,1,0.8142058,0.8071185239733136
4913,2,0,0.37774298,0.40959897916003185
4914,2,1,0.7605458,0.7440755216104018
4916,2,1,0.5415855,0.540677013424926
4917,2,1,0.55226475,0.5410504943573969
4921,2,0,0.48608783,0.48381879588004484
4924,2,1,0.3995191,0.40970581841140596
4925,2,1,0.5067691,0.49539439857019235
4932,2,0,0.57321626,0.6177730579321427
4935,2,1,0.428326,0.46239817143993556
4950,2,1,0.7935769,0.7650252329757857
4953,2,0,0.65964717,0.6538580900698361
4956,2,1,0.59353226,0.6284796285343853
4965,2,1,0.730443,0.7201567683953756
4968,2,1,0.30510694,0.3224359544737137
4976,2,1,0.77367055,0.7589020105878741
4977,2,1,0.7138187,0.6912580395498289
4987,2,1,0.35132182,0.36729014515912356
4992,2,1,0.7777122,0.7668405493170184
4994,2,1,0.7782366,0.8022831282584474
5002,2,0,0.629726,0.6077912162966225
5003,2,1,0.63919,0.6511023366749048
5009,2,1,0.6144033,0.6333579526623092
5014,2,1,0.7879955,0.7876195396374408
5017,2,1,0.20833217,0.23936043884873331
5019,2,0,0.1834864,0.1742517996748442
5020,2,0,0.226526,0.22601313242158477
5025,2,1,0.5535378,0.5682261423360947
5030,2,1,0.54364944,0.5324512930797096
5034,2,0,0.24231814,0.22063399680768211
5037,2,0,0.12631527,0.11163393364724508
5042,2,1,0.2479743,0.24960243158131076
5047,2,0,0.3032516,0.31250599087950237
5048,2,0,0.4895778,0.4906098051777125
5049,2,0,0.30412635,0.30172792786759833
5052,2,1,0.62506086,0.636611971057109
5054,2,0,0.16439515,0.16492660912412066
5055,2,0,0.48222664,0.45499369900079406
5058,2,1,0.45420742,0.48679142125147523
5061,2,1,0.75744075,0.7085331530783499
5065,2,1,0.25868878,0.31054847233144367
5068,2,0,0.59110045,0.5795579399051161
5072,2,0,0.21082227,0.23989578891347565
5075,2,1,0.49864388,0.5845067687298187
5083,2,0,0.1363383,0.1663751765217926
5087,2,0,0.5182563,0.5040496047287482
5097,2,0,0.3952828,0.42922867555349603
5104,2,0,0.14430049,0.142233489311015
5107,2,0,0.22689982,0.2371211995133818
5109,2,0,0.35606983,0.33815336373396965
5110,2,0,0.46437052,0.5053467361581638
5115,2,0,0.26002452,0.28005754240953823
5120,2,1,0.57232994,0.5588699011283539
5123,2,1,0.57918686,0.5694002522715511
5124,2,0,0.541824,0.5494518740886625
5130,2,1,0.6562102,0.6806034939968187
5131,2,1,0.62820715,0.6273717801083314
5132,2,0,0.32155773,0.33354673919868166
5136,2,0,0.5318713,0.5146804906588123
5137,2,0,0.42160538,0.4290749543018806
5140,2,1,0.57831466,0.6113749076126387
5149,2,0,0.3686544,0.35796795457261765
5152,2,1,0.5707254,0.5766321806648013
5156,2,0,0.27540612,0.2909452780078701
5157,2,0,0.48243496,0.5177768048812214
5160,2,0,0.16515109,0.18159785297240144
5168,2,0,0.4251834,0.4164832645527162
5174,2,1,0.25329575,0.2633492935033091
5178,2,0,0.4615589,0.4879166935181408
5179,2,1,0.35349563,0.33338989196746444
5184,2,1,0.5144969,0.520724390012099
5187,2,1,0.2540519,0.2859008368074099
5189,2,1,0.55244756,0.5667737112614698
5192,2,1,0.34084028,0.37689617930963315
5195,2,0,0.7030449,0.6751613200074772
5199,2,1,0.13977978,0.13267426097933824
5210,2,0,0.15039264,0.16000044330309762
5213,2,0,0.27603337,0.3114606787681447
5216,2,1,0.6774988,0.6713836564354941
5219,2,0,0.23737934,0.25139556129844726
5224,2,0,0.4980806,0.48754341299665915
5227,2,0,0.51092875,0.5302771228785297
5229,2,0,0.47608975,0.49921751642043843
5231,2,1,0.59549755,0.6101845391501963
5235,2,0,0.30891228,0.32504472279712426
5236,2,0,0.13886671,0.17625285140254296
5237,2,0,0.16270214,0.14366753310523203
5238,2,1,0.59066975,0.5680780725909458
5239,2,0,0.30262965,0.30735110771261276
5241,2,0,0.7069505,0.6657189632130474
5246,2,0,0.30602694,0.25790479450846576
5252,2,1,0.36132228,0.3676316983220642
5253,2,0,0.23811206,0.2500621137678784
5255,2,0,0.24553952,0.236986994338811
5258,2,1,0.47780922,0.4661540838815173
5260,2,1,0.39074662,0.4223866550516774
5263,2,0,0.4267393,0.4376983402832878
5264,2,0,0.5672289,0.5256385176412
5266,2,1,0.5926516,0.5739198307128102
5270,2,0,0.45331275,0.48770378678764403
5271,2,0,0.3056271,0.3087088318243767
5273,2,1,0.76331997,0.7568637119441981
5277,2,0,0.16531958,0.18061007856879802
5284,2,0,0.669122,0.6335446502185654
5287,2,0,0.46666035,0.535172907755777
5308,2,0,0.50004214,0.5154823960621608
5310,2,0,0.47548312,0.5089118898034747
5312,2,0,0.37624046,0.3549570612418586
5313,2,0,0.2387476,0.2437185597947907
5325,2,1,0.47573355,0.387811380471605
5326,2,0,0.46232724,0.45390047535058126
5327,2,0,0.423691,0.4346309899675777
5340,2,0,0.49740264,0.5092523455956849
5344,2,0,0.6194467,0.6203923176376059
5346,2,1,0.67951715,0.6820893434564841
5359,2,0,0.23785272,0.2639246224308595
5364,2,1,0.83776104,0.805940702305042
5368,2,1,0.72433364,0.7023601313726063
5371,2,0,0.64759403,0.6511609874169487
5373,2,1,0.59563184,0.5994498393186962
5374,2,1,0.7975118,0.7944602148988967
5376,2,0,0.26734158,0.27825645499103935
5379,2,0,0.371294,0.32824407344985207
5382,2,1,0.44203866,0.5160423097198411
5391,2,0,0.4328536,0.43469095986843087
5392,2,1,0.65566593,0.6885347995016259
5397,2,0,0.6806608,0.685108876751421
5400,2,0,0.5440845,0.565995873261031
5401,2,1,0.42756936,0.43264753645070453
5402,2,0,0.81433713,0.8015424300941606
5403,2,1,0.7542763,0.7424520567153646
5410,2,0,0.3023412,0.30615697607555425
5419,2,0,0.24374384,0.22480718265655816
5421,2,1,0.6338198,0.6232509385239293
5423,2,0,0.75830674,0.7471216850379492
5431,2,0,0.25291038,0.2997739164993967
5439,2,0,0.19801472,0.23708063853071706
5444,2,1,0.22374403,0.22808860903081352
5450,2,0,0.16817684,0.19149362655356883
5463,2,0,0.3344957,0.3396230978400729
5468,2,0,0.7241035,0.7680070622837274
5470,2,1,0.46607864,0.48462905642131926
5477,2,0,0.13699947,0.15457801161241552
5478,2,0,0.5573626,0.5527853778738362
5493,2,1,0.575301,0.5321029198911968
5495,2,1,0.51305413,0.4929206326063296
5496,2,0,0.40952498,0.39794623366235554
5498,2,1,0.27937612,0.3184751816382025
5501,2,1,0.7565912,0.7007683969952746
5502,2,1,0.74905694,0.702121535774169
5504,2,1,0.28862,0.29406587824684566
5505,2,0,0.26737827,0.2479488106438472
5508,2,1,0.6307604,0.6495323122197069
5512,2,0,0.26809704,0.30698593509688893
5524,2,1,0.35586318,0.3755138605129147
5525,2,0,0.08247651,0.07061342979804362
5526,2,1,0.7996899,0.7521630271992058
5531,2,1,0.731248,0.7169336178916644
5539,2,1,0.4088827,0.39682775774927076
5550,2,0,0.57449144,0.6107992062225619
5556,2,1,0.4507496,0.4562492610298809
5565,2,0,0.6238953,0.5972447256917991
5566,2,0,0.4574478,0.4809081757158802
5581,2,0,0.4751006,0.49755310932880564
5585,2,1,0.63123643,0.6449700826627326
5587,2,1,0.849798,0.7920014057700331
5592,2,1,0.77200615,0.7591929378194131
5598,2,1,0.43269038,0.47636487423136076
5605,2,0,0.15903412,0.1532673677025102
5607,2,0,0.18220867,0.2021130177979144
5609,2,0,0.2667355,0.26070279132416707
5611,2,1,0.4913091,0.4797685024758917
5618,2,1,0.67154276,0.64026477635907
5626,2,0,0.4986497,0.4866961178800492
5629,2,1,0.4639809,0.4496370795706587
5631,2,1,0.7921917,0.7665156614375154
5633,2,0,0.5622709,0.5464105357573639
5635,2,1,0.9100743,0.8911204096668003
5637,2,0,0.1818693,0.2210862297007107
5643,2,1,0.70367724,0.6901596650531526
5645,2,1,0.5236355,0.5033703623584721
5649,2,1,0.5470341,0.5327665938522043
5650,2,0,0.334992,0.3436892702296008
5652,2,1,0.45733446,0.4957644819509095
5653,2,0,0.2372368,0.2811914897911211
5655,2,0,0.3951252,0.4672721633551046
5658,2,0,0.6729203,0.6710446911387667
5663,2,0,0.57479954,0.532436782332638
5665,2,1,0.6939444,0.7080421480724959
5666,2,1,0.8074836,0.7805156266424134
5669,2,0,0.6810622,0.662181374239094
5671,2,0,0.47256297,0.49029378927686645
5680,2,0,0.36324793,0.3356887683014553
5681,2,0,0.14322081,0.12690161247064422
5682,2,0,0.44057944,0.40738307325401296
5685,2,1,0.45908436,0.4172615557301488
5686,2,1,0.9160686,0.9119077653262124
5696,2,1,0.4600095,0.4163711822358505
5700,2,0,0.3773622,0.40247274433123253
5702,2,1,0.8676617,0.8173511744841548
5703,2,1,0.49403974,0.4738852372720973
5705,2,0,0.51270217,0.5630946071954308
5707,2,0,0.63481367,0.6110991577474106
5714,2,0,0.52324426,0.5262575498964825
5724,2,0,0.43811247,0.3760181400790364
5725,2,1,0.34152287,0.3411350672088461
5729,2,0,0.6539961,0.6230221521035105
5732,2,0,0.35730183,0.3147853094181712
5736,2,0,0.24213812,0.2531306556001535
5739,2,1,0.80120724,0.8352560585419073
5743,2,0,0.16515045,0.16751774094395555
5747,2,1,0.79276985,0.7804181525716242
5749,2,1,0.84831417,0.826532292885508
5751,2,0,0.5919967,0.5953715850936674
5752,2,1,0.6522185,0.6921530501762919
5769,2,1,0.38794345,0.4739760508079822
5775,2,1,0.36173856,0.35296366729004036
5778,2,0,0.6206338,0.5988097451699104
5779,2,1,0.7432814,0.7436995526261396
5795,2,1,0.4071428,0.35655598569083014
5796,2,1,0.5746504,0.5863362441234418
5802,2,0,0.5669385,0.54564283288283
5807,2,0,0.67418194,0.6205910031810163
5809,2,1,0.8000682,0.7739265591300084
5817,2,0,0.35542336,0.39928039289814166
5823,2,1,0.77820617,0.7497934661368884
5826,2,0,0.5378856,0.5434755975012646
5832,2,0,0.58907926,0.5932226797475987
5835,2,1,0.5672847,0.617533722413503
5837,2,0,0.5145994,0.5101015574369184
5843,2,1,0.6548618,0.6514473773036967
5856,2,0,0.17224361,0.18951674246518072
5857,2,1,0.5325187,0.49458033115638633
5860,2,0,0.17186056,0.19804521361405858
5863,2,0,0.12213581,0.11612807093053809
5869,2,1,0.6800991,0.6988748299736397
5872,2,1,0.6041533,0.5806336052520144
5876,2,1,0.62183994,0.6355894723770688
5881,2,1,0.80195016,0.7461439644852854
5884,2,1,0.46095178,0.4746710294876821
5885,2,1,0.7159241,0.6808032803088693
5889,2,0,0.6969207,0.6746984055274553
5898,2,0,0.5802684,0.5116678621191081
5899,2,1,0.49366266,0.5523139292401945
5914,2,1,0.80915564,0.7724440043186483
5928,2,1,0.81516945,0.7919150453443748
5929,2,1,0.7700633,0.7512102790885538
5936,2,0,0.561989,0.5416181594426298
5937,2,0,0.38686046,0.3777424794717056
5948,2,1,0.6931772,0.6884714517439252
5949,2,1,0.57092696,0.5788487784052262
5950,2,0,0.68321866,0.6927173146480242
5951,2,0,0.121304475,0.11427665214396734
5959,2,0,0.2525361,0.2852435109506279
5962,2,1,0.7332952,0.7088710089847995
5972,2,1,0.81332767,0.7991904463309619
6001,2,1,0.7687549,0.7704630027296163
6003,2,1,0.68251246,0.6881170642357305
6006,2,1,0.7713843,0.7591261912054355
6009,2,0,0.51694334,0.531933212759792
6010,2,1,0.29437247,0.3138490303325685
6011,2,1,0.79655385,0.7783866326124456
6014,2,0,0.14899732,0.13587162397876623
6023,2,1,0.5506389,0.5729748915487334
6029,2,0,0.42026728,0.39853987637276234
6034,2,1,0.87998736,0.8641180450775056
6036,2,1,0.7737671,0.7383409721676294
6041,2,1,0.8120023,0.835071150646454
6047,2,1,0.80268145,0.7974328990014672
6050,2,1,0.747906,0.7266275469942676
6054,2,0,0.43688,0.513336338228582
6056,2,1,0.3725726,0.3633808067952198
6057,2,1,0.6286759,0.6747796523655518
6059,2,1,0.7651096,0.7239290205195925
6060,2,1,0.48266426,0.5151995174005387
6064,2,1,0.8421198,0.8385543498643133
6068,2,1,0.60874397,0.5702644854142194
6074,2,0,0.52902836,0.5150178371331993
6080,2,1,0.8216965,0.8196577244930634
6082,2,1,0.41834086,0.3946560599972296
6083,2,1,0.71191967,0.7188235759527392
6085,2,1,0.55925035,0.5259867714578839
6100,2,0,0.4889207,0.5485157772477791
6109,2,0,0.5942971,0.6339384719612743
6112,2,0,0.373527,0.3680084571735143
6115,2,1,0.73212177,0.731828505175445
6133,2,1,0.52598554,0.5370630084215742
6137,2,1,0.82464874,0.7838774868822512
6138,2,1,0.6232201,0.631736922523574
6139,2,0,0.25024596,0.2762324072664827
6151,2,0,0.15343931,0.13101861006125204
6156,2,1,0.34316325,0.37737443992831315
6158,2,1,0.4067117,0.3659318308699529
6163,2,0,0.22145034,0.23975725569772374
6164,2,0,0.533101,0.5624037176230705
6174,2,0,0.50932,0.4782437735793076
6176,2,0,0.71652246,0.7171104144430219
6184,2,1,0.8245182,0.7994033132445305
6193,2,1,0.68202186,0.6439632465697872
6196,2,1,0.3362911,0.34167891621285956
6200,2,1,0.8246471,0.8185866626148136
6205,2,1,0.7791317,0.7654276416083555
6214,2,1,0.7204554,0.7084023246488071
6229,2,1,0.6387564,0.6141357121506913
6231,2,1,0.6967554,0.6823750319351506
6235,2,0,0.7625641,0.7033477601556485
6236,2,0,0.5306734,0.5252770192920087
6240,2,1,0.8503673,0.8087350946665391
6242,2,1,0.64964813,0.6230202930824358
6243,2,0,0.51295537,0.5099319034629377
6248,2,1,0.6451736,0.6535145449855244
6257,2,1,0.5161592,0.5287657921660951
6262,2,1,0.59404093,0.5829652703891148
6279,2,1,0.5545462,0.5541868687660586
6280,2,0,0.42981306,0.5010016772493356
6294,2,1,0.53810114,0.5159101618301127
6296,2,1,0.68608505,0.6992972453938139
6297,2,1,0.80235463,0.828619966210375
6299,2,1,0.5260158,0.5223351264859558
6301,2,1,0.26586598,0.29601665888525797
6306,2,1,0.54320693,0.5873693839424813
6317,2,0,0.5658937,0.5717920831468799
6325,2,0,0.33833027,0.3682696177740158
6333,2,1,0.76163864,0.7507123257547188
6336,2,0,0.6148777,0.6214454499879218
6340,2,1,0.4745049,0.4829275173495095
6341,2,1,0.6284971,0.5886831290520333
6342,2,1,0.89295065,0.8877166534365118
6348,2,1,0.38346422,0.4081413301747074
6365,2,1,0.3863378,0.36392998433150453
6366,2,1,0.54895777,0.5671898968116789
6367,2,1,0.5683529,0.6879269733094017
6370,2,1,0.7988591,0.8013764910011938
6374,2,1,0.29370198,0.3360518308043935
6386,2,0,0.62666255,0.6466917563234101
6388,2,0,0.24959855,0.2746429243265814
6390,2,0,0.34588096,0.371452937539172
6394,2,1,0.5677168,0.5970392447247443
6401,2,1,0.6159771,0.6114666114159334
6402,2,1,0.684391,0.6927784343901765
6405,2,1,0.30092087,0.306779875694459
6411,2,1,0.6633786,0.6431042332301633
6421,2,1,0.8929808,0.8442812836324787
6423,2,0,0.7114824,0.6954833082522274
6430,2,1,0.64636093,0.6369847713213406
6434,2,1,0.733844,0.7517691802311187
6435,2,0,0.8292315,0.8093482614869888
6443,2,0,0.63136536,0.5945226640204737
6452,2,1,0.5836999,0.6002327955130127
6489,2,1,0.83608073,0.8148514967882126
6500,2,0,0.49414304,0.5394392460890134
6506,2,1,0.87009037,0.8462558344114708
6515,2,0,0.5598872,0.5422744410951763
6517,2,0,0.5768523,0.5930696411363658
6518,2,1,0.63872755,0.6587078758571607
6519,2,0,0.29850075,0.3031294113170099
6521,2,0,0.640631,0.6225356076171704
6534,2,0,0.5558439,0.5368814327820493
6538,2,0,0.67728186,0.6347604646353705
6539,2,0,0.31896517,0.3502975838733812
6540,2,1,0.78899366,0.7761163453978743
6544,2,1,0.74513936,0.7597959399439957
6552,2,0,0.32232705,0.3421001934145518
6557,2,1,0.7451092,0.7560805357766389
6561,2,0,0.7022756,0.6959102988833135
6563,2,0,0.5249639,0.5485059309759278
6569,2,1,0.63488686,0.6415462702586268
6579,2,0,0.57871014,0.6151152932267481
6582,2,1,0.88022465,0.8404173612771529
6588,2,0,0.519162,0.5294604154071527
6590,2,0,0.39033324,0.3311776256621023
6592,2,1,0.7555852,0.7328158902720394
6594,2,0,0.60613084,0.6115023957515674
6595,2,0,0.2672992,0.27768474485268313
6596,2,1,0.71130264,0.6760745262328794
6597,2,0,0.4266921,0.454465794490754
6603,2,0,0.6787534,0.6682025118109314
6609,2,1,0.8260983,0.8144026449007129
6617,2,0,0.27420214,0.3175438183365216
6627,2,1,0.6650206,0.6429915320895748
6630,2,1,0.5766537,0.584224656451455
6635,2,1,0.5116768,0.5259908647596453
6639,2,0,0.3875921,0.42672700930513274
6642,2,1,0.77138895,0.7309745410236468
6647,2,0,0.34020337,0.34462639439207937
6648,2,1,0.6087319,0.6166231184094313
6651,2,1,0.83183783,0.8014621835775527
6652,2,0,0.6566435,0.6616864578427134
6658,2,1,0.814428,0.8091855096463669
6664,2,1,0.68808156,0.7268919743402166
6667,2,1,0.5143304,0.5355464994690804
6669,2,1,0.79109484,0.7560279552246668
6670,2,0,0.29667968,0.31883093641395854
6674,2,1,0.662015,0.647809036384393
6679,2,0,0.51533747,0.5469100312519182
6680,2,0,0.4890834,0.4564636285199538
6684,2,1,0.6775266,0.6308253181965666
6688,2,1,0.6682971,0.6612253459789875
6689,2,1,0.49494016,0.5295741264073472
6695,2,0,0.57416314,0.6266751540379465
6703,2,0,0.7049303,0.664967855357679
6708,2,1,0.7069343,0.6838538162008115
6712,2,0,0.67282516,0.6840117764897002
6713,2,1,0.6348844,0.5948442593221415
6718,2,1,0.66365105,0.6361197685972014
6720,2,0,0.40131044,0.4887502008734769
6723,2,0,0.6979167,0.6904771616035353
6727,2,0,0.5247994,0.5174209455141467
6729,2,1,0.7711419,0.7679715333752613
6730,2,1,0.86352295,0.818914206979211
6731,2,1,0.64332163,0.6292969624727616
6734,2,1,0.75143063,0.754120153777312
6737,2,1,0.6747835,0.6619582393946123
6739,2,1,0.6150125,0.6004425745973948
6742,2,0,0.63025105,0.5655183733604284
6762,2,1,0.6517962,0.6512742074456548
6763,2,0,0.39964905,0.42145484982595927
6781,2,0,0.9216049,0.9186004759279446
6809,2,1,0.519977,0.4579269138536426
6810,2,1,0.6029135,0.6158551953911816
6811,2,1,0.86999506,0.8637985264568343
6812,2,0,0.55319136,0.5079557845623888
6813,2,0,0.7021959,0.6945041710185613
6815,2,0,0.3434325,0.3671977169263273
6820,2,1,0.9406632,0.9123982552394978
6822,2,0,0.599217,0.6072255012086495
6823,2,0,0.7587224,0.7528674670524661
6826,2,0,0.49620268,0.5088353958935543
6827,2,0,0.6000237,0.5660783332477682
6828,2,0,0.7713412,0.7853896851857433
6830,2,1,0.5742897,0.601086981293963
6833,2,0,0.28470013,0.33213493140939504
6834,2,1,0.9209534,0.9228497779685813
6838,2,1,0.7915062,0.8201456981314709
6842,2,0,0.5237763,0.43496573873835115
6844,2,0,0.763848,0.7094195654210824
6852,2,1,0.68547565,0.6888031050979183
6860,2,0,0.71656173,0.7141284999878192
6866,2,1,0.4254955,0.4097610911190594
6867,2,0,0.4926029,0.4715237082073817
6870,2,1,0.3776007,0.4211621307942998
6874,2,1,0.32360888,0.3442877495393789
6875,2,1,0.7050931,0.6944816007802211
6886,2,0,0.36375406,0.38026769955537
6887,2,0,0.6643487,0.6262727007936475
6889,2,1,0.7848101,0.7697856286244861
6890,2,1,0.49155238,0.4913037187269973
6896,2,1,0.5590716,0.5984243484018794
6903,2,1,0.641061,0.6162410791247652
6909,2,0,0.19461109,0.17996788541479283
6915,2,0,0.71889234,0.7221525777842773
6916,2,1,0.69382894,0.7011147967945562
6918,2,1,0.5483685,0.47800262801010646
6925,2,1,0.71909904,0.7696505122252254
6926,2,0,0.48783717,0.46912869501558063
6929,2,0,0.38828015,0.44036359900448596
6936,2,1,0.72754824,0.7081690161505912
6938,2,0,0.27468857,0.2929446125580203
6940,2,1,0.6308277,0.6471717987669549
6943,2,1,0.92344075,0.9111585830476955
6950,2,0,0.46232593,0.4995512135702447
6968,2,0,0.7213937,0.7339996459561053
6969,2,1,0.49062374,0.5194752930872428
6980,2,0,0.6828745,0.662638455758074
6987,2,1,0.6443045,0.634137197719911
6993,2,1,0.78833306,0.7841882670455949
6994,2,1,0.8713878,0.872941651739415
6997,2,0,0.27667224,0.27328645636937665
7001,2,1,0.7753655,0.745342804131719
7002,2,0,0.34873408,0.41663953415967386
7003,2,0,0.7836928,0.7757457997821655
7005,2,1,0.7911713,0.7987331886192602
7012,2,0,0.7046517,0.6767268469899466
7015,2,1,0.8455295,0.8375911467341479
7018,2,1,0.8013547,0.7695012935814627
7022,2,0,0.31315586,0.3252220948681969
7025,2,0,0.5277827,0.5443715377155834
7029,2,1,0.6739393,0.676458573608357
7030,2,1,0.55255085,0.5870570772539181
7035,2,0,0.32675666,0.3345765121785681
7038,2,1,0.6006394,0.5925207025546215
7044,2,1,0.45363513,0.4244903569814433
7049,2,0,0.5845927,0.5665741384802845
7052,2,1,0.6579669,0.6066798727212268
7056,2,1,0.6038008,0.622413766760483
7061,2,1,0.6760011,0.6960414096065605
7066,2,0,0.4271041,0.4402825096936151
7072,2,0,0.6352031,0.6378921738789596
7073,2,0,0.6886803,0.6792413200961558
7078,2,1,0.3687859,0.3235160955375283
7087,2,1,0.8658522,0.8578577816182374
7091,2,1,0.6704355,0.6740323622805371
7092,2,0,0.54420626,0.5505226825046692
7094,2,1,0.7260519,0.6843804011550202
7097,2,1,0.30262873,0.3429560221622368
7098,2,1,0.6371085,0.6338585982980187
7100,2,0,0.4179835,0.4454343973685531
7104,2,1,0.79997754,0.7944947507824025
7110,2,0,0.6290745,0.6068892268703892
7111,2,1,0.37021858,0.3581045292299493
7112,2,1,0.80367893,0.7910572586974062
7114,2,0,0.67514247,0.6574035276103404
7117,2,0,0.58635,0.6069005182181542
7118,2,1,0.6535474,0.6618438156098363
7123,2,1,0.8206891,0.8032743341793617
7127,2,1,0.61820275,0.6289147355456756
7135,2,0,0.6559207,0.6578664684348903
7151,2,0,0.60424787,0.6325909409530927
7159,2,1,0.8984129,0.887572577040678
7166,2,0,0.7398789,0.7085526801555075
7175,2,1,0.76391596,0.7583870757638203
7176,2,0,0.30605274,0.3156207807480106
7180,2,0,0.58102655,0.6067199825137127
7187,2,1,0.62343985,0.6265784186112986
7189,2,0,0.5126301,0.5388660736574635
7192,2,1,0.7802704,0.793242814898679
7195,2,0,0.14794083,0.15388908213940633
7201,2,1,0.5782424,0.5962922588052202
7202,2,1,0.704603,0.6770181051594091
7204,2,1,0.58064425,0.5411929991341287
7212,2,1,0.41870746,0.41625782793795485
7215,2,1,0.6908186,0.6857174307359564
7223,2,1,0.57514834,0.6259894106496099
7226,2,1,0.6923741,0.7017937585606056
7227,2,1,0.39549258,0.38995045958411073
7231,2,0,0.7248652,0.7199268812883094
7233,2,0,0.17153783,0.17810757929581963
7235,2,1,0.38966876,0.41237629200488585
7238,2,0,0.40801558,0.47254103785966806
7241,2,0,0.6729271,0.6678870346748964
7247,2,0,0.6087122,0.6004545550300259
7254,2,0,0.24904758,0.2553754339321319
7255,2,1,0.5567723,0.5935682647518975
7258,2,1,0.60075325,0.5866673186568917
7261,2,0,0.5736182,0.5528454714538724
7269,2,0,0.29168913,0.3053227193687109
7271,2,1,0.70794225,0.6823855970257521
7275,2,1,0.64695555,0.5809079951254984
7285,2,1,0.68982905,0.6559508104465531
7294,2,0,0.61816883,0.6492923778939111
7295,2,1,0.6208722,0.5995852927451869
7297,2,1,0.77493256,0.7908648617807365
7301,2,1,0.6952942,0.7058075886298624
7307,2,1,0.3938154,0.31792538887831606
7311,2,0,0.33575302,0.35865246312734245
7313,2,0,0.62604386,0.6407569303887457
7318,2,0,0.7621296,0.7561317623377829
7320,2,1,0.81049097,0.7773075647812712
7325,2,1,0.6945223,0.6578547492308363
7326,2,1,0.6192569,0.593435192397819
7328,2,0,0.6986489,0.6849722568862826
7349,2,0,0.5323516,0.589580805977892
7350,2,0,0.8716693,0.8672347766875748
7360,2,0,0.6495183,0.6366529025578684
7361,2,1,0.8532664,0.8442377938019223
7373,2,1,0.7766212,0.7290292443951736
7374,2,1,0.8301276,0.8175462248566101
7378,2,1,0.7543807,0.7164569413010178
7380,2,1,0.57275426,0.5853688753024404
7385,2,1,0.8384582,0.7893830703880564
7387,2,0,0.6495426,0.6701480442141926
7391,2,1,0.6210778,0.6331592518301974
7397,2,1,0.49148956,0.5325862252623614
7398,2,0,0.4222091,0.39193063598622574
7401,2,1,0.4612003,0.48850854914816255
7408,2,0,0.52414066,0.49828302839659
7409,2,1,0.85638165,0.8353994230526717
7413,2,1,0.61059254,0.5892493593939979
7416,2,1,0.7740953,0.7461170110745691
7420,2,0,0.5132947,0.48688681541059753
7426,2,1,0.8374283,0.8128767494819042
7428,2,0,0.47393736,0.48303932542274214
7435,2,1,0.89013857,0.886779344086321
7437,2,1,0.77183837,0.7856181622066872
7444,2,1,0.8749002,0.8753844477224075
7454,2,0,0.56862146,0.5849578386781719
7457,2,1,0.7406884,0.7294619115482737
7461,2,0,0.4330179,0.3806062999865563
7463,2,1,0.6557672,0.6383647986754613
7466,2,1,0.81483287,0.8051700285854555
7470,2,0,0.5195444,0.5187749303274314
7476,2,1,0.6649915,0.6256074065656094
7477,2,1,0.35361445,0.3505900300527147
7482,2,1,0.5793255,0.5491247662058233
7484,2,1,0.84525114,0.854759084036627
7488,2,0,0.38062462,0.4115327765225122
7491,2,1,0.8670285,0.8132765442518602
7493,2,1,0.60116607,0.6165829598627293
7495,2,0,0.56988895,0.5906702090834455
7505,2,0,0.8803619,0.8725560825547753
7519,2,0,0.78862345,0.7954656836454904
7527,2,1,0.68218374,0.6639520093999696
7530,2,0,0.7944751,0.784290437518527
7534,2,0,0.5114754,0.5568319115799104
7537,2,1,0.7598952,0.7475596199034991
7538,2,1,0.6285159,0.657308385096829
7542,2,1,0.7306881,0.8136022887080532
7549,2,0,0.74268156,0.7211128556743309
7555,2,1,0.62972754,0.6532186362906021
7564,2,1,0.41865596,0.41866840782948667
7565,2,0,0.4258983,0.4255231350639796
7569,2,1,0.72515815,0.7153274886112303
7573,2,1,0.6712922,0.6578400619300268
7574,2,1,0.58604956,0.5776306934055024
7587,2,0,0.6453104,0.6472091848856001
7594,2,0,0.64302665,0.6673280726571853
7602,2,0,0.55830896,0.5485586548953272
7603,2,1,0.8430628,0.855618036582063
7610,2,0,0.60113424,0.5734064854470962
7614,2,1,0.6678786,0.6558329361773495
7624,2,1,0.7451657,0.7184087748894176
7636,2,1,0.40321943,0.4606927972811491
7637,2,1,0.75782794,0.7248913123195542
7645,2,0,0.663326,0.6237319972341662
7647,2,1,0.84362626,0.8522811189339278
7650,2,1,0.6760437,0.6831817748133666
7658,2,1,0.765597,0.7262579731149108
7659,2,1,0.750233,0.7223575466829381
7666,2,0,0.53514457,0.5255095992569225
7670,2,0,0.51691264,0.5399841705421585
7672,2,1,0.79177773,0.7696707020526634
7682,2,1,0.21832722,0.19984644222191889
7684,2,1,0.61485785,0.6360787283702346
7687,2,1,0.40683293,0.41885305266283224
7702,2,0,0.42771617,0.41330514625163745
7706,2,1,0.745886,0.7230135277383973
7710,2,1,0.7369621,0.7581818349488071
7713,2,1,0.709503,0.7267669605049744
7718,2,1,0.23063336,0.27294775514868475
7727,2,0,0.76186836,0.7234168814387264
7729,2,1,0.47503957,0.5015001967407479
7739,2,0,0.22127916,0.24572731071078033
7740,2,1,0.87962824,0.8633408538103104
7759,2,0,0.7346785,0.7260651811414977
7761,2,0,0.2960251,0.2687904608793469
7765,2,0,0.8688543,0.865118481544817
7769,2,1,0.41545203,0.44400508047247683
7770,2,0,0.73847884,0.7240773498087868
7772,2,0,0.71889883,0.7288253335830842
7774,2,0,0.14972483,0.15354696500959616
7779,2,1,0.6817925,0.7134606812291516
7785,2,1,0.68739045,0.6886344910713155
7792,2,0,0.51811874,0.5281497376629923
7794,2,1,0.77928567,0.7580736289854508
7795,2,1,0.66558594,0.6767059488602154
7801,2,1,0.7713842,0.7626983320058681
7803,2,1,0.7468907,0.7534981229269295
7811,2,0,0.1136153,0.1065979498620128
7817,2,0,0.71927243,0.705831037765314
7823,2,1,0.83591026,0.8318387079227588
7825,2,0,0.34932184,0.3747161160484999
7829,2,1,0.77318245,0.740630812733579
7831,2,0,0.5269191,0.5243480366654332
7837,2,1,0.7518196,0.72496428887107
7840,2,0,0.4309028,0.47492370462017003
7844,2,1,0.7879594,0.775555305703914
7846,2,0,0.14433764,0.139189569980663
7865,2,1,0.62529045,0.6323536460053009
7872,2,1,0.82693774,0.8163098855558379
7874,2,1,0.82037055,0.7892555111993295
7876,2,1,0.44872093,0.46669829215492226
7877,2,0,0.17246926,0.17337592292523651
7880,2,1,0.7007107,0.7048172994845915
7882,2,0,0.753338,0.7277235612098353
7890,2,0,0.3209842,0.34576862988060475
7892,2,1,0.6429816,0.6484154512408604
7894,2,1,0.7848758,0.7414842533902373
7902,2,1,0.7565917,0.743911451616609
7903,2,1,0.6861879,0.6477841389231649
7904,2,1,0.75217164,0.7290424030592614
7906,2,1,0.82588035,0.7853721775405798
7912,2,0,0.77147514,0.7520571025480888
7916,2,0,0.47152674,0.49380669716162334
7917,2,0,0.45677635,0.45260550141046263
7928,2,1,0.7825765,0.764374052534455
7930,2,1,0.44327605,0.44918623662094953
7934,2,1,0.77448684,0.7567814458465469
7940,2,0,0.761017,0.684216793113779
7941,2,1,0.4249766,0.49259110726500416
7947,2,0,0.6898048,0.702296805129668
7949,2,0,0.7227643,0.7126283951077368
7963,2,0,0.33315012,0.34021812009851954
7968,2,0,0.6799945,0.7233252907963852
7970,2,0,0.73930305,0.7187639748261213
7972,2,0,0.28775945,0.29716954958478453
7975,2,0,0.6859456,0.7240964549271232
7980,2,0,0.6362481,0.6614220838473918
7987,2,0,0.6224973,0.583904139896857
8005,2,1,0.5854181,0.5797603604588923
8016,2,1,0.8313959,0.8249064895882405
8026,2,1,0.86384517,0.8511937958903714
8031,2,0,0.6705184,0.6538041288604648
8032,2,1,0.9063109,0.8954181840149492
8036,2,1,0.45336035,0.4521290132138092
8037,2,0,0.16736592,0.15549702372011473
8050,2,1,0.8152225,0.8018261992298858
8052,2,1,0.8456203,0.8434563784167138
8055,2,0,0.69171673,0.6122432250020386
8062,2,0,0.18673101,0.20073620914587592
8063,2,1,0.7282081,0.7140444529622182
8067,2,0,0.53956753,0.5704019997779722
8068,2,0,0.64361566,0.600519911418127
8070,2,1,0.53869575,0.5409065980164686
8080,2,1,0.6342297,0.6287409932561566
8083,2,0,0.23651612,0.25120411313935403
8085,2,1,0.6441648,0.6657781058667106
8087,2,1,0.7110246,0.6981912481501849
8089,2,1,0.8294177,0.8047960919280954
8092,2,0,0.52200216,0.5256419243388962
8097,2,1,0.6153648,0.5580019197045379
8126,2,1,0.4179223,0.4545718386215517
8131,2,1,0.88817054,0.8544571064754285
8133,2,1,0.6164877,0.6131943429041864
8137,2,0,0.46328512,0.4601202885989253
8140,2,1,0.7234544,0.7432549087247821
8142,2,1,0.8697563,0.8756879594851601
8150,2,1,0.7654563,0.7827939295233887
8156,2,1,0.7679264,0.759007297790276
8161,2,0,0.12849206,0.1333418175789321
8167,2,1,0.8094921,0.7926916453418995
8175,2,1,0.8561933,0.8216065356339346
8178,2,1,0.863336,0.8646389051314214
8182,2,1,0.51336974,0.5006412321660778
8184,2,0,0.4419399,0.4723182275607494
8190,2,1,0.89016217,0.8711251830871334
8192,2,1,0.6678727,0.6589898664135756
8195,2,0,0.41914555,0.37419704696755424
8200,2,0,0.49829128,0.5018618908493387
8201,2,0,0.6757291,0.6845361462155418
8209,2,1,0.8622881,0.8382056749844686
8213,2,0,0.64375186,0.6777394821398607
8220,2,0,0.1637012,0.1377426311220502
8231,2,1,0.57054466,0.5657183316054889
8233,2,1,0.85553545,0.8355430345524727
8234,2,0,0.7248827,0.7021892156994703
8240,2,1,0.6330809,0.6449402374192
8241,2,1,0.839578,0.8377684169192054
8242,2,1,0.22245616,0.25262922684179634
8256,2,1,0.6515318,0.7091195955470717
8258,2,1,0.46204424,0.472872829657566
8260,2,1,0.7467559,0.7462010586703104
8266,2,1,0.53168505,0.5261864604659353
8268,2,1,0.82677144,0.7759792725826182
8291,2,1,0.6762117,0.6787555216024659
8295,2,0,0.4374137,0.4478625416769254
8297,2,0,0.22476721,0.18508584146270957
8298,2,1,0.6515505,0.6374121830552574
8302,2,0,0.44401056,0.403494068076674
8306,2,1,0.6844782,0.6640137486409837
8307,2,0,0.49410707,0.46912551837858696
8309,2,0,0.36579683,0.3426610988583511
8315,2,0,0.68743813,0.6870434994299048
8319,2,0,0.43316463,0.43171807411158303
8326,2,0,0.71455437,0.7323465867683697
8337,2,1,0.7725749,0.7802972685054457
8344,2,1,0.8731772,0.855004752735304
8351,2,1,0.47005484,0.4889365855465797
8357,2,1,0.5084517,0.5263156328367369
8365,2,1,0.5739709,0.5805654645019622
8374,2,1,0.8260093,0.8213810935511131
8375,2,1,0.70005625,0.7046092225051137
8377,2,1,0.788461,0.75026777971383
8379,2,1,0.7262221,0.7070331633399212
8380,2,1,0.8700114,0.8669526430761935
8384,2,1,0.89162713,0.8791627162884182
8385,2,0,0.71223235,0.7303993663939088
8389,2,0,0.44065627,0.49151235916314623
8395,2,1,0.8434009,0.809684750273229
8401,2,1,0.26759255,0.22609321601239696
8403,2,1,0.7838166,0.7678377925747896
8405,2,1,0.6655033,0.6296822683971521
8406,2,1,0.64725393,0.6132604262876795
8413,2,1,0.7874188,0.7940510533705776
8416,2,1,0.89086914,0.8894127480477831
8418,2,1,0.8604135,0.8367509275034433
8419,2,1,0.40544936,0.424750576681059
8422,2,1,0.8636704,0.8392611365819773
8425,2,0,0.2942732,0.2929860819638212
8426,2,1,0.34802142,0.36992351445783805
8431,2,1,0.6716913,0.6689706149414206
8432,2,0,0.47347736,0.4827865842741251
8435,2,0,0.40071526,0.39646043957366506
8436,2,1,0.5278267,0.5249765732553368
8440,2,1,0.59951043,0.5913845766495116
8447,2,1,0.64420223,0.6701920096496192
8451,2,1,0.59871554,0.5973081413679466
8455,2,1,0.42249233,0.4584184564890428
8464,2,1,0.6948856,0.7233485163166966
8465,2,1,0.52302814,0.5381194696313926
8471,2,1,0.80144227,0.7953808174968551
8481,2,1,0.6286944,0.5933773056039242
8491,2,0,0.24543568,0.28082251539362335
8492,2,1,0.6538756,0.6214330547324052
8493,2,0,0.6680368,0.673112922799053
8496,2,1,0.75202495,0.7191282504686426
8499,2,1,0.68866056,0.688752465420402
8502,2,1,0.8847925,0.8766873714246506
8506,2,1,0.81413615,0.7790855693164699
8511,2,0,0.2945873,0.30153946933551035
8516,2,0,0.25870833,0.29287386356745493
8519,2,1,0.5533105,0.5567971652780824
8522,2,1,0.6580023,0.6711389441851477
8524,2,1,0.67500746,0.6866801649181309
8537,2,1,0.47172043,0.47032828798288
8543,2,0,0.49213642,0.4705639570956085
8552,2,1,0.50393945,0.5085648890253687
8560,2,1,0.3567088,0.388433521150083
8561,2,0,0.655794,0.6405323397584112
8567,2,0,0.8223557,0.7940628676036472
8575,2,0,0.6807959,0.7032093983839688
8578,2,0,0.56408685,0.5445882190024933
8580,2,1,0.48778322,0.4771802288056237
8582,2,1,0.7551701,0.736629090547546
8583,2,0,0.7395918,0.7620345446959744
8585,2,1,0.6326158,0.6505024122359148
8588,2,0,0.24865626,0.26625395088630455
8603,2,1,0.5697234,0.5656853925022722
8607,2,1,0.89548665,0.8643631840526877
8617,2,1,0.7720587,0.7955886918930961
8619,2,0,0.28681386,0.2865968896670791
8622,2,0,0.7144869,0.6915217759309165
8624,2,1,0.7087035,0.6746574553704533
8626,2,1,0.57962644,0.5554168099059613
8632,2,0,0.17390788,0.16953941687519372
8633,2,1,0.802999,0.7679788971678275
8634,2,1,0.50796026,0.49842972416133396
8637,2,1,0.92043674,0.9292333147312795
8641,2,1,0.3514911,0.37359449885766904
8643,2,0,0.33769134,0.35743823736557157
8646,2,1,0.7833081,0.7313212583574835
8647,2,1,0.7308324,0.7261833627010532
8651,2,1,0.4820818,0.45749859892262484
8655,2,0,0.36744258,0.3675606916969696
8657,2,0,0.6081766,0.6281723364973159
8662,2,0,0.8057282,0.7935336244924371
8664,2,0,0.5695781,0.5453732111745321
8669,2,0,0.7153357,0.680045919191119
8670,2,1,0.5122021,0.4823193093914759
8672,2,1,0.8699961,0.8321347729034941
8675,2,1,0.63941425,0.6623630911585511
8678,2,0,0.71351624,0.6939512281649269
8690,2,1,0.7917096,0.7800900173863525
8698,2,1,0.8915944,0.8816735426029473
8700,2,0,0.60673493,0.6501123275810028
8702,2,0,0.64410883,0.6316326455210552
8717,2,0,0.6282675,0.641995992008677
8729,2,1,0.63695806,0.7251035157769888
8731,2,0,0.11632597,0.08652175283606157
8733,2,0,0.7965021,0.7796181355411251
8737,2,1,0.7965122,0.8282145374613915
8739,2,0,0.39264905,0.38898611713396647
8748,2,1,0.74612445,0.7373887343785019
8754,2,1,0.44759,0.4600543977083989
8756,2,1,0.85549843,0.8385214064004926
8757,2,1,0.44060537,0.4098241222892895
8765,2,1,0.72250724,0.6864200444565258
8782,2,1,0.52886736,0.568529990819665
8788,2,1,0.6593735,0.6429124634955377
8791,2,1,0.7598038,0.730778477921429
8793,2,0,0.64633435,0.6357832990010506
8797,2,1,0.2526653,0.24258993667782242
8801,2,1,0.7979561,0.7963656044912094
8823,2,1,0.5809154,0.616385734507381
8831,2,1,0.51495874,0.5417696845607111
8847,2,1,0.799508,0.768035179938302
8851,2,0,0.26277944,0.2772181749259369
8857,2,0,0.44556493,0.4470883082455633
8858,2,1,0.87849087,0.8441902202782513
8860,2,1,0.6213921,0.6099745037024326
8865,2,1,0.7988968,0.811853196364616
8869,2,0,0.43180826,0.41553893955068455
8870,2,0,0.25871813,0.26780929578254253
8872,2,1,0.505185,0.49620090783131676
8881,2,1,0.7882411,0.7596240415980339
8882,2,0,0.7208307,0.692906565923244
8884,2,1,0.75052655,0.7623590670532472
8889,2,0,0.8322893,0.8240064830826971
8893,2,1,0.7690602,0.7546115669715614
8898,2,0,0.291239,0.3035990093969447
8901,2,0,0.28387037,0.26371689815527194
8902,2,0,0.38594222,0.41678914741192175
8904,2,1,0.7242811,0.7146049853031252
8905,2,1,0.8180339,0.828452989539495
8906,2,1,0.4471959,0.4555700953812563
8910,2,0,0.12814018,0.1062766755307467
8913,2,1,0.5433808,0.560597401221823
8916,2,0,0.5045398,0.5133508826215508
8919,2,0,0.65314454,0.6660864104830795
8930,2,1,0.34723687,0.36728751239515484
8937,2,0,0.71406674,0.696215787386904
8938,2,1,0.57743394,0.5866765147691259
8939,2,1,0.82577556,0.7757920603224342
8945,2,1,0.66240484,0.6742907495620232
8948,2,1,0.5186076,0.5206020556922287
8949,2,1,0.56320286,0.5824619211164249
8950,2,1,0.5313853,0.5480200621019813
8955,2,0,0.8249679,0.8103045086576263
8975,2,0,0.5787928,0.508517206128679
8980,2,0,0.6934117,0.6613106531662214
8988,2,0,0.6024065,0.5531320722858238
8989,2,0,0.6017867,0.5688350824260889
8995,2,1,0.75880724,0.740774603333712
9001,2,1,0.7411036,0.6268570121983777
9002,2,1,0.46206725,0.4704075795905919
9008,2,1,0.78388035,0.7828131443341532
9009,2,1,0.58112913,0.610886286535698
9021,2,0,0.723377,0.7115681193556911
9022,2,0,0.4100178,0.40879712109717065
9027,2,0,0.5522542,0.531033047213909
9037,2,1,0.5180495,0.5541350521555922
9040,2,1,0.5186233,0.5250458684949121
9048,2,0,0.58664924,0.5754912204492842
9052,2,1,0.7294177,0.7247128878982838
9056,2,1,0.58768266,0.5963817619114402
9057,2,1,0.7223566,0.7005429377219314
9058,2,0,0.23706973,0.2391094046116612
9061,2,1,0.82295007,0.8027087142496979
9062,2,0,0.38004532,0.39536612088395856
9071,2,0,0.5353606,0.4995246632124107
9073,2,0,0.7219622,0.7170792996133926
9076,2,1,0.8097183,0.7946315552775647
9077,2,0,0.31922832,0.3673085318720227
9079,2,0,0.3901727,0.4531746678812885
9081,2,0,0.63059527,0.6843132311478236
9090,2,0,0.6029501,0.6431912921714612
9092,2,1,0.8170079,0.8036090877550996
9094,2,0,0.89273316,0.8928925066685097
9100,2,1,0.8129626,0.8118522189954482
9101,2,0,0.21453272,0.2346915838937569
9111,2,1,0.5072112,0.5618273739225116
9112,2,1,0.8293998,0.822239120271439
9114,2,1,0.7527946,0.7631639793897331
9121,2,1,0.7746462,0.7361379983211013
9122,2,1,0.5758169,0.5851603253861962
9124,2,1,0.83002216,0.8303620678342412
9126,2,1,0.862487,0.8503103742629123
9128,2,1,0.92373294,0.9079701282897087
9129,2,1,0.80776525,0.8052711122087906
9133,2,0,0.23394012,0.22498201053313904
9136,2,0,0.4693127,0.5090972104405407
9142,2,1,0.8713008,0.870041712589976
9143,2,1,0.78044784,0.7447718021468503
9144,2,0,0.6255148,0.6186414612533426
9155,2,0,0.5824872,0.5671524272977686
9159,2,0,0.13895741,0.13590456039025953
9161,2,1,0.52917135,0.5472287984100066
9163,2,1,0.76582015,0.7604138767970396
9172,2,1,0.92512673,0.9307950779925422
9175,2,0,0.32963046,0.3541756878242796
9187,2,1,0.7237431,0.6909270490890431
9190,2,1,0.7990231,0.7778960893646973
9193,2,1,0.8165777,0.8275021869292094
9196,2,0,0.44549146,0.45981878391745484
9199,2,0,0.47620374,0.4696759279804689
9203,2,0,0.6076314,0.6034839841476853
9205,2,1,0.6547066,0.6548937721740636
9217,2,0,0.36674017,0.38522566594346197
9219,2,0,0.3364176,0.36199980154852673
9223,2,1,0.42985165,0.42960384262927226
9233,2,1,0.61853105,0.6150255215829998
9235,2,1,0.80697256,0.7745113285891936
9239,2,0,0.882509,0.8777944605357122
9244,2,0,0.68555355,0.6880407772724023
9251,2,1,0.18336499,0.20090195481294476
9254,2,1,0.6507156,0.6812141185048307
9261,2,0,0.4720008,0.4878998399309464
9263,2,1,0.79515964,0.7933538331913561
9264,2,0,0.79378873,0.8230453309822408
9267,2,0,0.7236201,0.7675117129638876
9270,2,1,0.759084,0.7576659571301164
9274,2,1,0.9343901,0.9289457178520601
9290,2,0,0.6951019,0.661526158368505
9305,2,0,0.32908997,0.3714033337421939
9307,2,0,0.21018879,0.2180795931102263
9309,2,1,0.86511445,0.853793395531836
9310,2,0,0.20759666,0.25164060791260773
9323,2,0,0.485152,0.46372531352170854
9330,2,1,0.8107149,0.8177227869641496
9341,2,1,0.8339989,0.8158185979773789
9347,2,0,0.31573704,0.30372345526437367
9351,2,1,0.5807885,0.5819828412798825
9353,2,0,0.94377273,0.9367359435723173
9356,2,1,0.9079306,0.9058730440003748
9357,2,1,0.90432066,0.9089002390665014
9362,2,1,0.70338774,0.658930763194751
9365,2,1,0.48258016,0.456844672899529
9366,2,0,0.6035556,0.578156827386871
9370,2,0,0.13417391,0.11949754062782826
9371,2,1,0.6444939,0.650070984165454
9372,2,1,0.7950671,0.7782110894396167
9376,2,0,0.117351644,0.11723778531880312
9378,2,1,0.71488297,0.6872837127583461
9382,2,1,0.76374817,0.7592987750641246
9384,2,1,0.6143557,0.6038365932182632
9400,2,1,0.8852121,0.8917730250857192
9402,2,1,0.66091824,0.6541331581329289
9413,2,1,0.8563814,0.8261337856761958
9420,2,0,0.59761024,0.5716332637563105
9427,2,1,0.4783055,0.5435211101889333
9434,2,1,0.7244721,0.6790283056862121
9438,2,0,0.65005744,0.6299955755913378
9439,2,0,0.75064677,0.7575343991159992
9442,2,1,0.6350654,0.6469251582385614
9447,2,0,0.7611794,0.7774519247623283
9449,2,0,0.6615795,0.6474906008423646
9450,2,0,0.66871375,0.6526106212499426
9451,2,1,0.75282735,0.7865977145767606
9462,2,1,0.771575,0.7442430827136391
9463,2,1,0.65977305,0.6314949449122405
9477,2,1,0.8316545,0.8217380809303435
9480,2,1,0.8005236,0.7679498955220073
9484,2,1,0.34242162,0.36935418457971886
9486,2,0,0.7130269,0.7129440376117353
9495,2,1,0.7010121,0.6691579937820099
9497,2,0,0.13556145,0.13712319358902217
9502,2,1,0.687821,0.6931805406318118
9504,2,0,0.5733963,0.5908424979795285
9505,2,1,0.61169225,0.6239925518538301
9510,2,1,0.6645895,0.6442326887084809
9514,2,1,0.75448406,0.7422264995130531
9521,2,1,0.62437266,0.6534412756179093
9527,2,1,0.62033385,0.6234100082605366
9536,2,1,0.558544,0.5091812921400722
9541,2,0,0.3483144,0.3378593781946156
9545,2,1,0.79381007,0.7935304572396995
9548,2,1,0.868137,0.8729334308860387
9549,2,0,0.65774184,0.603542974964318
9553,2,0,0.24977532,0.30111469550706377
9554,2,0,0.2023223,0.24065135623911363
9555,2,1,0.6646272,0.6646422050620684
9558,2,0,0.63987356,0.6513933588822869
9559,2,1,0.7144658,0.680797920873853
9563,2,0,0.84834605,0.8363596939018648
9567,2,1,0.43856794,0.42144789973549457
9569,2,0,0.60890406,0.59092805654182
9570,2,1,0.838319,0.8033654362282975
9575,2,0,0.53529024,0.5199824417790019
9576,2,1,0.7007975,0.6488821251888611
9578,2,1,0.73616505,0.7259397741815122
9582,2,0,0.36806622,0.3747681640479935
9583,2,0,0.6464387,0.7073768035081529
9585,2,0,0.28503838,0.30240090092807076
9589,2,1,0.52790827,0.5110165402776111
9590,2,0,0.8062697,0.7627148714676643
9594,2,0,0.25461355,0.2567258075107497
9595,2,0,0.26558456,0.2617555304711298
9600,2,1,0.7327706,0.7425281743037592
9602,2,0,0.6507792,0.5996594059048044
9603,2,1,0.42008927,0.4301079329070471
9606,2,0,0.6014129,0.604879577806766
9613,2,1,0.8369155,0.8087111292557665
9619,2,0,0.59201413,0.5240998322526508
9625,2,0,0.4815514,0.5147159946346167
9633,2,1,0.5984213,0.6110171757210251
9637,2,1,0.9408758,0.929820795186394
9644,2,1,0.83549976,0.8372537429782714
9647,2,1,0.74861735,0.7235237533843001
9656,2,1,0.7634602,0.733039648993274
9662,2,1,0.7133359,0.6892532589683408
9673,2,1,0.5541466,0.48962742562787565
9675,2,1,0.5915302,0.5680728562998332
9684,2,1,0.84333336,0.8209415652216147
9697,2,0,0.51331705,0.5474829454632306
9698,2,1,0.74315304,0.7240954307985518
9701,2,1,0.47506827,0.44697539051442625
9702,2,1,0.44833916,0.48387466450023164
9703,2,0,0.78546035,0.7511361988321835
9707,2,0,0.3142359,0.3578526635606914
9709,2,1,0.4851815,0.5124776034939958
9725,2,1,0.5250223,0.49399079072930235
9728,2,1,0.46501353,0.49728058158503113
9730,2,1,0.7029574,0.7181228875056844
9731,2,0,0.7131671,0.6726332991881171
9735,2,1,0.72747666,0.7232026162459323
9737,2,0,0.50326914,0.48124518872318967
9741,2,1,0.8669081,0.8381231861455333
9742,2,0,0.72296745,0.7274497303419054
9744,2,0,0.48995215,0.5194561218481321
9751,2,0,0.19761714,0.19487128337349366
9754,2,1,0.5914347,0.6067938142570061
9755,2,1,0.5865805,0.6161277088145067
9766,2,0,0.73649853,0.6865439546959637
9771,2,0,0.511015,0.5083088620358132
9779,2,1,0.76050246,0.7494331936923784
9782,2,0,0.73838806,0.7550047603987089
9787,2,1,0.7798609,0.7852098559979246
9794,2,1,0.55995685,0.5725150027510493
9801,2,1,0.7945881,0.78941389477622
9802,2,1,0.54835093,0.5808756388710711
9804,2,1,0.810871,0.7813190460619461
9809,2,0,0.3466199,0.3499666375399946
9816,2,1,0.3487729,0.37382484231760754
9827,2,1,0.42270795,0.47282117687637326
9833,2,0,0.65437984,0.6615027961641305
9836,2,0,0.3438646,0.3475218086266765
9839,2,0,0.57979923,0.551424533862115
9848,2,0,0.855775,0.8228895450402504
9852,2,0,0.3809202,0.4230830615341794
9853,2,0,0.6990782,0.7085857254136341
9855,2,1,0.7294043,0.7393371695895719
9856,2,0,0.36099946,0.35360307120546586
9859,2,1,0.74587524,0.7101108957416723
9864,2,1,0.7116211,0.6615629352869578
9870,2,1,0.855369,0.8407626985454508
9871,2,0,0.47846374,0.45087974676827886
9874,2,0,0.5954447,0.5798067275138539
9878,2,1,0.8364281,0.8163143863090089
9884,2,1,0.81786376,0.7942557568046803
9887,2,0,0.58575326,0.5970537122930762
9889,2,1,0.8595846,0.8364204372938326
9891,2,0,0.19164474,0.22626406462475412
9896,2,0,0.26107246,0.2627119679637701
9900,2,1,0.5641145,0.4999985203981296
9901,2,0,0.23679605,0.23342177193875555
9905,2,1,0.6705308,0.6577609160515999
9906,2,1,0.49618283,0.48353256746946555
9914,2,1,0.5676835,0.5602065354540608
9923,2,0,0.64893997,0.6583562893035794
9928,2,0,0.8172768,0.8156402330098681
9930,2,1,0.8835427,0.8603338771878463
9935,2,1,0.80321956,0.830290179564936
9937,2,1,0.7540995,0.727492159323529
9941,2,0,0.28825095,0.26935423196734604
9946,2,0,0.7634866,0.7778194796524298
9950,2,1,0.82021576,0.8424280474957648
9964,2,1,0.7843856,0.7813059808276401
9970,2,1,0.4168149,0.42251763637535183
9974,2,0,0.13769782,0.13514830188042692
9978,2,0,0.62986577,0.6487462461009357
9980,2,1,0.60927206,0.5854152763616658
9983,2,1,0.51869047,0.5408667028939684
9984,2,0,0.3733729,0.39429895984229946
9987,2,1,0.8064243,0.7776388607508484
9990,2,1,0.76753867,0.7742354015715375
9996,2,1,0.3259658,0.3002470998337264
9997,2,1,0.89900696,0.8919768564979469
10004,2,1,0.72188795,0.7355613670597572
10007,2,1,0.80655015,0.8221640476166697
10008,2,1,0.77942693,0.77875995118287
10012,2,1,0.33134666,0.2844766184193244
10020,2,1,0.7074878,0.677666293197752
10022,2,1,0.87744534,0.8721851329501072
10023,2,0,0.38653025,0.3941633955460078
10042,2,1,0.70073724,0.6875456585760996
10047,2,1,0.678037,0.6847043066420134
10048,2,1,0.7652643,0.7533850130937703
10055,2,1,0.8174358,0.7812465002875244
10058,2,0,0.46162027,0.4535798908716677
10059,2,0,0.6266912,0.5734658032014267
10061,2,1,0.78531533,0.7561656602111153
10062,2,1,0.78896445,0.7639035841229973
10073,2,1,0.6264388,0.6027976652673551
10076,2,0,0.3612589,0.3875746079210168
10081,2,1,0.7441506,0.7224546758190313
10087,2,0,0.36891228,0.35000886015095733
10092,2,0,0.83914083,0.8165734910382582
10100,2,1,0.7096356,0.6946364542621632
10101,2,0,0.65370196,0.6524843276539872
10102,2,0,0.6868972,0.7042666138574316
10113,2,1,0.55321425,0.5763188554919438
10114,2,1,0.64583844,0.6735979408048638
10118,2,0,0.5479172,0.5444565537338383
10119,2,0,0.6652015,0.6224149247387412
10121,2,0,0.49367225,0.4781188524766825
10124,2,0,0.2476629,0.24886282613491748
10125,2,0,0.56121886,0.6224157187825906
10138,2,1,0.80246055,0.7897953179149264
10150,2,0,0.21824813,0.23562950489595685
10158,2,1,0.7571344,0.7628851520204756
10160,2,0,0.85369486,0.8354192858339818
10167,2,0,0.43737784,0.42112565158873794
10169,2,1,0.29702005,0.305901769451318
10170,2,1,0.09413083,0.10663284125224767
10172,2,1,0.5875322,0.5900750359703019
10178,2,1,0.9008163,0.8803972745751368
10183,2,1,0.46509296,0.4677456138617695
10195,2,1,0.8366679,0.8329183205899058
10197,2,1,0.32732472,0.3513376039276723
10205,2,1,0.47774222,0.5205649723847067
10206,2,1,0.8545823,0.8274429083749151
10212,2,0,0.13824113,0.12118903701664467
10215,2,0,0.2245258,0.19107384317244422
10217,2,0,0.12109244,0.13363793258726703
10219,2,0,0.3066061,0.3186666524295125
10221,2,1,0.6917068,0.6690972497392039
10225,2,1,0.4650393,0.48005612435758105
10228,2,0,0.6909148,0.6504330941237035
10234,2,1,0.4027328,0.4308320645534033
10235,2,0,0.5083895,0.4783403093805874
10237,2,1,0.40121937,0.39259520664349584
10239,2,0,0.7231123,0.7085382439942468
10243,2,1,0.8566018,0.8265782085952761
10248,2,1,0.39075258,0.41968129894059825
10250,2,1,0.56218,0.541089322482136
10252,2,1,0.6999482,0.6825531277058953
10253,2,1,0.7171906,0.6539703292422594
10256,2,1,0.7050086,0.7013778912092887
10257,2,1,0.15384544,0.09741817739341116
10263,2,1,0.74482226,0.7120847281472429
10265,2,1,0.6445289,0.6381773904347923
10266,2,1,0.8297002,0.8264875544856627
10274,2,0,0.2627998,0.27748721512812985
10292,2,0,0.107576564,0.13112720767938377
10298,2,1,0.86141664,0.8512804759232756
10319,2,0,0.80126584,0.8006543858000961
10331,2,0,0.78328246,0.7627681530583159
10336,2,1,0.6654817,0.6557007817846353
10337,2,0,0.42745104,0.45668111624196517
10340,2,1,0.75377506,0.711067699221178
10344,2,0,0.63669324,0.5995735186319129
10349,2,1,0.6478325,0.6778158106864179
10359,2,0,0.70887333,0.6888028290566749
10363,2,1,0.57314837,0.6083799084533067
10372,2,0,0.6719979,0.6069011391946271
10377,2,1,0.7717044,0.7625242427743955
10378,2,1,0.76944226,0.7357535720332368
10390,2,1,0.17659153,0.2071266651183368
10391,2,0,0.49033913,0.4567789083610117
10394,2,0,0.23440439,0.23551493579447214
10409,2,0,0.4406719,0.46963508802740406
10410,2,1,0.94817513,0.9452977576772937
10411,2,1,0.70684576,0.7309989542625204
10419,2,1,0.6818313,0.689222746741092
10421,2,0,0.57661325,0.5887026331802843
10436,2,1,0.66102564,0.6681276656336219
10445,2,1,0.2989906,0.3329445741423358
10454,2,1,0.5834361,0.559438588227224
10456,2,0,0.6252202,0.6126029956356801
10457,2,0,0.23295586,0.25112093044989847
10458,2,1,0.8888337,0.8598591815702784
10459,2,1,0.817319,0.7795283719612736
10462,2,1,0.6001312,0.6140150505009335
10468,2,0,0.26978758,0.27988513115260844
10477,2,0,0.22832263,0.24830160256091877
10483,2,1,0.57746214,0.5828283887125564
10484,2,1,0.8712837,0.8709166833316456
10487,2,0,0.71640193,0.7105867728297807
10488,2,0,0.5878814,0.6042644013377139
10500,2,1,0.17668717,0.163438351209057
10503,2,1,0.6658047,0.6423952806251801
10516,2,1,0.6333412,0.6464626065370829
10524,2,0,0.55423886,0.6110091296752647
10529,2,1,0.7372544,0.7841683125394748
10540,2,1,0.56407195,0.5463668079737877
10541,2,0,0.4276125,0.47303545977534195
10545,2,0,0.67174983,0.6442560883826979
10546,2,1,0.5892105,0.6027445978967945
10547,2,1,0.7636255,0.7786944284515109
10551,2,0,0.22931954,0.2853233612861336
10559,2,0,0.48804936,0.49157694462194096
10560,2,0,0.35672632,0.40494922899012237
10562,2,0,0.5180149,0.567718592546367
10564,2,0,0.37673897,0.35423607519065686
10567,2,1,0.341472,0.33544149211668234
10568,2,0,0.44496447,0.4596851592458878
10570,2,1,0.7823847,0.7680350186727637
10578,2,1,0.71496797,0.7279378992643041
10580,2,1,0.8935791,0.8762355802207002
10581,2,0,0.72804457,0.7309663418832499
10586,2,0,0.44244608,0.43704862238085723
10588,2,1,0.86940944,0.8340951215719857
10589,2,1,0.7062385,0.6934705060048056
10591,2,0,0.5094323,0.4728875562886349
10592,2,0,0.33700573,0.3647731180755243
10594,2,1,0.85620636,0.8219797808319185
10596,2,0,0.3491429,0.37578946518882617
10598,2,1,0.71058065,0.6680461752460207
10602,2,1,0.45513472,0.455645033546391
10606,2,0,0.63494146,0.647063688839967
10607,2,1,0.7857445,0.7602909973216354
10614,2,0,0.26807284,0.25202710396382577
10617,2,1,0.6549684,0.7068070756020614
10621,2,1,0.669896,0.655458094388786
10626,2,1,0.7728354,0.7636533224421821
10645,2,1,0.8926519,0.8897665241051316
10648,2,1,0.64897984,0.6781398400963915
10653,2,1,0.6408885,0.6523180406641643
10669,2,1,0.8018057,0.8084445370786655
10672,2,0,0.27960956,0.3331575218268491
10675,2,0,0.32504314,0.35751025096018635
10680,2,0,0.2099232,0.21626146377296993
10688,2,1,0.7095092,0.6930103254468496
10690,2,1,0.3671329,0.4092417682247635
10695,2,1,0.7192342,0.7183915185333994
10696,2,1,0.51780677,0.5201433692323563
10699,2,1,0.81599873,0.7839052501750159
10700,2,1,0.8753621,0.8747164950855423
10703,2,1,0.6533894,0.660698224150418
10711,2,0,0.45522058,0.4962526810909396
10722,2,0,0.63722837,0.6201570802930564
10727,2,0,0.5401359,0.5400667408102937
10730,2,1,0.55517733,0.5355922787018745
10731,2,1,0.6110272,0.5863472306257924
10732,2,1,0.6041416,0.6220012400080579
10733,2,0,0.21806824,0.23591873507097205
10739,2,1,0.5584572,0.5310287422195422
10741,2,1,0.7847468,0.7677769139795315
10749,2,0,0.303197,0.3297187992471213
10752,2,0,0.3313643,0.33034906449895035
10754,2,1,0.80015504,0.8092701364589842
10764,2,1,0.5402844,0.5674623313701035
10769,2,0,0.68217313,0.6820845524193194
10776,2,0,0.47682145,0.33759174681777265
10780,2,1,0.65446895,0.6590662743016209
10787,2,1,0.3707925,0.3639861819528123
10788,2,0,0.7654682,0.7398335024612316
10794,2,1,0.7964796,0.7693736980061425
10816,2,0,0.76485485,0.7666879142993126
10817,2,0,0.71751773,0.6963533806634111
10830,2,1,0.56969374,0.596013428580447
10836,2,1,0.7310639,0.6973535915206907
10837,2,1,0.40697753,0.41522973586931333
10844,2,0,0.5591302,0.5415829792769381
10847,2,0,0.5233137,0.5171212736037963
10848,2,0,0.16069397,0.15986054947321005
10850,2,0,0.30032647,0.24817126498527023
10856,2,1,0.54461074,0.524999852526189
10857,2,1,0.5739128,0.5529629562587195
10858,2,1,0.56086636,0.549065165611721
10860,2,1,0.9208248,0.9122478022835161
10864,2,0,0.68515646,0.6741614585348046
10877,2,1,0.5918493,0.5853591727929152
10878,2,0,0.6155462,0.6193621382572542
10879,2,1,0.8251637,0.8013672956965676
10891,2,1,0.7822931,0.7932032947670057
10898,2,1,0.6825571,0.6895437915684667
10903,2,1,0.697253,0.7266473265070403
10905,2,0,0.26370633,0.30578021668392213
10911,2,1,0.80908823,0.7975674786239704
10912,2,0,0.866105,0.8402476834942401
10920,2,1,0.8682335,0.849781732812821
10921,2,1,0.5406376,0.5732096567171204
10930,2,0,0.07924972,0.07105073571218508
10935,2,0,0.6409749,0.6163564249820281
10939,2,0,0.62897396,0.6438740174770775
10945,2,1,0.81531817,0.80567091203261
10946,2,1,0.75314105,0.7362393309701322
10948,2,1,0.4571866,0.4572826996399267
10957,2,1,0.38345364,0.412201981412769
10980,2,0,0.3405659,0.3406705527484268
10982,2,1,0.8247247,0.79620555028081
10984,2,1,0.90263224,0.9000156211843284
10987,2,1,0.8675211,0.8265666524552666
10993,2,1,0.7799736,0.7993711160460497
10994,2,0,0.6780897,0.6454527632932001
10995,2,1,0.3446355,0.38827337688972136
10997,2,1,0.49364778,0.5465414280479031
11005,2,0,0.60706496,0.6625921329076911
11010,2,0,0.59404415,0.5642262994396994
11015,2,0,0.46271652,0.48870781898212967
11020,2,1,0.48714218,0.5137908322177502
11021,2,1,0.7699329,0.7385722680092236
11030,2,0,0.26375803,0.2695295741687447
11037,2,1,0.3565592,0.35843186188204007
11039,2,0,0.38191023,0.4605630782039896
11045,2,1,0.39649063,0.4056485976013109
11048,2,0,0.75533044,0.7239621725823476
11050,2,0,0.18341601,0.2101135922238556
11052,2,1,0.60815805,0.6551051674150886
11058,2,1,0.7066249,0.6691281893625035
11060,2,1,0.8572935,0.8287110532521355
11063,2,1,0.40327728,0.3961436032072297
11065,2,1,0.4928748,0.542571400434879
11070,2,1,0.7982761,0.7897958803292647
11083,2,0,0.5284463,0.5977895020137767
11095,2,1,0.40837973,0.3989601760105503
11100,2,0,0.17949931,0.1812977537757277
11107,2,1,0.6147275,0.6016283947253678
11110,2,1,0.47972843,0.47801525886791246
11112,2,1,0.53472114,0.5061823428056047
11114,2,0,0.44065684,0.40483447619218726
11117,2,1,0.7047577,0.6772759856193532
11120,2,0,0.61538595,0.6526055911979514
11124,2,1,0.6160971,0.6011196974746668
11126,2,1,0.48617002,0.47958633420544267
11127,2,0,0.90145147,0.868356782672939
11128,2,1,0.26212052,0.2899128262770196
11129,2,1,0.85897684,0.8215237674485903
11131,2,1,0.74696285,0.7432141185377993
11134,2,1,0.7138336,0.6737740473649585
11141,2,1,0.72546893,0.6951187011365726
11147,2,1,0.7959604,0.8217344414955223
11156,2,1,0.69848317,0.7177320368886374
11164,2,1,0.7268668,0.718429993106762
11165,2,0,0.6535853,0.6217119445150942
11166,2,1,0.86183643,0.7946306945911541
11170,2,1,0.19832018,0.1621527595613372
11174,2,0,0.1596952,0.16137054168943876
11175,2,0,0.38623548,0.4032988234844709
11176,2,1,0.7742325,0.7834193568383988
11184,2,1,0.88832384,0.8635193302420057
11190,2,1,0.71183544,0.7139502500399496
11204,2,0,0.24465741,0.2106078164196499
11212,2,1,0.31093156,0.2990533197822951
11214,2,0,0.34298727,0.34386120501771883
11216,2,0,0.66163945,0.633742270856283
11219,2,0,0.45357546,0.46593974702563
11222,2,1,0.54215294,0.5138323428459225
11223,2,1,0.14831614,0.14572760267998414
11225,2,0,0.7803259,0.7520211495854977
11230,2,1,0.64173055,0.6625958897646759
11235,2,0,0.4235906,0.4691290953521788
11236,2,1,0.28268182,0.2672825059227968
11238,2,0,0.37236357,0.3589151649243569
11244,2,0,0.7301508,0.7134319650464723
11247,2,0,0.074521646,0.06889525991989863
11250,2,1,0.8369551,0.8249180299373627
11254,2,0,0.49046275,0.5523482278716679
11255,2,1,0.6851911,0.6681439965704797
11258,2,0,0.48539832,0.5197236122736976
11267,2,1,0.6981658,0.720620221886959
11275,2,1,0.5764453,0.5995007656620653
11278,2,1,0.464097,0.4123334838544563
11280,2,0,0.47985598,0.4978527812601004
11289,2,0,0.53090996,0.5075204189246151
11292,2,0,0.49525318,0.49727787326069756
11296,2,0,0.19235197,0.20906581661098791
11303,2,0,0.84500414,0.8366876430552125
11304,2,1,0.38944718,0.4786847029166174
11306,2,1,0.1572674,0.1646483230210306
11307,2,1,0.65625167,0.635619160410315
11309,2,1,0.52743113,0.5483976284224422
11314,2,1,0.8290091,0.8662052455441355
11316,2,1,0.6402183,0.656482051221383
11319,2,1,0.4433172,0.48488264924147334
11325,2,0,0.4890173,0.5242219978288988
11327,2,1,0.63910854,0.6545220116988437
11328,2,0,0.32877454,0.3380857734133033
11330,2,1,0.4902441,0.5409833334547727
11336,2,1,0.34203127,0.3282370514171381
11339,2,0,0.20500866,0.23072441315438172
11340,2,1,0.847865,0.8504091338218825
11342,2,1,0.74114865,0.7050961851829219
11348,2,0,0.6158512,0.603019488932659
11349,2,1,0.8570393,0.827649504455287
11356,2,0,0.51796573,0.5340863442836671
11360,2,1,0.42726102,0.3901858310388901
11365,2,0,0.82447314,0.8135265805357565
11370,2,1,0.60031325,0.5846934379930342
11374,2,1,0.7886267,0.7767780881546357
11379,2,1,0.6062139,0.5967216769917852
11383,2,1,0.87226534,0.8450262120873607
11394,2,0,0.7194044,0.7016500068369126
11395,2,0,0.35357085,0.38857093224968353
11396,2,1,0.84239936,0.8021412348300411
11401,2,0,0.75353986,0.7557508182492655
11402,2,1,0.54720086,0.5338662275828676
11409,2,1,0.31452835,0.34199670133795285
11410,2,0,0.47302487,0.4803940660531415
11422,2,0,0.66108906,0.6333169457053344
11433,2,1,0.7363099,0.7423508035511881
11434,2,0,0.10834126,0.11926856122725514
11435,2,0,0.73571813,0.7260951238938244
11437,2,1,0.7399426,0.7593545564013792
11438,2,1,0.5519714,0.5447464489698141
11447,2,1,0.46263358,0.46023443041589124
11451,2,0,0.64198506,0.6396080894317928
11457,2,1,0.6434305,0.6527635440661118
11472,2,0,0.569944,0.6008860893200015
11480,2,1,0.64500844,0.6344387956157773
11482,2,1,0.75814086,0.7070936206830256
11487,2,1,0.88647264,0.8617635151802944
11491,2,0,0.38658884,0.4669947936358976
11492,2,1,0.58309,0.5243887936983606
11496,2,1,0.553472,0.5360778581334189
11498,2,1,0.736024,0.7129828569789873
11520,2,0,0.1803621,0.20799395705805154
11529,2,1,0.71007377,0.6898295198174319
11530,2,1,0.8050401,0.7676066736743034
11533,2,1,0.8434041,0.8484879807493063
11537,2,0,0.6118768,0.5958363460902995
11543,2,1,0.84353805,0.8353299190463386
11544,2,0,0.15422013,0.16510519862488987
11548,2,1,0.3454277,0.3543028964235675
11549,2,0,0.6935012,0.6956906538143364
11551,2,0,0.07490882,0.06891489381672938
11552,2,1,0.48735863,0.5069206473291704
11553,2,1,0.74052435,0.7754279839696323
11555,2,1,0.74196243,0.7218549883744656
11563,2,0,0.30581468,0.30502287801393635
11572,2,1,0.7067948,0.6886510374773716
11576,2,1,0.9073932,0.8955046676833911
11578,2,0,0.25387728,0.2757518079255175
11582,2,1,0.44305456,0.45878065490562514
11589,2,0,0.26219252,0.2669805643128646
11592,2,1,0.6073614,0.6406694891174005
11594,2,0,0.61640036,0.61159954393746
11601,2,1,0.5389298,0.5291354730548037
11602,2,1,0.6993663,0.698784851112489
11611,2,0,0.630864,0.6629585914176277
11615,2,0,0.30933052,0.28549578473547865
11619,2,0,0.479496,0.4616808702604027
11622,2,1,0.85322326,0.8188240083027509
11624,2,1,0.5410303,0.5484658962764026
11627,2,1,0.6298652,0.6021754058114763
11629,2,1,0.8310049,0.7821103355680514
11632,2,1,0.7357064,0.738855537083612
11635,2,1,0.27252218,0.2769133054075721
11641,2,0,0.30460444,0.29249042085133053
11643,2,0,0.44095728,0.4592205869012786
11649,2,1,0.8232513,0.8013396620651084
11651,2,1,0.81947464,0.7773927739507422
11657,2,1,0.7040909,0.7059713468698267
11660,2,0,0.577944,0.5825698217780251
11665,2,1,0.6648371,0.6680823889365393
11666,2,0,0.25781325,0.2913931391689487
11669,2,1,0.7153832,0.6797988153570863
11671,2,0,0.7999017,0.759323579780726
11673,2,1,0.3676824,0.35595567640308595
11681,2,1,0.67810917,0.6944987929593347
11682,2,1,0.79972756,0.7957655786940848
11692,2,1,0.60033673,0.615133951332208
11694,2,1,0.7959796,0.7786966347240312
11695,2,1,0.60658026,0.5754021034865708
11697,2,0,0.8405067,0.8145542970559005
11704,2,0,0.631585,0.6666085403175216
11707,2,0,0.49454296,0.5437194424305607
11715,2,1,0.78118265,0.7837315423995889
11721,2,0,0.13921645,0.1352204050997787
11724,2,1,0.65546787,0.6580580563215472
11727,2,1,0.79536605,0.7942847843227216
11730,2,1,0.4092527,0.46064426126184754
11731,2,1,0.49870542,0.5643183045388227
11733,2,0,0.24054724,0.2674786845440127
11734,2,0,0.3429195,0.34387604557644946
11735,2,1,0.2727903,0.2943677828352709
11736,2,1,0.836483,0.8405040477089204
11740,2,1,0.82375985,0.8172285722372169
11757,2,0,0.30364603,0.33335207414029033
11772,2,1,0.7279942,0.7224962875031128
11775,2,1,0.64510787,0.6315766858893093
11776,2,0,0.34724522,0.35238646804348006
11779,2,1,0.7908337,0.797484590785526
11781,2,1,0.6159508,0.5639905295154239
11785,2,0,0.25264227,0.26687287438607216
11787,2,1,0.739164,0.7302566439656935
11788,2,0,0.35507137,0.35157489894372645
11795,2,1,0.6427918,0.6176468287924866
11798,2,0,0.37769598,0.34653765047967094
11804,2,0,0.5626183,0.5704377529717101
11812,2,0,0.28793457,0.29072035035456834
11819,2,0,0.19787405,0.16404538056641663
11820,2,1,0.8502238,0.828181204013667
11832,2,0,0.48502275,0.5109615068950125
11833,2,0,0.08944959,0.09066576571917301
11841,2,1,0.70395035,0.676364051273631
11843,2,1,0.7750563,0.7812584008443526
11846,2,1,0.87321955,0.8928348938618735
11857,2,1,0.5084759,0.5122881336139239
11860,2,1,0.4872697,0.4938784076088499
11869,2,1,0.6285315,0.5966348661925478
11871,2,0,0.76483107,0.7441908335423698
11878,2,1,0.8682063,0.8683028801406065
11879,2,0,0.8936751,0.8775400483844581
11881,2,1,0.7837081,0.7754118908282426
11882,2,1,0.117650546,0.13904055377885102
11883,2,1,0.78807265,0.7770523750856246
11887,2,1,0.8776826,0.8659172179848886
11889,2,1,0.73848826,0.7071646789924112
11890,2,0,0.19876549,0.22446625052424304
11896,2,1,0.5117607,0.4750380441055734
11918,2,1,0.90735483,0.8813171621799659
11920,2,1,0.57980704,0.5234270113714945
11922,2,0,0.86606055,0.8591039218377632
11923,2,1,0.776854,0.7716556952293695
11936,2,1,0.82417804,0.7975954810409801
11937,2,0,0.493383,0.4957297515034614
11943,2,0,0.67567253,0.6931620677792956
11945,2,0,0.42932823,0.4630579091156012
11954,2,0,0.54412943,0.5858819369109931
11960,2,1,0.8664121,0.8413933683583806
11962,2,0,0.7203813,0.7184778448089005
11973,2,1,0.7530346,0.752178717684666
11974,2,1,0.6428479,0.6232282984659308
11976,2,1,0.77413976,0.7526136703569825
11978,2,0,0.3371072,0.3556273451490287
11981,2,1,0.48305824,0.4514644833804571
11983,2,1,0.6344834,0.6265735660218488
11985,2,1,0.7545789,0.7812791935951571
11986,2,1,0.86934483,0.8712781822173454
11994,2,0,0.61407197,0.6496308874309064
11995,2,0,0.07541134,0.06991429485983139
12005,2,1,0.72268856,0.7456552075695526
12013,2,1,0.26066676,0.17420834555203205
12016,2,0,0.7281162,0.7140804636648277
12017,2,1,0.17040278,0.15342346532506565
12027,2,1,0.5862589,0.6001681321387287
12030,2,0,0.3750856,0.45309966175247884
12033,2,0,0.7322631,0.7416564991782103
12036,2,1,0.80052453,0.807015206109991
12043,2,1,0.67114496,0.6520627163973814
12044,2,1,0.47532684,0.47171110614372347
12061,2,1,0.6993163,0.6833079384440988
12069,2,1,0.51965386,0.5566177546422234
12070,2,1,0.29527402,0.35273179597640386
12074,2,1,0.8977754,0.8803502294113172
12080,2,1,0.69762355,0.7063508668543726
12083,2,1,0.8331988,0.8018412069673035
12084,2,0,0.59246176,0.6179808685711197
12092,2,0,0.65464234,0.645920534924835
12099,2,1,0.8002026,0.8314967260185576
12105,2,0,0.70217556,0.7014571147035346
12106,2,1,0.7573841,0.7431449340375621
12108,2,1,0.31799337,0.3562458086896253
12111,2,0,0.51499826,0.5560456477844603
12114,2,1,0.2855238,0.31210898051967934
12124,2,1,0.65253526,0.698297437028087
12126,2,1,0.17090626,0.1558307417751316
12129,2,0,0.7426185,0.7233346923812343
12131,2,1,0.7360737,0.688161397977021
12132,2,1,0.5668763,0.5531888388747663
12146,2,1,0.8342074,0.8039874683760799
12148,2,1,0.6824987,0.6908009854187829
12151,2,1,0.7029453,0.6611378577342601
12155,2,1,0.52013355,0.5033094812060757
12156,2,0,0.6425917,0.6807425758200211
12167,2,1,0.64827055,0.6318117969943546
12179,2,1,0.18296936,0.19285410323565746
12180,2,1,0.70583785,0.6864591072301073
12184,2,1,0.54057515,0.504476151221499
12187,2,1,0.8138564,0.8376584877847196
12193,2,0,0.67581826,0.6698852691902137
12196,2,0,0.65303034,0.6701475744564606
12200,2,0,0.09950843,0.08537459384921552
12204,2,0,0.51231843,0.5086032746256398
12205,2,1,0.65836585,0.6382929106799401
12208,2,1,0.7314536,0.7146278609576636
12209,2,1,0.897312,0.9020031519486834
12215,2,1,0.6762472,0.6995664127554535
12216,2,0,0.71371716,0.6754300812274757
12221,2,0,0.525021,0.5034151396249915
12224,2,0,0.17302448,0.19236017875186176
12229,2,0,0.68843,0.6861578041022262
12230,2,1,0.6682425,0.6467138491281599
12232,2,1,0.8418834,0.8626266397565974
12237,2,1,0.8359552,0.8157362792483966
12243,2,1,0.6375352,0.6515695749140519
12253,2,0,0.43721753,0.4857679355392509
12261,2,0,0.16332844,0.10430474751981202
12262,2,1,0.544684,0.5756674317586791
12265,2,1,0.5887529,0.547830179351437
12271,2,1,0.2842962,0.2833846049002118
12273,2,0,0.47766754,0.5210174474684667
12280,2,0,0.4796682,0.4898587847310748
12283,2,1,0.7513425,0.7225437140852983
12290,2,1,0.70521516,0.6983513641943409
12294,2,0,0.51666903,0.4995632177814099
12300,2,0,0.77425116,0.7637025832607648
12301,2,1,0.725665,0.7337858416770893
12302,2,0,0.36162782,0.3381187626520124
12303,2,0,0.46979937,0.5132586595029177
12305,2,0,0.56384194,0.5363748331224945
12307,2,1,0.8416208,0.8329915298881332
12317,2,1,0.5163475,0.5494127568850999
12319,2,0,0.5438996,0.5356210896066004
12323,2,0,0.69438165,0.6652379179224456
12329,2,1,0.66598815,0.6752993578119593
12334,2,1,0.737266,0.7423480736785103
12343,2,0,0.11290582,0.10087171746511102
12344,2,0,0.58640563,0.5966316346760439
12346,2,1,0.34121323,0.30734837066303927
12352,2,1,0.88626677,0.8928240459266265
12358,2,0,0.5958085,0.6168889532788843
12361,2,0,0.13593635,0.13696204417976604
12378,2,0,0.75442886,0.6920094013490738
12384,2,0,0.36953837,0.4047038415485237
12386,2,0,0.17928176,0.1813805746999438
12388,2,0,0.58209205,0.5663909314109565
12394,2,1,0.9162343,0.9012240611433351
12398,2,0,0.09089299,0.09603676823611063
12400,2,1,0.42246267,0.39161675219001685
12404,2,1,0.81622255,0.8141546792647271
12406,2,0,0.5276464,0.5196126321076823
12407,2,1,0.8491239,0.7953503496922241
12408,2,1,0.7088953,0.7305447351811515
12411,2,1,0.5302554,0.5636419386416913
12412,2,0,0.11649541,0.12398384200969627
12413,2,1,0.6417708,0.6707163292804337
12427,2,0,0.5299638,0.5843670832208291
12428,2,0,0.87205076,0.8646295368630001
12435,2,0,0.52696663,0.5398344639132379
12440,2,1,0.43624336,0.4501444593821762
12442,2,0,0.1261143,0.10206974481869685
12464,2,1,0.85049635,0.8451610676992726
12465,2,1,0.6828402,0.6476651732309848
12467,2,0,0.8355493,0.8119110201279361
12477,2,1,0.7322468,0.7153574853822977
12479,2,1,0.6376544,0.6410804625783314
12489,2,1,0.7845011,0.7933737641827348
12493,2,1,0.5329984,0.5645078443823213
12496,2,0,0.51580185,0.45453650526834755
12499,2,0,0.08923809,0.07889997153770464
12500,2,0,0.23291415,0.24228498045874816
12508,2,1,0.6330765,0.5889446067788231
12513,2,0,0.26802585,0.30784946345304653
12516,2,1,0.16609603,0.17198353932950566
12528,2,1,0.65780944,0.6898869751173423
12534,2,0,0.52051044,0.5256590349923066
12536,2,1,0.725245,0.6744373813303248
12544,2,1,0.8313474,0.790379621658799
12550,2,0,0.43723825,0.5140470074825438
12551,2,1,0.14186186,0.11689711301420176
12555,2,0,0.6391521,0.5861062442889071
12562,2,1,0.5228084,0.5310767003850865
12564,2,1,0.40161178,0.4348065799738561
12566,2,1,0.5968271,0.5640362511279194
12570,2,0,0.43587953,0.5053159408666792
12575,2,1,0.81271684,0.78006068552868
12577,2,1,0.7076451,0.6786534877624898
12581,2,1,0.83433354,0.7921845744160126
12582,2,0,0.594545,0.5841003337539801
12584,2,0,0.47072163,0.4772439606814004
12585,2,1,0.77804595,0.740571294080362
12591,2,0,0.29558325,0.35489497381561935
12593,2,1,0.62426966,0.620634681300426
12594,2,0,0.55759937,0.5512740276489706
12602,2,1,0.27916864,0.322805735529687
12608,2,0,0.54212517,0.5970180149724711
12611,2,0,0.18240711,0.2142241141225115
12619,2,1,0.76436883,0.7642942088077139
12620,2,1,0.6282643,0.6453046019479196
12622,2,0,0.414765,0.43640411495502107
12625,2,1,0.62095565,0.659964032945784
12628,2,0,0.31541297,0.3613213202639554
12631,2,1,0.31718868,0.295086230977429
12634,2,1,0.76411575,0.7065291574421125
12635,2,1,0.77827376,0.7966000243187642
12644,2,1,0.6869488,0.6956707336622631
12647,2,0,0.6878317,0.6813405113909723
12654,2,0,0.19454943,0.20833143396326934
12662,2,1,0.7716598,0.7578259719498439
12664,2,1,0.519557,0.515310185553249
12670,2,1,0.34596324,0.3440317710139015
12671,2,1,0.7668204,0.7433945125448838
12674,2,1,0.50974053,0.4910754964136499
12678,2,1,0.73790175,0.7161537992683967
12679,2,0,0.39801547,0.3721733693589412
12686,2,1,0.51470447,0.5176727999102959
12688,2,1,0.80202883,0.8055672675601618
12690,2,0,0.38221774,0.3524290248694049
12698,2,0,0.12941729,0.1582676124857782
12699,2,1,0.6460111,0.6456422009641781
12702,2,0,0.5944853,0.5445816639960693
12705,2,1,0.8665265,0.8294269164031567
12710,2,1,0.6639157,0.6494855969650869
12713,2,1,0.7713336,0.7424622367575422
12714,2,0,0.24176726,0.2611548299967678
12716,2,1,0.5833562,0.618283148718217
12717,2,0,0.4540364,0.5137427320460587
12726,2,0,0.70253754,0.6557573186386135
12727,2,1,0.79328966,0.7973673670125774
12729,2,1,0.88742137,0.8850367995880646
12731,2,1,0.7245188,0.7171734417282524
12739,2,1,0.30998072,0.29563485153309477
12740,2,0,0.46527213,0.5070864536652194
12743,2,1,0.75123763,0.6859053095144372
12745,2,1,0.54597294,0.5128958081792276
12749,2,0,0.46080893,0.4770395069499398
12757,2,0,0.75107527,0.7536114352552681
12759,2,0,0.26476386,0.340032656600791
12760,2,1,0.60435027,0.6442882254486424
12765,2,0,0.4881358,0.5284631717929078
12766,2,1,0.674412,0.6927823260163902
12768,2,1,0.39554825,0.42683466989375574
12771,2,0,0.66578686,0.6032276852401618
12776,2,1,0.63864267,0.6828436428084603
12782,2,1,0.78834164,0.7987531611259747
12784,2,1,0.85376316,0.851812773004151
12785,2,1,0.7857633,0.7597859446500898
12786,2,0,0.6019875,0.6136295418548562
12791,2,1,0.76795274,0.7667546271811638
12792,2,1,0.6490089,0.6712729275291361
12800,2,1,0.35101724,0.357456699626655
12802,2,1,0.8611482,0.864123309066925
12803,2,1,0.79415584,0.7886219891958374
12804,2,0,0.14077324,0.12132560742812518
12809,2,1,0.37866136,0.38053419201814553
12820,2,1,0.75311077,0.7653100687167617
12822,2,0,0.4814601,0.4356943707588877
12829,2,1,0.67377543,0.6348395641199589
12830,2,0,0.19497213,0.19616109885199493
12831,2,0,0.20885451,0.2178227750499172
12835,2,1,0.7912733,0.8256521657851504
12839,2,0,0.8880978,0.8482045043052394
12840,2,1,0.55623764,0.6195416004622687
12842,2,1,0.80064076,0.7669769507821282
12852,2,0,0.8212056,0.8001921859215673
12856,2,1,0.5328723,0.49737005166877124
12861,2,1,0.23216921,0.21334267129681603
12865,2,1,0.7038927,0.6506519033698922
12866,2,0,0.44311282,0.4884730201771396
12882,2,0,0.6805923,0.6454470233631292
12884,2,0,0.62904716,0.5815979524659121
12888,2,1,0.6617645,0.6732027229964248
12890,2,1,0.8615659,0.8554553748860824
12894,2,1,0.50901884,0.5117259005385367
12899,2,0,0.42263955,0.41144194714902427
12903,2,1,0.66602665,0.651172515263597
12905,2,1,0.6854369,0.6823066475721972
12906,2,1,0.5743616,0.5904466715236883
12908,2,0,0.5187179,0.5054998671100611
12912,2,0,0.47651002,0.4563727759897093
12913,2,1,0.81242734,0.8145548690511394
12915,2,0,0.414619,0.41757318281504713
12916,2,0,0.79998624,0.7940066911434345
12918,2,1,0.7217136,0.7354773315091728
12921,2,1,0.6128808,0.6073311111844364
12924,2,1,0.74010974,0.7481743117175516
12930,2,1,0.50179553,0.5176999445980155
12933,2,0,0.51831245,0.5750292589283491
12938,2,0,0.636958,0.6120907225624553
12945,2,0,0.6860494,0.6762210109170276
12947,2,1,0.675867,0.6529300625189474
12949,2,0,0.39025682,0.42950902618088843
12950,2,1,0.75767195,0.7459611966070647
12951,2,1,0.835021,0.8375747011011908
12952,2,1,0.82459587,0.7945487394761639
12953,2,1,0.7616226,0.7516303726329442
12955,2,1,0.6880193,0.6607342154799271
12957,2,0,0.67101,0.6601376459326129
12960,2,1,0.90026903,0.860180812964061
12965,2,0,0.19993085,0.2708273709256387
12971,2,1,0.5815577,0.5987963239086508
12975,2,1,0.7492968,0.7139653789421871
12976,2,1,0.6384629,0.6593531922000799
12980,2,0,0.36458352,0.37357709318666427
12981,2,1,0.5182579,0.531747188106756
12984,2,1,0.74741626,0.7235784431787697
13004,2,1,0.6779711,0.65089680793364
13005,2,1,0.92563164,0.9055354029722956
13007,2,0,0.6679726,0.6989873401670831
13010,2,0,0.8255925,0.8174650717596733
13011,2,1,0.77422416,0.7584995311319189
13020,2,0,0.3283812,0.3591995330050803
13026,2,1,0.2540413,0.2867949651823307
13028,2,0,0.50717574,0.5325647681145717
13032,2,0,0.46520308,0.44999844416146284
13037,2,0,0.6855759,0.6736621294960978
13038,2,1,0.3189352,0.3743694670892932
13041,2,1,0.69745857,0.6702722161991025
13048,2,0,0.44185832,0.4732219568801363
13050,2,1,0.44026294,0.4347370354871684
13053,2,0,0.3068438,0.3033778416107455
13055,2,1,0.70916057,0.7304758301409593
13058,2,1,0.80070114,0.7787271170452693
13072,2,0,0.8006163,0.7748492480496991
13075,2,1,0.6385901,0.641086110876651
13086,2,0,0.70668775,0.6728331423307197
13087,2,0,0.33084702,0.32500769874353996
13093,2,0,0.276685,0.2843000047949689
13094,2,1,0.6663454,0.6338015752169961
13098,2,1,0.8990116,0.8996181627522158
13102,2,1,0.64730877,0.6791192514062024
13107,2,0,0.276959,0.28078476187308715
13109,2,1,0.30814937,0.30525128243646543
13117,2,1,0.8887625,0.8960193709777535
13121,2,1,0.79609025,0.7785539429075007
13124,2,0,0.64946526,0.6611351157201399
13128,2,0,0.20242631,0.20993766903934635
13130,2,1,0.587148,0.603725468174149
13135,2,1,0.49447766,0.5397080225299802
13138,2,1,0.6180362,0.6697436959728681
13140,2,1,0.8385977,0.8114816179467509
13147,2,0,0.35305893,0.3836610007741491
13150,2,1,0.5452234,0.5362615075856736
13151,2,0,0.41559726,0.4167587102207058
13152,2,0,0.29457355,0.29625553644301006
13154,2,1,0.80165565,0.7718174237266908
13158,2,1,0.7054769,0.7035205195797336
13160,2,1,0.8107851,0.7455978446873875
13161,2,0,0.68945754,0.6580374905488883
13163,2,1,0.6058403,0.6278353944122408
13171,2,0,0.17410405,0.18872686273714928
13174,2,1,0.8607675,0.8465973090414864
13176,2,0,0.6310219,0.6339789039244537
13178,2,1,0.80209094,0.7876526340345551
13190,2,0,0.85945356,0.8671587975275459
13195,2,1,0.6844332,0.6862682536474841
13198,2,1,0.556248,0.5455440759559693
13201,2,1,0.78261185,0.7747035711869774
13202,2,0,0.29725277,0.2985915744831705
13205,2,1,0.66693157,0.6297946673023106
13213,2,1,0.83355886,0.7945512612743743
13222,2,1,0.8334878,0.7943069555855437
13227,2,0,0.62100405,0.5665929871308155
13233,2,1,0.92889804,0.919071481836417
13234,2,1,0.5627958,0.5726622908825587
13236,2,0,0.3785155,0.41472209571113516
13237,2,1,0.579212,0.6398542958209582
13241,2,1,0.66658413,0.6142878362806782
13243,2,0,0.1945809,0.20865128218808499
13248,2,0,0.6868536,0.7138783738369365
13249,2,0,0.50488216,0.5120122005620309
13250,2,0,0.1509593,0.16288602707606628
13254,2,1,0.53649306,0.5878465841131716
13261,2,0,0.6727617,0.6754703114165118
13263,2,1,0.6159163,0.5828824251580811
13287,2,0,0.8343615,0.8044285247885967
13289,2,0,0.8069058,0.7675988538231995
13291,2,0,0.40762857,0.40761421228434597
13296,2,0,0.7026845,0.7009486427818648
13298,2,1,0.67219317,0.6816707034930232
13302,2,0,0.4289005,0.4274825694244525
13311,2,0,0.35684964,0.40784931050676526
13315,2,0,0.21218134,0.2468482236383268
13319,2,0,0.284671,0.30670065632319
13331,2,1,0.374923,0.3831789855523621
13336,2,1,0.6307603,0.6026185890773278
13337,2,1,0.37331402,0.38909666751930294
13340,2,1,0.7881901,0.7679968326998314
13341,2,1,0.6546023,0.6558880994945546
13346,2,1,0.6562953,0.636930098449709
13347,2,1,0.4877927,0.47395279240361615
13348,2,1,0.6134538,0.6398740818701977
13350,2,1,0.6966215,0.709056119393075
13354,2,1,0.6760665,0.6638014227220231
13358,2,0,0.3202399,0.3194064453110112
13360,2,0,0.19387485,0.1998345102783269
13364,2,0,0.3314638,0.37173011442011294
13367,2,0,0.37440082,0.3687363367784025
13372,2,1,0.39219344,0.4854496109914684
13374,2,0,0.5343858,0.5599099996827345
13376,2,0,0.6323227,0.6533533108939361
13382,2,0,0.36847535,0.4280917601141784
13383,2,1,0.79209524,0.7682511675541486
13384,2,0,0.5548927,0.4923781935918868
13390,2,1,0.53695023,0.5262328544619388
13392,2,0,0.55851233,0.5525078632338668
13396,2,0,0.44711277,0.5180818526901868
13408,2,0,0.13660938,0.14722163549686032
13412,2,0,0.5945526,0.5994852928363188
13416,2,1,0.5225526,0.5297826966670576
13419,2,1,0.7806793,0.7477565685832261
13420,2,1,0.69664663,0.7025270162367648
13423,2,1,0.27087575,0.2831816640357853
13429,2,1,0.66314155,0.64691948368756
13432,2,1,0.7217683,0.7001578524237331
13434,2,1,0.79536206,0.7850165448032934
13439,2,0,0.64204115,0.64668304757312
13454,2,1,0.7477837,0.738103203092104
13455,2,1,0.7013992,0.7062418843607756
13460,2,0,0.7769209,0.7635571718233114
13462,2,1,0.30120498,0.35445504349027845
13463,2,0,0.809769,0.7865129143154445
13464,2,1,0.38987,0.47143361432036257
13469,2,0,0.72394097,0.7204725073332129
13473,2,1,0.71314126,0.6671826610091764
13476,2,0,0.42462367,0.4372434627667477
13478,2,1,0.60967827,0.6355913128775545
13485,2,0,0.57932174,0.608125851767951
13487,2,0,0.4818275,0.5011575102474856
13488,2,1,0.5495529,0.5512672767238933
13495,2,1,0.6437553,0.6503298650239856
13498,2,1,0.6062533,0.6362792222677527
13499,2,1,0.7471502,0.7073769349811496
13502,2,0,0.6520941,0.6478061066570577
13504,2,1,0.8531794,0.8424403760524041
13510,2,1,0.6099442,0.6369326669893595
13525,2,1,0.49862975,0.5303402546104583
13528,2,1,0.535323,0.551561787958749
13532,2,1,0.27823904,0.286559171350117
13533,2,0,0.64951324,0.6660056680028865
13537,2,1,0.38837722,0.4185103089004814
13538,2,0,0.17710572,0.16083483683366917
13541,2,1,0.67812663,0.6696365931700903
13546,2,0,0.17064013,0.15612394802432714
13547,2,0,0.3939986,0.43714752204523905
13556,2,1,0.5844616,0.6255612066952361
13557,2,0,0.8229039,0.8213287268161978
13559,2,0,0.5601264,0.5652648819571044
13562,2,0,0.4011849,0.41400716054518333
13564,2,1,0.7279438,0.7064526896355557
13568,2,1,0.60243946,0.5807385813775253
13570,2,0,0.4780428,0.4931331030832839
13571,2,1,0.6689845,0.6593395268241246
13572,2,1,0.72990245,0.666990363808111
13579,2,0,0.83280534,0.812558760272632
13583,2,1,0.6604683,0.660522961731189
13588,2,1,0.6295091,0.6348159638381619
13592,2,1,0.5823292,0.5380954748489681
13593,2,0,0.5297318,0.551908781519903
13595,2,0,0.65273774,0.6602987978030385
13599,2,1,0.8254477,0.7638132054952653
13600,2,1,0.71316504,0.6874636789830371
13607,2,1,0.6151442,0.6472617330106183
13610,2,0,0.5444923,0.5736155445545877
13613,2,1,0.60770875,0.6003333607498802
13614,2,1,0.7199977,0.6469774939859582
13615,2,1,0.65481895,0.6298956471039401
13617,2,0,0.5112828,0.5614163960834129
13621,2,1,0.863315,0.8639525472311532
13622,2,1,0.4450783,0.45609249427432474
13626,2,1,0.74738944,0.7754527073993569
13632,2,1,0.49741444,0.4847789372018689
13637,2,1,0.5782649,0.5802969169927196
13657,2,1,0.49948865,0.5387377003972613
13658,2,1,0.7901394,0.7700808070368587
13659,2,1,0.739081,0.761701827174031
13662,2,1,0.64146215,0.6407166443147778
13664,2,0,0.54792655,0.48654021457394075
13665,2,1,0.7202558,0.674539912363544
13668,2,0,0.7401597,0.7178748009856828
13673,2,1,0.72212756,0.706052038369239
13676,2,1,0.6175701,0.601963569401138
13677,2,1,0.5695683,0.5735076761001748
13680,2,1,0.53611434,0.5626222770525989
13684,2,1,0.7764602,0.7780908148793638
13693,2,1,0.42375156,0.4599282122314526
13701,2,1,0.76264346,0.769010531160094
13708,2,1,0.7995274,0.7584472025809177
13711,2,0,0.40455806,0.40835256510850637
13712,2,1,0.81835,0.800341533855484
13713,2,1,0.75842255,0.7586221757925179
13714,2,1,0.4995534,0.5513362481476795
13718,2,0,0.4103077,0.40535816880495995
13720,2,0,0.56666994,0.5819223872921555
13727,2,1,0.64546514,0.6307070353589982
13743,2,0,0.24456646,0.2265750160540218
13747,2,1,0.8588858,0.8536558833059144
13754,2,1,0.8427733,0.8021407477516461
13755,2,0,0.7939819,0.796108617375691
13762,2,0,0.64250565,0.6463336696420591
13764,2,1,0.66019356,0.6657114342530797
13767,2,0,0.52974236,0.5558715860255137
13780,2,0,0.73816925,0.7088129536979203
13781,2,0,0.64178693,0.6438908425390116
13783,2,0,0.8351734,0.8075956676072039
13786,2,1,0.60209113,0.6534383340524512
13789,2,0,0.46567884,0.5126811810235782
13790,2,1,0.4650926,0.5006240961277793
13792,2,0,0.589874,0.617021962874428
13795,2,1,0.60013527,0.5922578072706712
13796,2,0,0.6965758,0.6749423383652492
13800,2,1,0.7404043,0.7237702016151503
13801,2,0,0.6503405,0.6412813181727398
13809,2,0,0.7560296,0.7367147842195497
13810,2,1,0.8384877,0.8072681937864392
13811,2,1,0.6056106,0.5887066212353286
13813,2,0,0.5934649,0.6010117069279056
13824,2,1,0.6810401,0.6683198055237516
13829,2,0,0.20752104,0.2109271961926163
13830,2,1,0.5141382,0.5101368839633926
13834,2,1,0.6344384,0.6638617967939249
13841,2,0,0.60042477,0.6157146351545432
13845,2,0,0.74324095,0.7523375485294042
13862,2,0,0.45163387,0.45495498474663343
13864,2,1,0.87829614,0.8306853862973183
13866,2,1,0.6787235,0.6481725954206111
13877,2,1,0.8025584,0.7662717453978212
13880,2,1,0.70888734,0.701392016424663
13884,2,0,0.7091383,0.6993822172021825
13886,2,0,0.55288976,0.576584942908932
13903,2,1,0.625629,0.6158976370782108
13904,2,1,0.35796732,0.3278017048719109
13905,2,0,0.41268712,0.42411222624167855
13906,2,1,0.61439997,0.5930565563039447
13908,2,0,0.28734252,0.33033520522210064
13913,2,1,0.7666115,0.7449617390989611
13914,2,0,0.30500785,0.3044829960010185
13922,2,1,0.60781723,0.6092353480671012
13923,2,0,0.43406692,0.42145701158829196
13925,2,1,0.72212833,0.7225393243205478
13932,2,0,0.88209325,0.8691333044109885
13934,2,1,0.7846215,0.7792361456674256
13938,2,1,0.87315136,0.8712957247533055
13940,2,0,0.32049313,0.3890490314014723
13943,2,1,0.8133738,0.7733670872551723
13944,2,0,0.84060824,0.8313370215616221
13950,2,1,0.7930863,0.7586612774778254
13952,2,1,0.48733163,0.4698822531888113
13954,2,1,0.55121636,0.556703241876408
13956,2,0,0.24700116,0.27377440855322044
13957,2,0,0.71245825,0.6823152798598248
13970,2,0,0.27276778,0.23065641676613305
13980,2,0,0.7463944,0.7380033107237062
13982,2,1,0.6995817,0.6992955518746371
13984,2,1,0.56009555,0.5618082196048666
13989,2,0,0.576785,0.596144744064794
14007,2,0,0.7936156,0.7886001454360448
14009,2,1,0.31712008,0.30830096398308093
14010,2,0,0.22566012,0.21221388613128153
14019,2,1,0.3308852,0.2930112065592605
14022,2,0,0.5436478,0.5617886242655424
14023,2,0,0.12728812,0.10583365872460154
14025,2,1,0.35905072,0.32104911846329154
14028,2,1,0.6307149,0.6297888255097012
14029,2,0,0.5414797,0.6178735991807552
14030,2,1,0.4561283,0.45453567676484685
14031,2,1,0.53043014,0.5236645649809389
14036,2,0,0.5343698,0.5591806446577158
14037,2,1,0.2714429,0.3055449006687331
14041,2,0,0.53597087,0.5529521332861513
14055,2,0,0.3639106,0.3787970170776787
14060,2,0,0.6754672,0.6945514976022791
14062,2,1,0.68110013,0.6886606588407596
14081,2,1,0.5163274,0.5390893597115617
14082,2,0,0.5840099,0.6102849057933138
14086,2,0,0.46945885,0.4797632945272299
14090,2,0,0.79303765,0.7646258482032938
14094,2,0,0.37578508,0.38677001271420997
14101,2,1,0.6700082,0.6783739677140407
14103,2,1,0.78052366,0.7528269333151607
14107,2,1,0.44111946,0.4842489410637379
14108,2,0,0.50832796,0.4695212969641506
14113,2,1,0.8205545,0.8001308131150536
14116,2,0,0.5647132,0.5538507085837922
14120,2,1,0.8403867,0.8053476278480222
14121,2,0,0.33197898,0.3820264178556614
14124,2,0,0.6234638,0.6115821467410651
14125,2,1,0.62223667,0.6239706117082754
14132,2,1,0.77683645,0.7728890922519464
14133,2,1,0.7609356,0.7658092813245185
14141,2,0,0.33692318,0.33984344603486444
14142,2,0,0.15701744,0.16756961209107565
14145,2,0,0.6352206,0.6805063815845327
14150,2,1,0.46332103,0.47441839314177087
14151,2,0,0.27928013,0.2618069629907797
14167,2,0,0.4819818,0.45132413669145527
14171,2,1,0.5074583,0.5249756482129269
14174,2,1,0.59123766,0.5400959304689199
14182,2,1,0.5269827,0.5251908478700756
14185,2,0,0.18129258,0.24008631239643224
14189,2,1,0.76513654,0.7832719009213187
14193,2,1,0.5818424,0.601138113670778
14198,2,0,0.5972495,0.600222132651713
14200,2,1,0.91027623,0.9060568853442049
14209,2,0,0.5762577,0.5582001273877372
14215,2,0,0.7547766,0.7691256151489272
14216,2,1,0.67899144,0.7037118435592363
14217,2,0,0.65261275,0.628892962844093
14230,2,0,0.61349696,0.6036931213144207
14233,2,1,0.8628306,0.8601673198092933
14237,2,1,0.72578347,0.7280985045948594
14239,2,1,0.648463,0.6255535130594456
14245,2,0,0.26086083,0.2655415207373715
14253,2,1,0.79137975,0.7255377809643454
14255,2,1,0.32566193,0.3162252874297424
14258,2,1,0.54478097,0.5499601804511133
14259,2,0,0.53026634,0.5033399318800661
14260,2,1,0.81234914,0.7841278892330028
14271,2,1,0.8452468,0.8339029907348233
14274,2,0,0.33924714,0.36059735001619275
14282,2,0,0.60987973,0.5891325545714019
14284,2,0,0.4573537,0.42408377926921903
14288,2,1,0.833921,0.8591384797920015
14301,2,1,0.911635,0.9031942897189539
14302,2,0,0.8175675,0.818035645345803
14305,2,0,0.43015432,0.4782301667221795
14308,2,0,0.36951393,0.34380196879944647
14311,2,0,0.7711801,0.7526565532034869
14316,2,1,0.8918834,0.8861581339954889
14319,2,0,0.70439523,0.7016517379883208
14332,2,0,0.37296838,0.39925316011154727
14338,2,1,0.8569163,0.8723715871674674
14340,2,0,0.40259686,0.4247405917713726
14345,2,1,0.77095413,0.725750922758062
14346,2,0,0.12761368,0.1292465454711395
14347,2,1,0.49369037,0.5333185696374465
14349,2,0,0.590226,0.614843598761252
14355,2,0,0.81994563,0.812615744145592
14356,2,1,0.58021384,0.6421917045921396
14360,2,0,0.6694926,0.641354857258576
14366,2,1,0.69104695,0.6734258180645724
14371,2,0,0.3263046,0.35820215849244774
14372,2,1,0.84954476,0.8294770685466998
14374,2,1,0.67132884,0.654068607098489
14384,2,0,0.55530304,0.523237211097912
14385,2,1,0.33974245,0.3408144509102006
14386,2,0,0.7435714,0.709239554976781
14388,2,0,0.5603856,0.5469539396946991
14389,2,1,0.7891487,0.7832639148606775
14391,2,1,0.81431323,0.8279308239096865
14400,2,1,0.6399293,0.6073663610218207
14406,2,0,0.25186172,0.2553136715690206
14417,2,1,0.5143852,0.5441380583085749
14418,2,0,0.1629535,0.2203437235668142
14424,2,0,0.559736,0.5687902141228981
14428,2,1,0.73548436,0.7194800315253929
14430,2,1,0.8521026,0.8535676857798722
14437,2,1,0.583619,0.6205301189109242
14445,2,0,0.5696165,0.5864899371637803
14447,2,0,0.6692529,0.6141186388189444
14448,2,0,0.22532737,0.24388588726123914
14452,2,1,0.8584431,0.8457078394583357
14460,2,1,0.7173808,0.7083612241258862
14470,2,1,0.75400907,0.7393087899172438
14471,2,0,0.62257344,0.5988903237604672
14472,2,1,0.64863086,0.684972002808771
14474,2,1,0.7264365,0.7276732375926832
14477,2,0,0.28253523,0.2764008850917158
14478,2,0,0.5570529,0.5605342267982547
14481,2,0,0.39778733,0.41961702108128435
14487,2,1,0.7371902,0.7301083136859541
14490,2,0,0.17637034,0.1666878537532782
14498,2,0,0.4418645,0.45182023487343176
14499,2,1,0.8594288,0.8246101874033366
14507,2,0,0.44428533,0.4753600733566965
14532,2,1,0.8562913,0.8592784968844849
14539,2,0,0.8697849,0.8733973173126449
14542,2,1,0.6446461,0.637023345422824
14546,2,1,0.67717737,0.6546784972903782
14548,2,0,0.8754304,0.812043385838135
14550,2,1,0.89169997,0.8389617351633997
14551,2,0,0.38308203,0.3923377718588005
14556,2,0,0.750312,0.7182780352749247
14559,2,0,0.6623463,0.6472650254136869
14560,2,1,0.8919287,0.8392586539175777
14561,2,0,0.92935354,0.9245775497895713
14569,2,1,0.55910486,0.6222087509848617
14570,2,0,0.39463404,0.4438530012761461
14571,2,1,0.44322577,0.459303346561859
14572,2,1,0.13879041,0.13586515152461331
14584,2,0,0.24991977,0.23573313558485925
14585,2,0,0.7323874,0.7238723947557398
14587,2,1,0.8663354,0.8450402293205697
14588,2,1,0.85974777,0.8379609743047682
14589,2,1,0.8052943,0.7955174990127077
14593,2,1,0.519126,0.5184402414064604
14601,2,0,0.32319063,0.3352355603067377
14605,2,1,0.47747472,0.45354284003248435
14608,2,0,0.34184125,0.32967416886218354
14625,2,0,0.4047088,0.4194405257454263
14627,2,1,0.55242425,0.5329929130239016
14630,2,0,0.6246849,0.6297830595478665
14638,2,1,0.73754495,0.7328271020560878
14641,2,1,0.7736121,0.741481728606002
14642,2,0,0.5250054,0.5223923436487984
14647,2,1,0.44361702,0.42336354087192835
14650,2,0,0.20223977,0.21329671569917755
14651,2,0,0.37876832,0.37299534850066174
14654,2,1,0.8454666,0.7361251695778692
14656,2,1,0.46514964,0.4787767708742717
14659,2,1,0.760288,0.7428456537026091
14660,2,1,0.5089609,0.5435994581457906
14674,2,0,0.44374642,0.43521108300203704
14675,2,1,0.5273277,0.5495191907639804
14683,2,1,0.43604362,0.4447570189546209
14684,2,0,0.5652259,0.5948242903297731
14698,2,1,0.81054777,0.8205599570438452
14700,2,0,0.7433604,0.6994866704226149
14703,2,0,0.5378571,0.5186198262882152
14708,2,0,0.7945182,0.7471527546124986
14715,2,1,0.74348074,0.7812992264350678
14717,2,1,0.75620544,0.7558572654889026
14719,2,0,0.13273136,0.13399855258223337
14720,2,1,0.74191487,0.7543992118877824
14724,2,0,0.6751004,0.6618228814854878
14735,2,0,0.49699733,0.48271598540302385
14747,2,0,0.56908965,0.5725818835037081
14764,2,0,0.21856555,0.23380868089238951
14773,2,1,0.6546824,0.6617832379704432
14777,2,1,0.87297344,0.8383311628877621
14779,2,0,0.47663537,0.5240806450852845
14787,2,0,0.49933237,0.4932133061769277
14790,2,1,0.49669322,0.5049595346730112
14799,2,0,0.79148424,0.7978196459757845
14801,2,1,0.77480733,0.7711231800103818
14807,2,1,0.5824886,0.5780631608030139
14808,2,0,0.5585235,0.5628298597595665
14811,2,0,0.6155027,0.5577913890722871
14812,2,0,0.5276036,0.5221965851008779
14816,2,1,0.6506069,0.6874443001258442
14817,2,1,0.7796576,0.7857765981734213
14823,2,1,0.16491856,0.15411942197018444
14833,2,0,0.7312005,0.7340000655169953
14835,2,1,0.69971955,0.6833536918923171
14838,2,0,0.4307125,0.4793292103742346
14840,2,1,0.72261375,0.6929468386577804
14842,2,1,0.72751844,0.7393203502738114
14845,2,1,0.9229943,0.9272935398436496
14854,2,1,0.67835474,0.6838943762812961
14856,2,1,0.6328144,0.5999529658086551
14857,2,0,0.5142843,0.5258171063411816
14860,2,1,0.7626142,0.7501846688512719
14866,2,0,0.39545292,0.43424107970597686
14867,2,0,0.5140692,0.5581273522190235
14868,2,1,0.70788753,0.7287160366426829
14875,2,0,0.41797888,0.38548877788509595
14882,2,0,0.30048835,0.363354884154556
14888,2,1,0.7319303,0.7227193507207522
14893,2,1,0.76533914,0.8166281284771838
14899,2,0,0.31648502,0.3456862393548723
14904,2,1,0.40915412,0.4710930079147042
14905,2,0,0.2103235,0.1703015879636813
14913,2,1,0.55308366,0.5618199556648271
14918,2,1,0.8023881,0.7671443180768371
14928,2,1,0.7936509,0.8302596898292762
14933,2,1,0.32803142,0.3773454209337511
14936,2,1,0.41435248,0.3923765717907616
14946,2,0,0.4259089,0.39364425846121215
14957,2,0,0.6687025,0.655285142587183
14958,2,1,0.73490703,0.7224914422045231
14959,2,0,0.5130522,0.49971605443341416
14962,2,1,0.68017393,0.658960281683142
14972,2,0,0.22515923,0.23008289219168818
14975,2,0,0.51204216,0.4865882710128577
14976,2,0,0.3867189,0.38859853075569567
14977,2,1,0.67490155,0.7123003004158346
14978,2,1,0.79650825,0.7985755557863615
14982,2,1,0.7154472,0.6872042486255246
14983,2,1,0.5161393,0.4544041021933041
15015,2,1,0.8571412,0.8650219108359692
15016,2,1,0.73425204,0.7187786902783615
15020,2,1,0.8034375,0.7814977743114141
15021,2,1,0.7825665,0.7695475717203525
15038,2,0,0.6961211,0.7202394167386065
15042,2,0,0.36269924,0.39236941300356637
15044,2,1,0.6799061,0.6631595529370131
15048,2,1,0.642902,0.7075915902379314
15055,2,1,0.59458184,0.5562884237503448
15062,2,0,0.43320987,0.4216180177685415
15066,2,0,0.47798288,0.4982690647283913
15068,2,1,0.71663487,0.6824878806311055
15075,2,1,0.7492852,0.7293926282982754
15078,2,1,0.57332915,0.5505261592301035
15082,2,0,0.3558681,0.36982546429820934
15089,2,1,0.37706923,0.38389531855115017
15091,2,1,0.8609466,0.8405657133023274
15092,2,1,0.7668442,0.7558120108022979
15093,2,0,0.28519887,0.2829830946833611
15095,2,1,0.64687,0.6374247895761425
15096,2,0,0.43863636,0.43642840054869153
15099,2,1,0.7805375,0.7789819044994193
15102,2,1,0.37070054,0.41705884385805664
15106,2,1,0.12584615,0.11119117651749516
15108,2,0,0.13231653,0.11575181483839396
15113,2,1,0.70087236,0.6762031584450862
15116,2,1,0.57825446,0.5991451162335105
15133,2,0,0.71772164,0.7150834335172119
15134,2,1,0.5254282,0.5448112975784882
15136,2,1,0.8153425,0.7877141952630138
15141,2,0,0.361558,0.35801733420697346
15142,2,0,0.5807164,0.6131177087788743
15149,2,1,0.466643,0.4547381649404937
15155,2,0,0.72588515,0.6810596931815326
15161,2,0,0.4053648,0.42600598943637574
15164,2,0,0.79154974,0.8053355621050458
15165,2,0,0.47774807,0.514227805463748
15166,2,0,0.41472957,0.44632683226181713
15168,2,0,0.6401088,0.6185677966276588
15170,2,0,0.53363276,0.542276072692654
15176,2,1,0.78744096,0.7809529240843702
15177,2,0,0.7769037,0.7517952104170628
15184,2,1,0.83294135,0.8324689750627751
15189,2,0,0.105335526,0.11244731045950832
15191,2,0,0.39073065,0.4335408052227679
15193,2,1,0.715159,0.6772781050327463
15199,2,1,0.573606,0.5565333295808413
15205,2,1,0.7956679,0.7958698059041796
15206,2,1,0.656093,0.6462181417414913
15212,2,0,0.24551687,0.26186605631823967
15213,2,1,0.57507205,0.6021357781879825
15222,2,1,0.6536644,0.6250789587159251
15224,2,1,0.8220612,0.7778264612487152
15231,2,0,0.4428837,0.5008776195563592
15234,2,1,0.3542482,0.38665443392312615
15237,2,1,0.42107952,0.40989652515644087
15238,2,1,0.106855944,0.09240105126431565
15245,2,1,0.6859798,0.6783503970858947
15246,2,1,0.32508862,0.3315028653886215
15250,2,1,0.5484252,0.49195238482177617
15255,2,1,0.6884219,0.659670508051444
15258,2,1,0.82110906,0.8022228157226643
15259,2,0,0.2785198,0.28392160345659784
15261,2,1,0.8106171,0.8139074031347977
15262,2,1,0.75253123,0.7183802586001853
15264,2,0,0.7216329,0.7033185775761449
15265,2,1,0.64793825,0.6805712777801164
15271,2,1,0.71086925,0.7345498633780014
15277,2,1,0.7560222,0.734865351780437
15279,2,0,0.84664077,0.8297128118795394
15286,2,1,0.85920066,0.8388103823064474
15287,2,0,0.5370988,0.5536781183042422
15290,2,1,0.68791777,0.7042328181831673
15291,2,0,0.40909135,0.41995528963154877
15293,2,1,0.22168466,0.19419543499167818
15296,2,0,0.853271,0.8081872521670697
15299,2,0,0.84398973,0.8388751031509747
15301,2,1,0.77488685,0.7834655730208337
15305,2,0,0.74834436,0.734422028329428
15318,2,0,0.2031702,0.23865597399541044
15326,2,0,0.49734524,0.5185475085121248
15329,2,0,0.6949068,0.7051350846111811
15335,2,1,0.7233899,0.7100268130394032
15336,2,0,0.25271872,0.22795040679045692
15338,2,1,0.71687,0.710333668322518
15341,2,1,0.752762,0.7076575171658526
15342,2,1,0.77281654,0.7830482052891138
15349,2,1,0.7308717,0.7418951804061218
15354,2,1,0.7234606,0.7392829578838216
15357,2,1,0.8771317,0.8598761846085833
15366,2,1,0.8342059,0.7570987491984552
15367,2,1,0.7330044,0.7363811775360481
15373,2,1,0.7010827,0.6957645869157602
15374,2,1,0.69905347,0.69315018291688
15385,2,1,0.8198628,0.7960466696474902
15386,2,0,0.5949673,0.5588062848152936
15387,2,0,0.7373576,0.7428715797806889
15389,2,0,0.5777356,0.567155554870791
15391,2,1,0.55549514,0.5520324165245453
15402,2,1,0.81248015,0.7827312992510964
15406,2,0,0.19974062,0.20596213451266795
15419,2,0,0.5088876,0.5189523134587006
15426,2,0,0.35878146,0.35152548599574335
15427,2,1,0.5556735,0.5203841404980226
15431,2,0,0.3181395,0.28887058392086157
15432,2,1,0.91039836,0.8728935324321336
15441,2,0,0.23830542,0.2615439976344202
15443,2,1,0.8804363,0.8556349688706464
15444,2,1,0.56208456,0.5380881478953369
15445,2,1,0.46670392,0.48541083284437053
15446,2,1,0.66725314,0.646981052671016
15452,2,1,0.45193383,0.4769414632533787
15455,2,0,0.81354856,0.8162155881781938
15457,2,1,0.7679772,0.7752928138705544
15462,2,0,0.2666599,0.2771950110519549
15467,2,1,0.7610456,0.7446538614786957
15469,2,1,0.81092125,0.807395364196426
15473,2,1,0.55487126,0.5334671564224606
15477,2,1,0.6605242,0.6602293842420933
15485,2,1,0.58061206,0.5499342114499906
15490,2,0,0.08348667,0.06886959558296318
15492,2,1,0.80145484,0.7644329749700978
15493,2,1,0.534514,0.5326222291709216
15500,2,1,0.51281285,0.4985223062321965
15501,2,1,0.68240154,0.6662260783867698
15504,2,1,0.7775455,0.8121558871333188
15507,2,1,0.51506513,0.5125095857128875
15512,2,0,0.62140083,0.6523549454824864
15514,2,0,0.5250058,0.5332557134279148
15527,2,1,0.77293414,0.7760111753851114
15533,2,1,0.6397584,0.6059003891202615
15534,2,1,0.7007354,0.6949249726632624
15535,2,1,0.8396843,0.8146087324730452
15539,2,0,0.2893219,0.33045146871245357
15542,2,0,0.28460863,0.29512243910530483
15543,2,1,0.7192937,0.6847265632070637
15548,2,0,0.13551347,0.14512246050566838
15552,2,0,0.5049519,0.4797860687282559
15553,2,1,0.16267706,0.1440906768195498
15554,2,1,0.7483966,0.7284861986784817
15555,2,0,0.38686526,0.38525816765686705
15568,2,0,0.82624495,0.7882102361434973
15569,2,1,0.39206916,0.32672944151490063
15570,2,0,0.5457207,0.5955190268882761
15574,2,1,0.8155888,0.7727827638027932
15575,2,1,0.55616105,0.5833710201750351
15581,2,0,0.1587806,0.13724913226906876
15583,2,1,0.82440567,0.7891389869815776
15587,2,0,0.65005565,0.6110060905915893
15593,2,0,0.46567768,0.513989893357583
15594,2,1,0.7139839,0.7105013491469416
15602,2,0,0.32977226,0.3612136383894637
15603,2,1,0.7479167,0.7016144184282243
15607,2,1,0.6725995,0.662663316198474
15610,2,0,0.74972296,0.7040298866373005
15612,2,1,0.920118,0.9166774286756271
15619,2,1,0.7108456,0.7106014004960782
15620,2,0,0.76887643,0.7703330699218958
15621,2,1,0.8450103,0.8217592915160851
15622,2,1,0.3076266,0.32286941535225144
15625,2,1,0.7304459,0.7028696621053554
15631,2,0,0.54669625,0.5515424498051916
15633,2,1,0.7511037,0.7169150899679432
15645,2,0,0.35387248,0.3634815029079411
15654,2,1,0.34095472,0.35180866392594407
15657,2,0,0.6456213,0.6572482258640231
15662,2,1,0.7609615,0.7743268875517284
15663,2,1,0.9035868,0.8804147496380798
15664,2,0,0.5641051,0.5818842577181385
15677,2,1,0.5219573,0.5528588316305705
15681,2,1,0.5356711,0.4748832971857954
15686,2,1,0.8287445,0.8370415616024798
15689,2,1,0.85653114,0.8582081040091872
15693,2,1,0.7889502,0.7546357175670798
15701,2,0,0.62009925,0.6148957469958404
15705,2,1,0.85111177,0.8262846834966449
15713,2,1,0.51332265,0.5118629637705018
15715,2,1,0.5810021,0.5585680634684907
15723,2,1,0.6381472,0.6483890155167538
15728,2,1,0.73276895,0.7212064583847984
15731,2,0,0.3387963,0.3268731020208312
15732,2,1,0.7744635,0.7763666683934634
15734,2,1,0.69762266,0.6753683447392197
15747,2,1,0.73916614,0.7204094739405008
15752,2,1,0.5291332,0.5867383243075536
15754,2,0,0.7113352,0.7268631986476859
15771,2,0,0.70779485,0.6712107546768625
15773,2,0,0.40838027,0.38616858879090676
15781,2,0,0.23439227,0.2499106442944108
15782,2,1,0.65121585,0.6534782330481135
15785,2,1,0.5442773,0.5531502009015912
15787,2,0,0.19797057,0.21041370351283048
15796,2,1,0.36409068,0.3821622307064726
15800,2,0,0.7399554,0.7159755795214917
15806,2,1,0.66204304,0.6904546387082324
15824,2,0,0.6719476,0.6763480216094551
15834,2,1,0.720621,0.7017787845917822
15836,2,0,0.859429,0.8245492629682413
15842,2,0,0.4559489,0.4927992577243031
15845,2,0,0.31948677,0.2970046234906929
15847,2,1,0.7511863,0.7172453459404595
15848,2,1,0.5297637,0.5297571416163858
15850,2,1,0.7029373,0.7129215519416727
15853,2,0,0.81808305,0.8041676593511824
15855,2,1,0.75524735,0.7601676096572973
15857,2,0,0.6067284,0.5952053831289504
15864,2,1,0.5121492,0.510575472566715
15869,2,1,0.8825658,0.8924848985853353
15870,2,1,0.67543334,0.7099236979996213
15882,2,1,0.7203538,0.7238361452560159
15895,2,0,0.7351871,0.7266602856057043
15901,2,1,0.44926375,0.493343761884154
15909,2,1,0.7720594,0.7381782434620798
15918,2,0,0.5099266,0.5195252073842813
15919,2,1,0.5874524,0.5999727646805312
15922,2,0,0.5333133,0.5186028738618358
15929,2,1,0.63984025,0.6573845849828908
15930,2,1,0.68563944,0.6622667735782006
15934,2,1,0.852504,0.8669742217925769
15937,2,1,0.5148028,0.5155871749394785
15940,2,0,0.4456867,0.44467723154123695
15947,2,1,0.70595276,0.6890394075567624
15949,2,1,0.286955,0.273934344431732
15953,2,1,0.68558514,0.6689568823281539
15957,2,0,0.3645245,0.34388110349447365
15961,2,0,0.35041234,0.34314152610620996
15962,2,1,0.6921015,0.6895160329162845
15966,2,0,0.6862881,0.6941461255857484
15972,2,1,0.3868581,0.3930990311946917
15976,2,0,0.553196,0.5503665941413578
15981,2,0,0.35064405,0.333660933514979
15984,2,1,0.93122905,0.9301162470154287
15986,2,0,0.33862138,0.32927063049184535
15989,2,1,0.7000813,0.6800720651202639
15996,2,1,0.6008962,0.5937229410108046
15997,2,0,0.51776665,0.4829143816592555
16005,2,0,0.70182216,0.7147900515514347
16008,2,1,0.8816922,0.8557813767810224
16009,2,0,0.15765683,0.18553835793034898
16012,2,1,0.6885594,0.6793370799033656
16015,2,1,0.3198067,0.34546868460547125
16024,2,0,0.44386744,0.4187077349124298
16026,2,1,0.6182084,0.5999601636697093
16035,2,1,0.4942004,0.5468717358797915
16036,2,0,0.802483,0.7788883199270128
16037,2,1,0.6878712,0.6464220544705325
16038,2,1,0.5951559,0.5886488198228155
16043,2,0,0.4839381,0.5321438604744998
16044,2,1,0.4524652,0.5123689317627461
16048,2,0,0.17899533,0.17346290077762325
16050,2,0,0.54370874,0.5508034481857073
16056,2,1,0.50641346,0.5358646047884245
16064,2,1,0.80953914,0.7858759456830969
16067,2,1,0.73495704,0.7058410251121002
16070,2,0,0.6043937,0.6115636145866835
16075,2,1,0.5007318,0.6190556777685089
16077,2,1,0.8918083,0.8898169709191589
16080,2,1,0.7524446,0.7356852975579365
16082,2,1,0.46098223,0.43567027814403153
16092,2,0,0.21469118,0.23095105632578206
16093,2,1,0.87712973,0.8524136634127534
16096,2,1,0.90029013,0.8833330560883852
16100,2,1,0.35527986,0.4023358723649876
16106,2,1,0.689268,0.686654622874007
16107,2,0,0.739563,0.7433733632470416
16112,2,0,0.489571,0.48437233445372635
16113,2,0,0.8032966,0.795183544159945
16116,2,1,0.7524699,0.7391312131241292
16126,2,1,0.6075492,0.6329265097143891
16133,2,0,0.6517316,0.6893364124048589
16134,2,0,0.8496284,0.8380408490905896
16138,2,0,0.30555308,0.3263999350579707
16142,2,1,0.65508384,0.6410683846622018
16144,2,1,0.7147408,0.6888881250700571
16146,2,1,0.8155863,0.8069422543658764
16151,2,0,0.7607175,0.7701136667905872
16154,2,0,0.23590584,0.25176856488604565
16162,2,1,0.48410913,0.47713564807793674
16173,2,0,0.3600527,0.2735539474688796
16189,2,1,0.86855954,0.8257916652907151
16191,2,0,0.42803064,0.450263471635507
16193,2,1,0.6259885,0.701546361314932
16201,2,1,0.30225474,0.4391773922232656
16204,2,0,0.61969805,0.6304132209831126
16206,2,1,0.3320083,0.3216152654219269
16207,2,1,0.86158717,0.8604910407331615
16209,2,0,0.2862142,0.2669239145413145
16212,2,1,0.55823183,0.5316152485675686
16213,2,0,0.71717113,0.767937482058318
16216,2,1,0.6264156,0.6885963149988176
16222,2,0,0.5005025,0.5271915079710997
16228,2,0,0.6112229,0.6203946407196308
16230,2,1,0.9299256,0.9278409339735604
16233,2,0,0.6775135,0.7063984982583663
16239,2,1,0.38137576,0.4367528395278595
16242,2,0,0.6436965,0.6543509312893128
16245,2,0,0.34856227,0.3470885393850115
16250,2,1,0.618401,0.6288941367868157
16251,2,1,0.4398762,0.43380764785328985
16252,2,0,0.80057406,0.7892586954429837
16266,2,0,0.20595825,0.2220620585095959
16268,2,1,0.7007034,0.6784522458203172
16272,2,0,0.17305821,0.17465144976887198
16277,2,1,0.5572336,0.527488981068053
16279,2,1,0.8627954,0.8408667318608711
16282,2,1,0.69047225,0.6770281761467594
16283,2,1,0.6642951,0.6591437737682249
16285,2,0,0.82843584,0.8050838711713171
16287,2,1,0.6925659,0.7136948356150828
16289,2,0,0.51375127,0.4994685440440725
16290,2,1,0.6565015,0.6369401719069909
16295,2,0,0.47190607,0.44310331757537025
16298,2,1,0.6339409,0.6300326545422771
16304,2,1,0.6314598,0.6482053653237522
16316,2,0,0.60826474,0.5918991483426993
16319,2,0,0.4862917,0.462427086381942
16328,2,0,0.12072319,0.10929243964008288
16329,2,0,0.29602295,0.3045235128066331
16333,2,1,0.8643635,0.8585903474279318
16335,2,1,0.6056689,0.6071274576699522
16338,2,1,0.27905717,0.3090041615752888
16342,2,1,0.5941546,0.6065987934709723
16345,2,1,0.8640129,0.8383359897565817
16347,2,1,0.6532279,0.6279693292705206
16349,2,1,0.867467,0.841459393682944
16351,2,0,0.48127148,0.5091439136954607
16352,2,1,0.7671347,0.7539858570322411
16355,2,1,0.7061321,0.682694638912989
16356,2,0,0.61570376,0.6200018879195145
16357,2,1,0.5975011,0.6372101670781346
16358,2,0,0.5893575,0.5788827325157417
16362,2,1,0.7912535,0.7981252306639532
16369,2,1,0.44945902,0.4770440083822898
16374,2,1,0.1992566,0.2076206388084858
16375,2,1,0.5379819,0.48426950411583664
16380,2,0,0.36923745,0.3772496123820013
16396,2,1,0.18578182,0.2087607446257101
16403,2,0,0.63146347,0.6199196968860187
16405,2,0,0.27110112,0.3077965569819411
16410,2,0,0.41798902,0.3728100854686362
16413,2,1,0.6071346,0.6009164642811906
16417,2,0,0.8739918,0.8675289425237348
16422,2,1,0.768269,0.769481384815658
16427,2,1,0.6054709,0.6316805914819184
16431,2,1,0.49755228,0.5017512278965672
16437,2,1,0.7993363,0.7819760869262016
16447,2,1,0.7748772,0.7428884878276021
16456,2,0,0.31237468,0.3277929332891432
16457,2,1,0.7711688,0.7620953384201153
16459,2,0,0.3261251,0.32057360274124075
16465,2,0,0.6021624,0.5578268226122467
16468,2,1,0.594488,0.6175028907341491
16475,2,1,0.7346017,0.7511894658023106
16477,2,1,0.5982672,0.6328035632755884
16483,2,1,0.8660337,0.8604030926511038
16492,2,1,0.7619722,0.7199927318042367
16498,2,1,0.67129606,0.6249899542547718
16501,2,1,0.5768765,0.5676399049969315
16503,2,1,0.72154754,0.7284128279268131
16505,2,1,0.7609384,0.7616426945529797
16506,2,0,0.114054725,0.14110265896986904
16508,2,1,0.8667126,0.8996548069271961
16509,2,0,0.6516998,0.6717466936129394
16511,2,1,0.6121807,0.5975156822661146
16519,2,1,0.62451184,0.6066432543299032
16523,2,1,0.4881941,0.5100932506783298
16529,2,1,0.8266325,0.800665715216681
16532,2,0,0.8806793,0.8504914526295677
16533,2,1,0.65999603,0.6482092421496087
16534,2,1,0.91026294,0.9060183939015976
16537,2,1,0.8020252,0.7667002134951244
16540,2,0,0.54131174,0.5181174331200743
16546,2,1,0.92240494,0.9288935847367182
16553,2,0,0.23423149,0.17970834242795664
16554,2,1,0.34367472,0.3552229376936759
16559,2,1,0.4835218,0.4882795887042903
16560,2,1,0.79508674,0.764213446187368
16572,2,0,0.481992,0.5386510540165822
16573,2,1,0.8495419,0.8365503824288804
16576,2,0,0.2804419,0.31490378252383006
16581,2,0,0.2068146,0.20895167894164762
16593,2,1,0.67292255,0.6281788635111741
16595,2,1,0.6745942,0.6830432771227899
16601,2,1,0.65033114,0.6405549699083016
16603,2,0,0.5518456,0.5578836789917831
16608,2,1,0.8442665,0.8115385090677657
16619,2,1,0.24355106,0.2171122381741209
16628,2,0,0.38040298,0.3842928271471147
16635,2,0,0.8832493,0.8706743429020886
16637,2,1,0.4585895,0.5051558857484967
16645,2,0,0.15063792,0.16872230334556695
16650,2,1,0.7939259,0.7540457556391659
16666,2,1,0.57801396,0.5982416438264496
16673,2,1,0.8534407,0.8403682887007724
16678,2,1,0.94177675,0.9304409850275913
16679,2,1,0.91038454,0.8340548577576464
16680,2,1,0.45791316,0.43474033947365515
16683,2,1,0.75463706,0.739626766405597
16685,2,0,0.26821,0.2597021211123747
16690,2,0,0.37871307,0.36135170847698184
16692,2,1,0.64308846,0.6364146794169756
16693,2,1,0.76821315,0.7282760242429942
16696,2,1,0.6868161,0.6917711351604631
16699,2,0,0.18303591,0.22490069195201862
16705,2,0,0.74856764,0.7292940780217149
16709,2,1,0.5385695,0.5127814988085311
16717,2,1,0.7275144,0.7488491165242371
16718,2,0,0.4658971,0.4886852153091181
16720,2,1,0.71484447,0.7197560136419534
16729,2,1,0.33872825,0.357558829537617
16732,2,1,0.7561051,0.7211377151597695
16734,2,0,0.43389928,0.4251180588282541
16740,2,1,0.24704394,0.25334816583243436
16746,2,1,0.88881993,0.8539742987261754
16759,2,1,0.75661135,0.6285327119104492
16760,2,1,0.6904303,0.6629927275505739
16770,2,1,0.6911416,0.7019742235752239
16772,2,0,0.376218,0.3894569521706469
16779,2,0,0.47341725,0.44752038276552736
16787,2,1,0.60206807,0.5887771617509867
16788,2,1,0.2525603,0.29406514728601657
16791,2,0,0.84672123,0.8141626014916854
16796,2,1,0.69983643,0.7359655812668288
16799,2,0,0.4266552,0.4817537055242475
16804,2,1,0.64471424,0.61186086044671
16808,2,1,0.885801,0.8924120382860032
16815,2,0,0.7158786,0.7059058332305116
16816,2,0,0.7457887,0.7374350959396064
16821,2,0,0.37318262,0.3992772253628806
16822,2,0,0.25623173,0.23109332387104992
16832,2,0,0.25018954,0.2631154005627811
16835,2,0,0.15175168,0.1693699611773367
16836,2,0,0.21871583,0.22732786928828838
16837,2,1,0.8848181,0.8520339704895468
16842,2,0,0.8981961,0.8705647648442013
16853,2,1,0.68194324,0.6983643128438745
16854,2,1,0.60863733,0.6251857609779189
16862,2,1,0.5835601,0.5387758220232876
16875,2,1,0.5417816,0.5186084007571207
16878,2,0,0.5575717,0.548951420712791
16879,2,0,0.19023904,0.21876490621176445
16885,2,0,0.23466672,0.23846991228547484
16886,2,0,0.8628745,0.8134118656129288
16887,2,0,0.45330977,0.45698039302108645
16888,2,1,0.62247884,0.6008810834417788
16905,2,0,0.4891351,0.4715998016074502
16923,2,0,0.62948567,0.6230537202350726
16927,2,1,0.8007065,0.8023727212478191
16931,2,1,0.65297604,0.6494352476653816
16938,2,1,0.13705638,0.1333237248896989
16939,2,0,0.34285975,0.37774209036438455
16942,2,1,0.5350283,0.495519774184123
16943,2,0,0.5932554,0.6259245022240448
16950,2,0,0.63340366,0.6493763365825804
16952,2,1,0.8122163,0.8164073179674926
16957,2,1,0.54655373,0.5973535125110946
16959,2,0,0.8563123,0.8588220326877222
16963,2,1,0.58730954,0.5511960759736687
16969,2,1,0.6229352,0.6421183960134131
16980,2,1,0.7361222,0.709993147220256
16987,2,1,0.7428721,0.7172233850973972
16988,2,0,0.4971391,0.5105164751470586
17003,2,0,0.42414975,0.4191330129598672
17010,2,0,0.895145,0.8832400360951894
17016,2,1,0.7525331,0.735348784480228
17023,2,0,0.1973001,0.18629094389560935
17025,2,0,0.24087407,0.2577984658876944
17029,2,1,0.58493966,0.5727349868806391
17030,2,1,0.53262603,0.5517942021397779
17033,2,1,0.62156105,0.6187664670391719
17035,2,1,0.7655921,0.7546121882268237
17036,2,0,0.52111435,0.549679604680847
17040,2,0,0.1960604,0.24481774941320658
17045,2,1,0.25004408,0.2818682965500141
17056,2,0,0.38395432,0.35780022252806376
17057,2,1,0.48773313,0.448025494098405
17070,2,1,0.7468804,0.7147639712100115
17074,2,1,0.6081419,0.6066678003060324
17077,2,0,0.27793217,0.25116681797059887
17082,2,0,0.20195083,0.1819774902002124
17085,2,1,0.54386425,0.5683214318991677
17087,2,0,0.7907388,0.7797597271450808
17088,2,0,0.56222516,0.5915210139472507
17093,2,0,0.6990818,0.6879391261273475
17100,2,0,0.936431,0.8892349860872072
17101,2,1,0.6711944,0.6605944017225044
17107,2,1,0.6160695,0.6064773123006708
17108,2,1,0.5872935,0.6139134618953669
17109,2,0,0.16140151,0.1727166538378875
17113,2,1,0.62839115,0.6323455104355025
17121,2,1,0.7240548,0.7513453149933629
17129,2,1,0.29131904,0.307268100620762
17130,2,1,0.8513281,0.7832154004037607
17131,2,1,0.89291227,0.8506261114765
17138,2,1,0.62074536,0.6520539601351537
17140,2,1,0.7172475,0.7269075019937797
17150,2,1,0.8362094,0.8332928363055401
17154,2,1,0.8438571,0.825571051726693
17156,2,0,0.27889395,0.26750288492589136
17161,2,0,0.5789645,0.6115940285946572
17163,2,1,0.94121164,0.9266811771065558
17172,2,0,0.657513,0.648069349918386
17181,2,0,0.28678513,0.3168019002101926
17182,2,0,0.4893233,0.47082076011117696
17191,2,0,0.27455705,0.3245378497355519
17195,2,0,0.24772152,0.24152291212704033
17200,2,0,0.24265783,0.2786854201300829
17203,2,1,0.79284817,0.7837405341970043
17205,2,0,0.31699538,0.3247864920475631
17211,2,0,0.60120416,0.5720989292372717
17222,2,0,0.28396657,0.3164085275384984
17227,2,0,0.119112186,0.14043036876768786
17231,2,1,0.8994453,0.8964336241910315
17232,2,0,0.31223074,0.36762045228479245
17233,2,0,0.7566147,0.7475660149911242
17240,2,1,0.37596318,0.37599135862599137
17242,2,0,0.69146043,0.6980311494449832
17250,2,1,0.8673225,0.8490107982996383
17253,2,1,0.8217237,0.8071832223483294
17257,2,1,0.3794864,0.40258114804869677
17263,2,1,0.72063375,0.7322876267842453
17265,2,1,0.69690394,0.6523011845263134
17277,2,1,0.7966879,0.7814705739916613
17282,2,0,0.8913792,0.9046526110663193
17287,2,1,0.6606839,0.6777680328347123
17292,2,1,0.6279592,0.6097690407424797
17296,2,1,0.4007728,0.4105047431093386
17297,2,0,0.56932396,0.5546338107909484
17298,2,1,0.6479476,0.6217830977423019
17301,2,1,0.74467343,0.6885192889179329
17302,2,1,0.54056406,0.5416276378512453
17303,2,0,0.39274275,0.4411964010497895
17307,2,1,0.49225628,0.4608372011590875
17311,2,0,0.51812303,0.5570716089996085
17314,2,1,0.4924321,0.5066654992681598
17326,2,1,0.57845235,0.5334562533356567
17328,2,1,0.8531528,0.8603913601166464
17341,2,0,0.4764642,0.48193406537490324
17344,2,0,0.51931673,0.48132944652182863
17348,2,0,0.6736964,0.6472547971110251
17351,2,1,0.7976257,0.8147027116144359
17354,2,0,0.67926306,0.6599329631031432
17357,2,1,0.91271526,0.8684157472368124
17360,2,0,0.83651716,0.8144280935877886
17374,2,0,0.26478377,0.2541206902320401
17375,2,1,0.3820721,0.36092848640149955
17376,2,1,0.40955082,0.42080639921025403
17377,2,1,0.39569944,0.4011976553349592
17389,2,1,0.7268371,0.6436569131681392
17394,2,1,0.83441114,0.8079257559858908
17398,2,1,0.656386,0.6341912102207623
17403,2,0,0.53532135,0.5739608957358898
17405,2,1,0.5201231,0.52233884740307
17406,2,1,0.27304316,0.3088582398054032
17410,2,0,0.4999377,0.5122324394642994
17411,2,0,0.36333784,0.40066635948537743
17415,2,0,0.7611694,0.7416646732536968
17419,2,0,0.5026486,0.4845930916460815
17423,2,0,0.25330383,0.28040366933024125
17428,2,1,0.86112547,0.8370955812956363
17437,2,0,0.24667588,0.2339092843100227
17443,2,0,0.27309257,0.2786928989716386
17450,2,1,0.519782,0.5028913520774402
17451,2,1,0.79766613,0.7814046577429874
17462,2,0,0.5704922,0.5357602562182037
17469,2,1,0.71033335,0.7151555226455417
17470,2,1,0.44937465,0.49114754792429255
17473,2,1,0.76319593,0.7633003538045857
17474,2,1,0.5795663,0.5883603264369595
17480,2,0,0.45842806,0.458525885126835
17481,2,1,0.22027151,0.25337034613639436
17487,2,1,0.83644897,0.8396220863019637
17488,2,1,0.46001172,0.48062434898354656
17500,2,0,0.7865077,0.7387172747590006
17503,2,0,0.49861637,0.5493081612126954
17504,2,1,0.6325387,0.633834471107624
17507,2,1,0.7228407,0.7164998745820141
17510,2,1,0.45038664,0.42138047153908453
17511,2,1,0.5884491,0.572012862884412
17514,2,0,0.47684577,0.4621079477227114
17517,2,1,0.5502803,0.5103562685225399
17523,2,1,0.9014629,0.8876441594631477
17525,2,1,0.76441944,0.7348937704008922
17529,2,1,0.7331943,0.7379870816536777
17534,2,0,0.30890703,0.28097064974392577
17538,2,0,0.51745075,0.5937486378231691
17549,2,0,0.33282825,0.34175554522039026
17553,2,1,0.7182124,0.7056689222243062
17554,2,0,0.48534957,0.4868264510012443
17558,2,1,0.87465775,0.8679486468782838
17560,2,1,0.41430363,0.408930948248265
17566,2,1,0.80803937,0.8518514665750839
17567,2,1,0.5985078,0.5953352002803545
17568,2,0,0.14648263,0.1306375416787491
17573,2,0,0.63925165,0.653676161557147
17584,2,1,0.51629263,0.5293186196896494
17586,2,0,0.65025824,0.6553307830014018
17593,2,1,0.7537134,0.7634186337381993
17611,2,1,0.87712294,0.8513459870246493
17616,2,1,0.8343322,0.8320288121053245
17621,2,0,0.45213223,0.478293804317532
17624,2,1,0.3470976,0.3355857826769978
17629,2,0,0.8387348,0.8305095453751304
17630,2,1,0.5036954,0.5444072046940716
17634,2,1,0.88525355,0.8837744476637931
17635,2,0,0.623015,0.6049707975995625
17639,2,1,0.560406,0.569960341699159
17645,2,1,0.55612814,0.5276744127051032
17655,2,1,0.6774061,0.7004308203815055
17658,2,0,0.25210035,0.25129200167079474
17660,2,0,0.53936744,0.5792989816491835
17664,2,0,0.19331738,0.21273801545826515
17665,2,0,0.17060494,0.19084099144525546
17666,2,0,0.15559024,0.17374992717485868
17671,2,0,0.8948744,0.8532404359223308
17672,2,0,0.48084107,0.4785956826727638
17674,2,0,0.6773867,0.6384190626629306
17679,2,0,0.5779636,0.5621541747096563
17685,2,0,0.4339584,0.43914377875422367
17690,2,1,0.64661914,0.6694185259816079
17694,2,1,0.44152373,0.40004136910415244
17696,2,1,0.53619814,0.5132438750640126
17702,2,0,0.5117246,0.5340699974864456
17703,2,0,0.6530275,0.6313415172995638
17704,2,1,0.6149986,0.6250404880079823
17707,2,1,0.6479482,0.6603225005829602
17711,2,1,0.89391184,0.8908195948262692
17714,2,1,0.4606541,0.4756119783404195
17716,2,1,0.5744828,0.5823023319321334
17722,2,1,0.62556297,0.5836577853334725
17733,2,1,0.44766042,0.4316440627111041
17740,2,0,0.5241018,0.5104710988560838
17741,2,1,0.51086587,0.46467385828256386
17742,2,1,0.46326894,0.49013289446141906
17747,2,1,0.85972404,0.8669822800937063
17749,2,1,0.482121,0.5312516715687119
17753,2,0,0.5704188,0.542902557320875
17757,2,0,0.10808093,0.10050248799322083
17758,2,0,0.84810936,0.8476259995652464
17760,2,1,0.28260642,0.31580386906270164
17761,2,1,0.9128879,0.8971837831190073
17766,2,1,0.86120945,0.8633510331314921
17771,2,1,0.3784623,0.40123559123422325
17797,2,1,0.84838426,0.8439025952746219
17798,2,1,0.7750708,0.7993609620165838
17800,2,1,0.7926516,0.8294741023598097
17801,2,1,0.5020312,0.4951635790234651
17803,2,0,0.57733047,0.5527601029907858
17806,2,1,0.3779212,0.3916952677787016
17808,2,1,0.67094105,0.6620338846514032
17813,2,1,0.74531966,0.7524214253073221
17814,2,0,0.25580502,0.29517650921383526
17816,2,0,0.8732601,0.8285064447060567
17817,2,0,0.35179442,0.3634204591938698
17819,2,1,0.6988806,0.6908138969349737
17825,2,1,0.667129,0.6455765576385759
17829,2,0,0.40058696,0.42039968874624584
17833,2,0,0.67416745,0.6423853358016527
17840,2,0,0.75354326,0.6567034908010623
17850,2,0,0.49223536,0.5077223682312274
17852,2,0,0.3782324,0.40066250024592565
17855,2,1,0.9147563,0.9004405999024228
17857,2,1,0.60737216,0.6225966884046158
17858,2,0,0.4388124,0.4606548996937854
17868,2,1,0.70750356,0.7237126432996848
17871,2,0,0.70916075,0.7021911476650456
17876,2,1,0.54153895,0.573152225998778
17879,2,0,0.2430634,0.24340369641643197
17884,2,0,0.83506525,0.8406072248599975
17889,2,1,0.7714903,0.7569662409496981
17897,2,1,0.81551766,0.7966893209769104
17902,2,1,0.8056451,0.7851125420232197
17906,2,1,0.3027571,0.2989901398702639
17914,2,0,0.24090219,0.26260285985186504
17919,2,0,0.14723504,0.1116888256288558
17920,2,1,0.68489534,0.6682297644813023
17921,2,1,0.8090002,0.8079516137201275
17924,2,0,0.5328112,0.5169801003761073
17940,2,0,0.78633356,0.7738027338144842
17943,2,1,0.7861287,0.7790281091759558
17949,2,0,0.75776386,0.7487916595659911
17951,2,0,0.8242452,0.8037745589216116
17955,2,1,0.5825461,0.5652884758915482
17963,2,0,0.3551309,0.3423661229063538
17967,2,1,0.84810233,0.84774803700992
17970,2,1,0.6012145,0.5602854739482783
17971,2,1,0.45634446,0.47614608498520994
17972,2,0,0.53184396,0.6010422915465283
17973,2,1,0.79940933,0.8175670097135719
17975,2,0,0.64438283,0.6504546500988524
17977,2,1,0.3814635,0.37940880807928296
17984,2,1,0.92933065,0.9292861204540297
17985,2,0,0.4386193,0.4180790853985632
17987,2,1,0.81952935,0.8025505920965357
17999,2,0,0.89147353,0.8850098431341737
18005,2,1,0.56525207,0.5334875042632846
18010,2,1,0.5795163,0.5580768475984077
18013,2,1,0.49593782,0.46428878257689105
18019,2,1,0.88448006,0.8817101237594297
18040,2,1,0.5542072,0.568081985551071
18041,2,0,0.29631615,0.3337436427434313
18043,2,0,0.44341293,0.4048125403636245
18046,2,1,0.6739805,0.6893508137163815
18047,2,1,0.6769733,0.6479490575067343
18056,2,1,0.7954466,0.7618842025558834
18059,2,1,0.6358155,0.6353586509307917
18065,2,0,0.71875477,0.7053857130418668
18082,2,0,0.6720854,0.6703247035599901
18085,2,0,0.357701,0.3601790640384455
18090,2,0,0.27007702,0.3043900919977271
18092,2,1,0.71711934,0.7353455729761823
18094,2,1,0.4394919,0.43171916990941517
18101,2,1,0.7126674,0.7081104782408614
18104,2,0,0.32584202,0.3585575590428268
18106,2,0,0.09352457,0.08427820329700685
18107,2,0,0.7942148,0.7887053977254026
18109,2,1,0.5362357,0.591467960599459
18110,2,1,0.7439077,0.695440947603451
18116,2,1,0.8994996,0.8838601395240652
18118,2,0,0.56178063,0.5418050841439693
18127,2,1,0.77944916,0.7326721747768857
18132,2,0,0.40506557,0.3445683551511359
18134,2,0,0.29695657,0.2889513867391555
18138,2,1,0.59039307,0.5898771869265793
18139,2,1,0.84891355,0.830130458976491
18140,2,1,0.533179,0.48024906896776365
18142,2,1,0.33440217,0.31926598135420853
18143,2,0,0.8135604,0.7910289010968427
18148,2,1,0.71570367,0.6782377426299077
18155,2,1,0.8926908,0.8461621983729396
18158,2,1,0.5484839,0.5732326676326842
18161,2,0,0.6014067,0.5887998900723623
18162,2,1,0.50821173,0.5077896178906847
18163,2,1,0.71053654,0.6769964633715762
18167,2,1,0.65015256,0.6419295836386081
18168,2,1,0.7776374,0.7357395092578561
18174,2,1,0.5423219,0.5717890756568498
18182,2,0,0.38953322,0.40259248182793117
18187,2,1,0.5727745,0.5766658740389851
18194,2,1,0.80083585,0.7889444208995735
18196,2,1,0.6404325,0.6209009892721875
18206,2,0,0.6423798,0.6633462185953782
18211,2,0,0.25965235,0.30495416557780025
18213,2,1,0.7371415,0.7258265587137969
18217,2,1,0.7146415,0.7133438533983657
18220,2,1,0.66187805,0.6358023626518697
18227,2,0,0.8469834,0.836274146775702
18229,2,0,0.6906542,0.7040881872395508
18243,2,0,0.26252848,0.28165037076993354
18244,2,1,0.6957831,0.6796420338598677
18251,2,1,0.6710228,0.6758466509473195
18253,2,0,0.7612051,0.7151413490621602
18256,2,1,0.8027817,0.7949687383655505
18264,2,1,0.8387677,0.8489065331745383
18267,2,1,0.83712137,0.8174048929014996
18270,2,1,0.7700489,0.774625455546789
18289,2,1,0.7320561,0.7362869183899312
18300,2,1,0.7546177,0.765922945663514
18309,2,1,0.74277455,0.7663745651861613
18313,2,0,0.42909586,0.3568043672634227
18314,2,1,0.57944614,0.6033585431030247
18319,2,1,0.5755642,0.5314794487114671
18320,2,1,0.18672682,0.22449550875245666
18323,2,0,0.2532395,0.27353688917910557
18330,2,1,0.8477744,0.8104547286455855
18343,2,1,0.8405015,0.8121969973492907
18351,2,1,0.7625193,0.7654170886262509
18355,2,1,0.5540419,0.5181160970930166
18356,2,1,0.6952256,0.6940411241984934
18357,2,0,0.5992005,0.5973042858466183
18359,2,1,0.589605,0.6127541311551087
18367,2,0,0.4594755,0.4460672376768082
18368,2,0,0.516332,0.5305723067044068
18370,2,1,0.4928773,0.4935523062814601
18385,2,0,0.110232025,0.1130317452191942
18386,2,0,0.30083555,0.33120423719010145
18390,2,1,0.62784415,0.6415272839462459
18394,2,1,0.9042608,0.8961302313087455
18400,2,1,0.8950803,0.7560765185718208
18403,2,0,0.34320313,0.3689756026632738
18408,2,0,0.3614858,0.4076160225312195
18423,2,0,0.868839,0.8349322598913149
18424,2,0,0.2757957,0.27238206537184456
18429,2,1,0.8596331,0.8491634770378583
18431,2,0,0.44403166,0.4633359344294054
18438,2,1,0.7008009,0.7003504285504052
18444,2,1,0.6662611,0.694905842680985
18445,2,1,0.8754931,0.8560748288087024
18447,2,1,0.8214055,0.820443991622404
18454,2,1,0.6850156,0.6971537080733881
18460,2,0,0.39391983,0.3584693798261476
18465,2,1,0.64844203,0.6416244506718627
18476,2,1,0.4613566,0.5114120606660275
18477,2,1,0.55216575,0.565923409607828
18484,2,0,0.20136595,0.2088650502848235
18487,2,0,0.6128742,0.5952299697902944
18505,2,1,0.79655606,0.7746157956353321
18507,2,0,0.6656448,0.6995445699908535
18515,2,0,0.18158269,0.18478157900251277
18521,2,0,0.5480018,0.5383535221199783
18522,2,1,0.64187545,0.6454976528938464
18524,2,0,0.73212016,0.7575743342282815
18535,2,0,0.1277723,0.15264351409549853
18539,2,1,0.8751165,0.8503094281981125
18542,2,0,0.69572484,0.7069777050406694
18544,2,1,0.7591231,0.745889993659512
18548,2,1,0.3847324,0.4239039087951704
18550,2,0,0.75358593,0.735056431203137
18553,2,1,0.7827828,0.7753457492307689
18561,2,1,0.7483306,0.7638595698900467
18571,2,1,0.8332866,0.8162529938941903
18576,2,0,0.4274916,0.42068739345929307
18580,2,1,0.7787703,0.7683353377739002
18588,2,1,0.88222843,0.8785916329267689
18589,2,1,0.8054981,0.7927063100090075
18600,2,1,0.4689539,0.5167238081136944
18603,2,1,0.57418203,0.5789783111289311
18606,2,0,0.46519107,0.4636073766057136
18612,2,1,0.72206837,0.756544373172041
18614,2,1,0.72074133,0.6834964393598953
18620,2,1,0.30108586,0.322368687943008
18623,2,1,0.67178583,0.6512515352901015
18626,2,0,0.73953086,0.7208565940048233
18632,2,1,0.5503959,0.555753615704957
18642,2,0,0.4635848,0.48418906316514876
18647,2,1,0.4809942,0.48843298016296155
18651,2,0,0.48121217,0.4835067416814274
18665,2,1,0.8411155,0.8245269451131312
18671,2,0,0.503091,0.5439185959475671
18676,2,1,0.7948813,0.81173799931919
18677,2,1,0.8733821,0.8770742174750605
18680,2,1,0.38056877,0.405908980846718
18682,2,1,0.7340677,0.7015999289083471
18684,2,1,0.9225243,0.9135229481568929
18685,2,1,0.3870204,0.3773014016463129
18689,2,1,0.85076755,0.8293938592905101
18690,2,0,0.6124339,0.6476110185843648
18691,2,0,0.25625888,0.27894910529528527
18705,2,0,0.6269016,0.6678153678604247
18711,2,1,0.46741334,0.48351209357236696
18712,2,1,0.47512034,0.44823332015929107
18723,2,1,0.5504706,0.5448618635449242
18729,2,1,0.5380234,0.6023588273804721
18736,2,1,0.6472185,0.625727819495697
18741,2,0,0.23362447,0.3091716170033125
18742,2,0,0.32263073,0.36505798506990395
18744,2,1,0.330325,0.30377813994233177
18746,2,1,0.6648685,0.6326986518386978
18748,2,1,0.38375625,0.39865070038995004
18750,2,0,0.65339345,0.6410875422527779
18751,2,1,0.6128446,0.6228454174099064
18763,2,0,0.145571,0.1718338317655839
18766,2,1,0.6457453,0.648022945831039
18772,2,0,0.5126988,0.4572136177991094
18773,2,0,0.5696898,0.5865305719933869
18777,2,1,0.47683617,0.4971927960767836
18778,2,1,0.7588694,0.757165086952943
18784,2,1,0.6511128,0.660791164997575
18786,2,0,0.31655788,0.32394831944736796
18787,2,1,0.46625715,0.4832359100872376
18788,2,0,0.59525347,0.5788480110223113
18791,2,0,0.5950143,0.616501352766529
18792,2,1,0.69691384,0.6614916200684625
18809,2,1,0.72008044,0.7198434278836489
18825,2,0,0.20477308,0.19166519811177532
18826,2,0,0.17007557,0.1813612667807257
18827,2,1,0.62126756,0.596617822063797
18830,2,1,0.81174874,0.784804453173523
18832,2,1,0.8027234,0.7997242850678743
18835,2,1,0.21504161,0.24693645332012595
18845,2,1,0.50879693,0.5062429346156928
18851,2,1,0.6177001,0.6049712100668247
18854,2,0,0.29276285,0.3280280912304756
18856,2,1,0.6757587,0.6851109442829194
18858,2,1,0.7411597,0.7464436435445282
18860,2,0,0.8159751,0.8023461874737611
18869,2,1,0.15149489,0.16244882390675192
18872,2,1,0.5746138,0.5506954214144388
18880,2,0,0.5577527,0.5692962294343504
18885,2,0,0.38465193,0.39026500619392285
18893,2,1,0.80808324,0.7709216492376298
18903,2,1,0.7934624,0.8057088687219432
18906,2,1,0.8750071,0.8503803029589363
18911,2,0,0.75844556,0.7248680588522712
18923,2,0,0.6566196,0.6595367698689246
18925,2,1,0.81856364,0.785341370925432
18929,2,0,0.70781684,0.6872661988799987
18933,2,0,0.33930436,0.3104956973347259
18942,2,0,0.6666122,0.6496431455986063
18947,2,1,0.756198,0.8112697415725226
18948,2,1,0.6378915,0.5999083193970186
18949,2,1,0.83886164,0.8429303424957887
18957,2,0,0.47798422,0.5312790020513853
18961,2,0,0.70634836,0.6809213472096965
18964,2,1,0.25400826,0.2708467938521356
18972,2,0,0.7213177,0.7055606279875908
18976,2,0,0.571043,0.57284660768454
18980,2,0,0.5599548,0.5600700064214191
18993,2,1,0.468184,0.4755871716726277
19004,2,1,0.616684,0.5971372868906057
19006,2,1,0.38255686,0.3524935225567454
19010,2,0,0.64412713,0.6563505455224776
19011,2,1,0.2253092,0.21924664056162155
19033,2,1,0.55105716,0.5842031812900539
19044,2,1,0.7459308,0.7453828255085967
19045,2,1,0.9209457,0.9091114215256981
19047,2,0,0.5640849,0.5833345972194686
19049,2,0,0.3692587,0.37768474668887086
19051,2,0,0.7147006,0.685733057950683
19059,2,0,0.23726553,0.20549874420234268
19067,2,0,0.1688443,0.1833842288865094
19069,2,1,0.63204324,0.6176799525974672
19074,2,0,0.450046,0.46414183012532234
19092,2,0,0.7391529,0.7131975963614197
19094,2,1,0.6939152,0.7059987073197539
19099,2,1,0.76451683,0.7751225242353109
19102,2,1,0.701046,0.713254303169794
19103,2,1,0.35836256,0.3728337497020573
19104,2,0,0.2668941,0.27736148062379773
19105,2,0,0.23355927,0.2986311657846956
19110,2,0,0.6273356,0.642367010536614
19112,2,0,0.67772615,0.6683327935598179
19114,2,0,0.5432315,0.514178709685024
19123,2,1,0.815453,0.8255736465458886
19127,2,0,0.6267761,0.5830740700206728
19136,2,1,0.88788784,0.8628222754581096
19147,2,1,0.3677587,0.41971531775808013
19150,2,1,0.9209302,0.9103580297643553
19162,2,0,0.24300522,0.24203466143826186
19166,2,1,0.6856587,0.7230787122298997
19177,2,1,0.9525465,0.949507634744712
19178,2,0,0.6200948,0.6523016141027579
19187,2,0,0.58067924,0.574288927558589
19191,2,1,0.49009126,0.5008988351589297
19192,2,0,0.6160169,0.6369139821944664
19195,2,1,0.780104,0.7618919039583609
19196,2,1,0.44507888,0.4224364337170088
19197,2,0,0.21994244,0.21232842207760017
19201,2,0,0.29612082,0.3288297560839756
19206,2,1,0.6088463,0.5998402966736378
19211,2,1,0.89273125,0.8818379206902873
19213,2,1,0.64786726,0.6052920009261681
19214,2,1,0.2021133,0.2050830547008243
19224,2,0,0.6408809,0.6280212704277179
19227,2,1,0.73689234,0.7556831452268146
19232,2,1,0.55524033,0.619687189278568
19238,2,1,0.85514766,0.8376706703572795
19246,2,1,0.7106341,0.666485990090725
19247,2,0,0.8689518,0.8471823689758421
19250,2,0,0.838489,0.8432933549422834
19251,2,1,0.4073219,0.40861347539876436
19257,2,1,0.7411066,0.7700219909644598
19259,2,1,0.10623993,0.10857871787059876
19262,2,0,0.4187746,0.4197168352400684
19264,2,0,0.2213403,0.26109371453297703
19275,2,1,0.8290148,0.8038908712584963
19278,2,1,0.734957,0.743975564351919
19288,2,1,0.699774,0.6836092449903322
19290,2,1,0.81020206,0.779852567027405
19294,2,0,0.47809058,0.47274548294280483
19295,2,1,0.68787456,0.6790917039096533
19296,2,1,0.92147905,0.8946405903066305
19302,2,1,0.44189373,0.49149794190877377
19303,2,1,0.4674094,0.4189472776745925
19304,2,0,0.72157276,0.7065719794836439
19306,2,1,0.40733498,0.37776534682334073
19307,2,0,0.13488366,0.1806106132295009
19311,2,1,0.78720117,0.8056115664699337
19314,2,1,0.5985693,0.5832794313285076
19315,2,1,0.80235034,0.7815142290312858
19318,2,1,0.8196901,0.7961597180298776
19322,2,0,0.61702716,0.6291041409729325
19332,2,1,0.5320896,0.5504348146426924
19333,2,1,0.53548527,0.5234676285781061
19336,2,0,0.48626938,0.5066502340112703
19337,2,0,0.49398604,0.508809474575633
19340,2,0,0.6291066,0.6386445316733623
19346,2,0,0.732425,0.7110382293316168
19347,2,0,0.23592606,0.20405229684237752
19348,2,1,0.90781015,0.895944476312525
19350,2,1,0.39576867,0.40296647972712546
19352,2,0,0.28947824,0.2896261939581612
19355,2,1,0.6099949,0.6269786804822496
19360,2,1,0.29153618,0.28166783133024714
19367,2,1,0.48332176,0.4880134792296599
19369,2,1,0.77604157,0.7883260831341852
19372,2,1,0.84047806,0.8133511909953767
19377,2,1,0.5240707,0.5063912904858844
19378,2,0,0.5852699,0.5796668685433153
19391,2,0,0.87145305,0.892941532462092
19392,2,1,0.66988575,0.7069242772636718
19396,2,1,0.5977568,0.6258582795108819
19398,2,0,0.42279696,0.40439194257322497
19405,2,1,0.2996002,0.305740375301465
19411,2,1,0.6415531,0.6195827019311825
19422,2,1,0.86219054,0.859158593179071
19428,2,1,0.56640136,0.5741731189370491
19432,2,1,0.7754138,0.7360859790006171
19437,2,1,0.40587074,0.4044982175855949
19444,2,0,0.1543907,0.1512217325486178
19446,2,1,0.49070787,0.4861794813202933
19447,2,1,0.47010237,0.49463806436336416
19448,2,1,0.7622451,0.7779974393980501
19450,2,1,0.7005181,0.7078880943934283
19451,2,0,0.37905094,0.34869993372931407
19454,2,0,0.38818598,0.3935359232951262
19459,2,1,0.4543526,0.4915118250988972
19460,2,0,0.24460976,0.2324912943957945
19461,2,0,0.20990485,0.21797016251000798
19462,2,0,0.3567909,0.3753846420537409
19469,2,1,0.46734878,0.4977398449222618
19473,2,0,0.64990324,0.6853545587191451
19480,2,0,0.5061958,0.5099811762339881
19481,2,0,0.67318493,0.6595785612436568
19484,2,1,0.34777594,0.388843042351912
19489,2,1,0.58268327,0.563097554922783
19491,2,1,0.81435883,0.8003402206504031
19504,2,1,0.8996715,0.8969918118604446
19507,2,0,0.82399994,0.81558733339767
19510,2,0,0.45283857,0.4380234865464646
19516,2,0,0.8410941,0.8429227364817525
19523,2,0,0.7977781,0.7879321207729115
19530,2,0,0.82598865,0.8264941431937084
19542,2,0,0.34046185,0.38471992469897937
19552,2,1,0.85360783,0.8315921447792697
19560,2,0,0.54272515,0.5511604654198057
19567,2,0,0.5281379,0.5382780217728864
19568,2,0,0.76079655,0.6835562444438824
19569,2,1,0.8362712,0.8065646107127655
19570,2,0,0.59356827,0.5547463429020094
19575,2,1,0.721099,0.7025677171378503
19576,2,0,0.42228428,0.4418179293137867
19583,2,1,0.7551868,0.7540663099178229
19586,2,0,0.53623194,0.5383465090129541
19588,2,1,0.50155306,0.5647594228557311
19598,2,1,0.7136553,0.7213539533642193
19601,2,1,0.54465175,0.5327067115838369
19602,2,1,0.5897571,0.5668888082132563
19607,2,1,0.7587647,0.770836573657054
19608,2,1,0.393999,0.4178076343055574
19609,2,0,0.6619867,0.6999292617747144
19625,2,0,0.30985996,0.30921066269525865
19628,2,1,0.898475,0.8946207296646517
19630,2,1,0.6250061,0.6666706035769057
19633,2,1,0.9009752,0.8924194067513426
19645,2,1,0.7951646,0.7587765770596037
19648,2,1,0.94525856,0.9444966874680234
19650,2,1,0.6183233,0.6257579109653084
19652,2,0,0.4597838,0.46954585908553514
19654,2,1,0.61051387,0.6289993053944929
19655,2,0,0.28461337,0.30402240151538323
19656,2,1,0.7826658,0.7747713250737408
19657,2,1,0.38260958,0.40581469631239536
19665,2,1,0.163346,0.1682518414299895
19676,2,1,0.61607355,0.6251375776508855
19681,2,1,0.8072618,0.7821753398878144
19684,2,0,0.20389494,0.2355776778837806
19689,2,0,0.11246328,0.1106494691872236
19690,2,0,0.28945282,0.30983437361419774
19691,2,0,0.4403085,0.43023392428538787
19692,2,0,0.26842552,0.275708448382411
19694,2,1,0.22545478,0.2253467341977958
19698,2,1,0.6710431,0.6757898920726704
19716,2,1,0.8670646,0.8580617231661378
19720,2,1,0.87497777,0.8559460115954879
19721,2,0,0.38343108,0.3911289997914458
19726,2,0,0.60192496,0.61717126189925
19728,2,1,0.54762304,0.5255711236086329
19732,2,1,0.6387852,0.6533177456993228
19739,2,0,0.2838687,0.25065931814748044
19748,2,0,0.21223828,0.23832944630567032
19759,2,1,0.9117205,0.9046804337748611
19760,2,1,0.61879,0.5900153689910406
19766,2,1,0.8290199,0.8198630432948361
19771,2,0,0.5304022,0.53612914404384
19775,2,0,0.31581694,0.3221186765631416
19776,2,1,0.8510549,0.8543076446139968
19779,2,1,0.88756704,0.8748108090188088
19785,2,1,0.16494325,0.18657562010679613
19786,2,1,0.9054988,0.8952866137922542
19792,2,1,0.93950784,0.9323286554124152
19794,2,0,0.2937179,0.3001093286912566
19798,2,0,0.09109151,0.0791852564700721
19801,2,1,0.7707913,0.7771209773829466
19807,2,1,0.61557347,0.586552872938905
19812,2,1,0.60026944,0.5843434135083067
19816,2,1,0.9088191,0.8979582443205926
19820,2,1,0.8971712,0.8859412400933665
19822,2,0,0.58678687,0.5730566509972874
19825,2,1,0.89884466,0.8802582179739015
19829,2,1,0.6603349,0.637111079063835
19831,2,1,0.6188825,0.5889110984059103
19833,2,1,0.62497675,0.5780799896454043
19834,2,1,0.4586734,0.44496021136632474
19835,2,1,0.63183576,0.6370632033433552
19840,2,1,0.70618266,0.6841463968407663
19841,2,1,0.667069,0.6641107750180606
19843,2,1,0.8386488,0.8641940166653487
19851,2,1,0.76837385,0.7557239457468251
19876,2,1,0.40951267,0.4514036689737754
19884,2,1,0.4202397,0.4291394008720623
19890,2,1,0.7664585,0.7593932067169429
19891,2,1,0.6020868,0.6511436320926474
19896,2,1,0.9328179,0.9264385643552112
19899,2,0,0.18912104,0.21203506138370176
19901,2,1,0.29425398,0.2879121179947565
19903,2,1,0.20434588,0.22814876326702804
19907,2,1,0.5876859,0.5852806846883903
19916,2,0,0.73698324,0.7163235839689847
19920,2,1,0.30469865,0.33572711026346513
19923,2,0,0.820207,0.8246036188286922
19925,2,1,0.8748803,0.846700252418084
19928,2,1,0.9007439,0.9088756318148518
19929,2,0,0.6889301,0.6983596012342765
19930,2,0,0.44855306,0.48073375567173665
19933,2,1,0.9272349,0.9065813475138931
19937,2,0,0.6179085,0.6214736235896918
19941,2,0,0.62934846,0.611266775757283
19942,2,0,0.13708553,0.12473071140186119
19945,2,0,0.33908382,0.33828131017073954
19952,2,1,0.67192394,0.669439296088166
19960,2,0,0.3853115,0.39522377857634255
19968,2,1,0.54749495,0.5688607911328325
19972,2,1,0.6036975,0.5967016774903786
19976,2,0,0.23690091,0.2572983200665796
19977,2,1,0.72101223,0.720927472228718
19979,2,1,0.6750033,0.7107360170587108
19980,2,1,0.60492986,0.6158653546318636
19982,2,1,0.6301477,0.6365398994464521
19988,2,1,0.31145692,0.335598305081338
19992,2,1,0.9131355,0.890716604325763
19994,2,1,0.29861465,0.30038656268563546
19997,2,1,0.72606146,0.7226335784804251
19999,2,0,0.19884045,0.1287053708343546
20010,2,1,0.85565245,0.8091701313604238
20012,2,0,0.13270949,0.15006028349565761
20015,2,1,0.561653,0.6087466232912411
20022,2,1,0.7245792,0.7265502063854896
20028,2,1,0.80369705,0.8007512608067837
20032,2,0,0.7299173,0.7011172933101959
20035,2,0,0.26793334,0.26784533006358385
20037,2,0,0.45150176,0.45034899459452515
20047,2,0,0.5075666,0.5254692156464319
20050,2,1,0.5027649,0.4873859780780492
20051,2,0,0.45484602,0.46139747436452055
20055,2,0,0.63259435,0.6444650158884229
20060,2,0,0.4328186,0.396021589019195
20064,2,0,0.71620804,0.6897773042565792
20066,2,0,0.91524315,0.9099408734185459
20069,2,1,0.3845275,0.3791122311876498
20073,2,0,0.4566815,0.4836275165601142
20074,2,1,0.8285729,0.8393058959439171
20085,2,0,0.30825832,0.4008247531958259
20086,2,1,0.67531204,0.6552001712403915
20094,2,0,0.3801807,0.36547943033962915
20097,2,1,0.39133564,0.40532734480870763
20101,2,1,0.81855017,0.8057927330161142
20103,2,1,0.79006267,0.7498584912123558
20105,2,1,0.530723,0.5497043086735122
20107,2,0,0.5697104,0.5756553181363724
20112,2,0,0.106410876,0.12101577916416945
20114,2,0,0.635652,0.6462114770886268
20115,2,1,0.92288727,0.9055480607255996
20120,2,1,0.276087,0.3301581519780612
20123,2,0,0.37183768,0.3796328265796345
20136,2,1,0.7295364,0.7077034575412677
20141,2,0,0.31793854,0.33718404343449376
20151,2,1,0.8394504,0.8249415393803642
20158,2,0,0.39330924,0.4207004851395552
20159,2,1,0.6954494,0.6959219162867092
20160,2,1,0.75786203,0.7564872276962931
20162,2,1,0.79170203,0.7728672433128904
20168,2,0,0.46780583,0.4783783329949786
20173,2,0,0.78965497,0.7667556359132642
20178,2,0,0.34319183,0.3801322529314
20179,2,0,0.7550631,0.778160752232294
20188,2,0,0.4207009,0.4346979971205305
20192,2,0,0.42018968,0.47637239188696084
20193,2,0,0.5824499,0.5749791400921558
20194,2,0,0.14151205,0.1495084830578632
20197,2,0,0.61542594,0.6300494426601371
20199,2,1,0.66073155,0.7272527787778109
20203,2,1,0.5859132,0.6075916593965411
20210,2,1,0.8965991,0.8825428185426653
20225,2,0,0.72622734,0.6959076931778568
20226,2,1,0.70286065,0.7110655666472648
20227,2,1,0.7556639,0.7533252744839343
20230,2,0,0.36907127,0.3965618319729385
20231,2,1,0.74198145,0.7276298531269052
20234,2,1,0.852202,0.8364591487663106
20236,2,0,0.6130282,0.5789038308524118
20240,2,1,0.6650815,0.6406161432947606
20243,2,0,0.68810344,0.6998945750221005
20257,2,1,0.33846608,0.35392684837771926
20258,2,0,0.33274686,0.3330461808974185
20261,2,1,0.7909677,0.7753880607120156
20267,2,0,0.8394931,0.8190720504667542
20269,2,1,0.17276004,0.17064848190910487
20276,2,1,0.6647554,0.6479836612260379
20283,2,1,0.76033115,0.7288233757842781
20285,2,1,0.5295217,0.5366881461910125
20287,2,1,0.45829046,0.44725211781227475
20294,2,1,0.54276156,0.5619414949655867
20295,2,1,0.5117328,0.534940363904834
20305,2,0,0.5655297,0.5487986019995661
20309,2,0,0.69961274,0.6840812400069743
20311,2,1,0.7649224,0.7362045900856448
20312,2,0,0.43251324,0.458539199859144
20313,2,0,0.4951504,0.5264685163654617
20315,2,0,0.31440577,0.32481354638666504
20318,2,1,0.55334544,0.5979074445968199
20319,2,1,0.67462534,0.6170630549181761
20329,2,0,0.118756615,0.12884853769100746
20336,2,1,0.679791,0.6698295861289373
20347,2,1,0.75450313,0.7264199830967438
20353,2,1,0.46512565,0.49839891102192235
20357,2,0,0.21148795,0.23659250421187894
20358,2,1,0.87481433,0.858338808830466
20361,2,0,0.5951852,0.6220846481116126
20362,2,0,0.4315701,0.4569306494294893
20369,2,0,0.7204981,0.7157863244427168
20371,2,0,0.22307418,0.23538136259341155
20379,2,0,0.37159744,0.35066327965620164
20380,2,1,0.83752704,0.776141964693254
20381,2,0,0.6928363,0.6944636686547133
20387,2,0,0.64546317,0.615952325151021
20402,2,0,0.4206009,0.47013899539819676
20413,2,0,0.7389664,0.712255997030039
20414,2,0,0.52305573,0.5599932796872689
20416,2,0,0.8013578,0.7768062212930275
20419,2,0,0.47499394,0.5427076124960999
20420,2,0,0.24297264,0.17719547001145142
20421,2,1,0.8647987,0.8595149225743941
20432,2,0,0.6199658,0.5859632632590228
20445,2,1,0.79165155,0.7643749542301858
20449,2,1,0.80063176,0.7232678444577562
20450,2,1,0.772864,0.7313666838528574
20452,2,1,0.35998997,0.37708277695036746
20454,2,0,0.5168881,0.557641337988053
20455,2,1,0.4155544,0.4289216940330222
20458,2,0,0.6062036,0.644661261249592
20463,2,0,0.26782733,0.2732339662532334
20464,2,1,0.586261,0.5663156583657842
20472,2,0,0.2799582,0.2866685013850067
20474,2,0,0.42502174,0.4113025090081157
20475,2,0,0.6291317,0.5922889480506179
20476,2,1,0.6886879,0.6926040620877748
20482,2,1,0.71972173,0.7154534947987072
20483,2,0,0.13668112,0.13647485376356178
20488,2,0,0.28097945,0.29697778698880506
20492,2,0,0.44198665,0.4640627084070487
20495,2,0,0.2894681,0.3318283416144295
20498,2,0,0.41763598,0.40811026313316057
20514,2,0,0.6528474,0.5974107819049953
20517,2,1,0.6785691,0.6854756630078107
20529,2,1,0.8241716,0.7995254488492637
20534,2,1,0.8142708,0.7709058563850311
20536,2,0,0.8343483,0.8154965849189967
20544,2,0,0.20060876,0.19456391707264942
20548,2,1,0.64178514,0.6612358088317926
20552,2,1,0.67953336,0.6501393651191332
20560,2,0,0.35429087,0.38388668399890374
20564,2,1,0.374807,0.40478867593576484
20572,2,1,0.61397004,0.617241744464632
20573,2,0,0.6315836,0.6264705588827653
20581,2,0,0.5834578,0.5254464022463649
20585,2,0,0.65437585,0.6811655684700478
20589,2,0,0.19339338,0.14873944189956972
20593,2,1,0.77967966,0.7905404075510657
20594,2,1,0.5018396,0.5097228427763327
20600,2,1,0.6426191,0.5889372744010264
20607,2,0,0.43506774,0.4261462301591806
20615,2,0,0.15222141,0.17922247124674756
20622,2,0,0.66582066,0.6525423316527983
20638,2,0,0.37024978,0.37972671511759615
20644,2,1,0.4247093,0.43606201186145277
20646,2,1,0.6818294,0.671848731643505
20647,2,0,0.21613756,0.23984017914837324
20650,2,0,0.6454783,0.6337955906982521
20653,2,1,0.79130083,0.7566750694848648
20654,2,1,0.73762184,0.7246770052135063
20658,2,0,0.2885108,0.3212206880196117
20659,2,1,0.7590914,0.7260193299278774
20666,2,0,0.4536939,0.4206602120005443
20678,2,1,0.8764913,0.8376558320805746
20685,2,1,0.513841,0.557407460506508
20687,2,0,0.77524334,0.7648758982209684
20691,2,1,0.7811411,0.741110912475122
20693,2,1,0.3937075,0.3578356360191885
20707,2,0,0.13676059,0.17215013656101957
20711,2,1,0.7805259,0.7389981348385325
20712,2,1,0.80123514,0.7522826948123509
20713,2,0,0.35111323,0.3435326181629652
20714,2,1,0.7133254,0.7178992651102075
20719,2,1,0.5727345,0.5820636656454842
20728,2,1,0.6051362,0.5989737979107532
20735,2,1,0.62599957,0.5699854896550626
20736,2,0,0.259246,0.27295808022501333
20750,2,1,0.7786521,0.7409051778572215
20751,2,1,0.586422,0.5932025558850706
20755,2,1,0.63710237,0.6029533335812889
20757,2,0,0.20582864,0.21257180061159142
20760,2,1,0.37669644,0.40468464732240556
20772,2,1,0.60132116,0.5987550117714983
20773,2,0,0.48104113,0.5270822482983368
20775,2,1,0.5552698,0.5559331372777635
20787,2,1,0.43828937,0.46186060646468086
20788,2,1,0.38777566,0.40146396060623435
20789,2,0,0.4072688,0.43142355095283996
20795,2,0,0.452571,0.454100527849304
20798,2,1,0.5267487,0.4696035227557054
20801,2,0,0.1188636,0.12706312897640198
20805,2,1,0.72212136,0.712191607653879
20811,2,0,0.6434153,0.6297866894308538
20813,2,1,0.47175103,0.4864700484088436
20820,2,0,0.6523464,0.6298338236984288
20828,2,0,0.49870583,0.5913347989150225
20833,2,0,0.1668643,0.1614597691496135
20835,2,0,0.21482886,0.23448387205493373
20836,2,1,0.59208745,0.5956350821737619
20844,2,0,0.08602273,0.07944381065254644
20849,2,0,0.5387911,0.5583107987393988
20852,2,1,0.800933,0.7769445853421274
20853,2,1,0.75286007,0.7476014113503702
20855,2,1,0.7038858,0.7221220620685679
20856,2,1,0.67855555,0.6809470000493181
20857,2,1,0.5899579,0.6320322876338215
20871,2,1,0.72101384,0.7362842765472265
20889,2,1,0.6014228,0.6423289812308691
20895,2,0,0.5515596,0.5697109105453977
20896,2,0,0.42215183,0.48922489834097027
20899,2,1,0.4626071,0.49640950192333844
20903,2,1,0.39587915,0.44106375994475444
20904,2,1,0.6099693,0.6367662256925173
20906,2,1,0.8630343,0.8432539577950805
20912,2,0,0.6875986,0.687334845614464
20913,2,1,0.8486074,0.8318426074466535
20918,2,1,0.78090006,0.7901895202867597
20924,2,1,0.6957008,0.6521440359343159
20926,2,0,0.70277464,0.6971611514761623
20933,2,1,0.69375604,0.7110090120589795
20936,2,1,0.797001,0.7961888711243612
20941,2,0,0.76391536,0.7499952188063823
20944,2,1,0.6265662,0.5929342601708847
20947,2,1,0.8589615,0.8439853533114055
20948,2,0,0.70050573,0.720040050190299
20950,2,0,0.6963548,0.6551024807218715
20953,2,1,0.64590675,0.6382793215845401
20957,2,1,0.8100175,0.7763186958526775
20961,2,1,0.7394398,0.7079259115618792
20966,2,0,0.5795569,0.6004182294038471
20970,2,0,0.5327051,0.4958320688729879
20977,2,0,0.2475207,0.1973574372776997
20986,2,1,0.4562846,0.48991146324770163
20987,2,1,0.73616004,0.708116900806291
20990,2,1,0.81560403,0.8283315956737526
20991,2,1,0.709022,0.7059679665221588
20992,2,1,0.41990858,0.4577429537420003
21000,2,1,0.62377506,0.6366757814657207
21002,2,0,0.78077793,0.7437206133994982
21008,2,1,0.70372754,0.707168823227474
21013,2,1,0.67794776,0.6618667328144973
21020,2,1,0.79854256,0.7654302062485963
21022,2,1,0.64495295,0.6240555468153871
21028,2,1,0.8785158,0.8334824302271675
21029,2,1,0.8422548,0.853754717031461
21036,2,1,0.7390086,0.7311892700946834
21040,2,0,0.5520732,0.5913751329926458
21046,2,1,0.55108917,0.5915197107765169
21047,2,1,0.63828474,0.6157334493366707
21053,2,1,0.43444017,0.43321999802320377
21067,2,0,0.7843738,0.785001557105789
21068,2,0,0.477907,0.4600507800778367
21069,2,1,0.43310133,0.46267281658595405
21071,2,1,0.8185191,0.7988582475134421
21085,2,1,0.67725366,0.6761258327324524
21091,2,0,0.2409073,0.1894788697996551
21094,2,1,0.59571534,0.6235076933470624
21096,2,1,0.44762993,0.4694954397880356
21099,2,1,0.93925536,0.9355642370310049
21108,2,1,0.7337995,0.7477272663677345
21109,2,1,0.32670802,0.3675117103847782
21127,2,1,0.69099396,0.6996369684440383
21130,2,0,0.39861998,0.4513012223467107
21131,2,1,0.48059428,0.5256769665008422
21132,2,0,0.57779044,0.5837908778048265
21133,2,0,0.72795093,0.7410647355033833
21135,2,1,0.2378866,0.2288732371905203
21137,2,0,0.8115877,0.8047708607647034
21145,2,1,0.9039906,0.8789134861026509
21146,2,1,0.62951624,0.620835894704718
21152,2,1,0.7912642,0.7620328489769059
21154,2,1,0.7889335,0.7582703548689927
21155,2,1,0.7338998,0.6490416168095041
21160,2,0,0.6479224,0.6949482278106668
21169,2,1,0.8626045,0.8114170223673375
21171,2,1,0.66821575,0.657421978244185
21173,2,0,0.7268373,0.7253584835484184
21182,2,1,0.6107667,0.5886961477994194
21183,2,1,0.6592812,0.6788425690731181
21208,2,1,0.88819337,0.8793284754347979
21213,2,1,0.7755711,0.7308524066357209
21217,2,0,0.7534778,0.7352052968078114
21219,2,1,0.7522863,0.7335761661680567
21226,2,1,0.87435496,0.8712863437144442
21228,2,1,0.54113215,0.48854569857907737
21230,2,1,0.73011893,0.7231713947671516
21231,2,1,0.78467834,0.8121813828772007
21239,2,1,0.76711655,0.728847905594637
21241,2,1,0.5734929,0.5743700644753033
21244,2,1,0.54850006,0.5627050164190321
21245,2,1,0.79953,0.7941198062734328
21246,2,1,0.6133773,0.5956087956916476
21257,2,0,0.6176832,0.6319503910446224
21259,2,1,0.8537648,0.8344051232158545
21260,2,0,0.75451523,0.7362558194571575
21266,2,1,0.36338037,0.42449397935846
21272,2,1,0.94234496,0.9317977870881691
21273,2,1,0.6758352,0.6675231701470643
21281,2,1,0.43250847,0.4713991623849522
21284,2,1,0.59842706,0.6160484057853305
21285,2,1,0.53432953,0.5141579270153734
21288,2,1,0.81904584,0.8049756139022133
21289,2,0,0.5133556,0.4854090502430924
21301,2,1,0.8858362,0.8742355699001482
21310,2,1,0.51137805,0.5150389747447477
21315,2,1,0.7773399,0.7505555867329278
21320,2,0,0.65593475,0.6569362107882868
21321,2,0,0.7048692,0.7028942242986103
21329,2,1,0.68323916,0.6841699973587739
21333,2,1,0.8198065,0.8480492710881927
21342,2,0,0.74714667,0.7561483777570774
21343,2,1,0.8347472,0.8067152302431835
21348,2,1,0.67596704,0.6659260773304122
21355,2,1,0.66859335,0.6946681650829942
21358,2,1,0.8070611,0.7845919609970928
21364,2,0,0.47175267,0.4435492262735081
21375,2,1,0.9125958,0.8916064086340151
21377,2,0,0.42961234,0.38674847682609487
21378,2,1,0.7744282,0.7577104018560461
21382,2,1,0.76080465,0.7789290888987175
21395,2,0,0.61166155,0.605679352119996
21398,2,1,0.88701075,0.8809787789237098
21402,2,0,0.8588364,0.8342190460401384
21406,2,1,0.41343614,0.43953977148401446
21417,2,1,0.66435343,0.6482586100818825
21418,2,1,0.6248899,0.6555604660424148
21421,2,1,0.7673679,0.7275200401552053
21422,2,1,0.794387,0.7899942957452284
21425,2,1,0.63299704,0.6362923326736067
21428,2,1,0.6912154,0.6914352702009421
21432,2,1,0.91365725,0.9046372838721184
21442,2,0,0.2847404,0.2977708385568603
21448,2,1,0.5771713,0.5694960331306279
21454,2,1,0.45060265,0.3457715585981526
21457,2,1,0.76783603,0.7492495982460115
21461,2,0,0.7594495,0.7396054045983576
21463,2,1,0.85083807,0.8078246581267211
21469,2,0,0.66407424,0.6421088341519074
21472,2,1,0.6844243,0.6955510733452542
21474,2,1,0.807129,0.7890130104805744
21476,2,1,0.7769353,0.7668735687589974
21479,2,0,0.74628365,0.7291893807950969
21480,2,0,0.6459914,0.6709547301605916
21481,2,0,0.7288542,0.7020941305279981
21485,2,1,0.75905997,0.7468384341685131
21493,2,1,0.86643475,0.8273893726697235
21494,2,1,0.8639878,0.8608344882450769
21495,2,0,0.59566885,0.5441020041870328
21497,2,0,0.26540467,0.26001500837153163
21498,2,0,0.73845255,0.7025727871895227
21499,2,1,0.78814006,0.7619193263607182
21509,2,1,0.6415266,0.644591744773506
21512,2,1,0.5898252,0.595981865457351
21516,2,1,0.5778948,0.6062696162102577
21517,2,1,0.4637825,0.4853517037789716
21521,2,1,0.62351984,0.6023316171512457
21522,2,1,0.65168965,0.6391201920957281
21525,2,0,0.3325879,0.33778121650985116
21531,2,0,0.636405,0.5851107415604909
21532,2,0,0.18717693,0.18976528405396392
21538,2,1,0.5244654,0.5415429199541499
21543,2,0,0.373754,0.4246639807765543
21545,2,1,0.7538031,0.7563180921228274
21550,2,0,0.58992827,0.49895063589343497
21552,2,0,0.6534242,0.6559308924621824
21557,2,0,0.28370944,0.28449724818251204
21578,2,1,0.2214019,0.23434327935404206
21580,2,0,0.52084255,0.5168211076967755
21589,2,1,0.74268174,0.6831475092438799
21591,2,1,0.7264863,0.6851241879531873
21593,2,0,0.679141,0.6597196081154716
21594,2,1,0.4939032,0.5391419012724166
21596,2,0,0.18806766,0.1649705004056047
21598,2,1,0.4539983,0.45932136916672334
21603,2,1,0.66583985,0.606883117727668
21608,2,1,0.6051935,0.5953548462964957
21613,2,1,0.2770709,0.2669206514355324
21619,2,0,0.8419737,0.8069079728305197
21620,2,1,0.8457097,0.8456257923983145
21622,2,0,0.45369008,0.46213390943335353
21623,2,1,0.30763876,0.27973887055907365
21626,2,1,0.38275275,0.4430901291701313
21641,2,1,0.8125904,0.7942745173722414
21642,2,1,0.65872765,0.663463165665242
21643,2,0,0.32290354,0.31212696111361926
21647,2,1,0.59809107,0.5867723513589445
21661,2,0,0.437013,0.47097261380570776
21662,2,0,0.48512203,0.3973694689614346
21666,2,0,0.6027366,0.6092620065720187
21671,2,1,0.6841414,0.6525728784487866
21674,2,1,0.2250975,0.28350324381924064
21675,2,0,0.3292565,0.35793807322248805
21676,2,1,0.94163036,0.9290879219894543
21679,2,1,0.7313091,0.7068639561661736
21698,2,1,0.67811126,0.6837594583767416
21700,2,1,0.45849845,0.49955143063307395
21703,2,1,0.6191602,0.6358790150076729
21706,2,1,0.71977466,0.7289674238718945
21707,2,0,0.5594054,0.6014667820036212
21712,2,1,0.54836124,0.5888645566378846
21718,2,1,0.490115,0.3692158220954981
21728,2,0,0.6596991,0.66820507357972
21735,2,1,0.7982239,0.781062343253728
21746,2,0,0.83931696,0.8205047625237684
21748,2,0,0.32746375,0.3733186840453591
21750,2,0,0.40687907,0.41021053909110583
21754,2,0,0.15964293,0.19939172042189235
21756,2,0,0.6753433,0.6654601944599126
21762,2,1,0.47011194,0.46099204372162866
21776,2,1,0.88095826,0.8747721042918085
21777,2,1,0.49172068,0.5536063163156996
21780,2,1,0.6722492,0.6694787631139101
21783,2,0,0.455424,0.4848237684878494
21784,2,1,0.85422117,0.8285440521899595
21785,2,0,0.33193168,0.33731665106320524
21787,2,0,0.5651632,0.5920039929469829
21790,2,1,0.2485388,0.2871578232795967
21799,2,0,0.5759151,0.5853388972885772
21807,2,1,0.556879,0.5388284731814117
21809,2,0,0.470769,0.4519916627932176
21818,2,1,0.9059433,0.8971199967438556
21819,2,0,0.5992116,0.6393185659011265
21822,2,0,0.68119794,0.6984968741535791
21825,2,1,0.7306678,0.6928111357714158
21829,2,0,0.72158885,0.6941654882392444
21836,2,1,0.45596048,0.45236010192035225
21837,2,1,0.8061183,0.8092587369203633
21841,2,1,0.74568963,0.7411080543472405
21847,2,1,0.87415415,0.8544596665514345
21848,2,1,0.46445873,0.48876566366394286
21856,2,0,0.6315694,0.6164895107154926
21859,2,1,0.74235165,0.7070415622513418
21865,2,1,0.8854525,0.882243156889324
21869,2,1,0.82298684,0.8680028331555585
21872,2,0,0.7061466,0.6951561047926755
21873,2,1,0.8311405,0.8054539498877205
21878,2,1,0.7664638,0.7705370833678634
21881,2,1,0.7039043,0.6914683463541459
21889,2,1,0.88913476,0.8472936257595858
21892,2,1,0.7584604,0.7327997290310306
21894,2,0,0.49901703,0.5406033304809945
21910,2,1,0.686188,0.6539760096785222
21914,2,0,0.53334403,0.5342776783604064
21917,2,0,0.5030266,0.5346008451233004
21921,2,1,0.28147933,0.31189354906179256
21926,2,1,0.43483847,0.5141878850489231
21939,2,0,0.6356462,0.6399648001570863
21940,2,1,0.33842462,0.34665643194628704
21941,2,1,0.82746774,0.8159454794056367
21942,2,1,0.76254356,0.6423954913142772
21949,2,1,0.6027863,0.6468475826210638
21951,2,1,0.83616066,0.8178689038307839
21953,2,1,0.8234758,0.8111405803004316
21959,2,1,0.76702416,0.739657529218179
21960,2,1,0.65360016,0.659729855253256
21962,2,1,0.7296192,0.7015898288642659
21964,2,0,0.5350499,0.5464488830128925
21967,2,1,0.73613584,0.7525059368669171
21972,2,1,0.8425886,0.8071025823818335
21977,2,0,0.7147945,0.7166822382352035
21980,2,1,0.68520844,0.6853566352655521
21982,2,1,0.6199334,0.6210517630520366
21985,2,1,0.699477,0.6853930978215986
21992,2,1,0.80557555,0.7869972290385016
21997,2,0,0.6849523,0.6749289507150318
22000,2,0,0.8202876,0.8084460189599157
22004,2,0,0.69470704,0.7074691022737455
22006,2,1,0.77678216,0.7774266372389684
22008,2,0,0.40150326,0.47826541508611947
22011,2,0,0.32889915,0.3198364756491285
22016,2,1,0.47080973,0.4212873892543173
22021,2,1,0.49942237,0.5943580273154146
22025,2,0,0.86497027,0.8703751897842739
22026,2,1,0.5847744,0.5910502291726994
22032,2,0,0.8542101,0.8362599799384257
22033,2,1,0.859958,0.8185050851082203
22036,2,1,0.7336492,0.7211474678726812
22041,2,1,0.6643806,0.6550435281505618
22045,2,1,0.4701794,0.4887322186315106
22046,2,1,0.7787906,0.7411543740318045
22049,2,1,0.6044964,0.5960109829782589
22051,2,1,0.5342847,0.5524462772506902
22052,2,0,0.70801747,0.7046255701804123
22057,2,1,0.4144246,0.4079864495621343
22059,2,0,0.23622142,0.23250892277068264
22061,2,1,0.8302452,0.8204786224512728
22079,2,1,0.72608507,0.746973829628178
22081,2,0,0.75572336,0.7685002262913099
22088,2,1,0.472255,0.4803753239156896
22091,2,1,0.9038447,0.8792986157474264
22097,2,1,0.22571826,0.2117336520573949
22099,2,1,0.618636,0.6329742281776978
22102,2,0,0.3790791,0.424052843954573
22110,2,0,0.24800839,0.25564859957040525
22118,2,1,0.7980952,0.7536877393705936
22120,2,1,0.38196346,0.4126894582807606
22123,2,1,0.51812965,0.4955648145681053
22124,2,0,0.21537955,0.22100561463200458
22126,2,1,0.7944625,0.8040144530868598
22130,2,0,0.4652715,0.36476136544470084
22131,2,1,0.37855378,0.4103100167224951
22132,2,1,0.8060803,0.7926618703498918
22133,2,1,0.53272146,0.5137469917814439
22139,2,1,0.80047834,0.8023968209537813
22149,2,1,0.6818596,0.6853654200439678
22150,2,1,0.85784554,0.8785925755601167
22152,2,0,0.78700817,0.7583070924846482
22154,2,0,0.65011954,0.6618466867233391
22157,2,1,0.34212607,0.3021592506865491
22160,2,1,0.84075975,0.8229217491930689
22165,2,0,0.16917698,0.19765261738942266
22178,2,1,0.658237,0.619314060753757
22181,2,0,0.7731607,0.7799445678188323
22190,2,1,0.85620284,0.8365548152107474
22196,2,0,0.5726375,0.5869085896488934
22197,2,1,0.7446442,0.7473426160996357
22201,2,0,0.3221227,0.33580298614145454
22203,2,0,0.29591426,0.2599949495994098
22210,2,0,0.30751142,0.35324192756127876
22217,2,0,0.26944464,0.2908808348590138
22218,2,1,0.5532237,0.5836359029410145
22221,2,1,0.4744918,0.503966881467803
22223,2,1,0.6046096,0.6544425531443802
22233,2,1,0.74121773,0.7184053859584125
22239,2,0,0.43230438,0.4454144580226158
22241,2,0,0.66088784,0.6219771346993038
22242,2,1,0.62479556,0.6313487395268429
22244,2,1,0.30575985,0.3369569526979502
22250,2,1,0.7767309,0.7658414420194594
22252,2,1,0.48671618,0.49429445954013046
22254,2,0,0.6616197,0.6577864892173145
22262,2,1,0.48409036,0.5254747026324261
22264,2,0,0.113638096,0.1275393394990569
22272,2,1,0.63737947,0.627216651615728
22274,2,1,0.94853926,0.9428031634972159
22279,2,1,0.3130994,0.35167289431085896
22280,2,1,0.7121705,0.6884539168824169
22287,2,0,0.3344267,0.31460389124063254
22289,2,1,0.7116276,0.7048882361519243
22296,2,0,0.26178566,0.2691572102281908
22299,2,0,0.70547044,0.6728097932425385
22305,2,0,0.16486117,0.16087166257804875
22308,2,1,0.60508466,0.6031481111509869
22309,2,0,0.67581016,0.6666265863275198
22310,2,0,0.6777995,0.6847053451216104
22312,2,0,0.17661297,0.17366620655146978
22314,2,0,0.7516761,0.7509562832406022
22322,2,1,0.27196816,0.300224155306384
22326,2,0,0.35207275,0.3662496897714958
22329,2,0,0.4902794,0.4916927853729944
22333,2,0,0.5220027,0.5431610548430881
22334,2,1,0.76434004,0.7222023275682142
22336,2,0,0.34745198,0.3807391847305537
22337,2,1,0.7486248,0.7122907591607314
22343,2,1,0.5433921,0.5582954547569454
22359,2,0,0.3778832,0.4049872553278156
22362,2,1,0.48746398,0.43223091159864846
22364,2,1,0.7624946,0.7082300393996279
22365,2,1,0.82563066,0.7861446901686147
22375,2,0,0.45561033,0.46484089340974155
22376,2,0,0.3179216,0.31539786065039277
22381,2,1,0.6106853,0.618697181964364
22386,2,1,0.6603609,0.651605327405593
22392,2,1,0.80178267,0.7640052181588212
22394,2,1,0.58326346,0.5319291037660497
22395,2,1,0.7873559,0.7837948047868324
22406,2,1,0.85758275,0.8110839508176283
22408,2,1,0.8036694,0.78248489176453
22413,2,0,0.23894228,0.26222782239740605
22420,2,0,0.51173306,0.5558760214328513
22421,2,1,0.81558996,0.8070186938160617
22426,2,1,0.38114583,0.35940800834488756
22427,2,1,0.71136737,0.6476837824671388
22430,2,0,0.3900792,0.3457587381279867
22439,2,1,0.6321017,0.6312290741407182
22442,2,0,0.3667797,0.3886042391910532
22443,2,1,0.6500526,0.6299058949730125
22444,2,1,0.55505997,0.5486722534806404
22445,2,1,0.29077837,0.33552934216874186
22446,2,0,0.3486737,0.39479621835247036
22457,2,0,0.76192135,0.761412106021988
22461,2,1,0.8106439,0.8298832035825545
22475,2,1,0.683239,0.7012810898422387
22478,2,0,0.3566248,0.3519919257905489
22480,2,1,0.78903455,0.7832985747488547
22483,2,1,0.32816628,0.36599020265560683
22485,2,0,0.3484305,0.364289594471732
22488,2,1,0.57707745,0.54624098987024
22489,2,0,0.5937609,0.601199188587414
22499,2,1,0.32339624,0.3740600650909153
22500,2,1,0.6933034,0.6564534615665016
22503,2,1,0.58648044,0.6258233699260044
22511,2,0,0.60975873,0.5593440090947462
22513,2,1,0.7672271,0.7405342283261556
22518,2,1,0.6992144,0.7038191265432087
22519,2,0,0.67785066,0.6912150773310719
22521,2,0,0.67621547,0.6773865553496115
22522,2,1,0.64437836,0.6478077671421354
22524,2,1,0.66101456,0.6709316380532188
22540,2,1,0.29829237,0.312627870391133
22543,2,1,0.33511773,0.3834320206621575
22544,2,1,0.7892924,0.769696797570436
22551,2,1,0.8841705,0.8909791931315904
22559,2,1,0.8452114,0.8505084291392822
22564,2,0,0.73136616,0.7368363502643838
22577,2,1,0.66420853,0.6367973408334138
22581,2,0,0.6521952,0.627830274673407
22590,2,1,0.5920022,0.6164653248857381
22595,2,1,0.56096333,0.5335010002401384
22600,2,0,0.14702867,0.1643792939944161
22614,2,1,0.529725,0.562272153202463
22617,2,1,0.8132363,0.8004303897354907
22620,2,0,0.5988203,0.6466363937471651
22622,2,0,0.24013376,0.25523894345583437
22634,2,0,0.19442195,0.19254467770629993
22643,2,1,0.66223764,0.6644065710230825
22650,2,1,0.91161585,0.8931736066767654
22655,2,0,0.48547962,0.48430417110437596
22660,2,1,0.62271106,0.5962048585573357
22671,2,0,0.13047548,0.10601806451828324
22673,2,1,0.36278638,0.3788463537348812
22679,2,1,0.7909667,0.7458235169032557
22680,2,1,0.5559434,0.5783103972777729
22682,2,1,0.45209497,0.4438669233698166
22691,2,1,0.1251631,0.12016798063221316
22714,2,0,0.5669813,0.561064470317527
22718,2,1,0.24197951,0.22429968910906575
22735,2,1,0.5710246,0.5768448262641628
22739,2,0,0.61672753,0.5871078211904587
22748,2,0,0.4725195,0.4848791007726133
22750,2,1,0.5663735,0.5531405841438128
22757,2,1,0.8332426,0.8223418837414032
22758,2,0,0.38336846,0.36888766333219264
22760,2,1,0.67546374,0.6615997215734448
22761,2,1,0.9068536,0.8894765101548585
22765,2,1,0.58147734,0.597545705033306
22767,2,0,0.5879984,0.5530892790601004
22772,2,0,0.43616572,0.42340902463663593
22777,2,1,0.4573109,0.46841323385731015
22779,2,0,0.7707178,0.7854006047120894
22781,2,0,0.2152912,0.2649386805308485
22783,2,1,0.785786,0.7626331437245606
22793,2,1,0.29740706,0.3217811685929669
22795,2,1,0.25937164,0.30191513642321527
22797,2,0,0.33430135,0.3092490238418912
22800,2,1,0.5803481,0.5024578877942129
22807,2,1,0.8497551,0.851747305422563
22814,2,1,0.72558653,0.7269287993139452
22816,2,1,0.7317496,0.7376344399615562
22826,2,0,0.3971401,0.3182319532252039
22827,2,0,0.8391285,0.7976882445654143
22829,2,1,0.74452645,0.7504365802434058
22844,2,0,0.74757546,0.7166493527632722
22847,2,0,0.22110131,0.23488250286215406
22853,2,1,0.59936196,0.5897864665048042
22854,2,1,0.294019,0.27549399692575693
22870,2,1,0.8169138,0.8128340901398083
22874,2,1,0.731806,0.7265280211755737
22875,2,0,0.59305245,0.6244875871107743
22880,2,1,0.4936293,0.42530456042972453
22881,2,0,0.40525788,0.44846691353978985
22882,2,0,0.8177577,0.7938080441910362
22886,2,1,0.2682604,0.20894649085691036
22887,2,1,0.68048805,0.6616620290787415
22889,2,1,0.6688137,0.6511315240983768
22891,2,0,0.20929906,0.22834874735952643
22892,2,1,0.43643954,0.46451228869055855
22895,2,1,0.8958699,0.9195081380916802
22899,2,0,0.3026244,0.3472185007567605
22905,2,1,0.2694174,0.29192182477258655
22907,2,0,0.16118024,0.20769055251036295
22908,2,1,0.8383932,0.8144416950496058
22912,2,1,0.5001474,0.5576814909874805
22924,2,0,0.1735992,0.17959300371223985
22931,2,0,0.25945324,0.3008554712298147
22935,2,1,0.28474417,0.3093147540971923
22940,2,1,0.5719508,0.5486355419734464
22946,2,0,0.4900351,0.49672712305868943
22947,2,1,0.70503354,0.6779282290738552
22950,2,0,0.6467267,0.6101237931758419
22954,2,0,0.34013015,0.34102949235650043
22956,2,1,0.42433202,0.4600351524877987
22959,2,0,0.18628925,0.17863843139846575
22961,2,1,0.77354985,0.7920126116421672
22969,2,0,0.20904079,0.2067887024846493
22981,2,1,0.7373322,0.7048469104942673
22985,2,0,0.42952836,0.33456325060519443
22988,2,1,0.5114107,0.46519645151931377
22989,2,1,0.6690151,0.6820433064319913
22992,2,0,0.29999474,0.27587922301192536
22994,2,0,0.1187938,0.11460596687221364
23011,2,0,0.77270806,0.8164881219039731
23016,2,1,0.8549992,0.8412228970090102
23026,2,0,0.18959165,0.23359595132359176
23027,2,0,0.54252136,0.5628190670569236
23030,2,1,0.64139974,0.6306052803900851
23033,2,1,0.81520563,0.8200030581923399
23034,2,1,0.8210836,0.7863442292369414
23043,2,1,0.90728134,0.8982900999859765
23056,2,0,0.22265895,0.23626617131146743
23057,2,0,0.75158376,0.7487957563108767
23058,2,1,0.92241967,0.9194079437373015
23075,2,0,0.3761893,0.4475395857675582
23087,2,0,0.12987523,0.1250674938773356
23100,2,1,0.55484784,0.5474374249057149
23103,2,0,0.5623753,0.5769739299041281
23109,2,1,0.5223543,0.5221978950115668
23118,2,0,0.36701733,0.38733547158165843
23120,2,0,0.102413364,0.11733115120837936
23126,2,1,0.42689866,0.42499911547650565
23127,2,0,0.2853846,0.296762161929448
23128,2,0,0.5255744,0.46855123052416653
23135,2,1,0.7041565,0.6595648242901455
23137,2,1,0.6479042,0.6346649169797385
23138,2,1,0.60952145,0.5853820835060701
23142,2,0,0.42629156,0.4280359364143147
23143,2,0,0.16750805,0.1919685577169422
23145,2,1,0.8101638,0.7839648032355618
23157,2,0,0.87562084,0.8455447905161932
23159,2,1,0.6779401,0.6269389244541477
23163,2,1,0.46501178,0.46232167584480116
23169,2,0,0.13667133,0.09099271323303167
23177,2,0,0.5289282,0.5433348194212346
23179,2,1,0.82865465,0.7983579769844603
23181,2,1,0.6725424,0.6449049781188865
23182,2,0,0.35073566,0.39533649885431926
23186,2,1,0.68202496,0.6970248407292232
23190,2,1,0.5107437,0.5057592625826954
23192,2,1,0.8516436,0.82940281305814
23196,2,0,0.8041649,0.8012574571430099
23202,2,0,0.71925944,0.7062630417198226
23203,2,1,0.8195931,0.7926228598979598
23204,2,0,0.13951188,0.1329903012220353
23213,2,1,0.7209283,0.736944387803108
23227,2,1,0.8158977,0.7906601603709529
23230,2,0,0.19883072,0.22150109549478328
23237,2,1,0.5927589,0.6026166841172765
23239,2,1,0.86526793,0.8583718663809907
23241,2,0,0.7488506,0.7754961539408576
23246,2,0,0.61847156,0.667849192940827
23248,2,1,0.64831203,0.6210596880950288
23252,2,1,0.22698447,0.22106336009066127
23254,2,0,0.38307002,0.35868238458697094
23255,2,0,0.27331996,0.318023726401542
23256,2,1,0.89911664,0.8871344285677805
23263,2,1,0.7804282,0.7456081958919407
23265,2,0,0.17580488,0.2078377591527324
23274,2,1,0.29007018,0.27051119483337815
23275,2,0,0.5736395,0.5578364038531376
23278,2,1,0.4422577,0.44680568049401026
23286,2,0,0.42530343,0.43585881303620366
23292,2,0,0.32627854,0.31950967619277915
23298,2,1,0.7138596,0.7161106614724619
23302,2,0,0.22714292,0.22407953388526144
23310,2,0,0.46496788,0.4604300165382408
23314,2,1,0.7806512,0.7591739314137829
23316,2,0,0.34523362,0.3383692427775985
23319,2,1,0.7014494,0.7008620316539348
23328,2,0,0.7593545,0.7686308203052109
23336,2,0,0.52433443,0.5447918305221956
23337,2,0,0.39450213,0.44225379808669735
23338,2,0,0.23099782,0.22484662458345384
23341,2,0,0.46518317,0.3898059473010627
23342,2,1,0.7456734,0.7391282166898677
23345,2,0,0.57258254,0.5421934252288818
23346,2,0,0.44673142,0.4330876416029311
23348,2,1,0.7670594,0.7868022504729528
23364,2,1,0.8949812,0.8927733214182382
23365,2,1,0.3477661,0.29483254238832834
23367,2,0,0.19565673,0.22168254390636796
23369,2,0,0.58143103,0.569585081173938
23379,2,1,0.78370035,0.7889115538836874
23388,2,1,0.2716255,0.21249198740611921
23399,2,1,0.74897784,0.6790733678528397
23400,2,1,0.83508307,0.8075361609268544
23408,2,1,0.4459513,0.45670512429185983
23409,2,1,0.7316128,0.7053049067224317
23418,2,1,0.34517062,0.36249712285321656
23423,2,1,0.7878614,0.7920703845418982
23433,2,0,0.67628235,0.6718861301255105
23458,2,0,0.5562763,0.597514721622591
23460,2,1,0.8279976,0.7982302092266674
23463,2,1,0.7963913,0.7873127850875176
23474,2,0,0.47854105,0.46708253888617896
23479,2,1,0.6971862,0.6342942757846641
23483,2,1,0.7106555,0.7169938371616593
23493,2,0,0.21816774,0.3037687733293734
23506,2,1,0.72623765,0.723117458646246
23509,2,0,0.389552,0.42820542665334643
23512,2,1,0.6032395,0.5638430472335163
23515,2,0,0.26213306,0.2625364702089274
23519,2,1,0.7996996,0.8026634613356148
23523,2,0,0.5694435,0.5855435367591237
23533,2,0,0.8380493,0.7877539483007923
23536,2,0,0.42968276,0.4560997139464501
23544,2,1,0.7612816,0.7313174430242788
23551,2,0,0.75963867,0.7608034633470315
23553,2,0,0.2217631,0.266432715596186
23554,2,1,0.9063303,0.8985230974627413
23558,2,1,0.69265366,0.7001436039624179
23561,2,1,0.5054376,0.4637785417885912
23579,2,1,0.94083995,0.9424106099665082
23580,2,1,0.59683585,0.6287837706405516
23581,2,1,0.8240473,0.8034818552108283
23590,2,1,0.60751486,0.5934353321475403
23597,2,0,0.57838786,0.5895625017627849
23599,2,0,0.6420738,0.5902681030872473
23613,2,1,0.8675647,0.8493776266941703
23617,2,0,0.5235279,0.5020465934455067
23620,2,1,0.6387453,0.6345586236855191
23622,2,0,0.36926007,0.34066423643152677
23624,2,0,0.47803196,0.4935445856394776
23625,2,1,0.8515438,0.8445910879440449
23627,2,1,0.2372005,0.22681614966717042
23629,2,0,0.17740944,0.22283006640885414
23636,2,0,0.50958157,0.5362832006089888
23643,2,1,0.73141176,0.7317246209591969
23645,2,1,0.83095527,0.837648242899799
23650,2,1,0.71056324,0.6908318421129679
23656,2,0,0.16502093,0.1692725715664162
23660,2,1,0.33921376,0.347131975642432
23662,2,0,0.716383,0.7153119172715292
23663,2,1,0.52844936,0.5074275741617211
23664,2,0,0.60227907,0.6209628259447949
23665,2,0,0.13479112,0.13621064132071112
23673,2,0,0.1982485,0.20985446719783118
23683,2,1,0.4512683,0.46830873300896686
23688,2,1,0.3144078,0.28357597970963255
23691,2,0,0.56972486,0.6131805501644474
23694,2,1,0.18274814,0.1860755883568679
23695,2,1,0.8916933,0.872255479793782
23696,2,0,0.5447979,0.552512090781527
23702,2,1,0.33322307,0.3443205595932614
23705,2,1,0.7842772,0.7548292558035123
23710,2,0,0.51601124,0.5999141821839034
23711,2,1,0.7351739,0.714758396345684
23716,2,1,0.38179076,0.4283267375093184
23717,2,0,0.68221754,0.6884690141576643
23720,2,0,0.62476933,0.58735454420217
23724,2,0,0.1864557,0.225211566389791
23725,2,0,0.36182955,0.3832749402514179
23726,2,1,0.5620733,0.5785055840156877
23728,2,1,0.67255205,0.6602204442394133
23729,2,1,0.79736805,0.7942304225903879
23748,2,0,0.112499006,0.11615535205466516
23751,2,0,0.2924386,0.304475806292811
23755,2,0,0.44553748,0.47760234047493794
23758,2,0,0.7251578,0.7483775042133516
23761,2,0,0.65052265,0.6640775773653148
23769,2,1,0.43078962,0.42736231893624116
23770,2,0,0.7483721,0.7486426110128888
23777,2,0,0.16219155,0.13881053590353426
23784,2,1,0.8751692,0.8488850406073198
23787,2,1,0.69968617,0.6825461892408886
23791,2,1,0.50646305,0.5004511838335414
23793,2,0,0.4161725,0.4460874358088218
23794,2,0,0.7994666,0.7811873159012979
23796,2,0,0.8108813,0.7940627740364117
23797,2,1,0.6905423,0.6966963679517484
23798,2,1,0.80294096,0.7893713517933635
23799,2,1,0.7951993,0.7827195031420494
23800,2,0,0.7242345,0.7030172545499006
23806,2,0,0.7776346,0.7638391598079908
23811,2,1,0.6442511,0.6252814382874113
23812,2,1,0.52567995,0.5249259043446853
23818,2,0,0.62079436,0.640963023952862
23823,2,1,0.80545837,0.7786591439284057
23825,2,0,0.1656474,0.18819479044470133
23831,2,0,0.43919873,0.4664820465790369
23838,2,0,0.7048018,0.6679237311745959
23846,2,0,0.8941344,0.8777026729758189
23849,2,1,0.6022215,0.46811618241630815
23855,2,0,0.1251054,0.09575575225371424
23856,2,0,0.48987886,0.49638707484595473
23867,2,1,0.6458808,0.6578378999089897
23873,2,1,0.66299367,0.719343735449238
23875,2,1,0.34994358,0.3616725473487398
23882,2,0,0.7173711,0.6832570251606207
23883,2,0,0.34058687,0.3440774641738612
23884,2,0,0.5454805,0.5185904929574872
23885,2,1,0.8299778,0.8526540306754052
23887,2,1,0.3757289,0.3836458367579422
23888,2,0,0.39626947,0.4333323830340929
23891,2,1,0.80549574,0.7918890113965749
23892,2,1,0.41323665,0.4447938128862114
23895,2,1,0.3466953,0.334626675026182
23902,2,1,0.36945763,0.3719261842305576
23905,2,1,0.60476303,0.587896742145183
23906,2,1,0.41096187,0.42542448773543196
23908,2,0,0.38448107,0.4008996437052491
23909,2,0,0.6047243,0.5692398595818394
23916,2,0,0.6831998,0.6907751550733209
23918,2,1,0.6875412,0.6958096270645151
23922,2,1,0.3373969,0.403625622981887
23924,2,1,0.65846795,0.6479888367330127
23926,2,0,0.3067869,0.3012639464524007
23932,2,0,0.14496872,0.12098436768680251
23939,2,1,0.83327883,0.8134911679502689
23946,2,1,0.8197083,0.7925656712034048
23949,2,1,0.36429703,0.39716809502690353
23951,2,1,0.72101384,0.700210978596893
23953,2,0,0.1383296,0.1586921738414751
23954,2,0,0.8315923,0.8184401205696248
23960,2,1,0.3935523,0.4453167871132566
23961,2,0,0.3707679,0.37482880795382306
23966,2,1,0.64552015,0.642492061623485
23967,2,0,0.20818764,0.2369129078511674
23968,2,0,0.29509473,0.3302324604994089
23973,2,1,0.63386357,0.6636272219237438
23979,2,1,0.57123744,0.5424830865849836
23984,2,1,0.47294658,0.5135371399522164
23985,2,1,0.79062015,0.7613418970824042
23988,2,1,0.44300294,0.49944387205984253
23995,2,1,0.5496406,0.55700988779618
24002,2,0,0.36495185,0.35919958006885755
24007,2,0,0.6460558,0.6369666224731086
24013,2,0,0.2538118,0.26370444874838345
24014,2,0,0.62331164,0.6725054166453984
24015,2,1,0.31544632,0.28156525325665116
24016,2,0,0.61837274,0.6708613087075457
24017,2,0,0.18049382,0.1947873760143689
24021,2,1,0.81108034,0.8001891482221113
24022,2,0,0.4881676,0.48845327384561615
24029,2,1,0.40997034,0.3940134000711055
24033,2,1,0.844106,0.8121968956262091
24036,2,0,0.3297153,0.3718568078636317
24037,2,1,0.5859978,0.6027506329798131
24039,2,1,0.8138495,0.7755402680552522
24050,2,0,0.18618044,0.18227261252911736
24051,2,0,0.26922446,0.2972945532648908
24059,2,1,0.9097706,0.883796578614621
24060,2,1,0.28788996,0.3049535771583119
24064,2,1,0.45117304,0.4050971460412164
24065,2,0,0.4838832,0.49264134563396983
24066,2,1,0.6594489,0.6425403377090136
24068,2,1,0.86227006,0.8534901372300794
24070,2,0,0.70516753,0.6885132736039314
24077,2,0,0.7440472,0.7434109238538732
24079,2,1,0.7588322,0.7456384883892588
24087,2,1,0.85411966,0.8170959167091386
24090,2,0,0.51611817,0.46791020198802996
24096,2,1,0.25811362,0.2405319904987352
24097,2,0,0.665838,0.6940902284877547
24100,2,0,0.80327684,0.7805961620929918
24101,2,0,0.70328915,0.7019997664914597
24104,2,1,0.7931987,0.7647881150683447
24106,2,1,0.78409463,0.7327075037342329
24108,2,0,0.43245214,0.5189705269933589
24110,2,0,0.25662708,0.24136829376723162
24114,2,1,0.88768727,0.8579222909376517
24116,2,1,0.22407615,0.23070201694468387
24118,2,1,0.72300786,0.7310048856808214
24122,2,0,0.6459045,0.573726296650563
24127,2,0,0.40120533,0.4087602706702153
24128,2,1,0.16899736,0.1975171581135128
24135,2,1,0.6561224,0.6524490004731647
24140,2,0,0.4296623,0.45435240561277523
24144,2,1,0.78376937,0.7943033332582666
24147,2,1,0.6150147,0.6071651062128174
24158,2,0,0.42122728,0.4164930482317266
24162,2,0,0.78720474,0.7587154077099542
24163,2,1,0.6164979,0.6313352399188569
24165,2,0,0.5125571,0.5098240485779839
24169,2,1,0.8303331,0.8475080699156525
24171,2,1,0.85934424,0.8187001204621941
24174,2,0,0.2952693,0.3052008408180082
24177,2,0,0.3454013,0.374943246596178
24179,2,1,0.9028007,0.8812919846927025
24180,2,0,0.12618686,0.12276446506949036
24181,2,1,0.26310754,0.30537838075284596
24184,2,1,0.7194664,0.7103608627336636
24189,2,1,0.29925385,0.29240433061410775
24192,2,0,0.6279133,0.595151011407337
24195,2,0,0.8098551,0.7574021316519033
24201,2,1,0.63083225,0.629740216998379
24202,2,0,0.6146735,0.6446110778213956
24203,2,0,0.4335551,0.45239356750626303
24207,2,1,0.6184431,0.5937451726053714
24212,2,1,0.65489256,0.6282635353738828
24215,2,0,0.28964067,0.3437114044450411
24216,2,1,0.29110876,0.33887057286007316
24220,2,0,0.45705786,0.45130578630170487
24229,2,1,0.77825415,0.7985697296277099
24230,2,0,0.42270097,0.4476540584559286
24233,2,1,0.34734872,0.3694442695761168
24236,2,1,0.68354076,0.6515413792290057
24241,2,0,0.4216575,0.4423385091603706
24244,2,0,0.53576314,0.5730914883103253
24247,2,1,0.125802,0.1377499769897739
24258,2,0,0.121587,0.1034027123199456
24260,2,0,0.5915634,0.5832751433490421
24261,2,0,0.20220076,0.13230815823809128
24263,2,1,0.56767493,0.5491478263458686
24267,2,1,0.7364247,0.7016497888261274
24276,2,0,0.35203034,0.3061745594232103
24285,2,0,0.4226297,0.4361192516837752
24291,2,1,0.7395456,0.694986031195692
24297,2,1,0.47115937,0.46879219288756013
24298,2,1,0.7610736,0.7640408709388514
24311,2,1,0.5150887,0.54973412278029
24313,2,0,0.20894536,0.22303335242801686
24314,2,0,0.47494572,0.5231421432171212
24322,2,1,0.64288384,0.684508447625688
24325,2,0,0.7549644,0.6980463292997736
24326,2,1,0.82070386,0.8175592116251539
24331,2,0,0.117378555,0.13098138515287672
24337,2,0,0.4878526,0.4580645255639694
24345,2,1,0.5867856,0.5641895379561157
24353,2,0,0.16036148,0.1794789436129017
24357,2,0,0.32138288,0.31381875822366945
24358,2,0,0.28502843,0.31444537516903887
24363,2,0,0.3681238,0.367900396120096
24367,2,1,0.56763935,0.5280183807226507
24373,2,1,0.6081961,0.6029528884830243
24374,2,1,0.4738509,0.47010495894255944
24377,2,1,0.76632845,0.7713542330748219
24378,2,1,0.66082406,0.6773396651747104
24381,2,1,0.40436918,0.4419874050210816
24382,2,0,0.5015208,0.4777825755772612
24392,2,1,0.89439535,0.8846463449564502
24398,2,1,0.6157718,0.570042558853584
24404,2,0,0.2042417,0.19147276742180644
24408,2,1,0.7492355,0.7455472635034148
24411,2,1,0.27281943,0.3352487394203029
24413,2,0,0.5587362,0.5105929146427278
24421,2,1,0.52249044,0.5057901478354847
24434,2,1,0.51134187,0.5536926403041469
24438,2,1,0.66951287,0.6609104308051598
24441,2,0,0.79108566,0.7795545337151556
24445,2,1,0.517484,0.5295188746725905
24461,2,1,0.746725,0.7533314106390493
24462,2,1,0.5659084,0.5707199148252515
24470,2,0,0.39871252,0.40178977041254876
24472,2,1,0.89419883,0.8776506306655554
24485,2,0,0.73236746,0.7124957071501274
24488,2,1,0.4853815,0.5160386396096509
24493,2,0,0.24382877,0.18482608504028927
24494,2,0,0.70958084,0.7276124553601789
24507,2,0,0.34594184,0.3691956358678255
24510,2,1,0.5415018,0.5194029239710753
24511,2,1,0.2719206,0.3200292678723625
24520,2,0,0.22163878,0.22363775491875826
24524,2,1,0.67938364,0.6730006312729984
24529,2,0,0.41738954,0.4564965282246277
24532,2,1,0.65026057,0.6268725452328197
24534,2,1,0.5113727,0.5095533403575664
24537,2,0,0.65799016,0.6203493142778722
24540,2,0,0.7841203,0.785866904258659
24544,2,0,0.33587512,0.3958923295842987
24553,2,0,0.5608939,0.5028143105748155
24554,2,0,0.124280296,0.1310890563160809
24559,2,0,0.52707136,0.5386414412202247
24565,2,0,0.7074676,0.6875003364896998
24578,2,1,0.7536604,0.7394668216655548
24579,2,0,0.1621395,0.19928890273826802
24584,2,0,0.12567787,0.14326232645939332
24590,2,0,0.6885413,0.7080435701990193
24591,2,0,0.65748656,0.6320561977463297
24594,2,0,0.3627306,0.4047077954538103
24599,2,1,0.6547715,0.6350134032424297
24600,2,1,0.28951484,0.3389460375129573
24617,2,1,0.85507584,0.8493962949341546
24622,2,0,0.26372984,0.24671259803894804
24625,2,1,0.79912984,0.7955518478060913
24626,2,1,0.8430872,0.8212900745612961
24628,2,0,0.3879115,0.365512417913583
24629,2,0,0.34729427,0.3645440762511251
24630,2,1,0.58462274,0.5756812814002342
24637,2,1,0.8161332,0.8160623556319245
24638,2,1,0.83334696,0.8238148235309858
24645,2,1,0.7389333,0.7156901192755059
24648,2,0,0.274492,0.24880461321204403
24656,2,1,0.68657446,0.6610680400614147
24657,2,0,0.1544977,0.15365219652278367
24658,2,1,0.9151387,0.8981682086766956
24664,2,1,0.7320934,0.7230221988705635
24668,2,0,0.24162163,0.22891086695462123
24671,2,1,0.4182189,0.3910933911789041
24677,2,1,0.37541172,0.41183915918037534
24686,2,0,0.71452826,0.7174991890300682
24692,2,1,0.807469,0.7866343846784638
24697,2,1,0.6874446,0.6725262592538594
24698,2,1,0.5743385,0.5712063255898593
24700,2,0,0.73488605,0.7322299638488828
24702,2,0,0.31343812,0.3358436598433853
24706,2,0,0.17673878,0.15477109157685098
24712,2,0,0.16094974,0.1625390408044671
24717,2,0,0.6941252,0.6495579234878471
24725,2,0,0.5209795,0.5398548355220248
24737,2,1,0.6693911,0.662869302290589
24745,2,1,0.63212997,0.6259430445263894
24746,2,1,0.50114274,0.5514937505031378
24748,2,1,0.64663815,0.6028954506726165
24749,2,0,0.52508134,0.5118339386528169
24752,2,1,0.77069074,0.7207214711681259
24756,2,1,0.62250733,0.6085606250241336
24757,2,0,0.25930464,0.2913261579362149
24763,2,1,0.23181944,0.24639487603539387
24764,2,0,0.6051106,0.6010817032910364
24768,2,1,0.4592438,0.40721512724891595
24770,2,1,0.3317953,0.30919284552119985
24775,2,1,0.6539276,0.6615547849377169
24780,2,0,0.2779869,0.3095753152355225
24781,2,0,0.16206983,0.1512174083760916
24792,2,0,0.24066186,0.22726173403476713
24798,2,0,0.5656252,0.5802613453328587
24813,2,1,0.7746717,0.7292429022772076
24814,2,1,0.74253505,0.7069682545360271
24820,2,1,0.14549579,0.14403530255844513
24837,2,1,0.90132475,0.880126264590287
24839,2,0,0.15584156,0.19706952573967718
24840,2,0,0.8138057,0.8087600416114309
24842,2,0,0.30553707,0.38884860080199984
24844,2,0,0.5722718,0.5945285612453527
24846,2,1,0.5211431,0.47943145861957437
24851,2,0,0.47495297,0.4314205066649135
24858,2,1,0.72441304,0.7127368277734335
24860,2,0,0.29717308,0.3236023545267234
24876,2,0,0.854735,0.8398492611757742
24885,2,1,0.80200124,0.8372585802839566
24892,2,0,0.7681592,0.7728683207496033
24894,2,1,0.72528946,0.70257226478031
24895,2,1,0.845259,0.8056232777502059
24909,2,0,0.5117581,0.5002212780040547
24922,2,0,0.137407,0.1292930861508335
24923,2,1,0.4355407,0.42294096159357397
24927,2,0,0.630759,0.5690806454114555
24930,2,0,0.16502404,0.1628141888349207
24935,2,0,0.14249554,0.14547483220535865
24940,2,1,0.56102777,0.5350948900002661
24942,2,0,0.45744509,0.4596534242661586
24948,2,1,0.42265025,0.3821214617497363
24952,2,1,0.55749106,0.5469414225180835
24955,2,1,0.5474345,0.5313561444392904
24960,2,1,0.74561095,0.7727046245821372
24966,2,1,0.5102442,0.49174047235413654
24967,2,1,0.50093704,0.4952299391214006
24969,2,1,0.8145258,0.839283631448501
24970,2,1,0.6648717,0.6657795611511474
24978,2,1,0.76183987,0.7899987042012274
24982,2,0,0.36098963,0.41144173172711673
24991,2,0,0.511048,0.5235293786789442
25000,2,1,0.79436743,0.7677161241785515
25006,2,1,0.77929664,0.7928001898182937
25009,2,0,0.5909117,0.5809656316362232
25023,2,0,0.21851015,0.23332518216642004
25025,2,0,0.3208876,0.34233337305205086
25026,2,0,0.44723225,0.43474205432545665
25039,2,0,0.27671298,0.2599973736722509
25044,2,0,0.6133052,0.6425568659043074
25049,2,1,0.39449045,0.3761809329279068
25050,2,1,0.7450714,0.7360672218964841
25051,2,0,0.36530226,0.4072996751968004
25053,2,1,0.54585016,0.5676171138532432
25056,2,0,0.53926057,0.5268771330246099
25057,2,0,0.123664774,0.11385018952898995
25058,2,0,0.917351,0.9235632460235734
25063,2,1,0.759947,0.7637955772001375
25073,2,0,0.124984026,0.11539148285943984
25078,2,0,0.22872923,0.2407426287345624
25088,2,0,0.42690265,0.4177830522431106
25090,2,1,0.5523159,0.511091010283955
25092,2,0,0.3289489,0.39621344295092287
25096,2,1,0.36694506,0.41588551228386444
25102,2,0,0.75536114,0.7464702645427054
25114,2,1,0.78272194,0.7501282876851773
25124,2,0,0.43466008,0.38995155404626586
25131,2,0,0.53636855,0.5658761934806329
25144,2,1,0.8942407,0.9092203952824626
25146,2,1,0.9058249,0.898999581758884
25154,2,0,0.62615263,0.6099490009481114
25156,2,1,0.3053836,0.357361041732805
25159,2,1,0.68179387,0.7005234840421326
25160,2,1,0.76060724,0.7532486138563143
25163,2,1,0.39121875,0.413295237132522
25169,2,1,0.6597236,0.670918251414483
25170,2,1,0.4282879,0.3953672122564842
25171,2,1,0.6808554,0.7239673580024258
25172,2,0,0.3105768,0.3238713890040903
25173,2,0,0.6320777,0.6190180416610856
25179,2,1,0.66589594,0.6554417391693809
25184,2,1,0.8928673,0.8596113631014157
25222,2,1,0.80694675,0.8041930632744525
25225,2,1,0.24726099,0.22909540664394518
25226,2,0,0.26563963,0.2298412936753598
25232,2,1,0.74668777,0.6990493226469833
25237,2,1,0.4901466,0.45943196311223283
25238,2,0,0.2567963,0.25543859659733886
25240,2,0,0.709328,0.6623864400854305
25248,2,0,0.12986222,0.13386652341146357
25251,2,0,0.17505047,0.21657222228780768
25253,2,1,0.5337646,0.5335297352416755
25260,2,1,0.8897354,0.9004837471393907
25261,2,0,0.3673222,0.3647151021323611
25268,2,1,0.8587461,0.8378643179595878
25270,2,0,0.48169574,0.47470943515152536
25274,2,1,0.44188234,0.48738048074460316
25277,2,1,0.6817291,0.6796057423803752
25278,2,1,0.64684093,0.6336592906602824
25283,2,1,0.7415105,0.7060972413016672
25284,2,0,0.23217896,0.24917209744827254
25287,2,0,0.61143833,0.5937096107645743
25292,2,1,0.7535403,0.7441329922794746
25298,2,1,0.49442557,0.5335985010510547
25299,2,1,0.58255696,0.5927847559587766
25308,2,0,0.48052755,0.45558519353928284
25312,2,1,0.8575574,0.8582136941371327
25325,2,0,0.68978834,0.6913026780514675
25327,2,1,0.5517351,0.5560223757172269
25332,2,1,0.75427777,0.7549484840491172
25336,2,1,0.30804586,0.32850851090165095
25338,2,1,0.6115132,0.6025477899457612
25343,2,1,0.8985649,0.8913328937231287
25344,2,0,0.28194374,0.28984235662128754
25353,2,1,0.77575314,0.7469819084727128
25364,2,1,0.73351234,0.7288321880352232
25367,2,0,0.7934475,0.7964163951682479
25373,2,0,0.718964,0.7580475080285048
25376,2,1,0.5235888,0.45240866010889996
25379,2,1,0.834303,0.8023071063459253
25382,2,0,0.6545076,0.6592257365738486
25383,2,0,0.4540084,0.4390990452114599
25385,2,1,0.6637738,0.6808949306020232
25400,2,1,0.8065318,0.8063556792006394
25404,2,0,0.5750991,0.5694900944949768
25407,2,1,0.82526475,0.8030608391980496
25409,2,1,0.46493396,0.4676622343515673
25411,2,1,0.8597778,0.8227353343082849
25416,2,1,0.6758494,0.6683531740901952
25435,2,0,0.45651692,0.4506264476418045
25436,2,0,0.55354047,0.5060070847997167
25442,2,0,0.42636678,0.46285619754058877
25450,2,0,0.7902165,0.7782172879496495
25456,2,1,0.6031029,0.5733824178034893
25458,2,0,0.19358973,0.18812369228667378
25465,2,1,0.8182934,0.7976896029160011
25467,2,0,0.41030136,0.36322566121963307
25468,2,1,0.7114504,0.6855707748364589
25471,2,0,0.50247926,0.48789779583713255
25473,2,0,0.37897453,0.329304250070162
25477,2,1,0.7123156,0.6403111508909329
25479,2,1,0.73957443,0.7190373469312485
25484,2,0,0.3612625,0.3135620305412498
25485,2,1,0.7415209,0.7502723760397905
25490,2,0,0.26748863,0.3063172012356512
25500,2,0,0.5651447,0.5647273367919663
25502,2,1,0.74605286,0.7548356235529007
25505,2,1,0.65173936,0.6422896253484957
25516,2,1,0.69734657,0.6581356062197052
25518,2,0,0.6044279,0.5864603811426706
25525,2,1,0.8601497,0.830479050220678
25527,2,1,0.36907634,0.4085970077173627
25536,2,0,0.1891668,0.18614251321465264
25555,2,0,0.5330237,0.4841814199656403
25564,2,1,0.6024067,0.5605456776868676
25575,2,1,0.68887424,0.6805745552951828
25578,2,1,0.87904495,0.8712801043088697
25582,2,0,0.3053836,0.357361041732805
25585,2,1,0.6707982,0.6891058346304451
25587,2,0,0.26589644,0.2582182845987613
25588,2,0,0.46903884,0.5096816478668117
25593,2,1,0.73298967,0.7076196512678955
25600,2,1,0.3453729,0.3612417551519842
25602,2,1,0.7981574,0.8050951773456712
25606,2,0,0.279687,0.24120996633583494
25613,2,0,0.16745374,0.14122862250536825
25614,2,0,0.30694246,0.32047894205560373
25634,2,0,0.787889,0.8045264265084824
25640,2,0,0.61690784,0.6062456100538447
25643,2,0,0.52557224,0.554530511319597
25645,2,0,0.21848838,0.2202158468401001
25655,2,0,0.13022341,0.1367134655124177
25656,2,1,0.60840935,0.61050494547449
25661,2,0,0.3235665,0.28745166148088336
25663,2,1,0.8882815,0.8568128361610171
25664,2,1,0.7549841,0.7510610542114479
25673,2,1,0.83137214,0.8346676511872151
25679,2,1,0.86196613,0.8405317311478263
25685,2,0,0.33171484,0.36486636215793605
25686,2,1,0.83115864,0.8248151968879586
25688,2,1,0.70894027,0.7319024282599911
25689,2,0,0.37939584,0.36983771905419977
25693,2,1,0.7583178,0.777334363189878
25695,2,1,0.4195702,0.3939834995384366
25700,2,0,0.72468317,0.7419527893833279
25707,2,1,0.31768072,0.3494485789455718
25713,2,0,0.21871126,0.21845556587469417
25714,2,0,0.33812687,0.30006372107353685
25717,2,0,0.7105284,0.6858188582873177
25733,2,1,0.735147,0.7000475194233652
25743,2,0,0.61092603,0.5744934382738851
25758,2,0,0.51437676,0.5095722142756246
25765,2,0,0.42267588,0.3729326187411233
25788,2,0,0.18332496,0.2162511921131978
25793,2,1,0.6520719,0.6435881722770752
25801,2,1,0.5502159,0.573560469951073
25804,2,1,0.2877721,0.2933097818384257
25806,2,1,0.5566347,0.5449131284122534
25807,2,1,0.68675953,0.6598891641842041
25812,2,0,0.55733436,0.53000685779265
25815,2,0,0.24960408,0.2879849842655885
25827,2,0,0.2713576,0.1946622149266856
25832,2,1,0.76236343,0.7389595425931847
25836,2,1,0.6687007,0.6702837134304497
25840,2,0,0.5332157,0.5272665111247605
25842,2,1,0.706966,0.630613027526362
25846,2,1,0.85666025,0.8247969597463144
25858,2,1,0.78010917,0.7705699142923577
25864,2,0,0.32417083,0.33514141044057416
25867,2,1,0.49651018,0.5198629257699258
25873,2,0,0.49299964,0.4800628428269047
25875,2,1,0.64291084,0.6231483726999142
25879,2,1,0.25914323,0.25690878799950917
25886,2,1,0.67209876,0.6580422732808264
25893,2,1,0.666252,0.6927917156058457
25901,2,0,0.35067368,0.37552839155194945
25906,2,1,0.7047071,0.6765805889691389
25911,2,1,0.38355848,0.4109022321889575
25922,2,0,0.26325855,0.26473698927623396
25924,2,0,0.14335681,0.16546754724496893
25929,2,0,0.52662283,0.49340632588126926
25937,2,1,0.5387718,0.48785775505208234
25943,2,0,0.3939319,0.40392388420486364
25951,2,1,0.64729565,0.6551700541319893
25956,2,0,0.31661814,0.3462536884523026
25959,2,1,0.29941377,0.32918326841475726
25969,2,0,0.5743178,0.5552944768728828
25975,2,1,0.50683767,0.5054994022926594
25979,2,0,0.36231667,0.3299637256684383
25981,2,1,0.63820374,0.64704739926049
25985,2,0,0.30684623,0.3220724673839305
25993,2,1,0.43808055,0.4068478219982147
25994,2,0,0.44522184,0.4362482859336001
26004,2,0,0.7133485,0.6892846477083169
26006,2,0,0.45893034,0.43449479388415807
26008,2,0,0.42436504,0.41879453271885453
26020,2,0,0.35678333,0.3912492694888639
26021,2,0,0.76541305,0.7332357165368222
26025,2,1,0.1788972,0.19898864051136697
26028,2,1,0.28228894,0.2613750650608247
26029,2,0,0.16049375,0.1883197212660535
26030,2,1,0.75582916,0.7269779088761953
26036,2,0,0.75796056,0.7361083207649224
26042,2,1,0.43646792,0.3921931726201446
26044,2,1,0.7140322,0.7167369781724886
26049,2,1,0.63206255,0.6861403661218252
26051,2,1,0.8631557,0.844086780361841
26053,2,1,0.28758618,0.33553470965160337
26055,2,1,0.44373474,0.4061671174320572
26057,2,1,0.85035264,0.8462392484988708
26065,2,1,0.18102019,0.1747685184678853
26070,2,0,0.4394658,0.4297826802685096
26072,2,1,0.18090694,0.2053685977472924
26076,2,1,0.49269885,0.5478277002855562
26093,2,0,0.6796732,0.6804151835868562
26096,2,0,0.60777587,0.5925186994559706
26097,2,0,0.3036404,0.30884327938865375
26099,2,0,0.22692329,0.22788267479707655
26100,2,1,0.6961076,0.6914384796544606
26103,2,1,0.6564502,0.6200050540747709
26111,2,1,0.76403755,0.735252034091368
26115,2,1,0.51053137,0.5431861192340492
26118,2,0,0.5678577,0.5262778072769069
26122,2,0,0.44711134,0.3834593160543773
26130,2,0,0.340484,0.3494610292058095
26136,2,1,0.9592866,0.9564727750417114
26137,2,0,0.46710563,0.5274207536510626
26140,2,1,0.87137663,0.856045451128212
26143,2,1,0.5907436,0.6058876818489887
26144,2,1,0.9006902,0.8824286836209031
26148,2,0,0.7038847,0.6969021084459589
26150,2,1,0.5033515,0.5575131635418976
26152,2,1,0.27748108,0.2810097092202127
26153,2,0,0.20289744,0.2244512417700456
26158,2,0,0.45477057,0.4547689670043415
26167,2,1,0.27388236,0.28955859677155793
26171,2,0,0.46119374,0.4491691681387344
26172,2,1,0.3441377,0.3622587395388407
26178,2,1,0.6380898,0.6718997350952641
26182,2,1,0.652396,0.6367916097137927
26187,2,0,0.72874117,0.7832069913617076
26188,2,1,0.5160443,0.47655924354696516
26192,2,1,0.6870198,0.6728638607278529
26199,2,0,0.2677308,0.28936360207826367
26201,2,1,0.39862958,0.3423561103874359
26204,2,1,0.74718136,0.7077860098323783
26206,2,1,0.2256858,0.22255268932866082
26211,2,0,0.27436098,0.25263817472624905
26212,2,0,0.33916137,0.317318325238394
26215,2,1,0.7031027,0.6952231650959012
26222,2,0,0.32845205,0.3459587456604575
26224,2,1,0.53927696,0.5081577619395296
26225,2,1,0.58641535,0.5729060089462277
26226,2,1,0.41210103,0.43638190910855684
26227,2,1,0.5859947,0.5851278341274684
26233,2,1,0.49002624,0.4949105899429181
26239,2,0,0.53168464,0.5168270937981503
26240,2,1,0.8879742,0.8795895423314962
26242,2,1,0.9299537,0.9254617105594334
26255,2,1,0.8458926,0.8428090622390576
26256,2,1,0.35580152,0.36335682487149457
26260,2,0,0.75550836,0.7470310061300106
26261,2,0,0.29846707,0.32659895534665184
26274,2,1,0.63732785,0.5987295297602628
26279,2,0,0.6763854,0.6039603784349167
26282,2,1,0.587816,0.5873601635637501
26291,2,0,0.5376641,0.5480809766872499
26295,2,0,0.29622003,0.2774040223752693
26296,2,1,0.5559387,0.5476739155843608
26299,2,1,0.6701289,0.6476472762425891
26302,2,0,0.19999768,0.18490845629241184
26315,2,1,0.39735058,0.3471209592219525
26320,2,1,0.43087655,0.405644836170977
26321,2,1,0.51858294,0.5514789317832777
26324,2,0,0.5296212,0.5441195319499832
26327,2,1,0.52873516,0.5079475848952728
26336,2,1,0.626678,0.5777573921940559
26345,2,1,0.7073382,0.7141520517300463
26354,2,1,0.7095232,0.6726293999812665
26362,2,1,0.3053836,0.357361041732805
26364,2,1,0.4652964,0.46175740488596334
26365,2,0,0.1832158,0.19176089989704634
26369,2,0,0.2898684,0.325861926561764
26371,2,0,0.37322327,0.36169915156560384
26378,2,0,0.43673992,0.34039760113712264
26383,2,1,0.8474611,0.8279059974232333
26385,2,1,0.35133523,0.38565369808312433
26389,2,1,0.5397661,0.5309683905894713
26394,2,0,0.30389208,0.3133629508141736
26398,2,0,0.30955952,0.20856713179654224
26412,2,1,0.4384247,0.49185925225543536
26420,2,1,0.75503117,0.6860122848658737
26421,2,1,0.88850826,0.8684796297761487
26422,2,0,0.8121256,0.7772099725865084
26423,2,0,0.33171296,0.37812861981211676
26426,2,1,0.51984876,0.5357156224070517
26428,2,1,0.769681,0.769765207182299
26439,2,1,0.70079863,0.7413390961489926
26442,2,1,0.38134593,0.4386916027992667
26445,2,0,0.41560575,0.4582257776950477
26446,2,0,0.7268411,0.7132103908317818
26465,2,0,0.19427215,0.17123357905434372
26466,2,1,0.33041605,0.2972218971087785
26471,2,0,0.4227346,0.44210432627315477
26481,2,0,0.44620055,0.4666069941214101
26487,2,1,0.4123729,0.3753503966686812
26493,2,1,0.81075203,0.7693767188749944
26499,2,1,0.6921769,0.7112265366067297
26502,2,0,0.64263934,0.6458399049162312
26504,2,1,0.48031977,0.42144555576586334
26507,2,0,0.787947,0.7613248219745313
26519,2,0,0.24452996,0.2514943255380346
26520,2,0,0.21912125,0.23326922713870923
26522,2,1,0.3289489,0.39621344295092287
26531,2,0,0.1853242,0.19643099269110345
26532,2,0,0.16186628,0.1596658378405075
26534,2,1,0.7018764,0.674214306989117
26547,2,1,0.3025394,0.28977974883563534
26550,2,1,0.43888265,0.4309738026783769
26553,2,1,0.82582676,0.8374214311481792
26556,2,0,0.44604242,0.490272883072925
26568,2,1,0.5001274,0.48492168707554384
26570,2,1,0.3289489,0.39621344295092287
26579,2,1,0.6194647,0.6339435373412298
26580,2,0,0.16524112,0.16434921790693097
26583,2,0,0.17923121,0.15473008537947042
26587,2,1,0.33702913,0.36411652858341204
26589,2,0,0.32854107,0.31839918748296503
26591,2,0,0.27802336,0.32534651396202074
26592,2,0,0.52192575,0.5073784843495331
26593,2,1,0.62236214,0.6360999965419722
26596,2,1,0.8069807,0.7648902052593742
26605,2,0,0.6244602,0.6080351988397346
26606,2,1,0.5098374,0.5029411963483402
26613,2,1,0.4373128,0.4869668678794861
26614,2,1,0.5092986,0.47867408561645447
26615,2,0,0.26851782,0.2517369266629328
26618,2,0,0.81611925,0.8147352727028775
26623,2,1,0.3633208,0.3310973917057322
26640,2,0,0.49232942,0.5255034906459325
26642,2,0,0.29096437,0.2464781529523389
26647,2,0,0.20767865,0.21903131071298368
26659,2,0,0.25853923,0.2953292750279157
26663,2,1,0.33577695,0.4073283483471505
26665,2,0,0.29941377,0.32918326841475726
26669,2,1,0.9017231,0.8971395869329805
26687,2,0,0.36864117,0.39116202546715395
26688,2,1,0.18377176,0.1928635972529645
26690,2,1,0.27748108,0.2810097092202127
26693,2,0,0.21838859,0.23482450655031326
26694,2,0,0.27748108,0.2810097092202127
26695,2,0,0.45871073,0.4513435134722902
26698,2,1,0.3768157,0.46665358322890094
26702,2,0,0.60609937,0.5659141287318842
26706,2,1,0.6697675,0.6929454887548271
26712,2,0,0.34376076,0.3092212029035349
26715,2,1,0.24731584,0.3262493593844457
26716,2,0,0.20376462,0.23640475166696073
26731,2,0,0.46652648,0.46532538269778756
26738,2,1,0.2818048,0.30473042711764986
26739,2,0,0.19257942,0.188507695350839
26743,2,1,0.5275815,0.5439764940268191
26745,2,0,0.11661458,0.11825384923707281
26748,2,0,0.113824785,0.12925204375336216
26750,2,1,0.4548899,0.5080304390025745
26751,2,1,0.2145758,0.28398740990903193
26761,2,1,0.63066226,0.6415095714098088
1,3,0,0.38603455,0.4183521673350784
2,3,1,0.49910003,0.4925551190030399
3,3,1,0.45381418,0.47399634005521846
7,3,1,0.5385342,0.584347525535342
10,3,1,0.70261556,0.6949067860425107
20,3,1,0.7026519,0.677731675715401
22,3,0,0.61659044,0.6316535631286858
30,3,1,0.7562151,0.7406957530369718
34,3,1,0.6963741,0.7122602455449768
36,3,0,0.64010644,0.6652577125576395
38,3,1,0.86167556,0.8671085059827611
40,3,0,0.16852124,0.17870450048519976
41,3,1,0.8675877,0.8397190508562742
47,3,0,0.589737,0.5872762077791979
51,3,0,0.6939887,0.6927923390862573
52,3,1,0.8456128,0.8260044276650615
53,3,1,0.77374977,0.7766675597484451
54,3,0,0.6985952,0.6986136678237266
61,3,0,0.52766156,0.5501281408351492
62,3,0,0.67372465,0.6884721713776293
65,3,1,0.40301,0.4124146832744476
66,3,1,0.8679937,0.8669098063997543
70,3,1,0.46836102,0.5002468888980105
73,3,0,0.5727458,0.5793370659251009
76,3,0,0.5866885,0.5757342981924445
85,3,1,0.804292,0.8096925088878136
86,3,1,0.6611823,0.666321606583366
90,3,0,0.4103085,0.4473089808036251
108,3,0,0.20785151,0.17862851914045905
111,3,1,0.75189805,0.7298290558201601
114,3,0,0.48028082,0.5099227201756701
115,3,1,0.87520546,0.8873208600697375
119,3,0,0.5314492,0.5493408766023913
124,3,1,0.7665774,0.7576203599704608
126,3,1,0.80622125,0.8227182726510583
128,3,1,0.564538,0.5155176111499334
129,3,1,0.76254565,0.7451468136750183
133,3,1,0.70264786,0.6832811760585853
134,3,0,0.74782985,0.7241472196519806
142,3,0,0.59019417,0.576008470584242
143,3,1,0.6264504,0.6310908039126994
144,3,0,0.37806857,0.42429681047972556
151,3,0,0.7539819,0.7327859602695285
153,3,0,0.522283,0.5603876051517999
156,3,0,0.79206634,0.7529164989985442
161,3,1,0.7086299,0.6949076757928923
166,3,1,0.6416364,0.651217713436325
172,3,1,0.56933415,0.5880208042358804
174,3,1,0.5389379,0.5430799586667241
183,3,0,0.6930171,0.6862944774962244
187,3,1,0.63550055,0.6362297426838027
189,3,0,0.9191359,0.9136094901600214
190,3,1,0.7194179,0.69743319569116
201,3,0,0.6084262,0.6221580488586433
203,3,0,0.6625808,0.6463533576582066
204,3,0,0.36907643,0.35768743829801436
210,3,0,0.43435302,0.4098034013391835
215,3,0,0.43028957,0.43932342359268345
220,3,1,0.7719009,0.7572869050277081
221,3,1,0.56877625,0.5911284116560216
224,3,1,0.7834995,0.710516973599213
225,3,1,0.83973765,0.8295567252888317
229,3,0,0.8056792,0.7768460486796922
231,3,1,0.7632444,0.7472856886635895
236,3,0,0.62353814,0.6371998113907593
238,3,0,0.87237775,0.8284569711839177
241,3,1,0.7287431,0.7152293782777733
245,3,1,0.82571214,0.8336887102309016
246,3,1,0.63405657,0.624100250248184
257,3,1,0.65781397,0.6400112018881697
259,3,1,0.75426304,0.7203529390146962
261,3,1,0.5704013,0.5774013289335985
271,3,1,0.70352817,0.7151573217841842
285,3,1,0.8421543,0.8378767845031799
289,3,1,0.8090189,0.7933222967012467
290,3,1,0.65176266,0.6713075296742896
298,3,1,0.8135214,0.8097617812188247
302,3,1,0.7694132,0.7470739939590791
305,3,1,0.68385,0.6797632723017406
314,3,1,0.7945387,0.775176451409806
336,3,1,0.45649728,0.4751155220549236
343,3,0,0.5930884,0.6242253132427816
344,3,1,0.5782024,0.5937182202209956
345,3,0,0.3765099,0.38752167113672753
347,3,0,0.57558763,0.596378251268619
355,3,1,0.5889124,0.6271056018948241
358,3,1,0.46793756,0.4871488800873116
360,3,0,0.6894022,0.6866934175560301
367,3,1,0.60643315,0.598459124657202
368,3,1,0.7558823,0.7322809945100595
370,3,0,0.5413408,0.4983719148181455
381,3,1,0.35744867,0.3345959850803535
383,3,0,0.4798957,0.535235485704283
385,3,1,0.7455324,0.7788640835200031
389,3,1,0.77132446,0.7603853187478886
398,3,1,0.7882305,0.7770112465811503
399,3,1,0.8491387,0.8495264958545753
404,3,0,0.36119127,0.3360959498099918
405,3,1,0.37289432,0.37227788363963726
408,3,1,0.59392196,0.6055221138155558
409,3,1,0.74929583,0.752042171705724
432,3,1,0.6040571,0.6170718073186822
434,3,0,0.51427567,0.49365130868611473
437,3,0,0.73009944,0.6984672143918157
439,3,0,0.4322433,0.4811344985023008
441,3,1,0.65583,0.6366322577825599
446,3,1,0.76277184,0.7409635090345901
447,3,0,0.6610218,0.6486674820400637
450,3,0,0.77118343,0.764343975107779
454,3,1,0.61266655,0.6260851738944597
455,3,1,0.806163,0.7972057874372888
459,3,0,0.5760318,0.5528885411780896
466,3,1,0.7590211,0.7511204998048518
467,3,0,0.6228192,0.6286184812961191
470,3,1,0.6967611,0.6899188508838141
477,3,1,0.4829121,0.49130604728816674
481,3,1,0.90618247,0.8891350869434701
490,3,1,0.61809814,0.6048638662644114
505,3,1,0.5773112,0.5942224832650413
508,3,0,0.4895499,0.559519842656427
517,3,0,0.17630166,0.19665552983620646
522,3,1,0.6209152,0.6583996030719091
523,3,0,0.5138235,0.5253828929734596
526,3,1,0.7854929,0.7717513443697424
527,3,0,0.50243205,0.49025415133587985
532,3,0,0.27191526,0.305708475805764
533,3,0,0.08323648,0.08531415768030066
540,3,1,0.849384,0.8334963255081436
542,3,0,0.49749574,0.5319060967531591
544,3,0,0.551609,0.5590183053359973
547,3,0,0.43004358,0.44227596550805093
550,3,1,0.5271139,0.5388642518134075
560,3,1,0.51290274,0.5478655969989807
562,3,1,0.5570824,0.5763048088314213
565,3,1,0.53937554,0.531432520698498
566,3,1,0.76069534,0.6955576886663704
574,3,1,0.62876606,0.6422494648324016
587,3,0,0.7163674,0.7044339717536161
591,3,1,0.7994239,0.7769959151335734
600,3,1,0.79940116,0.7997094407330828
607,3,0,0.4269098,0.42404564678663564
616,3,1,0.82560337,0.7869656385808068
619,3,1,0.45736074,0.4635930030538056
621,3,1,0.8612638,0.8318056650368162
622,3,0,0.49768382,0.5059498519847474
629,3,1,0.7399899,0.7207414336464343
631,3,0,0.5347193,0.545814823336465
635,3,1,0.7109052,0.7059585757495177
641,3,1,0.8106658,0.7891816391951779
642,3,1,0.4727745,0.5133156393065734
651,3,1,0.40969422,0.4541715984881052
652,3,1,0.8863486,0.8509898130411139
658,3,1,0.6881355,0.6808652889736817
670,3,0,0.67635244,0.6841161361098758
677,3,1,0.6935857,0.6897452663111174
681,3,1,0.8254199,0.8419418715971939
682,3,1,0.2019436,0.21466476419545266
690,3,0,0.69601446,0.6964711475397131
693,3,1,0.64532655,0.6289276830504994
706,3,1,0.71976787,0.708962803595892
707,3,1,0.44500554,0.44741112714450454
717,3,0,0.57395667,0.5741005828331721
724,3,0,0.6219288,0.628250932332496
734,3,1,0.73730737,0.7539061528768773
740,3,1,0.58296543,0.580964284992035
754,3,0,0.43835178,0.4469024726795574
756,3,1,0.84327483,0.8272446394275648
757,3,0,0.26798135,0.2690881522768095
758,3,0,0.7931527,0.7723028462855076
762,3,0,0.42767483,0.44556655728872124
763,3,1,0.8417507,0.813774020525887
766,3,0,0.6388191,0.6726346580190438
768,3,1,0.5256981,0.5579437563872915
772,3,0,0.5477497,0.5498551984305599
777,3,1,0.6995432,0.6988234575745752
780,3,1,0.8599455,0.8400703504706213
792,3,0,0.30993128,0.3446532792137206
801,3,0,0.70078194,0.6982969151378297
802,3,0,0.22366118,0.22117880024831002
804,3,1,0.5108044,0.51402880766678
808,3,1,0.50643325,0.5168910824418294
810,3,1,0.5261047,0.5492466659852367
817,3,1,0.7144916,0.7189262568545042
819,3,0,0.53578514,0.5081127865548489
831,3,1,0.5615186,0.5284887566053079
832,3,1,0.7129358,0.7190188979453155
851,3,1,0.56611353,0.6010128820097816
852,3,0,0.2697005,0.29314769246164324
859,3,1,0.71406984,0.7252997491774432
863,3,0,0.45435828,0.4556849373759124
867,3,1,0.913807,0.904264403796241
868,3,1,0.8200156,0.8281677794550912
871,3,0,0.44301468,0.4512733511630259
878,3,0,0.6513442,0.646601536737425
881,3,0,0.6656592,0.6652157297099915
882,3,1,0.5444797,0.5196515250767392
883,3,0,0.50133854,0.5185346840965848
890,3,0,0.18594196,0.19290286542266702
896,3,1,0.69847286,0.6698844638919313
906,3,0,0.63891715,0.6719916354231823
909,3,0,0.7348725,0.7077269640618362
911,3,1,0.60163164,0.6022490689615106
915,3,0,0.2387753,0.24509214420226788
916,3,0,0.48885575,0.4988431082535421
921,3,1,0.57529587,0.5945587392568544
924,3,1,0.68341184,0.6832397788419544
926,3,0,0.31646597,0.34743508271971285
930,3,0,0.49600986,0.4978163296246579
935,3,1,0.6348992,0.6402431378979169
940,3,0,0.57395214,0.5849142929193444
947,3,1,0.2523658,0.26957559093111977
948,3,0,0.40133533,0.4070605249494713
949,3,1,0.56451267,0.597853941125377
950,3,0,0.48598334,0.502260317521255
951,3,0,0.15186532,0.1825434990128121
954,3,1,0.47341913,0.45391516013355265
956,3,0,0.3850939,0.38240239144801924
959,3,1,0.5528916,0.5427635605252571
963,3,1,0.52698535,0.5250363978137911
964,3,0,0.77848667,0.7313074405459068
965,3,0,0.5468203,0.569787461804878
968,3,1,0.7171467,0.704963757062724
969,3,1,0.7062254,0.6978261842449933
971,3,1,0.74002105,0.7272627374712982
974,3,0,0.48950413,0.5011930177078688
979,3,0,0.6398347,0.646165603178452
982,3,1,0.5012735,0.47276693118406615
983,3,1,0.714896,0.67927395719565
988,3,1,0.7522431,0.7182252658346252
991,3,0,0.7056011,0.7022334455787779
997,3,1,0.71562296,0.7378839583772279
1001,3,1,0.83436406,0.7980084105742623
1020,3,0,0.68245095,0.66651844209479
1022,3,1,0.53650576,0.5646102100968088
1032,3,0,0.48647332,0.4406107201005957
1034,3,1,0.64601946,0.6252739102861165
1036,3,0,0.37400383,0.4088149255359575
1041,3,1,0.49350035,0.5014968742411892
1046,3,0,0.82748497,0.8058613862466456
1052,3,0,0.55664974,0.5363646528202041
1063,3,1,0.4941243,0.5184671484114476
1071,3,0,0.65008014,0.6341161127570321
1079,3,1,0.7214922,0.7195319456924937
1081,3,1,0.519751,0.5675792934496596
1084,3,0,0.5460138,0.5671811084673938
1085,3,0,0.32673767,0.3615022897065756
1092,3,1,0.7251037,0.7226036345587274
1093,3,1,0.77632284,0.7734601612967351
1094,3,0,0.46227592,0.4390528580141306
1121,3,1,0.8293673,0.7872839895426659
1130,3,1,0.6414112,0.6582169668197139
1133,3,1,0.35523573,0.3495829341707336
1142,3,0,0.564978,0.5861552538717026
1146,3,0,0.32942072,0.37372229375211946
1154,3,0,0.72874945,0.7403191602094229
1156,3,1,0.75216466,0.7180330555143319
1157,3,0,0.7860699,0.7706356181182951
1158,3,1,0.6552855,0.6234941467338684
1159,3,1,0.7776651,0.7430966154027927
1163,3,0,0.49188006,0.43983631489299313
1165,3,0,0.61544216,0.6188277369680707
1170,3,0,0.5247591,0.5242750040909515
1173,3,0,0.761026,0.7565694068978819
1177,3,1,0.27928135,0.3297384919046705
1180,3,1,0.7622938,0.7626633471012808
1188,3,0,0.39670628,0.4235447964043272
1198,3,1,0.678568,0.6419173456355398
1199,3,1,0.65230376,0.6698096809600816
1203,3,0,0.7223594,0.6943040611399441
1204,3,0,0.70056796,0.7032469428606989
1206,3,1,0.3091168,0.2953999606280756
1213,3,0,0.6691741,0.6504686781186788
1214,3,1,0.4224552,0.42224275056361155
1216,3,0,0.7328438,0.7046376143190644
1217,3,1,0.31281024,0.36322192979314694
1224,3,1,0.69154745,0.6651082034780107
1225,3,1,0.68674403,0.6673963868407518
1236,3,0,0.70923424,0.712600817174448
1237,3,1,0.20412505,0.20988124589132498
1247,3,1,0.7938952,0.7356266107463648
1260,3,1,0.7356108,0.7013888874715788
1261,3,0,0.49487013,0.5061184754588756
1266,3,0,0.55433315,0.583295030147979
1273,3,1,0.612556,0.6240598626204097
1274,3,1,0.644832,0.6439023846460861
1279,3,0,0.25234762,0.3001756521654387
1280,3,0,0.733482,0.7182813077633384
1281,3,1,0.72771347,0.7029208139716201
1296,3,0,0.76386344,0.7559854455795807
1297,3,1,0.7395702,0.7222496773002598
1298,3,0,0.20629175,0.22613604549956703
1301,3,0,0.7493377,0.6922709201058915
1308,3,0,0.70221776,0.686975820419837
1314,3,1,0.5141149,0.4883152447445328
1317,3,1,0.49397218,0.5045722178220676
1322,3,1,0.6877806,0.6612245672301461
1332,3,1,0.88102376,0.8620512602980146
1339,3,1,0.55413544,0.5406245414521899
1347,3,1,0.8485266,0.8587581929923757
1349,3,0,0.70253795,0.691725576103986
1350,3,1,0.6504405,0.6278178676766029
1351,3,0,0.47730246,0.5086272614183496
1358,3,1,0.52669054,0.4639214142296822
1359,3,1,0.79286397,0.7861791745933778
1360,3,0,0.7498627,0.7330464518718293
1361,3,0,0.5929089,0.5868371252408746
1373,3,0,0.3188465,0.38296843930723906
1376,3,0,0.6190151,0.6151038277607849
1379,3,1,0.69353306,0.6813659364879712
1384,3,0,0.7666935,0.7579117129845946
1385,3,1,0.67291135,0.6683718913034873
1389,3,1,0.7907121,0.7884624847068079
1399,3,0,0.28511992,0.3314270623126118
1400,3,1,0.7682406,0.7495040772409408
1401,3,1,0.8650584,0.8796764112061042
1404,3,1,0.7836054,0.7522657957147811
1409,3,0,0.7143992,0.6954547477219362
1412,3,0,0.59571975,0.6032921229828417
1415,3,0,0.22000714,0.20026440454574432
1416,3,0,0.60086,0.5540018424067209
1425,3,1,0.59256095,0.6234285858679398
1429,3,1,0.31131542,0.3135360777623687
1432,3,0,0.7650481,0.7326899438077213
1441,3,0,0.55707574,0.5794764935387373
1446,3,0,0.7500715,0.7574019959472641
1450,3,1,0.4059537,0.42460527096165784
1457,3,1,0.5157728,0.5537901782915075
1472,3,0,0.2165631,0.2581824171312059
1473,3,1,0.8465227,0.8213966192696849
1484,3,1,0.5583807,0.5641251218765397
1486,3,0,0.7304703,0.7048061470501835
1492,3,0,0.8253685,0.8002376692696274
1495,3,1,0.41153935,0.45073009934607255
1503,3,1,0.838791,0.8186137262706683
1507,3,1,0.69283396,0.6808820082172172
1511,3,1,0.55623406,0.5819286935363005
1515,3,1,0.64218754,0.6592184462423999
1526,3,1,0.5027018,0.5259155275746411
1530,3,1,0.7895349,0.7750503566944882
1531,3,1,0.5866106,0.6098344465693986
1532,3,1,0.7331897,0.7484657664426955
1547,3,1,0.59687704,0.5828633520575316
1548,3,0,0.63009894,0.6210918281769445
1554,3,1,0.795886,0.765741648741859
1564,3,0,0.6928151,0.6878602257389355
1569,3,1,0.30292407,0.33470996326030356
1575,3,1,0.67851454,0.7006296386296834
1577,3,1,0.57036424,0.5996828647303194
1581,3,0,0.74844277,0.7278707038855434
1584,3,1,0.5559868,0.5792273183803902
1585,3,1,0.7621036,0.739645234659272
1589,3,1,0.48564854,0.5187103479158047
1590,3,0,0.7603407,0.7474842059579136
1593,3,1,0.7153276,0.7191384458469258
1594,3,1,0.74034244,0.7077416057786152
1595,3,0,0.74971396,0.7241438173491441
1597,3,0,0.7089857,0.66477326413915
1599,3,0,0.6922104,0.679416354574319
1600,3,1,0.43622515,0.4823050128307444
1605,3,1,0.70574105,0.6839953049939111
1607,3,0,0.5736239,0.6096955274267698
1611,3,0,0.59354436,0.5898992550719532
1618,3,1,0.7147156,0.6820486613397903
1622,3,0,0.77050793,0.7468353583580036
1624,3,1,0.503326,0.541732460917092
1627,3,0,0.22288796,0.25854669199499775
1634,3,0,0.7089808,0.7001415290491
1642,3,1,0.50806123,0.5263207565846845
1643,3,0,0.23987968,0.2803734486963277
1646,3,0,0.80991983,0.7904143923358649
1648,3,1,0.7232598,0.7260749865848828
1652,3,1,0.8686496,0.8500686406252388
1653,3,0,0.5058557,0.523762808097854
1654,3,1,0.4412792,0.45958500346826203
1655,3,1,0.648017,0.6399852029031031
1658,3,1,0.8252078,0.8187831909746246
1660,3,0,0.5934273,0.5626741200964882
1667,3,1,0.6799376,0.6878853984071639
1668,3,1,0.7356042,0.7398470892501364
1669,3,0,0.64821774,0.6372382426117947
1676,3,1,0.7391021,0.6784867378895065
1686,3,0,0.43986052,0.43814940944638325
1690,3,1,0.86570495,0.8829639733439116
1697,3,0,0.7041692,0.6872662345816364
1705,3,0,0.5436733,0.5255251966522838
1707,3,0,0.7993192,0.7914316071712008
1709,3,1,0.4893089,0.4833843798060215
1712,3,1,0.81590015,0.7893328524118486
1718,3,1,0.7030286,0.7034038413612095
1725,3,0,0.25802845,0.2574017421256438
1732,3,0,0.31749743,0.3319915760512872
1737,3,1,0.7547934,0.7208002665011595
1748,3,1,0.63653576,0.6703355277257668
1756,3,1,0.2242666,0.2192806725365214
1757,3,0,0.5297788,0.5437519336794259
1761,3,1,0.5018602,0.5510488357142185
1763,3,1,0.8929316,0.8903320681483373
1764,3,1,0.6952532,0.7005991864810788
1770,3,0,0.6192341,0.6047838409094553
1772,3,1,0.8977592,0.8697794931190118
1776,3,1,0.8184728,0.7803829328071702
1783,3,0,0.77814573,0.7381768298232739
1786,3,0,0.6142442,0.5783573951434312
1788,3,0,0.77540565,0.7811634624653063
1789,3,0,0.5224194,0.524062923338836
1791,3,0,0.78576463,0.7516003340568029
1796,3,1,0.68760407,0.6769454081815925
1800,3,1,0.72531265,0.7490102289438616
1801,3,1,0.8718124,0.8658345486234024
1803,3,1,0.87289643,0.8492382212343004
1809,3,1,0.6336332,0.6331131381504743
1812,3,1,0.8078092,0.7865545654001737
1815,3,1,0.8267569,0.8292749039287604
1824,3,1,0.77689856,0.7527724832053415
1830,3,1,0.8442763,0.8117480328460034
1832,3,1,0.801417,0.8027449177412563
1833,3,1,0.731755,0.7267823048068714
1836,3,1,0.6068105,0.6077066522556306
1838,3,1,0.61662877,0.6410327012429302
1844,3,1,0.8232368,0.8305096555152578
1846,3,1,0.80457413,0.7857922962524468
1850,3,1,0.4282189,0.46802360924149705
1858,3,0,0.661181,0.6379514784654572
1860,3,1,0.70346063,0.6816389125728403
1861,3,0,0.4380084,0.45772184542301625
1863,3,1,0.6301565,0.6289205807681018
1867,3,0,0.4464349,0.4384727610324283
1887,3,0,0.7144396,0.7236904816075452
1888,3,1,0.6213921,0.6111548740547238
1891,3,0,0.6423366,0.6293599309778284
1896,3,0,0.57973087,0.6087931138135098
1897,3,1,0.64247215,0.6240190705176448
1900,3,0,0.6707026,0.6704110566761923
1905,3,1,0.4995194,0.5289624166897356
1906,3,0,0.58318067,0.5935767647693386
1908,3,1,0.3139475,0.34674585467853525
1916,3,0,0.12395846,0.12028278622457428
1918,3,0,0.39880416,0.4965948160580185
1924,3,1,0.8978467,0.8864628541334251
1930,3,1,0.7380429,0.7315610026061661
1931,3,0,0.11596316,0.1147769490158481
1942,3,0,0.64169174,0.5823734756844826
1953,3,1,0.49745527,0.5157170039531341
1955,3,1,0.8961918,0.8993604054048444
1956,3,1,0.89577895,0.9023120853006936
1957,3,0,0.7552879,0.7303275537009619
1966,3,0,0.33639824,0.3543316974507199
1971,3,1,0.8719003,0.8592605708243626
1979,3,0,0.80756986,0.7761959663959089
1982,3,1,0.5680445,0.5692743300090245
1986,3,1,0.6561866,0.6741349208905747
1991,3,1,0.43747726,0.494011864180092
2000,3,0,0.2575293,0.2780100299824981
2006,3,1,0.41854283,0.44344165054871804
2009,3,1,0.74974,0.7266117401691067
2016,3,0,0.13123173,0.12257001727804426
2018,3,0,0.7591771,0.7207270619941444
2026,3,0,0.5672683,0.6044209228545512
2031,3,1,0.4119953,0.43116842615087186
2040,3,1,0.69915265,0.7249280571109171
2043,3,0,0.6734138,0.6679312630269738
2054,3,0,0.5731846,0.599575965633912
2062,3,0,0.41317138,0.3981329450696905
2063,3,1,0.40966126,0.41432464286818715
2064,3,1,0.7289808,0.700693995763026
2076,3,0,0.33278146,0.31710303763132475
2077,3,0,0.5334377,0.5348409428973316
2078,3,1,0.83277714,0.8108690509446753
2085,3,0,0.49286884,0.5073045658210592
2086,3,0,0.20022635,0.18934796721639882
2095,3,1,0.51667327,0.5346580192278212
2103,3,1,0.4278136,0.42652607047384916
2112,3,0,0.83936167,0.8394446387083678
2115,3,1,0.67919797,0.6866643714585534
2122,3,1,0.8198522,0.8179510577624608
2136,3,1,0.6814816,0.680141483355832
2139,3,0,0.4796339,0.4829490562185093
2146,3,0,0.1674949,0.16111986268712655
2149,3,0,0.19243415,0.1729541305642707
2150,3,1,0.5036297,0.4938924837886977
2153,3,1,0.22555289,0.229973643154936
2156,3,1,0.8253665,0.7928470229411765
2161,3,1,0.51650596,0.531704787824596
2167,3,0,0.5415912,0.5080809179526603
2172,3,1,0.61318505,0.5870393344354098
2174,3,1,0.7138537,0.6995598177330102
2182,3,0,0.7110166,0.7096371304512553
2184,3,0,0.52089435,0.5130953243300111
2186,3,1,0.3069348,0.33552000644065355
2190,3,0,0.23015223,0.2958840759533846
2193,3,0,0.46117327,0.4904427658646695
2195,3,1,0.42248923,0.4536142381386235
2196,3,1,0.8328428,0.8398886020122207
2198,3,1,0.602291,0.5859859206529683
2199,3,1,0.70001286,0.6855425872793163
2208,3,0,0.7697366,0.7567052568437325
2209,3,1,0.432521,0.4576480712616275
2210,3,0,0.49993062,0.505655311996462
2218,3,1,0.6158992,0.6710547549567804
2233,3,1,0.8823351,0.8798167707949386
2236,3,0,0.6121053,0.618812066532308
2241,3,1,0.81650126,0.8411136611210153
2245,3,1,0.476449,0.4894208615588138
2251,3,1,0.6997397,0.7057537054426146
2256,3,1,0.53895986,0.5361004479112802
2268,3,1,0.5498865,0.5347729834163224
2269,3,1,0.5925515,0.578060590448677
2270,3,1,0.69323367,0.6970959612008548
2271,3,0,0.13950247,0.13138449872908303
2276,3,1,0.6122191,0.61551831343432
2277,3,0,0.66960686,0.6722875755955565
2278,3,1,0.6733884,0.6674841491912578
2284,3,1,0.6916017,0.6725577608810832
2288,3,1,0.4467346,0.39168561878902575
2289,3,0,0.6033803,0.5987314138792211
2295,3,1,0.8556441,0.8059590661762978
2300,3,1,0.6918863,0.6539046193765633
2305,3,0,0.2763318,0.28371936848768503
2310,3,0,0.81858957,0.8277542266463587
2313,3,0,0.51953846,0.5261307938174893
2328,3,1,0.7594295,0.7392505908904584
2335,3,0,0.44643894,0.4402562845660115
2337,3,0,0.14073506,0.1241787509033103
2340,3,1,0.5275319,0.4913401061095716
2344,3,0,0.43802235,0.46624274874024396
2349,3,1,0.63419306,0.6357224930560458
2350,3,1,0.26702628,0.21526688582024014
2357,3,1,0.32393286,0.32397514016180706
2358,3,1,0.682385,0.66618686006075
2361,3,0,0.7190751,0.7102067959106926
2362,3,0,0.32007596,0.24387476189536764
2367,3,1,0.19163921,0.19662268609590353
2369,3,0,0.15357217,0.14351976576858197
2386,3,0,0.56194806,0.5588267780549565
2390,3,1,0.26108178,0.1881798152063798
2392,3,0,0.6035067,0.6255901600833219
2396,3,1,0.19171791,0.1966312209763929
2399,3,1,0.48626003,0.5045838345979168
2400,3,1,0.6694271,0.6683835068284087
2406,3,1,0.8177662,0.8314690591271999
2408,3,0,0.66919315,0.6700171619724002
2410,3,1,0.57698613,0.5825551093397145
2415,3,1,0.77938724,0.8074056171012743
2419,3,1,0.7894761,0.779947183507146
2424,3,0,0.7927529,0.7765604331942116
2429,3,1,0.6966622,0.6626564753209709
2433,3,1,0.7795303,0.757890455451299
2435,3,1,0.7272194,0.724080110342645
2436,3,1,0.36749655,0.3908945175706696
2440,3,1,0.6788745,0.6121155257545343
2458,3,0,0.14592774,0.1398471370102865
2460,3,1,0.6303127,0.6144452601168187
2477,3,1,0.7465851,0.7517666536102249
2478,3,1,0.6753334,0.6789024359465649
2491,3,1,0.78479356,0.7679211840726085
2495,3,1,0.64997214,0.6257029187513199
2513,3,0,0.37912986,0.397687301987473
2519,3,1,0.8159493,0.8356249517835803
2520,3,1,0.77225107,0.7640951412206081
2532,3,0,0.65082043,0.5970137142385453
2538,3,0,0.26758906,0.3099681855406837
2546,3,1,0.6772921,0.6645284238752244
2548,3,0,0.61625934,0.6021653064179007
2560,3,0,0.66553825,0.6465455892787416
2567,3,1,0.8055802,0.7806538354041012
2571,3,1,0.59900373,0.5936886958819084
2577,3,0,0.5291954,0.562605886137572
2583,3,0,0.10784684,0.12105275587072598
2584,3,1,0.7285132,0.7032528876169927
2585,3,1,0.8196166,0.8024123564681336
2590,3,1,0.7043677,0.7148014380830441
2597,3,1,0.7490991,0.7082142476771977
2599,3,1,0.23749653,0.22374258069126488
2605,3,1,0.7094139,0.7055395889571331
2608,3,0,0.260805,0.22423829781267898
2624,3,1,0.6902615,0.6801888255827828
2627,3,0,0.7341925,0.702508293253732
2628,3,0,0.19689007,0.20875113379771573
2629,3,0,0.5997998,0.5873993484299916
2634,3,1,0.87630075,0.8594458745390325
2636,3,1,0.6489075,0.6444525468510823
2641,3,0,0.910284,0.9063543533247693
2648,3,1,0.55476594,0.5911313163985223
2651,3,1,0.51270133,0.5054658041509109
2652,3,1,0.5976666,0.5720758071335137
2656,3,1,0.56745595,0.5316637382290959
2658,3,0,0.2920646,0.25941834234436195
2659,3,1,0.22943228,0.21740260053980448
2661,3,1,0.34614772,0.3450942627142377
2662,3,0,0.37507877,0.3047224971822982
2664,3,0,0.12757194,0.13565632671675354
2667,3,1,0.49152163,0.499764799936186
2668,3,0,0.2168971,0.2175457329028275
2670,3,0,0.19836697,0.18572311958110613
2681,3,0,0.41056708,0.4077086712700602
2687,3,0,0.454187,0.45468897818996934
2691,3,0,0.37966514,0.4043419317506834
2697,3,0,0.6603557,0.7058912034748215
2699,3,0,0.49076048,0.5162328206710175
2700,3,0,0.7311182,0.6990791371717253
2703,3,0,0.084162354,0.08055193950103645
2706,3,1,0.7562169,0.7528327795252722
2713,3,1,0.63394123,0.625791494344635
2717,3,0,0.6834168,0.6919234354321664
2718,3,1,0.37435988,0.38086276266609537
2733,3,1,0.6772704,0.6718050961616525
2737,3,1,0.76924795,0.7612131598256852
2738,3,1,0.25974032,0.2916232529729344
2740,3,0,0.39223942,0.42047769213644365
2746,3,1,0.7072325,0.644573621804948
2754,3,0,0.10858269,0.11296093087299622
2759,3,1,0.81998396,0.8054323876216494
2760,3,0,0.733293,0.7002214492398441
2762,3,1,0.3255135,0.3556288358281714
2763,3,0,0.24687238,0.2743560782470145
2764,3,1,0.7244234,0.7070161741888282
2767,3,1,0.5729963,0.5673614712284483
2769,3,0,0.3543169,0.3451347434372996
2770,3,1,0.6352937,0.6504281839976596
2774,3,0,0.2165977,0.21689721642361676
2776,3,1,0.5725964,0.6040203876474762
2783,3,1,0.7410537,0.7222504965644315
2786,3,0,0.45922384,0.42719315354702936
2800,3,1,0.669283,0.6610001620526589
2802,3,1,0.8513829,0.8537787739907148
2803,3,0,0.30778402,0.30886123982920993
2808,3,0,0.6557204,0.6427424180761651
2819,3,1,0.7069343,0.7420602657074572
2820,3,1,0.65705925,0.6646399879526227
2823,3,0,0.70233864,0.687608513904528
2824,3,1,0.6293346,0.6166051487325347
2827,3,1,0.37733757,0.40461783115717803
2829,3,0,0.7188416,0.6993805212362542
2832,3,1,0.28716856,0.2837923267744736
2833,3,1,0.83209157,0.8064457252810854
2834,3,0,0.63830566,0.6177035617289232
2838,3,0,0.21086264,0.2350232833586681
2842,3,1,0.7466657,0.7239349811299929
2847,3,1,0.84545124,0.8274530489467383
2849,3,1,0.35719052,0.3859625783156337
2853,3,0,0.27615064,0.27838823987954125
2854,3,0,0.72061694,0.7199867161169997
2855,3,1,0.6649745,0.6468298114976492
2857,3,1,0.52832574,0.5575019311644727
2866,3,1,0.6907542,0.6825896110844403
2867,3,1,0.5500746,0.49974754401539406
2877,3,1,0.34520534,0.4200198444573092
2878,3,0,0.4918815,0.49781496420923055
2885,3,0,0.6184669,0.5972702242488236
2893,3,0,0.53161824,0.5314724512946015
2898,3,0,0.5208658,0.5267499836210029
2899,3,1,0.5731,0.6081800324585631
2900,3,1,0.7325164,0.7118987557360053
2906,3,0,0.54045606,0.4874473171364057
2914,3,1,0.6712521,0.6346901941243969
2930,3,0,0.25067365,0.29718649421051446
2937,3,1,0.6169158,0.5702452951376048
2941,3,1,0.102318354,0.09601328693590108
2942,3,1,0.31388777,0.29759887101691995
2950,3,1,0.46347734,0.49012454436498604
2958,3,1,0.57318795,0.5442518758439605
2960,3,1,0.6585829,0.6322654493079848
2964,3,0,0.32319328,0.3274209050336003
2965,3,0,0.5925355,0.560998767972206
2966,3,0,0.4064126,0.4085680367589513
2969,3,1,0.10845121,0.09912164741442495
2971,3,0,0.16563624,0.12358405698461726
2976,3,0,0.16943373,0.15914472381016173
2981,3,0,0.46113408,0.4998499269476075
2993,3,0,0.14476001,0.12516615812044424
2996,3,1,0.5827202,0.5501678473876024
3002,3,0,0.118279226,0.12837379754697245
3004,3,1,0.25803462,0.3000119190488364
3008,3,1,0.29866296,0.3072607352090898
3010,3,1,0.48941326,0.5198837583708104
3012,3,0,0.6919023,0.7027965114208385
3015,3,0,0.19134125,0.21571845788151386
3017,3,0,0.15223956,0.1661143308142743
3028,3,0,0.16140278,0.14294656095227676
3029,3,1,0.34982812,0.3744777455009143
3032,3,0,0.7483668,0.6796486347735112
3040,3,1,0.8100744,0.7742724186137053
3043,3,0,0.6339637,0.6263248020419144
3044,3,0,0.22736302,0.24615980212714264
3045,3,0,0.22188497,0.22335481327004772
3048,3,1,0.7859655,0.7602026113429994
3050,3,0,0.66355145,0.6346863222399814
3063,3,0,0.19543256,0.19799736538954116
3068,3,0,0.12531377,0.13265221972952893
3069,3,1,0.39173767,0.3631447290404577
3070,3,1,0.118303366,0.12138964717322832
3077,3,1,0.74254006,0.7008559029326943
3079,3,1,0.39154223,0.4170990928404753
3081,3,1,0.42012638,0.4514940355785214
3083,3,1,0.55055326,0.588285635751487
3085,3,1,0.6756957,0.6672891748819102
3095,3,0,0.15149939,0.1336832805751334
3097,3,1,0.5564199,0.5531362989592533
3099,3,0,0.56081307,0.573689350444829
3101,3,1,0.6459707,0.6505068467360112
3102,3,0,0.5127405,0.48470965017729045
3104,3,0,0.1494022,0.17097954916767438
3105,3,1,0.5252077,0.5099403078668517
3109,3,1,0.69418836,0.6947577420004099
3112,3,0,0.6508476,0.6709953096010212
3113,3,1,0.72241426,0.7280719132973243
3116,3,0,0.15010983,0.13180460577579103
3117,3,1,0.7248613,0.7022571872763962
3122,3,0,0.553241,0.572416282478806
3125,3,1,0.80650884,0.7781834037668826
3126,3,1,0.5401416,0.5303818651154855
3127,3,0,0.5792862,0.5550667270865154
3129,3,1,0.7157738,0.6940532909763466
3130,3,0,0.3180116,0.28376073588633627
3131,3,1,0.5289838,0.5479698579738165
3137,3,0,0.2922519,0.27472092615403365
3140,3,1,0.12157541,0.12614863618867728
3142,3,0,0.36671966,0.3973566940563546
3143,3,0,0.22635877,0.2227732779100032
3144,3,1,0.37293488,0.37636522637377134
3149,3,1,0.74997187,0.7396317520216703
3154,3,1,0.58655435,0.5734732299550461
3166,3,1,0.5919209,0.5833560633212723
3182,3,0,0.17905997,0.1791347408942997
3185,3,1,0.722438,0.6723221943697673
3187,3,0,0.7276628,0.7216970348219744
3190,3,0,0.40512416,0.4374597333894808
3191,3,1,0.57327765,0.6254233805892413
3192,3,1,0.5493132,0.5675204112745771
3194,3,0,0.334676,0.34588502806607796
3195,3,1,0.6399929,0.6638882079078061
3196,3,1,0.5681081,0.5707204656708185
3197,3,1,0.6571228,0.621246172141142
3199,3,1,0.40458068,0.40723301157392866
3205,3,1,0.4709756,0.4948945842054012
3206,3,0,0.6404337,0.5964617826804014
3208,3,1,0.6299779,0.6541340628882234
3213,3,1,0.3665898,0.3649831291822401
3219,3,0,0.28697637,0.28271412245877153
3222,3,0,0.28772926,0.2810659903635096
3226,3,0,0.2698244,0.25202448079493245
3228,3,0,0.10792199,0.11457881366446568
3231,3,0,0.37045392,0.40812472930879057
3233,3,0,0.36416635,0.37769395020737406
3237,3,0,0.36669165,0.33708211353482603
3241,3,1,0.3179285,0.3261226601127957
3242,3,1,0.2293621,0.2137509638112129
3248,3,0,0.12027577,0.13051094741616645
3249,3,1,0.71415865,0.6771834266801492
3250,3,1,0.7421038,0.7678304607335784
3252,3,0,0.20132922,0.17062587701378615
3257,3,0,0.6652671,0.6278998713420672
3259,3,0,0.11720945,0.10807856037296801
3274,3,0,0.6182861,0.6294152584279928
3280,3,0,0.582027,0.5542067074288383
3288,3,1,0.22862092,0.23357578918881405
3293,3,0,0.72625154,0.6978144717988111
3294,3,1,0.75006306,0.7322152845853012
3295,3,0,0.4718309,0.48966458694220105
3296,3,1,0.77067655,0.7129934883386044
3297,3,1,0.27352577,0.2825413037923673
3299,3,1,0.24688381,0.2310614724498032
3300,3,0,0.61263734,0.5963175184039353
3306,3,0,0.68440276,0.6951473317647121
3313,3,1,0.44762227,0.4311136495950004
3317,3,1,0.3946514,0.4152280546261388
3328,3,0,0.13969797,0.1406211405979588
3329,3,0,0.19143268,0.19700278098786078
3332,3,1,0.47878522,0.5287533936878434
3333,3,1,0.65593916,0.6667070894870438
3337,3,0,0.7343886,0.7037625293730624
3338,3,0,0.3677683,0.252509876047761
3350,3,1,0.12968525,0.12088530536883299
3353,3,0,0.53313446,0.538309469895535
3361,3,1,0.8092394,0.7546159312315548
3362,3,0,0.69129354,0.6780501800367509
3371,3,0,0.5749835,0.5885525298645832
3376,3,1,0.40201145,0.42404429332530263
3379,3,1,0.4828532,0.45754641600040696
3386,3,0,0.48159233,0.5122351747913101
3389,3,1,0.56120175,0.5921586311519736
3395,3,0,0.24624072,0.2525231402787389
3399,3,0,0.6447305,0.6467130112630991
3401,3,0,0.16654494,0.15815439178052207
3403,3,0,0.21770394,0.21369321320255172
3412,3,1,0.7091323,0.7031221749356704
3413,3,0,0.305876,0.3434506830340688
3415,3,1,0.52243763,0.5135813648174331
3418,3,1,0.9079432,0.8922909391517412
3420,3,1,0.6421075,0.6147219622067162
3423,3,1,0.63480705,0.6089090944749851
3426,3,1,0.8400475,0.8418708109287796
3431,3,0,0.7008338,0.7003108498419163
3432,3,0,0.5338315,0.5624927885774701
3435,3,0,0.20696983,0.27269791768920826
3438,3,1,0.8697517,0.8350040665682811
3439,3,1,0.80128014,0.8288439708511143
3444,3,1,0.7405688,0.7491543609334055
3445,3,0,0.6619121,0.6163869701354246
3448,3,1,0.85512805,0.8497951274837284
3456,3,1,0.25567344,0.30509268433138664
3457,3,0,0.13894646,0.13626370216685715
3458,3,1,0.87346494,0.8428570945588306
3463,3,0,0.762376,0.7296660846063323
3466,3,0,0.75729156,0.7448144301440758
3476,3,1,0.8246886,0.8216832952185877
3480,3,1,0.73864144,0.7243571417486835
3487,3,1,0.6738256,0.6819915097708902
3489,3,0,0.2765783,0.27438868056478044
3493,3,0,0.58559716,0.6072813116432717
3494,3,1,0.2911157,0.323558589360671
3499,3,0,0.6177113,0.6255080673225643
3500,3,1,0.38877085,0.3954803021556022
3502,3,0,0.27524537,0.27402294163719987
3511,3,0,0.68619436,0.6542735537584875
3522,3,1,0.64752495,0.6473844061673227
3523,3,1,0.40167955,0.41068479571033323
3524,3,0,0.53668624,0.5656552798175372
3546,3,1,0.60590273,0.5867243299506898
3551,3,1,0.49415854,0.49432516509485974
3555,3,1,0.64400697,0.6700666291129638
3556,3,1,0.7443476,0.7228458860036393
3559,3,0,0.40085417,0.4091908181211309
3562,3,1,0.68509316,0.6524471427715298
3568,3,0,0.42113155,0.4384948443567897
3571,3,0,0.33036637,0.39040111263766136
3576,3,1,0.5427877,0.5404074515646411
3582,3,0,0.39422402,0.4606031929740086
3584,3,1,0.36148992,0.3559125265304361
3588,3,0,0.27875423,0.3020545187623543
3591,3,1,0.3941273,0.39136856454250823
3597,3,1,0.66163784,0.6095342147133715
3598,3,0,0.45278302,0.4383617559042466
3600,3,0,0.36280647,0.3565784677378772
3601,3,0,0.39776146,0.43358013763519954
3603,3,1,0.426894,0.4599371463292744
3630,3,1,0.52008367,0.5235317655659081
3631,3,1,0.4371953,0.43542261894228135
3633,3,0,0.5839834,0.5893111383253545
3634,3,0,0.6044186,0.6413467131470991
3638,3,1,0.45922178,0.46317947249760033
3643,3,1,0.33623353,0.33827588651170376
3650,3,1,0.6484672,0.6563679334276102
3651,3,1,0.36502546,0.3730391757048568
3652,3,0,0.67611164,0.7170646450742455
3656,3,1,0.7156452,0.7034906207185239
3660,3,0,0.5338586,0.580313823236892
3665,3,1,0.53565687,0.559715356760233
3674,3,1,0.74684495,0.7048157040626725
3683,3,0,0.50156146,0.43853213771706046
3685,3,1,0.67203367,0.6714367314149817
3688,3,0,0.4574333,0.49351293393066453
3690,3,0,0.26227576,0.23660896288560757
3691,3,1,0.653762,0.6781008212878017
3693,3,0,0.15842743,0.172791146020203
3703,3,0,0.35794613,0.384720736331124
3709,3,0,0.15364486,0.1413076223397063
3711,3,0,0.4570041,0.49962996990134456
3712,3,1,0.55051595,0.5622441475635173
3715,3,0,0.46823815,0.4900190945092263
3723,3,1,0.65516937,0.6327232831689966
3730,3,0,0.52212524,0.5246334833919023
3738,3,1,0.6108895,0.5940064176086213
3742,3,1,0.7730104,0.7444896257443375
3743,3,1,0.47775617,0.4551984531875393
3746,3,0,0.5992972,0.6114669013693943
3759,3,0,0.60076886,0.5976096463191362
3760,3,1,0.5605219,0.560214506663747
3761,3,1,0.79223365,0.7593167182583977
3764,3,1,0.16455336,0.18123071010908917
3765,3,1,0.32114297,0.30682324783015774
3770,3,0,0.3191583,0.289457972735236
3772,3,0,0.56746536,0.5292528127274736
3778,3,0,0.46839297,0.4755228115753541
3779,3,0,0.6551749,0.6432879002189185
3786,3,0,0.4632605,0.4210602943915726
3787,3,0,0.57570964,0.5433135361923458
3800,3,1,0.7519494,0.7231444491011976
3806,3,1,0.7308166,0.7177117364035551
3810,3,0,0.7043957,0.6869692268687676
3811,3,1,0.17830414,0.2009192924015782
3820,3,0,0.29405528,0.285997661008768
3821,3,0,0.4905125,0.5013196506252723
3823,3,0,0.5927603,0.6147542971090327
3826,3,0,0.6753586,0.5901332566937992
3830,3,1,0.8009113,0.7832141183127099
3841,3,0,0.43423513,0.41363394911605017
3855,3,1,0.5680033,0.5839271522671945
3856,3,0,0.67587125,0.6865730085877644
3862,3,1,0.7559168,0.728088416519814
3865,3,0,0.53311026,0.5336823563587859
3866,3,1,0.7544998,0.717464340128925
3868,3,0,0.66814315,0.6395107009413696
3870,3,0,0.11075691,0.11667975331682044
3872,3,1,0.74102646,0.7079828465761309
3875,3,1,0.79679847,0.748845715934811
3877,3,1,0.6584996,0.6626002121809912
3881,3,1,0.6992253,0.6694028641495715
3882,3,1,0.50504047,0.5121906045098008
3884,3,0,0.35612378,0.3750497787367117
3888,3,1,0.7107171,0.7343429413019437
3892,3,0,0.7140659,0.6702553415943551
3895,3,1,0.44158447,0.4784774315900751
3900,3,1,0.53476125,0.5703341945239351
3909,3,0,0.4496397,0.44689558450236505
3917,3,1,0.72459465,0.7226216882947711
3919,3,1,0.65299445,0.6644763620757288
3923,3,1,0.6388774,0.6371570586873639
3932,3,1,0.75406265,0.750966469143933
3933,3,0,0.368302,0.38790364998058435
3934,3,0,0.54089314,0.5507492336058565
3937,3,1,0.86102134,0.8474779451338055
3940,3,1,0.46185318,0.4989050833904216
3944,3,1,0.6297519,0.5977172619286332
3948,3,1,0.6683098,0.6533244010869453
3953,3,0,0.6736969,0.6593414869372094
3958,3,1,0.7557667,0.7299819236011019
3961,3,1,0.8197492,0.7421432913250728
3962,3,1,0.50228775,0.490564298176366
3969,3,1,0.8106362,0.7887867653031995
3976,3,1,0.74480313,0.7228494600653148
3977,3,1,0.8186802,0.7968914785805254
3982,3,1,0.818031,0.7759633873673246
3992,3,0,0.3127222,0.32591565420638907
3994,3,1,0.60689086,0.5864364055074822
3996,3,1,0.6148165,0.6168939015651236
3999,3,1,0.7292065,0.7088123872675699
4004,3,1,0.66005677,0.6836560581948782
4006,3,0,0.33599743,0.3154493004877289
4007,3,0,0.40875065,0.4027775780222712
4008,3,1,0.567341,0.5324181473025137
4013,3,1,0.4171816,0.43277889795501534
4015,3,1,0.38996685,0.40550063245977036
4016,3,1,0.611986,0.6245577365969066
4029,3,1,0.38608757,0.37767452299172233
4032,3,1,0.70035326,0.6878312520005023
4033,3,0,0.65143496,0.6612877420659286
4036,3,0,0.55536425,0.5623997861005121
4038,3,1,0.5811617,0.5747408587392966
4040,3,0,0.25826722,0.26908427988044326
4042,3,0,0.2574899,0.2799576613569548
4048,3,0,0.16085441,0.15850645041463496
4062,3,0,0.54268956,0.548007570505089
4064,3,0,0.42242926,0.4641698257733958
4077,3,1,0.59049314,0.6166291543979987
4078,3,0,0.37437338,0.3915296661541388
4080,3,1,0.7389452,0.6799623894444684
4090,3,1,0.39736912,0.3841874664570034
4098,3,0,0.6485744,0.6428338455201281
4102,3,1,0.806857,0.7749380154252538
4103,3,1,0.60883456,0.5963941619979461
4105,3,0,0.13439542,0.16288372126595133
4107,3,1,0.82299,0.787870549441968
4119,3,1,0.7088827,0.6884262327912939
4125,3,1,0.8041963,0.7916393705725642
4126,3,0,0.84146297,0.8076261420540938
4132,3,0,0.46304497,0.5110976743634544
4134,3,1,0.79741234,0.7830456798233938
4136,3,1,0.6575969,0.6386718867626303
4137,3,1,0.6427387,0.6604557636300141
4138,3,1,0.64707524,0.6405485926685175
4139,3,1,0.755056,0.7451102957561218
4140,3,0,0.5103663,0.4857411430373869
4142,3,1,0.54142797,0.5047659124440242
4143,3,1,0.87569684,0.877303862636174
4155,3,0,0.6516675,0.6664660674610339
4158,3,1,0.104074284,0.11299172632622444
4163,3,1,0.8541023,0.8333258491663668
4166,3,0,0.5743032,0.5962296629882187
4169,3,0,0.629907,0.6190260520092121
4171,3,0,0.8163259,0.816066526393868
4179,3,0,0.62945217,0.626515768366949
4189,3,1,0.6301247,0.6369282413729572
4191,3,1,0.41972664,0.4557011879267975
4192,3,1,0.6726636,0.6636673752481317
4204,3,0,0.52208793,0.5237193320520861
4210,3,0,0.432234,0.4404980859110018
4216,3,1,0.819983,0.8070209564416173
4220,3,1,0.6666918,0.6802707531781894
4221,3,1,0.53141224,0.5104238170487904
4224,3,1,0.16940033,0.20853355370461152
4226,3,1,0.83282214,0.8074976632155711
4227,3,1,0.8051939,0.7871728579990922
4231,3,0,0.49406955,0.49401417491365124
4239,3,1,0.42784876,0.36082624171141947
4241,3,0,0.4202419,0.46199449979766616
4242,3,1,0.6972884,0.6862328887181303
4243,3,1,0.74291444,0.7208806035900472
4246,3,1,0.7619102,0.7364590241230714
4250,3,1,0.73468405,0.7237675150632321
4253,3,0,0.5264605,0.5476329166690909
4257,3,1,0.6436523,0.642951191492211
4259,3,0,0.6865366,0.6590942169183309
4260,3,1,0.58800364,0.6021889160247326
4269,3,0,0.46754217,0.4891785802703875
4272,3,1,0.87205225,0.8573659983782791
4273,3,0,0.65364707,0.6814861569062672
4275,3,0,0.3761218,0.3978749012275908
4278,3,1,0.8351928,0.8130801666723493
4281,3,0,0.77184194,0.7391457254337787
4284,3,1,0.8407947,0.8515159768768124
4288,3,1,0.5555128,0.5529805557264835
4290,3,0,0.81821144,0.8056424409254945
4291,3,0,0.64963245,0.5968675301492218
4292,3,0,0.9376991,0.9394908798288383
4296,3,0,0.63210344,0.642361355882924
4298,3,1,0.7798735,0.7305048688100235
4299,3,0,0.49632305,0.5201694744892951
4300,3,1,0.6722636,0.67443198253865
4301,3,0,0.5303787,0.5198730998597096
4304,3,1,0.45692363,0.4515504724794147
4315,3,1,0.47317445,0.46499036834774793
4318,3,1,0.6821895,0.6817453387565967
4322,3,1,0.93121076,0.9181250085778385
4325,3,0,0.5410007,0.5471658664673958
4330,3,0,0.40356976,0.45480025066695823
4334,3,0,0.19979684,0.20710222099128953
4338,3,1,0.45744568,0.4650795199916227
4346,3,1,0.4692428,0.45522851707134665
4347,3,1,0.2528018,0.2672630254953195
4349,3,1,0.70250595,0.5942224496669782
4354,3,1,0.51532614,0.4768947616762407
4355,3,1,0.8643676,0.8426501162674783
4362,3,1,0.7801547,0.7689499245119596
4363,3,1,0.82068944,0.8016893189023785
4370,3,0,0.5456315,0.5345688760059009
4374,3,0,0.80013436,0.778276710219197
4380,3,0,0.543802,0.5658530144438159
4384,3,1,0.8843778,0.8853241002706163
4386,3,0,0.58557266,0.6356454299401992
4393,3,1,0.59601605,0.6177422091504369
4397,3,0,0.33341005,0.32800852709939776
4400,3,0,0.39292935,0.38803669806586466
4402,3,1,0.6677253,0.6767094048010386
4408,3,0,0.27739954,0.2929847052218949
4410,3,1,0.73672056,0.7050886629637846
4412,3,0,0.7098018,0.6778738021513446
4419,3,1,0.7718766,0.7385853078799112
4420,3,0,0.44598535,0.43446009546522024
4423,3,0,0.34253848,0.4017695277307801
4426,3,0,0.3396515,0.3466604480527813
4433,3,0,0.6620829,0.6343278991414673
4435,3,1,0.65517366,0.6272475148943347
4438,3,0,0.6458383,0.6120963373800866
4445,3,0,0.22564203,0.22975705690509085
4447,3,1,0.66816604,0.6567781370229108
4452,3,0,0.56545436,0.5575795511201231
4462,3,0,0.26690584,0.29186187257433743
4468,3,0,0.22077022,0.22285546228444633
4471,3,0,0.56150687,0.5505395742982068
4476,3,1,0.580789,0.5812861759343375
4478,3,0,0.65224785,0.6590511672509806
4483,3,1,0.6305778,0.6462848645678703
4484,3,0,0.32679656,0.39053874228755
4502,3,1,0.7684461,0.7468646109640479
4519,3,1,0.42521295,0.39358008401178374
4520,3,1,0.5082205,0.5188062682959008
4531,3,1,0.83246803,0.7983163599994249
4535,3,1,0.53411967,0.5113909430896406
4539,3,0,0.6115661,0.5792586751313402
4544,3,0,0.41229805,0.45692072513419163
4549,3,1,0.4588701,0.43901358288246123
4555,3,0,0.7817875,0.7416877685742651
4561,3,1,0.5261329,0.5371701693233195
4566,3,0,0.32205835,0.3132894830812367
4568,3,1,0.50219655,0.5140941834670302
4569,3,0,0.49114865,0.5092533691446273
4577,3,0,0.37348795,0.4444060110730828
4578,3,1,0.8532533,0.7938942362670122
4582,3,0,0.7719532,0.7364976144973249
4589,3,0,0.57854193,0.5744225885509279
4591,3,1,0.77412784,0.7418085433561563
4592,3,0,0.7071937,0.7117148231338175
4596,3,1,0.7630514,0.7413656501330388
4597,3,0,0.2942256,0.3320687177804329
4601,3,1,0.73499525,0.6970491396763481
4603,3,1,0.7423144,0.7591737802229648
4608,3,1,0.92144364,0.9189971328600173
4623,3,1,0.83521295,0.7909356520815045
4624,3,0,0.30151406,0.32931484513805814
4630,3,0,0.3715669,0.4276954079922087
4631,3,0,0.43773013,0.4675986659524391
4642,3,1,0.6216699,0.6565158006219425
4653,3,0,0.317133,0.3187467134278913
4654,3,0,0.5417527,0.5754073911580799
4659,3,0,0.7020683,0.6903645063929005
4660,3,1,0.5253224,0.5198326364337363
4667,3,0,0.29023433,0.30016091514973436
4669,3,0,0.75853676,0.7351242924515216
4672,3,1,0.7384388,0.719755776763601
4676,3,0,0.24262421,0.23438280921778945
4677,3,0,0.86419326,0.8389608890214529
4678,3,1,0.6904613,0.7011660296788021
4682,3,1,0.893102,0.8830261985425131
4687,3,0,0.4630178,0.4533749575266384
4688,3,1,0.41874892,0.4333484729545385
4690,3,0,0.5936098,0.5677498021341856
4705,3,1,0.8779871,0.8787581261197357
4707,3,1,0.85837835,0.8612658048959211
4710,3,0,0.49655816,0.5141675918115549
4715,3,1,0.48144162,0.49363809298347844
4717,3,1,0.6098572,0.6083142700613481
4721,3,0,0.50643235,0.5286044212192847
4727,3,1,0.8231429,0.8004214811999397
4735,3,0,0.63458246,0.6177786183166352
4741,3,0,0.21785697,0.2300805856577262
4743,3,0,0.5737409,0.5900889057332698
4748,3,0,0.56451,0.5571064163017325
4749,3,1,0.65757203,0.6488810492721001
4752,3,0,0.23834707,0.20382360770130553
4753,3,0,0.76792616,0.7533206328219837
4754,3,1,0.8455878,0.8252726848480485
4758,3,1,0.5781219,0.5888515143482647
4760,3,1,0.39099783,0.4420085980425342
4762,3,1,0.6828801,0.6904878096480692
4768,3,1,0.83387524,0.8122919155760144
4770,3,1,0.67512876,0.6496306726607134
4772,3,1,0.8059543,0.7800161727022449
4781,3,1,0.7141031,0.6901819491027774
4784,3,1,0.74498343,0.7307173284595159
4786,3,1,0.74238926,0.7440003395823492
4790,3,0,0.6357787,0.6269427796726026
4796,3,1,0.68066865,0.6534997006199483
4802,3,0,0.42683062,0.45434347262678254
4806,3,0,0.297046,0.2855642758765619
4808,3,1,0.6684084,0.7179920674735613
4809,3,0,0.42933947,0.432602900417055
4811,3,1,0.6340945,0.638680003097848
4814,3,0,0.7134284,0.6765566677690267
4818,3,0,0.6459887,0.6411838768476287
4820,3,0,0.6293798,0.6546164002052414
4821,3,1,0.60874116,0.5539350555764223
4823,3,1,0.49564445,0.5155876296545652
4824,3,1,0.4528936,0.47885891973773786
4827,3,1,0.65846086,0.6794854863020245
4838,3,0,0.3276703,0.37157037887883276
4841,3,1,0.76268685,0.7254855600041711
4842,3,0,0.58767056,0.5891374992568056
4844,3,0,0.5011977,0.547080192043764
4847,3,1,0.6859837,0.6265090088259374
4849,3,1,0.72677344,0.7109679948734009
4851,3,0,0.62015563,0.5400726924246261
4853,3,0,0.38197583,0.4212801690141646
4855,3,0,0.62974036,0.6026939265170126
4866,3,1,0.8182371,0.799826291737145
4869,3,1,0.6861309,0.6806719612651353
4882,3,1,0.825915,0.7975445632435559
4894,3,1,0.4398965,0.4654189660932305
4904,3,0,0.43752694,0.43769075028679716
4907,3,1,0.74709964,0.7178551376145881
4910,3,0,0.6356228,0.6197411603455774
4915,3,1,0.5340736,0.5183871863519092
4920,3,1,0.6388199,0.6551151592282854
4922,3,1,0.63976365,0.6105692290609861
4927,3,0,0.5208097,0.5228357086610445
4930,3,1,0.1454123,0.1497646918953519
4934,3,1,0.73685294,0.7515187660595364
4941,3,0,0.41755334,0.4002032735857304
4942,3,1,0.24268863,0.23376930889873213
4944,3,0,0.4323914,0.4932593096511113
4945,3,0,0.20461269,0.19995345031570871
4946,3,0,0.7609606,0.7464952306549062
4947,3,0,0.4978431,0.5094100269870752
4951,3,1,0.7251605,0.6931848734569778
4961,3,0,0.41316345,0.40677604238479365
4964,3,1,0.74007004,0.715080291365103
4969,3,1,0.79724365,0.7673714058422214
4993,3,1,0.9100186,0.9182334566285816
4995,3,1,0.7991053,0.7584321179327559
5007,3,1,0.7862247,0.7506802033946992
5012,3,0,0.19135025,0.21223453766146408
5013,3,0,0.6574318,0.6614056721816517
5021,3,1,0.42857513,0.43594922082757476
5023,3,0,0.38145593,0.4611530344561829
5027,3,0,0.72942364,0.7033849854495027
5035,3,0,0.54459786,0.5358336116594319
5044,3,0,0.18578367,0.18086075681289743
5046,3,0,0.4691035,0.4760596355992187
5053,3,0,0.34138316,0.3166080896238365
5070,3,0,0.16140454,0.152044783039735
5071,3,0,0.4729022,0.4747434773427284
5080,3,0,0.23188752,0.22699391640505395
5086,3,0,0.23349914,0.24131194103648054
5089,3,1,0.5522261,0.5706063279742623
5103,3,0,0.18747489,0.20888376383356522
5113,3,0,0.23539454,0.22251794079632278
5117,3,1,0.6083932,0.5510897818850871
5122,3,0,0.39725763,0.4139887640950455
5126,3,0,0.37438574,0.4023736306462999
5127,3,1,0.78293365,0.7550928766513776
5129,3,0,0.53016406,0.5428933684284803
5139,3,1,0.82515544,0.7991229706326762
5141,3,0,0.10312924,0.11685214818256108
5142,3,1,0.703605,0.6577762131927434
5146,3,0,0.40600216,0.378697801685886
5158,3,1,0.7368803,0.7225392636308118
5159,3,0,0.65145975,0.6605014613889337
5167,3,1,0.3865431,0.3862477749676726
5172,3,0,0.5474383,0.5732810386538469
5180,3,0,0.5358673,0.5562336301541173
5185,3,0,0.21280237,0.21107024076719946
5194,3,1,0.72557276,0.7159288105054656
5200,3,0,0.83342767,0.7868720356941489
5202,3,1,0.6609695,0.6288563966174769
5203,3,0,0.1523148,0.14845661782708205
5206,3,1,0.39321345,0.44305893255880013
5208,3,0,0.2557203,0.25781699002375286
5212,3,0,0.38981918,0.4445464182715935
5222,3,0,0.7115844,0.6880062672625629
5223,3,0,0.5940658,0.5938209053390883
5243,3,1,0.685884,0.6809748302658415
5247,3,1,0.4374482,0.4189994755804002
5248,3,0,0.27037412,0.2904699402244324
5249,3,0,0.22053306,0.24007654950148036
5254,3,1,0.552018,0.5683813984348579
5262,3,0,0.18486746,0.21885863120826302
5272,3,1,0.7024509,0.6986457463329193
5274,3,1,0.65895456,0.6494048854138493
5278,3,1,0.7640897,0.7319418367796545
5279,3,0,0.39373237,0.400924046370743
5288,3,0,0.12460077,0.12620443864553912
5292,3,1,0.4041048,0.42105435456882856
5294,3,1,0.6361947,0.6206697480576943
5296,3,0,0.5163765,0.49995618275525217
5299,3,0,0.59933186,0.579159169774147
5300,3,1,0.6806332,0.6641715694957141
5301,3,0,0.25004885,0.2526961577038852
5303,3,0,0.14807898,0.1655261245446781
5311,3,1,0.6006401,0.62715873568687
5314,3,0,0.26286036,0.267447964218027
5316,3,0,0.6293015,0.63251481280788
5317,3,0,0.6476264,0.6482522871601679
5320,3,0,0.34411246,0.39437977677518854
5322,3,1,0.29547605,0.2928940014225393
5328,3,1,0.5313778,0.5476826094056658
5329,3,0,0.1738459,0.1820222314792016
5335,3,1,0.8357869,0.7936993073960844
5337,3,1,0.7086738,0.69360976979309
5342,3,1,0.32956868,0.36253214856272326
5356,3,0,0.3980179,0.44815423569629015
5360,3,0,0.48003775,0.46403215716074914
5363,3,1,0.74595505,0.7119533180059082
5365,3,0,0.5239157,0.5275744179432362
5367,3,0,0.6706984,0.6356837260469921
5378,3,1,0.7853311,0.7580595519404579
5380,3,0,0.46809027,0.4879803971218515
5381,3,0,0.28688157,0.31145994724447007
5386,3,0,0.41730404,0.4288963062939149
5395,3,1,0.63756883,0.6340324192993074
5399,3,0,0.47247988,0.46307859060931356
5404,3,1,0.56769574,0.5878583213419322
5405,3,1,0.13545528,0.11705204637633233
5409,3,1,0.4129242,0.4336630366044887
5411,3,1,0.6346392,0.6465930084714413
5415,3,1,0.46595344,0.47989950505819806
5416,3,0,0.13791883,0.1394244976497342
5418,3,0,0.19672075,0.24515315687270056
5422,3,1,0.30714387,0.3273081451886983
5430,3,1,0.6613579,0.6761421240066356
5433,3,1,0.22231914,0.2474727340657969
5436,3,1,0.7048171,0.7029463293639291
5437,3,0,0.31668445,0.30523362482668853
5438,3,1,0.6798737,0.6638942777888568
5441,3,1,0.5357912,0.547616398460603
5445,3,1,0.81096363,0.7858792724825022
5446,3,0,0.6388633,0.6273528888295337
5448,3,1,0.11841645,0.1444901857960997
5456,3,0,0.38569042,0.40241333440161103
5461,3,0,0.72811604,0.6850984790989856
5467,3,1,0.197209,0.21441434463160583
5473,3,0,0.35863146,0.3661352119089434
5475,3,0,0.7496763,0.7490087394927131
5476,3,0,0.11653794,0.1466891577002191
5479,3,0,0.34410176,0.36685756343313514
5483,3,0,0.2689768,0.27835296243163293
5488,3,0,0.34459254,0.37980751283019365
5490,3,0,0.32314652,0.3296844882129935
5494,3,1,0.44017664,0.49440963014074873
5500,3,1,0.73852456,0.7091472255252983
5503,3,1,0.57863075,0.6188008364804152
5515,3,1,0.64156795,0.6353708051537478
5518,3,1,0.78335845,0.7667369107819069
5519,3,0,0.13968788,0.14944937319344045
5528,3,1,0.36359558,0.3813962393318407
5535,3,1,0.84658,0.8227751840956327
5538,3,0,0.37991446,0.4133118217172835
5546,3,0,0.47402415,0.45728162519459237
5554,3,0,0.47888535,0.48866711788768974
5555,3,0,0.37103087,0.37409342451985794
5573,3,0,0.43689603,0.448751441228128
5576,3,0,0.635243,0.6217980635509724
5577,3,0,0.3764754,0.39301189373989537
5578,3,0,0.29661593,0.3041022049047129
5584,3,1,0.3386193,0.3366309738620229
5588,3,1,0.717964,0.7066239876994156
5594,3,1,0.63650346,0.652587876449295
5597,3,1,0.24721867,0.2322474764618306
5602,3,0,0.31990278,0.34540931671993585
5608,3,0,0.39426434,0.43972074653003773
5615,3,1,0.7672735,0.7373679884342089
5616,3,1,0.6536214,0.6397185437083476
5619,3,0,0.2164277,0.2315456630282624
5621,3,1,0.7602574,0.7033687607069605
5625,3,1,0.5330939,0.535305694389728
5627,3,1,0.77851367,0.7420100985400349
5646,3,0,0.64883685,0.6361721708423752
5651,3,0,0.34150425,0.37691485818996534
5656,3,0,0.67540836,0.6561811295864901
5661,3,1,0.6972784,0.6762252472586118
5664,3,0,0.38251054,0.38723858157624164
5670,3,1,0.5465294,0.5473389441993832
5672,3,0,0.5459233,0.5433303313102652
5676,3,0,0.32206059,0.32872075021707736
5691,3,1,0.76860833,0.7274009168226153
5698,3,0,0.30139816,0.3189258118912484
5704,3,0,0.3148753,0.4118470444531181
5712,3,1,0.32273775,0.32036949086569366
5716,3,0,0.24470155,0.28474723478389363
5720,3,1,0.818914,0.8034576066580718
5728,3,1,0.74720013,0.713124643209726
5730,3,1,0.54692096,0.5943567841010194
5738,3,1,0.5520391,0.5527577658446908
5740,3,1,0.5927861,0.623213802202303
5748,3,1,0.8537584,0.8435380967244278
5753,3,0,0.6924344,0.686904864474461
5754,3,0,0.49444166,0.4936184059331273
5761,3,0,0.18464538,0.1978895700572161
5762,3,0,0.25054452,0.2730977839156387
5764,3,1,0.70353174,0.6910586736739762
5766,3,1,0.41787848,0.4333561684551458
5776,3,1,0.6468046,0.6340992338367921
5784,3,0,0.20483953,0.20518193757008807
5786,3,0,0.3386547,0.36343179637561174
5790,3,0,0.60303605,0.604504852727437
5791,3,0,0.67371637,0.664260499610553
5803,3,1,0.79460734,0.7489198900011865
5811,3,0,0.18136813,0.20037107202653817
5816,3,0,0.8424388,0.8254503337976156
5821,3,1,0.8043659,0.783951637480231
5828,3,1,0.69754964,0.6810459536575434
5840,3,1,0.77157724,0.7504687262507207
5845,3,1,0.5361823,0.5706539882580612
5848,3,0,0.23868275,0.30797432812116465
5849,3,1,0.76317,0.7729436731226909
5853,3,1,0.726416,0.6974109849026364
5861,3,0,0.6581685,0.6712341240795935
5864,3,0,0.237397,0.2805939655983598
5867,3,0,0.7908154,0.7703468711749826
5868,3,1,0.67286974,0.6688763345685372
5871,3,0,0.5707861,0.5771470796077854
5878,3,1,0.77640796,0.7322188812523951
5880,3,0,0.59523875,0.5835630153164586
5886,3,0,0.29146662,0.29908086350317087
5888,3,0,0.5212713,0.5048131605422768
5894,3,0,0.4453141,0.44171754551661785
5895,3,0,0.65940285,0.6376623469173388
5896,3,0,0.62855667,0.6352136182057054
5897,3,0,0.81342334,0.7938136978001549
5902,3,0,0.41660985,0.40553408011689107
5913,3,0,0.5763187,0.5893082616210846
5915,3,1,0.49970454,0.5019285393111025
5918,3,1,0.80043215,0.7729685135537363
5926,3,1,0.6725043,0.6544209874746779
5933,3,1,0.7502132,0.7544848136841769
5938,3,1,0.86679745,0.8517052896421377
5939,3,1,0.6577769,0.6541600620740327
5952,3,1,0.7959007,0.7807533888629086
5957,3,1,0.7753162,0.7568007408361588
5966,3,1,0.8586771,0.8476004303193982
5978,3,0,0.6941475,0.6909698462764996
5979,3,0,0.59773666,0.6007773995026015
5980,3,1,0.78158087,0.7718124707547916
5981,3,1,0.6173279,0.5830653511339308
5983,3,0,0.5041262,0.5161205439307931
5986,3,1,0.803417,0.8026331661373174
5987,3,1,0.7019851,0.7119611308257172
5988,3,1,0.69737685,0.6738778434529812
5989,3,0,0.5119241,0.5170544184571513
5990,3,1,0.64327615,0.6091113624382822
5991,3,1,0.782393,0.7880609494694519
5995,3,0,0.8857452,0.8863691085585391
6007,3,1,0.48897827,0.5121395623318745
6008,3,1,0.7999483,0.7639695971956308
6021,3,1,0.55246603,0.573651037449499
6028,3,0,0.6716759,0.7059516893518768
6040,3,0,0.60803086,0.5913007880145164
6044,3,1,0.6611867,0.6554752833233903
6049,3,1,0.59208614,0.6053593796588824
6058,3,1,0.69276226,0.631336358319651
6061,3,0,0.14602244,0.1595959299057519
6062,3,1,0.7687769,0.7225220286058569
6067,3,1,0.6560046,0.6299049178354105
6069,3,0,0.7881299,0.7722728895440826
6076,3,1,0.62062955,0.6154197130377581
6084,3,1,0.5427295,0.549048549842833
6088,3,1,0.25143266,0.24509567238121305
6089,3,0,0.07984021,0.08264673212102766
6092,3,0,0.17814507,0.1681716432750016
6094,3,0,0.35170165,0.3561442838689118
6097,3,1,0.5741285,0.5617866160419491
6104,3,1,0.69711757,0.6845515393148132
6111,3,1,0.6450588,0.6277177368098015
6114,3,1,0.8941239,0.867722831041873
6125,3,0,0.6377177,0.6580389972500071
6126,3,1,0.8349828,0.8296584479780046
6129,3,0,0.20274326,0.21779322762516473
6130,3,1,0.7184612,0.6984063895762982
6132,3,1,0.7701196,0.7424886269099502
6141,3,0,0.77923924,0.7525942977699386
6148,3,1,0.40091395,0.4330201051156467
6150,3,1,0.70055956,0.6856112680945978
6153,3,1,0.573914,0.6022893703920318
6154,3,0,0.67175204,0.6582658266555235
6168,3,1,0.5587331,0.5480643159661852
6170,3,0,0.71225685,0.7144838703224693
6173,3,1,0.7410416,0.6791376101438558
6175,3,0,0.6011734,0.5909811751639711
6179,3,1,0.7905504,0.7709348600378814
6181,3,1,0.40495387,0.4173048921764661
6182,3,1,0.40922606,0.4179150864000866
6185,3,0,0.5170862,0.5410247608304996
6188,3,1,0.42007834,0.4559707621371906
6195,3,1,0.53581285,0.48045032716049824
6202,3,0,0.20833084,0.19410991087486623
6210,3,1,0.30806535,0.3150233655147639
6212,3,1,0.42262146,0.4388212883464121
6213,3,1,0.79902476,0.7712234292587044
6217,3,0,0.42712045,0.45545640421402833
6222,3,0,0.60545456,0.583185769561104
6228,3,1,0.56972545,0.5755539825665541
6247,3,0,0.58138055,0.6309601649383667
6249,3,1,0.64082515,0.6636502673890357
6250,3,0,0.73737514,0.7006991217123345
6251,3,0,0.37359953,0.3925360737431101
6253,3,1,0.57440966,0.5782332188739403
6258,3,1,0.757024,0.7483552054878314
6259,3,1,0.6077782,0.6290965510539182
6260,3,1,0.45127654,0.5015611510678974
6266,3,1,0.6581866,0.6367767637414369
6268,3,1,0.6635258,0.6588524843455319
6269,3,0,0.5852455,0.6019053676108695
6270,3,0,0.076368645,0.08437350665726406
6275,3,1,0.3676759,0.37540719005867385
6278,3,1,0.41544113,0.42984892481935794
6286,3,1,0.83944,0.8223040129648527
6287,3,1,0.89746517,0.8945208438403597
6293,3,1,0.8159842,0.7956878759075025
6298,3,1,0.79160404,0.7719836645018289
6304,3,1,0.7624949,0.7692603730601878
6307,3,1,0.6459702,0.6149185348242321
6310,3,1,0.53783995,0.5527138809285578
6311,3,1,0.6683742,0.6352989890551163
6314,3,1,0.5108346,0.4914981296529234
6324,3,1,0.8011842,0.7867321689667695
6332,3,0,0.84271926,0.8508888317843589
6338,3,0,0.67243385,0.6327142969986608
6339,3,0,0.24170177,0.2695141572125368
6344,3,1,0.79961103,0.7761594218846496
6347,3,0,0.4861143,0.4648883404938816
6351,3,0,0.56826687,0.6109626067807986
6353,3,1,0.5466072,0.5356654618845184
6356,3,1,0.70551395,0.7219862297465935
6359,3,1,0.5924809,0.5776461822632025
6361,3,1,0.8570185,0.840745141949786
6369,3,1,0.83015907,0.8207313208167581
6373,3,1,0.5892522,0.5224255884685897
6375,3,1,0.7708576,0.740133050890104
6384,3,0,0.5544364,0.5431567245044092
6387,3,1,0.674315,0.6889951441272948
6389,3,0,0.13695072,0.13337845507071722
6391,3,0,0.86682934,0.8451882161672987
6396,3,1,0.76035327,0.7429418915649457
6404,3,1,0.40577477,0.40130611032231533
6406,3,0,0.5663611,0.5260911010176622
6409,3,0,0.51524985,0.5152980838768234
6412,3,1,0.6702566,0.6672667897258352
6413,3,1,0.8313566,0.810311104534764
6415,3,1,0.7701553,0.753691480748262
6416,3,1,0.76455677,0.7402205830089397
6419,3,1,0.83612615,0.8204154573757368
6422,3,0,0.32242903,0.35629504774375087
6426,3,0,0.6563498,0.6423313696954648
6428,3,0,0.26359254,0.2572896157874199
6437,3,1,0.74571955,0.726674996444698
6442,3,1,0.777784,0.7515352415314348
6446,3,1,0.7433921,0.7234134618265143
6462,3,1,0.43795186,0.4255632850143663
6466,3,1,0.20342861,0.21349824953521165
6470,3,0,0.28966677,0.3044819805072575
6476,3,1,0.89858055,0.8931148768252914
6479,3,0,0.7804052,0.7801965932149253
6482,3,0,0.36506873,0.408810855221795
6492,3,1,0.7751055,0.7748531669687978
6498,3,1,0.8009362,0.7968314554011658
6505,3,0,0.8154279,0.7982014050025706
6510,3,1,0.4971394,0.4860059204748447
6513,3,0,0.54680824,0.5605018904223378
6523,3,1,0.6580272,0.7082315988744351
6524,3,0,0.7379335,0.7384433912342027
6529,3,1,0.41310084,0.4358667202610898
6536,3,1,0.74671793,0.7177461998725722
6546,3,0,0.8586321,0.8316372512932083
6547,3,0,0.681927,0.7014882100053277
6558,3,0,0.56689286,0.5584216663915855
6559,3,0,0.55301166,0.5422985387504876
6565,3,1,0.67089885,0.6479314501740582
6567,3,0,0.8315458,0.8433763990691926
6570,3,1,0.6062694,0.6008395146998007
6575,3,0,0.2427819,0.24321386357762556
6577,3,0,0.6314526,0.6343313385481066
6580,3,1,0.7243458,0.7132353540728976
6583,3,0,0.7210866,0.7362418859627798
6587,3,1,0.63947487,0.6189935465037006
6591,3,0,0.13688567,0.11902817481769412
6598,3,1,0.7347057,0.7444465247291288
6601,3,1,0.8588248,0.8359596458493886
6613,3,1,0.48760232,0.4762723484218347
6618,3,1,0.7992741,0.817741036422139
6624,3,1,0.7453807,0.7136128999626635
6631,3,1,0.6732481,0.6678009874101021
6634,3,1,0.5775195,0.5227377506460469
6649,3,1,0.74082536,0.7451375898028746
6650,3,1,0.54752815,0.5640979970555744
6656,3,1,0.8355145,0.8403299764018832
6657,3,1,0.7254648,0.6746744104685021
6660,3,1,0.7445122,0.7260173651510317
6671,3,1,0.6979717,0.6846939778544014
6673,3,1,0.3397379,0.3689077040497941
6676,3,1,0.7844627,0.7571732733994555
6677,3,0,0.7434027,0.6911133836813949
6681,3,0,0.3459368,0.3303636244593269
6683,3,1,0.39264584,0.41099677748782204
6685,3,1,0.85450584,0.8441943856822578
6687,3,1,0.4547242,0.48684029728615164
6692,3,0,0.26311535,0.2563020378995266
6699,3,1,0.7837839,0.76964188974174
6702,3,1,0.5599207,0.5828140743397261
6707,3,0,0.4011853,0.4047206976801442
6709,3,0,0.5220798,0.4732060014390054
6710,3,1,0.41497335,0.39028821574050676
6711,3,1,0.72690266,0.7211733782541202
6716,3,1,0.6596425,0.6585516144534677
6722,3,1,0.58567744,0.5946544648563019
6733,3,1,0.66337156,0.6743431794868353
6736,3,0,0.50911087,0.47770238513133817
6743,3,1,0.7688321,0.7787575509332186
6748,3,1,0.57270265,0.6030624811521683
6750,3,0,0.13517797,0.12916945997127863
6751,3,1,0.7525781,0.7417942978039607
6754,3,1,0.6406222,0.6253056969388501
6756,3,0,0.77682084,0.7330967233209337
6759,3,1,0.38530216,0.4186691747861921
6760,3,1,0.8147291,0.7914977569250414
6768,3,1,0.78730243,0.7573667521639349
6776,3,1,0.74024266,0.7107865908140873
6789,3,1,0.77916116,0.7210476330052502
6791,3,1,0.4965852,0.493507675693472
6803,3,1,0.69597346,0.6869575146097998
6814,3,1,0.8570831,0.8174057294168464
6816,3,1,0.40201175,0.4531417279404782
6824,3,0,0.8177558,0.799785098067041
6837,3,0,0.46935093,0.502086442227376
6840,3,1,0.508905,0.5265211928606719
6848,3,0,0.69229484,0.7068078793790692
6853,3,0,0.64282745,0.6344251058943996
6855,3,1,0.5699992,0.5625294884927022
6865,3,1,0.75181586,0.7357760078834755
6872,3,0,0.71917796,0.7846170349642319
6879,3,1,0.4068571,0.42977634702584383
6883,3,0,0.55194837,0.5414930801708964
6885,3,1,0.6482496,0.6383423209848093
6899,3,0,0.83294505,0.8194800836203712
6905,3,1,0.6831854,0.6907283246563498
6907,3,1,0.6764059,0.6602131659416282
6911,3,0,0.24408427,0.2456202879036984
6913,3,1,0.85866696,0.8696321252468596
6914,3,0,0.4863209,0.4893944142897524
6920,3,1,0.6452141,0.6812263423447313
6922,3,1,0.88493896,0.8761152567910644
6927,3,1,0.49409357,0.5136116045910148
6928,3,0,0.6866874,0.7049141055495926
6933,3,0,0.5713414,0.5398087131262838
6937,3,1,0.37979177,0.3481589575776573
6945,3,0,0.25467154,0.254897900446131
6953,3,1,0.4044087,0.4188122579886116
6955,3,1,0.8251628,0.803209460136549
6960,3,1,0.3656712,0.3636849275868758
6964,3,0,0.760623,0.7344583453052215
6965,3,0,0.6126979,0.6184868159585136
6966,3,1,0.6872906,0.6523216663809589
6973,3,1,0.76444376,0.7608527459998442
6976,3,1,0.6221457,0.6110132888974579
6983,3,1,0.7823072,0.7773928551733791
6984,3,0,0.2182401,0.1993685938596713
6989,3,1,0.8284999,0.8170048009449328
6990,3,1,0.6316735,0.612085071532272
6991,3,0,0.6132071,0.6088706190342863
6992,3,1,0.8605782,0.8499350189667091
6998,3,1,0.7389942,0.7470048334573897
7006,3,0,0.20517513,0.22121480660662146
7011,3,1,0.48041892,0.5126380929382303
7014,3,1,0.8059339,0.7979874665607892
7017,3,1,0.6536401,0.670990422455202
7027,3,1,0.5465256,0.5645601116593717
7032,3,1,0.7937728,0.7760978026127301
7033,3,1,0.90669274,0.8955311291720986
7034,3,1,0.23836376,0.2275569056665617
7037,3,0,0.7022625,0.683987674088974
7039,3,0,0.71746993,0.7028115796343384
7040,3,1,0.41004425,0.43073868827233075
7050,3,0,0.21723829,0.23895364802720007
7062,3,1,0.7269811,0.7226112023483219
7063,3,1,0.65911067,0.6481997889909615
7065,3,1,0.5368929,0.5405918026474651
7076,3,1,0.5694487,0.5827935272175765
7080,3,1,0.56767696,0.5692823329657603
7083,3,0,0.63821894,0.6355579144942628
7088,3,1,0.7351231,0.7247316692160357
7093,3,1,0.89569515,0.8832517850903692
7095,3,0,0.3432761,0.3471130308615194
7106,3,1,0.31352186,0.3442421935495099
7116,3,1,0.7366997,0.7026819463410193
7119,3,1,0.6960764,0.7055577692038766
7124,3,0,0.3928732,0.3610256800825083
7126,3,1,0.9129215,0.906149850672083
7137,3,0,0.73548293,0.7028874693654108
7139,3,1,0.84692883,0.8298155341061282
7140,3,0,0.62373954,0.5941306436632823
7142,3,0,0.7645424,0.7568728204255716
7145,3,1,0.85010374,0.8159180530736924
7146,3,1,0.7380742,0.730860424239356
7147,3,0,0.7283829,0.7220171280960189
7152,3,1,0.6644982,0.6500917580273696
7153,3,0,0.47434556,0.4930215283612484
7156,3,1,0.75872785,0.7281882203691622
7158,3,1,0.8336439,0.8007967782151567
7160,3,0,0.418091,0.4257227501157078
7161,3,1,0.7736586,0.7596002580128236
7162,3,1,0.88051665,0.8828570316769822
7168,3,0,0.58589983,0.5940269289094847
7179,3,0,0.5015255,0.5191322807346256
7183,3,1,0.6716491,0.7113554514608137
7190,3,0,0.5936571,0.6125841916549121
7216,3,1,0.52131987,0.5244290332489238
7217,3,1,0.5121414,0.520931487935575
7218,3,1,0.6872136,0.6897655517678144
7220,3,1,0.7477227,0.76686734368915
7225,3,1,0.6427139,0.6137250586652843
7232,3,1,0.55829686,0.5532250810496826
7239,3,0,0.69807243,0.6935845130869399
7240,3,0,0.17044966,0.20105723839077344
7242,3,1,0.59068596,0.5966078038662647
7245,3,0,0.53629863,0.5453864193723191
7246,3,0,0.4107058,0.4383220679482815
7249,3,1,0.8137267,0.8290365999027052
7250,3,1,0.5573657,0.5524635380758741
7253,3,1,0.67104787,0.6331016386636246
7262,3,0,0.74843407,0.7494883606708574
7264,3,1,0.8026715,0.7703876524514969
7276,3,1,0.8309832,0.7923951775869408
7279,3,1,0.8056671,0.7794578472904796
7280,3,1,0.7797526,0.7684175915299071
7284,3,0,0.7370087,0.7379656333589408
7293,3,0,0.5150649,0.5579078188675561
7298,3,1,0.7758645,0.7463656659582735
7299,3,0,0.85501736,0.8509243965308346
7300,3,1,0.82461,0.8505501214511088
7303,3,1,0.684757,0.7078405352326609
7310,3,1,0.71232307,0.6960906613221479
7314,3,0,0.4376145,0.4668048546409
7316,3,1,0.699731,0.6934557236351431
7330,3,0,0.78253186,0.7576509715080871
7333,3,1,0.89469993,0.8883785335657803
7337,3,1,0.31488517,0.3216386514332405
7345,3,1,0.71259916,0.7218450518297981
7346,3,0,0.75453556,0.7601964836798727
7347,3,0,0.25529036,0.22792851386635612
7354,3,1,0.59315866,0.6273386776112834
7357,3,1,0.64157254,0.61941384690862
7362,3,1,0.7040404,0.7246016873266647
7363,3,0,0.30445108,0.30328545797946593
7364,3,0,0.3832979,0.40107103337208694
7365,3,1,0.7042988,0.6736729723501718
7370,3,1,0.42827645,0.4323904104582451
7371,3,1,0.7922346,0.7872822736608954
7376,3,1,0.87609416,0.8657140892840379
7381,3,1,0.6761065,0.657319356742173
7382,3,1,0.88518494,0.8799162215996298
7390,3,0,0.77144086,0.7874639180148547
7393,3,0,0.5757499,0.5641501199230236
7402,3,1,0.81044465,0.8005829755736685
7403,3,1,0.61581516,0.5953246443828886
7406,3,1,0.8680134,0.8583757542857493
7407,3,1,0.5380091,0.5387975500209561
7415,3,0,0.7728586,0.7987922311347364
7419,3,0,0.3105778,0.3248629572724538
7423,3,1,0.5117026,0.530297426345872
7424,3,0,0.4062079,0.40088547363736793
7432,3,1,0.71702313,0.6932722382445906
7433,3,0,0.30576506,0.31987067786394885
7438,3,0,0.12535568,0.10552561550325383
7440,3,1,0.70614856,0.6740929054278829
7441,3,1,0.8933905,0.8847071758273128
7442,3,1,0.7150945,0.7288668659573558
7443,3,1,0.9022667,0.8852022434599054
7445,3,1,0.7583151,0.7464252048343682
7450,3,0,0.55164057,0.556073657109847
7468,3,1,0.83484334,0.8039564847062123
7469,3,0,0.6542992,0.6360288445892853
7478,3,1,0.71101695,0.6817378556326025
7480,3,0,0.38253093,0.3870229707994483
7481,3,0,0.5874358,0.5159822870619644
7492,3,0,0.5576422,0.5337634186777261
7498,3,1,0.7457693,0.7404850024797508
7506,3,0,0.5547851,0.5691407426062516
7507,3,1,0.6587344,0.6224280843491355
7511,3,1,0.45092306,0.4567800621845714
7514,3,1,0.6367768,0.6425175584598698
7516,3,0,0.22929437,0.23046782289928147
7517,3,0,0.8384115,0.8307290310556935
7523,3,0,0.48872963,0.5026322237750337
7524,3,1,0.682655,0.7149477276889351
7528,3,0,0.48179743,0.5175693709145791
7535,3,1,0.6938366,0.6698199721706813
7547,3,1,0.52638596,0.5490100627573803
7552,3,1,0.7143457,0.7101026910829282
7560,3,1,0.64444244,0.6130233806455677
7566,3,1,0.68451285,0.6747461322827683
7575,3,0,0.3380447,0.35104392703063597
7585,3,1,0.8045582,0.7978601161556504
7588,3,1,0.29601038,0.2938109058556186
7593,3,1,0.59129995,0.5872387035487054
7604,3,0,0.55617094,0.557909122543103
7607,3,0,0.46742076,0.5080991019095414
7609,3,0,0.27956462,0.31794626472124027
7616,3,0,0.5515652,0.5468516346201583
7618,3,1,0.8549775,0.8640682693428081
7619,3,0,0.43753007,0.44782443818506995
7625,3,1,0.8141651,0.785209910491898
7626,3,0,0.8110096,0.7335838863878116
7629,3,1,0.4913295,0.5151722347039752
7632,3,0,0.4568315,0.4501765940918183
7641,3,1,0.43711293,0.4070353795193576
7646,3,0,0.6961773,0.6677068356201283
7648,3,1,0.48321915,0.51379968831116
7649,3,0,0.31657034,0.3308535663438592
7656,3,0,0.26465786,0.2531087742849958
7660,3,0,0.68348706,0.6668198680600047
7663,3,1,0.72281057,0.710749156323421
7665,3,1,0.40171427,0.4782614915885639
7674,3,1,0.63875234,0.6397804394693759
7675,3,1,0.66746956,0.7348572310930204
7677,3,1,0.86435354,0.8573234535556636
7680,3,1,0.7913617,0.7711585014085365
7686,3,0,0.43119496,0.40917213303155314
7688,3,1,0.8867729,0.8803433976907727
7690,3,0,0.6697556,0.6536270831715317
7705,3,0,0.17401686,0.16074020963364405
7709,3,0,0.77692485,0.7857153249382434
7719,3,0,0.6691434,0.6789117994158992
7720,3,1,0.8606935,0.8464549755255784
7724,3,1,0.9392043,0.9359719620432569
7726,3,0,0.55151105,0.5887379699071403
7731,3,0,0.72911793,0.7525767787395834
7733,3,0,0.58635724,0.5839183049856852
7737,3,1,0.6437246,0.6249361416425387
7738,3,1,0.5714271,0.5856407404132844
7742,3,0,0.22604506,0.2354970300409509
7747,3,1,0.7645928,0.7342652273053178
7756,3,1,0.4126391,0.401676863620018
7757,3,1,0.87218446,0.8709430668788839
7760,3,1,0.68823,0.729927458199452
7768,3,1,0.633995,0.6427258603100852
7777,3,1,0.40750086,0.4167579908090726
7778,3,1,0.46034023,0.4674130991921863
7791,3,1,0.729143,0.6867260432710285
7793,3,1,0.5758283,0.5771467606810289
7796,3,1,0.5195547,0.5062202105541241
7799,3,0,0.5951308,0.6214156933915895
7802,3,0,0.1517031,0.1554461272965245
7805,3,0,0.6096361,0.5911990306164048
7810,3,1,0.4550022,0.43427430941966605
7813,3,1,0.47206646,0.43239822645300907
7835,3,1,0.6890004,0.6934277225437896
7836,3,0,0.6559241,0.6725625595209982
7849,3,1,0.61364776,0.6273370675419765
7854,3,0,0.70652586,0.6974948891218975
7859,3,0,0.39717448,0.403193035348348
7861,3,0,0.26477286,0.3122157552556344
7862,3,1,0.62633187,0.6259467059999039
7863,3,1,0.6681349,0.6730462562662395
7870,3,1,0.63068885,0.6170181191489673
7878,3,1,0.56423813,0.5891401446507034
7884,3,0,0.6777692,0.6459637688530139
7885,3,1,0.68904465,0.6517825471704439
7888,3,1,0.565485,0.5832814135892272
7897,3,1,0.91116554,0.904588572861015
7898,3,1,0.87410414,0.8625453249682017
7901,3,1,0.76108426,0.733891553333993
7905,3,0,0.6993307,0.6878107432247146
7908,3,1,0.8121579,0.7821970925944206
7909,3,1,0.6807054,0.6749933504802353
7910,3,0,0.09518554,0.09224231370623154
7918,3,1,0.6783205,0.6651087240492731
7924,3,1,0.4954983,0.5151697723494917
7929,3,1,0.75775784,0.7484724706277645
7931,3,0,0.15804157,0.157622498502237
7937,3,0,0.6799104,0.6797195583462061
7939,3,1,0.5842125,0.5578539499257689
7945,3,0,0.6707717,0.6531214581218202
7948,3,0,0.41012323,0.39555635700920544
7954,3,0,0.8767936,0.8538735764248758
7958,3,0,0.13172486,0.1672099398919512
7959,3,1,0.28988463,0.27331940388798376
7969,3,1,0.71586806,0.7202861735998073
7971,3,1,0.9316517,0.9194355252762673
7983,3,0,0.7963078,0.785585230496719
7991,3,0,0.3914102,0.3873435693302573
7995,3,1,0.65484643,0.6487369651262086
7996,3,0,0.24115412,0.25182009655617216
7999,3,1,0.36154717,0.36148732364192937
8000,3,0,0.76694554,0.7737805729983461
8001,3,1,0.57311827,0.5958624599102397
8004,3,1,0.7887509,0.7757568459313209
8007,3,1,0.44094712,0.47287864775828026
8008,3,0,0.7605889,0.7549102655050159
8011,3,1,0.20465495,0.22860692790201015
8013,3,0,0.7847014,0.7410225324545601
8033,3,1,0.83328843,0.8471933586412554
8044,3,1,0.7904735,0.8177814527448091
8051,3,0,0.4606573,0.43628022396419197
8057,3,1,0.51805574,0.5038548329892348
8058,3,0,0.56793034,0.5815138936780045
8061,3,1,0.7242156,0.7284387614413207
8065,3,1,0.7219434,0.7209096532612775
8066,3,1,0.7392706,0.7147155317923071
8069,3,0,0.6180626,0.6158085113204381
8073,3,1,0.66648453,0.6785618803370937
8075,3,1,0.6242491,0.6342464696369288
8077,3,0,0.6710838,0.6896852081533913
8086,3,1,0.53154606,0.5381454096288795
8091,3,0,0.8450262,0.834174132170181
8093,3,0,0.8285363,0.799753854994476
8096,3,1,0.5807783,0.5960710673190718
8098,3,0,0.6555541,0.6458824525467409
8102,3,1,0.44258988,0.44953405898255794
8108,3,0,0.38970712,0.40587571562051544
8115,3,1,0.85092956,0.8744907768558942
8129,3,1,0.8538918,0.822887039578552
8132,3,1,0.7142354,0.7210964150263918
8139,3,1,0.82358253,0.8233919802284574
8144,3,0,0.75181085,0.7420348153231617
8152,3,1,0.7188947,0.6904550159000882
8169,3,1,0.87106407,0.8524069526142074
8170,3,1,0.621701,0.646590662690373
8173,3,0,0.6890122,0.6967415703367091
8174,3,1,0.7710645,0.750772482438692
8185,3,0,0.09023512,0.09665137817178858
8187,3,0,0.19514862,0.19567864522218592
8193,3,1,0.70278424,0.6896397452163089
8194,3,0,0.47267985,0.46769169525479065
8203,3,0,0.119897656,0.12866605869296363
8205,3,0,0.70801485,0.6997333449866441
8214,3,1,0.7640806,0.7535927497005859
8218,3,0,0.6210007,0.6246449290467089
8219,3,0,0.5348109,0.5545342242788345
8227,3,0,0.36240885,0.343551655000851
8232,3,1,0.70804244,0.7383677780935798
8243,3,0,0.1617621,0.16908540954890683
8244,3,1,0.8694393,0.8630044760181366
8245,3,0,0.28162244,0.2638215035670355
8246,3,1,0.6816772,0.6641501246402043
8249,3,1,0.72597426,0.7484881179114187
8257,3,1,0.5463419,0.5590864416364378
8261,3,1,0.58469707,0.579355632621093
8262,3,0,0.5053816,0.4932665844044399
8267,3,0,0.4338422,0.4545866335056561
8272,3,0,0.6277883,0.6094716589274627
8274,3,0,0.27206594,0.2928741239626902
8288,3,1,0.60433024,0.5914386166844933
8289,3,1,0.77887577,0.7774097359188729
8290,3,0,0.4430188,0.45682000676470347
8293,3,1,0.80190194,0.7994773959930174
8296,3,1,0.6712365,0.6951853271790083
8304,3,0,0.63927907,0.6122158966959048
8311,3,1,0.56387174,0.5433426780097814
8317,3,1,0.82817197,0.8152736750582045
8320,3,0,0.887142,0.843312157164879
8323,3,0,0.32502332,0.30297059249836744
8325,3,1,0.768425,0.767551282038705
8329,3,0,0.85934,0.8522811577870697
8330,3,1,0.8849089,0.887870836907873
8334,3,1,0.7743523,0.7376108120749989
8341,3,0,0.19435535,0.21808720652733482
8343,3,1,0.6035881,0.5733360148557771
8345,3,1,0.40157607,0.45453426775999467
8347,3,1,0.43440422,0.457112610573752
8353,3,1,0.18646231,0.1881520593793807
8356,3,1,0.6862352,0.6646914533046733
8361,3,0,0.5261505,0.5701524150802434
8364,3,1,0.52670234,0.5346642469732726
8366,3,1,0.78355503,0.7676916843207877
8371,3,1,0.45737717,0.48629153544753145
8376,3,1,0.6732306,0.6676313567970259
8381,3,1,0.68654215,0.6609235334528415
8390,3,1,0.7532168,0.7178163199423085
8394,3,0,0.8006687,0.768834961217755
8397,3,0,0.5968207,0.5874712496640948
8399,3,0,0.5826339,0.61047953213727
8402,3,1,0.7644487,0.7379997502155621
8414,3,1,0.66487414,0.6041956326909922
8420,3,1,0.57509047,0.61634428538868
8423,3,1,0.5937447,0.5722961183659646
8427,3,1,0.8420727,0.8108878845550781
8429,3,0,0.2815349,0.3207457720319157
8433,3,0,0.16267677,0.1708173824350406
8437,3,1,0.52530843,0.5534613895457182
8441,3,0,0.72522324,0.7042941439517206
8442,3,1,0.7233565,0.7007415160115291
8446,3,1,0.3334488,0.3374735386293046
8453,3,1,0.40466568,0.4171965850329362
8458,3,0,0.7528476,0.755561108939924
8459,3,1,0.7617644,0.7598222611786081
8468,3,1,0.70099103,0.6747214086091797
8469,3,1,0.2234163,0.23287328709305485
8475,3,0,0.792333,0.7726505006926575
8476,3,1,0.75257355,0.7282260652550808
8478,3,0,0.40386903,0.42870661052613945
8483,3,1,0.81711644,0.7793798374557297
8494,3,1,0.569574,0.5816402208983825
8500,3,0,0.794079,0.7674624514655279
8503,3,1,0.7254257,0.7275545465965327
8504,3,1,0.85502595,0.828970480788786
8507,3,0,0.4741763,0.5022981720085643
8509,3,1,0.33422875,0.3561490027528466
8515,3,0,0.5165288,0.5218435283782286
8518,3,0,0.5113045,0.5192718987616938
8521,3,0,0.6921439,0.6353224015886684
8525,3,0,0.6876037,0.6682888099451548
8527,3,0,0.21040739,0.2282349192118382
8528,3,0,0.43661794,0.43943929973441603
8529,3,1,0.5151118,0.5491152415236429
8530,3,0,0.33458522,0.3331692078388585
8535,3,0,0.39487264,0.3943389494147274
8539,3,0,0.710265,0.7366323175305866
8540,3,1,0.6789538,0.6710568727935894
8542,3,1,0.6584201,0.6606697859133663
8544,3,1,0.76615644,0.73379363112992
8546,3,1,0.2124279,0.2093671301702277
8554,3,1,0.5254202,0.5716597076535311
8568,3,0,0.3251184,0.3789331022637875
8572,3,0,0.18902864,0.1938631718281248
8573,3,1,0.84355104,0.828920923147766
8577,3,1,0.772346,0.7526458619156439
8592,3,0,0.7537617,0.7431844306677494
8593,3,0,0.32287127,0.34572424607597557
8595,3,1,0.78461355,0.7793588320307359
8596,3,0,0.31708702,0.2761384588258022
8597,3,0,0.744468,0.7133017374567989
8600,3,1,0.5891717,0.5979043303811461
8601,3,1,0.5605381,0.5749016322509135
8611,3,1,0.582109,0.5895751253320941
8614,3,0,0.3425186,0.3647986543378591
8616,3,1,0.8388242,0.8112204020181943
8618,3,1,0.8082687,0.7922913487314016
8625,3,1,0.6135963,0.5948033771492822
8627,3,1,0.55357885,0.5424102677645148
8629,3,1,0.6361499,0.6275257358689232
8640,3,0,0.6066621,0.5639461277469868
8645,3,1,0.48890287,0.4744503166479627
8649,3,1,0.76081383,0.7266324519488397
8667,3,1,0.7111169,0.6995058992072193
8674,3,0,0.46844977,0.4838043670252967
8676,3,0,0.73233974,0.7611692923186795
8677,3,0,0.6805636,0.6973302094810043
8680,3,1,0.21821482,0.24811831728072503
8681,3,1,0.8499765,0.8127718396486063
8683,3,0,0.17479132,0.2034847799038827
8685,3,0,0.6056103,0.6038493246882859
8699,3,1,0.40543213,0.42320960629751436
8704,3,1,0.79415363,0.7672881704885903
8736,3,1,0.5376628,0.5725258204878955
8746,3,0,0.40525186,0.40557757126784755
8747,3,1,0.71524876,0.6905282928988384
8750,3,0,0.64451075,0.6223330862666445
8760,3,1,0.9386602,0.9294606710720096
8763,3,1,0.91724056,0.9197737791807644
8766,3,0,0.62498516,0.6311438153895375
8768,3,0,0.31024027,0.2872245844533141
8771,3,1,0.5871392,0.5815671950522835
8772,3,1,0.79840225,0.7632986501516605
8776,3,1,0.8213051,0.799249599414388
8777,3,1,0.37850577,0.38367446218055706
8778,3,1,0.51630384,0.5328286839667522
8781,3,1,0.8178266,0.8360358099330757
8784,3,1,0.59389275,0.5934151056665063
8785,3,0,0.73323125,0.7171269537590792
8786,3,1,0.39911944,0.4296237653119652
8799,3,1,0.24663062,0.24514863897247427
8803,3,1,0.60790104,0.5715897615353076
8807,3,1,0.8018258,0.7966180431696783
8815,3,0,0.70964074,0.6878638904653784
8817,3,1,0.6617415,0.6520900823326516
8826,3,1,0.69957083,0.7150471212478358
8828,3,0,0.49595666,0.4905769567163465
8832,3,1,0.60536814,0.5860239192710783
8838,3,0,0.53229344,0.5423042214126118
8841,3,1,0.19091292,0.21532856382002133
8844,3,1,0.942944,0.9291658929708029
8846,3,1,0.66497314,0.711349838550212
8849,3,0,0.5590263,0.5467838845311526
8854,3,1,0.7786712,0.7511714717901077
8855,3,0,0.45869827,0.44145406463843806
8856,3,0,0.34260067,0.35995792084020795
8875,3,1,0.33226094,0.3332753673373779
8879,3,0,0.31212506,0.3122159598647972
8891,3,0,0.5152172,0.5182755305114323
8900,3,0,0.717113,0.7165922237520049
8908,3,1,0.7117627,0.6937256356241981
8912,3,1,0.7325529,0.6983033611403902
8917,3,0,0.2519218,0.2840908696404851
8918,3,1,0.79614335,0.7750445441923333
8921,3,0,0.13516097,0.13578773762835095
8926,3,0,0.8011359,0.7657130639474751
8927,3,0,0.526762,0.5290485817541992
8929,3,1,0.6687603,0.6581509394423753
8933,3,0,0.26846555,0.28569736893213493
8940,3,0,0.39400443,0.3647128689538631
8946,3,1,0.6226765,0.6277863348111379
8947,3,1,0.76802087,0.7828604513111028
8956,3,1,0.50991756,0.5309532147801311
8966,3,0,0.6368593,0.6327082980145737
8969,3,1,0.6144427,0.6089694761993913
8971,3,1,0.5903709,0.6028494214045889
8972,3,1,0.66744834,0.6688116972063622
8973,3,1,0.19539483,0.19797453588332017
8974,3,1,0.7533508,0.7438420213439206
8977,3,0,0.79945576,0.7952043619923573
8981,3,1,0.77182096,0.7517655802818577
8982,3,1,0.5191898,0.5312098687501798
8983,3,0,0.15551536,0.15701304260921625
8986,3,0,0.36979634,0.36981165758903584
8991,3,1,0.68439734,0.6841655368800306
8994,3,0,0.80728596,0.7956171873184793
9000,3,1,0.4656341,0.4677712948022259
9005,3,0,0.61882615,0.6075555185278015
9015,3,1,0.3929094,0.3909080631258995
9017,3,0,0.6867399,0.6632008380262309
9020,3,1,0.6366436,0.5845378731571635
9026,3,1,0.8155849,0.797035428129879
9031,3,0,0.42527422,0.4410582268328496
9036,3,0,0.38912308,0.39759801611936446
9041,3,1,0.89062434,0.8791150548706171
9043,3,0,0.118742436,0.11026312749233265
9051,3,1,0.93884593,0.9275339425079324
9084,3,1,0.70424634,0.67563955439952
9093,3,1,0.4652902,0.4425148370693061
9095,3,0,0.33902526,0.3071176576173911
9097,3,0,0.46352273,0.45877156270180325
9098,3,0,0.79724866,0.814383379176288
9103,3,1,0.7020161,0.6916776959530184
9109,3,0,0.5862362,0.6191397986662225
9110,3,1,0.68972105,0.6854355131626357
9113,3,1,0.8641313,0.8641151115440612
9115,3,0,0.46306476,0.5100165112210192
9118,3,1,0.8724876,0.8236995816644541
9120,3,1,0.7232692,0.7041433505130161
9125,3,1,0.89620054,0.872858147862368
9131,3,0,0.50612086,0.5777050171657948
9137,3,1,0.61871797,0.5974353870596802
9140,3,0,0.82668644,0.8362641657391375
9141,3,1,0.47535077,0.5011496346362714
9145,3,1,0.74077016,0.6859270781641716
9147,3,0,0.29618722,0.3533061860997467
9154,3,1,0.5916685,0.6076281677801509
9158,3,0,0.17155366,0.17870742996676192
9169,3,0,0.6158098,0.6219593167753407
9177,3,1,0.80068684,0.7970187431217413
9179,3,1,0.8664453,0.8275254783109361
9182,3,0,0.4979691,0.45421476449869286
9184,3,0,0.61374325,0.5928441008537918
9185,3,1,0.6419658,0.6376698859126012
9186,3,0,0.49590757,0.48204926762394984
9210,3,1,0.75701505,0.7290592669850156
9214,3,1,0.6311495,0.6222994399898895
9215,3,1,0.65755045,0.6615953323680521
9225,3,1,0.8603553,0.8586360920662095
9250,3,1,0.839659,0.8518012234135726
9252,3,1,0.7253283,0.7636997573041553
9256,3,1,0.5385368,0.5731993802484401
9262,3,0,0.68818074,0.6624150406785502
9271,3,0,0.8597888,0.8620220155483822
9272,3,1,0.83985096,0.8120962346066936
9273,3,1,0.5044117,0.534612587386249
9276,3,1,0.64880306,0.6365513898588351
9277,3,0,0.16668256,0.18039839038926853
9279,3,1,0.7568573,0.7230389742448935
9280,3,0,0.45801795,0.45105289181116787
9286,3,0,0.60169864,0.605720832400226
9297,3,1,0.77155364,0.786173851636236
9302,3,1,0.71706295,0.6981150910650209
9308,3,0,0.444287,0.41731786545742083
9311,3,1,0.7456837,0.7506118254512537
9313,3,1,0.330166,0.3639713983286414
9319,3,1,0.6887951,0.6604274760523112
9331,3,0,0.68120605,0.6969087127486302
9332,3,1,0.5468355,0.5319266216390859
9333,3,1,0.48173657,0.4908938218877899
9335,3,0,0.7001273,0.680719453071494
9343,3,0,0.32440498,0.3632732574955239
9345,3,0,0.7112532,0.6707163074694172
9346,3,0,0.7363676,0.7196268527885049
9352,3,0,0.43882897,0.4393250970302452
9355,3,0,0.5413998,0.5618044486806549
9363,3,1,0.4856605,0.480224583751183
9364,3,0,0.1618199,0.20089493198026567
9375,3,0,0.4533224,0.45316686542782614
9377,3,1,0.67481834,0.6548755846339911
9380,3,1,0.47127265,0.4740106148542117
9395,3,1,0.7426757,0.7245668454359736
9398,3,0,0.08457416,0.09590986227911857
9408,3,1,0.77010524,0.7664370509601737
9414,3,0,0.7616556,0.7048227620171417
9415,3,1,0.7214067,0.6869532651178382
9416,3,1,0.444709,0.4693915954422209
9418,3,1,0.69515985,0.6877365566495893
9421,3,0,0.43458867,0.4527707005840283
9431,3,0,0.3962155,0.3941958700080984
9440,3,1,0.5055123,0.5119316042802685
9443,3,1,0.8366343,0.8345750613631197
9444,3,0,0.86895496,0.8395676321113825
9446,3,1,0.67999244,0.675976882632442
9457,3,1,0.7547753,0.7192121464147566
9459,3,1,0.76012415,0.7946231678776928
9464,3,0,0.19465305,0.2175069468320329
9476,3,1,0.84052885,0.8198695067645998
9482,3,1,0.4049089,0.4389342776252069
9483,3,1,0.5742438,0.6101936626341661
9487,3,1,0.27057302,0.30272687300117357
9493,3,1,0.8351172,0.8328037014865945
9496,3,1,0.5820603,0.6376291669284734
9498,3,1,0.44266286,0.4435536391350241
9499,3,0,0.29241312,0.3223312131729877
9500,3,1,0.70680505,0.689288573974362
9517,3,0,0.47198147,0.46793315922308765
9518,3,1,0.5729756,0.5927795790074294
9522,3,1,0.35251814,0.4111661793614838
9525,3,1,0.8661867,0.8652243585631217
9526,3,0,0.6753569,0.7031521374502362
9544,3,0,0.7231248,0.721978513404108
9546,3,0,0.48758072,0.5286811835092313
9550,3,1,0.6468861,0.646782591294773
9556,3,1,0.4123209,0.3752335967533398
9557,3,1,0.80961335,0.7944342127771181
9560,3,1,0.38636157,0.38734465724472944
9565,3,1,0.61962664,0.5865386077663631
9568,3,1,0.71193534,0.705781474632164
9572,3,0,0.4331109,0.43988961345369315
9577,3,1,0.7814951,0.7919434295527162
9581,3,1,0.66030985,0.6506371737793738
9588,3,1,0.88183177,0.8554738628404012
9597,3,1,0.6479705,0.6419217264703628
9601,3,0,0.71357137,0.7213079099096392
9604,3,0,0.23995918,0.1989352733902621
9607,3,1,0.22772628,0.2528081140641541
9608,3,1,0.8390496,0.8485193831155396
9609,3,1,0.53012246,0.577209745557875
9612,3,1,0.71124256,0.6801860705773245
9614,3,1,0.6155931,0.5405017368222275
9617,3,1,0.83302766,0.7970998935195742
9622,3,0,0.5594494,0.588515612023323
9628,3,0,0.5375408,0.4969775796141881
9631,3,0,0.09518554,0.09224231370623154
9638,3,1,0.92117417,0.9110194174396533
9646,3,0,0.5451052,0.588956382266771
9650,3,0,0.5586953,0.5585225768300764
9651,3,1,0.7130816,0.6807396457155633
9655,3,1,0.47781008,0.4784220664933524
9659,3,1,0.60629773,0.5962530489944279
9661,3,1,0.60034114,0.5915970741296676
9667,3,1,0.7211734,0.7093991054134297
9674,3,1,0.9100183,0.8832588562921143
9678,3,1,0.7141932,0.7139515913477101
9680,3,0,0.80073595,0.8058660703534526
9682,3,1,0.86913955,0.8605218536005619
9687,3,1,0.77889544,0.7271186090113702
9688,3,0,0.1795275,0.17654934451369245
9689,3,0,0.58652776,0.5844434172028361
9692,3,0,0.56249297,0.568169374342834
9693,3,1,0.903377,0.8994115563386318
9696,3,0,0.59652406,0.5899297190472234
9700,3,0,0.91164154,0.8908388292701609
9711,3,0,0.747023,0.7335037902154599
9713,3,1,0.7022794,0.686440603079181
9715,3,0,0.4379362,0.5157530622232963
9719,3,1,0.7782048,0.7890955526388269
9722,3,1,0.62370855,0.6257357466871263
9723,3,1,0.6619298,0.6538227884971569
9726,3,1,0.8264936,0.8168901462460412
9738,3,1,0.69413733,0.7170736312955306
9739,3,0,0.56908214,0.5672630425736764
9740,3,1,0.6217448,0.6058761229221029
9743,3,1,0.3252218,0.3291895380473797
9746,3,0,0.36675492,0.4129551843219027
9748,3,1,0.7259536,0.6902058737714172
9750,3,0,0.49947858,0.515384454306819
9753,3,1,0.4833145,0.4763677451057709
9757,3,0,0.56536645,0.5611267024744421
9763,3,0,0.57037324,0.5997083046446215
9764,3,1,0.561344,0.6050023488273552
9769,3,0,0.5423342,0.5039705819934924
9772,3,0,0.71054214,0.7068158501341231
9777,3,1,0.8211046,0.7892326636991067
9778,3,0,0.6258612,0.6520723724650346
9780,3,1,0.86132526,0.8448061129686643
9786,3,1,0.9254601,0.9186088019883353
9793,3,0,0.718743,0.7024525991436261
9797,3,0,0.4522736,0.49300298287313066
9798,3,1,0.5987341,0.5993243349958747
9810,3,0,0.1331879,0.14444873649345547
9814,3,1,0.7677713,0.7549814229422832
9820,3,1,0.3983308,0.3883059271158007
9821,3,0,0.23884122,0.2516526946697591
9822,3,1,0.6195137,0.609331897647177
9825,3,1,0.84323025,0.8125353287226665
9830,3,0,0.7101415,0.704676419835787
9838,3,1,0.5265201,0.5598556336698123
9843,3,1,0.67121303,0.6435899650019561
9851,3,1,0.54979694,0.535388804231218
9860,3,0,0.7225918,0.6998576421995738
9863,3,1,0.6915159,0.6626814285770409
9867,3,0,0.66375756,0.6490463028490845
9868,3,1,0.64321727,0.637398803756667
9882,3,1,0.4822965,0.4640497909389264
9888,3,0,0.5992069,0.5748497691921153
9890,3,1,0.74830496,0.7506684533427082
9894,3,0,0.68275523,0.6870364004541367
9898,3,1,0.6172792,0.6079875434444486
9908,3,1,0.78724897,0.7345813703648373
9919,3,0,0.31083614,0.2859249523225526
9925,3,0,0.14856915,0.1596229324019343
9929,3,1,0.57126844,0.6063758934065862
9934,3,1,0.6168993,0.6360870991595915
9938,3,1,0.79377365,0.7671449412693583
9943,3,1,0.7974624,0.7771983232401145
9945,3,0,0.5379549,0.5464468286068702
9954,3,1,0.8167607,0.8035759008277593
9956,3,0,0.83237106,0.8764704071038921
9957,3,0,0.4571241,0.44236970590530394
9959,3,1,0.5745381,0.5570523743013245
9967,3,1,0.8214187,0.7946622881043062
9973,3,0,0.63117117,0.6270212487689567
9986,3,1,0.4764043,0.4847930181963216
9989,3,1,0.7723459,0.7580650695744834
9992,3,0,0.4779204,0.5139028443442283
9998,3,1,0.21498574,0.23193626897798383
10002,3,0,0.7404377,0.7012431305019672
10005,3,1,0.7623754,0.7360190222342896
10010,3,0,0.46735972,0.4647305988167149
10016,3,1,0.64543086,0.6273261748705774
10024,3,0,0.31630972,0.3242872945373867
10028,3,0,0.24655393,0.28459776995644276
10030,3,1,0.58587354,0.5654772309165694
10032,3,1,0.55933684,0.5712931226594091
10037,3,1,0.325452,0.343988323005333
10041,3,0,0.605582,0.6118181696715834
10045,3,1,0.6512848,0.67313656488273
10046,3,1,0.8732509,0.832514275885075
10052,3,0,0.88784987,0.8559248142460497
10053,3,1,0.81031674,0.7917341291247517
10065,3,0,0.10924725,0.09976549954908953
10068,3,1,0.7499884,0.731686148375367
10069,3,1,0.63437015,0.6483012663224187
10074,3,0,0.25640097,0.2569395274136569
10075,3,0,0.4310814,0.46122231811736614
10082,3,1,0.60422784,0.6028078875746533
10084,3,1,0.5898096,0.5766479804163623
10086,3,1,0.7154282,0.716380779858922
10096,3,0,0.21116623,0.2389261593146427
10099,3,1,0.69070405,0.709487334011359
10103,3,0,0.4284624,0.4447230468114043
10109,3,0,0.5677883,0.5779031082718277
10110,3,1,0.58352906,0.6334910665315606
10115,3,0,0.27150393,0.2357943282209222
10129,3,0,0.512172,0.5512556169421785
10131,3,0,0.55104697,0.624400767664055
10132,3,1,0.69842106,0.6985849370939811
10134,3,1,0.8200813,0.807047433610951
10139,3,0,0.3772242,0.46901892338575113
10145,3,0,0.33871573,0.3771139673965949
10149,3,0,0.15015343,0.13014209429968485
10154,3,0,0.49698806,0.5159913032829634
10162,3,1,0.8561886,0.8366394370981923
10163,3,1,0.20304976,0.2297618633511504
10165,3,1,0.31144026,0.3200521656644114
10171,3,1,0.8056465,0.7808430178609918
10175,3,1,0.77230054,0.7748599877350071
10184,3,0,0.38152033,0.4174267490630996
10191,3,1,0.65934163,0.6360361623303393
10194,3,1,0.48603296,0.4850459313194299
10200,3,1,0.8535288,0.8411783201971526
10201,3,1,0.7608002,0.7606224084200064
10202,3,1,0.7240517,0.7104967888422489
10209,3,1,0.7230434,0.7208517358446742
10210,3,0,0.35053736,0.3656109662297109
10214,3,1,0.77504677,0.7547133161127269
10218,3,1,0.2129228,0.23810342201059553
10245,3,1,0.5749029,0.5723770540315456
10246,3,0,0.124440044,0.12066795160152752
10247,3,0,0.41701663,0.42940384326109154
10275,3,1,0.72527826,0.7306681023812891
10278,3,1,0.45509315,0.4818367008148332
10281,3,0,0.61821514,0.624598270796315
10283,3,0,0.830513,0.8086690867051672
10286,3,0,0.5298917,0.532800679772743
10287,3,1,0.6483304,0.6398696175922446
10288,3,1,0.9088081,0.9242203052165636
10291,3,0,0.36112523,0.3337994525056247
10295,3,1,0.85136175,0.8185992871179628
10300,3,0,0.6335232,0.6193624820214336
10301,3,1,0.70257235,0.6996700081067004
10305,3,1,0.9180158,0.9085922218431669
10308,3,1,0.71996367,0.7182490020915396
10309,3,1,0.39065787,0.39173336388182095
10310,3,0,0.37196156,0.34580175288651993
10314,3,0,0.8664318,0.8297122381009124
10316,3,1,0.6334223,0.6241781877584617
10317,3,0,0.6017433,0.6355938116758824
10326,3,1,0.7270083,0.7201654460842858
10342,3,1,0.7516287,0.7357578703408032
10347,3,1,0.8659481,0.8459944214711312
10354,3,1,0.8779805,0.8641691394395753
10356,3,1,0.654031,0.651316098946754
10357,3,0,0.4725931,0.4200452296100588
10358,3,0,0.7851909,0.7540071363401637
10361,3,1,0.6550273,0.6440193078008204
10370,3,1,0.84811705,0.8354540142808645
10371,3,1,0.7442554,0.7418588904899116
10384,3,1,0.88874924,0.8739655862903671
10387,3,1,0.6820314,0.682824368229013
10389,3,0,0.7241003,0.7153411171768406
10393,3,1,0.84346366,0.8116017707539537
10399,3,1,0.31988263,0.3031963303764555
10403,3,0,0.66150314,0.6685230797254783
10412,3,0,0.8977544,0.8736554675652244
10413,3,1,0.6289352,0.6639120102612586
10420,3,1,0.59526104,0.5625590809450209
10422,3,1,0.8310475,0.8572928410389058
10427,3,1,0.856958,0.8526422937248938
10430,3,0,0.38189563,0.3944386427017396
10431,3,1,0.81645334,0.8076965989246475
10433,3,1,0.76670355,0.7750318708617427
10435,3,1,0.6540337,0.6433958401171187
10438,3,0,0.5201459,0.5064260383698489
10442,3,1,0.5675374,0.6025842944401457
10449,3,1,0.79809856,0.7627196465717812
10464,3,1,0.57941437,0.5857478187770618
10465,3,0,0.4618366,0.48329157435281855
10467,3,0,0.7626929,0.7092339856720696
10470,3,1,0.47508654,0.4851852216581441
10474,3,0,0.67249584,0.6623814173557566
10479,3,1,0.7552722,0.7647541893570462
10480,3,1,0.72821623,0.7136941083894331
10482,3,1,0.6088778,0.6017515556949237
10491,3,0,0.6694739,0.6550075997180095
10496,3,0,0.6955419,0.6840214692079634
10505,3,1,0.7718499,0.7593225099776677
10507,3,0,0.30964503,0.3115349942067679
10510,3,1,0.7956039,0.7783071878063503
10514,3,0,0.8500052,0.8083428356756166
10525,3,1,0.6160906,0.608951236042817
10526,3,1,0.8373132,0.8371574303079572
10528,3,0,0.38459802,0.4270693750030566
10530,3,1,0.8357145,0.8348714504491829
10532,3,0,0.47761324,0.5104011289412455
10549,3,1,0.3794209,0.3702691221859269
10552,3,1,0.8278284,0.8120392124977055
10566,3,1,0.7810416,0.7648364218852828
10569,3,1,0.72369945,0.745351790262558
10572,3,1,0.8210283,0.8182264332879602
10575,3,1,0.6616902,0.6534351156246145
10576,3,1,0.80594534,0.7809292350960506
10583,3,0,0.6527484,0.6339815884220511
10593,3,1,0.64500564,0.6127823459452164
10603,3,1,0.90305287,0.903128689594614
10605,3,0,0.83997905,0.8251833653530549
10608,3,0,0.43792155,0.4379660779276284
10616,3,1,0.5242258,0.5369568673491046
10624,3,1,0.53676605,0.5615235828305344
10625,3,0,0.37253004,0.4134789106244461
10631,3,1,0.8455287,0.816272128688091
10642,3,1,0.52203465,0.5104383571640967
10646,3,0,0.6081603,0.621863073469051
10647,3,1,0.5374434,0.5188921562583643
10651,3,0,0.4507517,0.4249926134391028
10654,3,1,0.87229717,0.8698078611891724
10660,3,1,0.11271066,0.10503379487876165
10665,3,0,0.53031605,0.5328526485489319
10668,3,1,0.32689372,0.3470618291616818
10677,3,1,0.9120569,0.9011629781967894
10692,3,1,0.68719095,0.7093256482084681
10706,3,1,0.7230599,0.7010167458687886
10707,3,1,0.6015342,0.5949993869316194
10714,3,1,0.4191457,0.4483234571970513
10720,3,1,0.576064,0.5857867453920915
10725,3,0,0.30005237,0.2945663472709054
10728,3,1,0.5765579,0.5470134837038908
10736,3,0,0.6286336,0.653600916410785
10738,3,1,0.5528284,0.5899991771951785
10747,3,0,0.6421147,0.6487932810220509
10748,3,0,0.20139666,0.15078696296243294
10755,3,1,0.63022894,0.6321543801990285
10758,3,1,0.36109087,0.36804442048551905
10761,3,0,0.22085989,0.2345403079882282
10770,3,0,0.61800593,0.6204427310180329
10771,3,1,0.46042186,0.452165050399269
10783,3,0,0.56602615,0.5421808022046989
10786,3,0,0.836555,0.8256734139088449
10791,3,1,0.7155136,0.7375785531254956
10793,3,1,0.6504533,0.6745293047950894
10795,3,1,0.31280407,0.3276613737337755
10796,3,1,0.66450834,0.6452965495347938
10803,3,1,0.81587434,0.8269062741490879
10806,3,1,0.87625825,0.8616650574117058
10807,3,0,0.5900547,0.5977692399856126
10809,3,0,0.60384154,0.5844204955646276
10810,3,1,0.81249046,0.7892180198759666
10812,3,1,0.6170448,0.5917845254955938
10815,3,0,0.5720382,0.5800865445634088
10818,3,0,0.08249122,0.1004317758510989
10821,3,0,0.23873173,0.25246053136724944
10822,3,1,0.10547548,0.11918595165055054
10824,3,1,0.7520488,0.716317780897993
10833,3,1,0.62332946,0.6301372796179796
10835,3,1,0.7567539,0.724046803527765
10839,3,1,0.73540443,0.7213779364719817
10845,3,1,0.79983693,0.7820556978099505
10846,3,1,0.6712593,0.6651014054951656
10849,3,0,0.33969527,0.30686331432171626
10854,3,1,0.620783,0.6322977041871931
10862,3,1,0.8723173,0.8192884506594053
10865,3,1,0.84186536,0.7882300409832581
10868,3,1,0.5452264,0.5596035747855852
10871,3,0,0.23692448,0.22882654801811259
10872,3,1,0.92942077,0.9129123129977209
10880,3,1,0.71362233,0.6900920415513131
10881,3,1,0.8690402,0.8387777661114355
10883,3,0,0.46315086,0.4627952425309499
10887,3,0,0.2315865,0.24071670649739108
10888,3,1,0.84025645,0.8450147333974994
10889,3,1,0.72506964,0.747292800386283
10892,3,1,0.7601451,0.7337658888482509
10895,3,0,0.32691717,0.3736135107056768
10899,3,0,0.48559326,0.5010433986605038
10901,3,1,0.6279899,0.6461533516439295
10906,3,1,0.8291097,0.814417983260562
10927,3,1,0.76755995,0.7587284545090296
10929,3,1,0.770889,0.7623276446030302
10931,3,0,0.65385216,0.6359593101743504
10932,3,0,0.22538297,0.26248252000499994
10933,3,1,0.79981375,0.7630731861304746
10940,3,0,0.33721432,0.3305460024742561
10949,3,1,0.5825229,0.5667650005451685
10952,3,1,0.8561998,0.8756272272464928
10956,3,1,0.63509154,0.6533593909798322
10959,3,1,0.6871783,0.6905174541820017
10961,3,0,0.65809953,0.6507081004313469
10964,3,1,0.58789897,0.607594210881511
10966,3,1,0.48373085,0.48006690809454017
10967,3,1,0.73805946,0.7063500063587684
10968,3,1,0.48506996,0.4925068663197815
10970,3,1,0.75456405,0.7531440343866749
10983,3,1,0.6276533,0.646622314853246
10991,3,0,0.2254409,0.23823520405423787
10992,3,1,0.6681826,0.653333738731519
10999,3,1,0.52724934,0.5786454539930795
11002,3,0,0.58027303,0.605083644986412
11003,3,1,0.71010554,0.7136077363971393
11008,3,0,0.7446725,0.7130835845216311
11009,3,1,0.74522096,0.6873627608899405
11012,3,0,0.21744813,0.2009273816237383
11016,3,0,0.3883704,0.34344072488439703
11017,3,1,0.7281399,0.7043244934898978
11019,3,0,0.1568284,0.13663080857564502
11024,3,0,0.7070792,0.7279884426114879
11031,3,0,0.7572822,0.729526609513723
11033,3,1,0.2967535,0.29104803084911385
11038,3,0,0.59404474,0.6039241401182582
11043,3,1,0.77496696,0.7505888507985455
11051,3,0,0.30688754,0.326372902546665
11054,3,0,0.15712333,0.14546269201314177
11059,3,0,0.5972742,0.6103725057741073
11062,3,0,0.21023147,0.2358617236051226
11075,3,0,0.48108363,0.461552418343473
11085,3,1,0.89601386,0.892843861737763
11087,3,1,0.6674247,0.6555950912654877
11091,3,1,0.75361365,0.7323799176150636
11092,3,1,0.84317416,0.8507021292660099
11097,3,1,0.56518614,0.5714956869773983
11103,3,1,0.6542109,0.5818381011618555
11104,3,0,0.22603773,0.22500750416185394
11123,3,1,0.24066247,0.2295696444420731
11130,3,1,0.7709832,0.7550651141847559
11132,3,0,0.7509527,0.7455298650315736
11135,3,1,0.73632944,0.7236334599888099
11137,3,1,0.6239832,0.6344339830021529
11144,3,1,0.6197107,0.6265534521093532
11149,3,1,0.8704122,0.8707636162739766
11152,3,1,0.8541214,0.8389154007030166
11153,3,1,0.84994155,0.8778436704093325
11154,3,1,0.6438106,0.628388125491233
11158,3,1,0.7573205,0.7127703825582693
11159,3,0,0.60913473,0.6242238276035641
11160,3,0,0.5580017,0.5329179860485882
11173,3,1,0.48716867,0.48189823586228303
11177,3,0,0.34880495,0.3666981681385352
11181,3,1,0.55926895,0.5782390706216172
11183,3,1,0.60033655,0.6519957605065937
11186,3,0,0.5201315,0.5077690994699944
11195,3,1,0.71880233,0.6952713886007386
11200,3,0,0.11749142,0.13107024607715012
11201,3,1,0.691216,0.6705198066838332
11205,3,1,0.70826423,0.6770818982845942
11209,3,1,0.4244267,0.4391183518233534
11213,3,0,0.4096406,0.4766183199551722
11217,3,1,0.28111923,0.3258740566013945
11224,3,1,0.7291102,0.7016118776882324
11226,3,1,0.8477967,0.8574600394836678
11228,3,1,0.6629986,0.658355898211118
11229,3,0,0.82656556,0.8176397026076189
11241,3,1,0.17689903,0.19038869962531715
11248,3,0,0.64295757,0.6565471410159284
11251,3,0,0.21761845,0.23071965657431825
11257,3,1,0.5847624,0.6313589736522159
11270,3,0,0.29808947,0.2668898934618634
11271,3,0,0.42951357,0.4438238857111809
11272,3,1,0.79952896,0.7726428693020349
11279,3,1,0.741028,0.7059439501647986
11282,3,0,0.5853051,0.5720478769259171
11283,3,1,0.7156066,0.6909438633616911
11284,3,1,0.7424641,0.7208845476695808
11286,3,1,0.5641677,0.5757466697442866
11294,3,0,0.21978772,0.23838581806553283
11301,3,1,0.48100445,0.4935746226150019
11326,3,1,0.84181255,0.8150300947656893
11331,3,1,0.8065898,0.7985085299139305
11337,3,1,0.7964777,0.7673199674055995
11346,3,1,0.7722191,0.7811693811601517
11350,3,1,0.23381259,0.22773100142523958
11354,3,0,0.28566223,0.2837782007467341
11357,3,0,0.49967447,0.5168720424187355
11359,3,0,0.17176367,0.20178593910886863
11364,3,1,0.8177035,0.8005330289313007
11373,3,1,0.5757103,0.5978725275829917
11376,3,1,0.15746349,0.1578316300333358
11380,3,1,0.72568977,0.7016112306984921
11388,3,0,0.07983611,0.09671903788953365
11390,3,0,0.68638617,0.682748678172357
11404,3,1,0.656598,0.6201841664881311
11406,3,0,0.40445888,0.4150196549682561
11407,3,1,0.68228775,0.659741793251524
11411,3,0,0.64691,0.6517707874520487
11415,3,0,0.7648386,0.7725450727006147
11421,3,1,0.9004717,0.8878408635027089
11425,3,0,0.19011688,0.1958024486046905
11429,3,0,0.6054139,0.6090900333202497
11431,3,0,0.7341612,0.7289638552599564
11445,3,0,0.5001877,0.5107985087984629
11448,3,0,0.27979586,0.2844708678847134
11459,3,1,0.24635188,0.2728041780416637
11462,3,1,0.42743436,0.44742907204840066
11464,3,1,0.6222495,0.6145523851294101
11465,3,1,0.5908574,0.5936373067737076
11475,3,1,0.5816413,0.591698243406501
11477,3,1,0.77296406,0.7343494213252272
11478,3,1,0.32415017,0.30386956408702126
11479,3,1,0.16393456,0.17853797041001399
11481,3,0,0.18027999,0.165864034582435
11484,3,1,0.7655555,0.7895566451822158
11497,3,1,0.59234357,0.5953408515942925
11499,3,1,0.5122879,0.49069825043577947
11515,3,0,0.65747285,0.6559275353438235
11516,3,1,0.4247465,0.4316198246544781
11524,3,1,0.63792455,0.6154430242504124
11526,3,1,0.71330875,0.7031414904512272
11536,3,1,0.8092371,0.7959800818729537
11538,3,1,0.6654983,0.6437830990803295
11541,3,1,0.6362339,0.6284632743801042
11545,3,1,0.89224184,0.8908832844916489
11547,3,0,0.12350675,0.11145445693341204
11558,3,0,0.7274362,0.7337688773929916
11564,3,1,0.4923574,0.4985703021633908
11567,3,0,0.8266802,0.8001688124117526
11579,3,1,0.7509238,0.7386913635152793
11580,3,1,0.8099955,0.8069765181079559
11586,3,1,0.34853074,0.34568187467598976
11600,3,0,0.74978364,0.7218086311626173
11604,3,0,0.59175247,0.627115539293943
11605,3,0,0.6958367,0.7145614318894192
11613,3,1,0.774268,0.794424799402535
11617,3,1,0.12029841,0.12568400725390727
11618,3,0,0.63831574,0.6769462255207437
11623,3,1,0.3678774,0.3347536512535153
11626,3,1,0.745141,0.7334332516762805
11631,3,1,0.6318918,0.6376727378460978
11638,3,1,0.7286931,0.7025286289781566
11640,3,0,0.65099204,0.6484734546866079
11646,3,0,0.7341111,0.6992588132054838
11647,3,1,0.30042917,0.3024868043595972
11648,3,1,0.7109609,0.7521350388908382
11655,3,1,0.49842378,0.559836219952792
11659,3,1,0.6575206,0.6503102274384714
11662,3,0,0.73872215,0.7825859700490256
11663,3,1,0.5513649,0.5530137460140641
11668,3,1,0.52637833,0.5170547475455777
11672,3,1,0.6302334,0.6460789782524051
11674,3,1,0.93479216,0.9382498505845248
11680,3,1,0.6416042,0.6087005653420995
11683,3,0,0.68326545,0.6748246059746563
11685,3,1,0.43995574,0.4078521065751139
11688,3,1,0.9040092,0.9029026398714903
11689,3,1,0.8628958,0.8447598439231586
11698,3,0,0.756473,0.7446104646231683
11701,3,0,0.6972867,0.7066277253582339
11703,3,1,0.67317915,0.662206960457906
11709,3,1,0.58941275,0.6116344734987207
11710,3,1,0.9074791,0.8859514651814878
11717,3,1,0.678774,0.6796984761372116
11719,3,1,0.81101274,0.7761259856176962
11720,3,0,0.6924608,0.6872664121748717
11722,3,1,0.66077864,0.6731347703760452
11732,3,1,0.6128867,0.6326403645185603
11737,3,0,0.68007314,0.6871089926033117
11738,3,0,0.5329899,0.5452415019214485
11739,3,0,0.86464727,0.8524974695160279
11743,3,1,0.7986199,0.8039802296930822
11744,3,0,0.13092501,0.1265018394663903
11746,3,0,0.7144401,0.7086281823339621
11749,3,1,0.73277223,0.7196817747667684
11758,3,0,0.6730052,0.687655986165602
11761,3,0,0.7624536,0.7750064556244888
11765,3,1,0.8383299,0.845459535687991
11767,3,0,0.52452767,0.5184672643038893
11773,3,1,0.5032817,0.5134566555942986
11780,3,1,0.3170304,0.3350359330837416
11782,3,1,0.28181443,0.2835601166854068
11784,3,0,0.42116484,0.4253892098803175
11791,3,1,0.49166447,0.5203042910936212
11793,3,1,0.66224796,0.6569067947461619
11799,3,1,0.5565203,0.5540511636518236
11800,3,1,0.7119686,0.6853517941982243
11813,3,1,0.66374075,0.6516159649051797
11814,3,1,0.6913442,0.7138968571989449
11825,3,1,0.64764714,0.6213759346929165
11826,3,1,0.379532,0.370346796659377
11829,3,0,0.18706296,0.20917722316142115
11830,3,0,0.24937432,0.2653445346737977
11831,3,1,0.82901174,0.8292165871789299
11834,3,0,0.61606264,0.6028961431902012
11836,3,0,0.5977179,0.5948598628145333
11839,3,1,0.56326157,0.543257254719428
11842,3,1,0.7530982,0.7071614348376758
11844,3,1,0.63537914,0.6002693420734276
11850,3,0,0.2364382,0.22933679493412032
11854,3,1,0.5572004,0.5755509648520123
11856,3,1,0.49933225,0.5026877434266157
11859,3,1,0.8421435,0.8206605934411196
11862,3,0,0.67197955,0.675144373032927
11873,3,0,0.5299574,0.5090769860713577
11884,3,0,0.08007266,0.09024048416923366
11886,3,1,0.63641244,0.6270655900889011
11894,3,1,0.5882997,0.5762831283780051
11899,3,1,0.3875003,0.4137050766305723
11905,3,0,0.3341064,0.32689534032101514
11909,3,1,0.3909028,0.444613912669488
11912,3,0,0.14554669,0.1499719046846311
11914,3,1,0.8225385,0.792691719348029
11925,3,1,0.77930397,0.7509412368956676
11926,3,0,0.552108,0.5607578175653645
11927,3,0,0.45966512,0.5212139937650869
11929,3,1,0.48376572,0.4661895052504568
11932,3,0,0.6320993,0.6305775405406601
11933,3,0,0.34968692,0.3693018435493646
11934,3,0,0.41489735,0.3948166306185223
11939,3,1,0.84963346,0.8365762527221966
11944,3,0,0.20713452,0.2099408287742678
11947,3,0,0.6088746,0.5664578259460934
11948,3,1,0.748857,0.7583703128091835
11952,3,0,0.22294368,0.19586469361394776
11961,3,1,0.80516845,0.7830548329180873
11963,3,0,0.18553631,0.19871545651414055
11966,3,0,0.6265626,0.6025344061035006
11969,3,1,0.61278456,0.5842896711862872
11971,3,1,0.7322294,0.6888003944317623
11972,3,0,0.23175193,0.25500074708209247
11975,3,0,0.13304646,0.13644117774526623
11977,3,0,0.5731785,0.5547550359532829
11980,3,1,0.8789299,0.8433853931081849
11988,3,1,0.89939713,0.899627044200737
11989,3,1,0.88283825,0.8700775189581599
11992,3,1,0.71834004,0.7123308719253373
11996,3,0,0.49764892,0.5342909386204251
12000,3,0,0.7706288,0.7614494038619356
12002,3,1,0.805149,0.8273142234148305
12006,3,1,0.6196658,0.6078990616692955
12007,3,0,0.17796095,0.18669801657337962
12008,3,1,0.6191663,0.6362877080595016
12014,3,0,0.7622256,0.7575364279423032
12028,3,1,0.83950925,0.8456621493364693
12029,3,1,0.61863154,0.5927978079611091
12037,3,1,0.88495845,0.8359554160685224
12038,3,1,0.62185514,0.6217116101012177
12042,3,0,0.3271343,0.31815918850351593
12051,3,1,0.5602206,0.6060297733544247
12053,3,1,0.43023255,0.42402664087209496
12055,3,1,0.33397204,0.35036553633519146
12057,3,1,0.59214294,0.6062741026079104
12073,3,1,0.80955267,0.754418935522467
12075,3,1,0.61054933,0.6408931656632776
12076,3,1,0.82798946,0.7908875167345445
12078,3,1,0.43549848,0.4239526189800148
12088,3,1,0.67701024,0.6434934156728432
12089,3,1,0.68973595,0.6608960989305257
12093,3,0,0.23541453,0.226142268260295
12094,3,1,0.7077908,0.7093493009750299
12095,3,0,0.6010228,0.5860898097744662
12096,3,0,0.5811212,0.5827033163780897
12103,3,0,0.20407009,0.21709819955922985
12118,3,1,0.72192186,0.694910774651492
12121,3,0,0.28412837,0.30186190170411004
12123,3,1,0.744012,0.7272277298725609
12136,3,1,0.6526632,0.6371633030484927
12137,3,1,0.6977368,0.6496740613155731
12138,3,1,0.7719026,0.7346040807801819
12141,3,1,0.58969706,0.5993116611250854
12142,3,1,0.7040691,0.6726492547795702
12153,3,1,0.3570746,0.40775053325050453
12162,3,1,0.8372847,0.8030945263944581
12164,3,0,0.6887911,0.6381363260275956
12165,3,0,0.7764366,0.7411174651174218
12169,3,1,0.82159954,0.8446628668687091
12170,3,1,0.57482255,0.5676529398367011
12171,3,0,0.7500858,0.7338520844354725
12173,3,1,0.42511767,0.4068772223218078
12176,3,1,0.8118296,0.7799825778848533
12182,3,0,0.6473263,0.6596374329411511
12183,3,1,0.31414348,0.32106105273102475
12188,3,1,0.8619196,0.8277435272211054
12210,3,0,0.63550645,0.5989789710023493
12213,3,1,0.5227928,0.5245912814840477
12220,3,0,0.302621,0.330221587138282
12222,3,0,0.47730213,0.5068185533815912
12223,3,0,0.33021623,0.33237707643120373
12228,3,1,0.6031978,0.6128875292806816
12233,3,1,0.6382731,0.641161452523909
12245,3,1,0.8124278,0.7962224878121513
12252,3,0,0.7054944,0.7238706202533837
12264,3,1,0.46095306,0.45355702999432823
12267,3,0,0.5427776,0.5300337417145232
12269,3,1,0.85611165,0.8360087076864886
12270,3,0,0.24125727,0.2578462678167867
12277,3,1,0.8719789,0.8562202627183969
12287,3,1,0.6769621,0.6926109542692538
12293,3,1,0.75471854,0.7694937702537102
12296,3,1,0.88583297,0.8641860575911305
12297,3,1,0.5446975,0.5632640282961177
12299,3,1,0.64581484,0.6656423232663815
12306,3,1,0.4650405,0.46165606036115264
12308,3,1,0.5214279,0.5542631395483122
12309,3,1,0.40937284,0.4034672847053751
12310,3,1,0.79030704,0.7899316274663083
12313,3,1,0.26896212,0.2409945443689059
12321,3,1,0.68809664,0.6852470372168413
12322,3,1,0.78244823,0.7737425837340678
12324,3,1,0.88232726,0.8863307630210937
12327,3,1,0.43434358,0.4636093218601547
12338,3,1,0.28102824,0.2870426064069383
12345,3,0,0.6785344,0.6930420046424858
12350,3,0,0.13929702,0.14577648465369247
12357,3,1,0.55915606,0.5764620511332017
12360,3,1,0.8400805,0.8160555342979297
12362,3,1,0.8969475,0.8897906500290126
12367,3,0,0.19208652,0.15885775793806006
12371,3,1,0.6833874,0.653325259249706
12373,3,0,0.28980342,0.2921318808461945
12374,3,0,0.18275078,0.19509707334149148
12376,3,1,0.87961143,0.8602085160915224
12382,3,0,0.8765306,0.8655463123773139
12395,3,0,0.69052863,0.6414689301978891
12403,3,0,0.6160478,0.6218921110703294
12416,3,0,0.091624655,0.10194661620403157
12421,3,0,0.5149217,0.5566859347029691
12426,3,0,0.34476936,0.3370187429442974
12430,3,0,0.70547974,0.6904510573647437
12436,3,1,0.6897052,0.6477746416789238
12445,3,1,0.10769052,0.11358412859164996
12446,3,0,0.8157193,0.8008339888326178
12447,3,1,0.6152487,0.6237573929864445
12450,3,1,0.8140423,0.776064292916833
12453,3,0,0.42054418,0.40795177033580965
12457,3,1,0.7704828,0.7357917685372931
12460,3,1,0.39379916,0.39742164450400413
12466,3,1,0.7769003,0.7746645706365181
12468,3,1,0.19105038,0.194918523285449
12470,3,1,0.48011437,0.4986053041683669
12474,3,1,0.5055446,0.5310008210977792
12476,3,0,0.54543614,0.540078105128764
12486,3,0,0.24246354,0.2241753657030273
12487,3,1,0.8346844,0.8223925321905258
12497,3,0,0.49756914,0.5041309738433972
12502,3,0,0.25053453,0.27268752167546545
12506,3,1,0.66695184,0.6500424791131755
12507,3,0,0.8562167,0.8216026927827214
12509,3,0,0.46078157,0.45866396553238253
12515,3,1,0.83124095,0.8402411380761421
12523,3,0,0.49514693,0.507009838215886
12525,3,0,0.38363397,0.365873161075176
12529,3,1,0.6837787,0.690424061966693
12532,3,1,0.8012207,0.7571181255104542
12537,3,1,0.6831106,0.6957854178784028
12538,3,1,0.7247818,0.7127543636393855
12539,3,0,0.47336194,0.5144153610982657
12541,3,1,0.7350918,0.7380231063037767
12543,3,1,0.76674783,0.7380401705019523
12545,3,1,0.7252344,0.7064026940954564
12558,3,0,0.11892991,0.11436966737532336
12559,3,0,0.21620613,0.24527977215012794
12561,3,1,0.8181484,0.8046785531558023
12567,3,0,0.53425175,0.5306842222268666
12568,3,0,0.14553049,0.16569978777655858
12571,3,1,0.864169,0.8306027543314459
12578,3,0,0.71649504,0.6836277971298919
12586,3,1,0.6408391,0.6411214062793487
12588,3,0,0.7036661,0.6860982645614495
12601,3,1,0.4654111,0.4750489871058659
12605,3,1,0.68355304,0.6425914793612674
12607,3,0,0.7028256,0.6905320740975434
12614,3,1,0.60052544,0.6081273697040346
12617,3,0,0.2296927,0.25132350792252983
12618,3,0,0.4914614,0.5350316908490944
12624,3,1,0.8513531,0.7976496218926789
12632,3,1,0.7021956,0.6904984413812909
12638,3,0,0.3182841,0.361005865043458
12640,3,1,0.5944395,0.6303080467353979
12645,3,1,0.8165933,0.792080948194626
12652,3,1,0.7774218,0.746453176055846
12655,3,0,0.35417396,0.3968245448095261
12657,3,0,0.5389265,0.5418602771418696
12667,3,1,0.74321,0.7181211336511045
12668,3,1,0.70320195,0.7010580226352188
12672,3,1,0.16273384,0.16131071126024396
12677,3,1,0.21119824,0.20271909827616447
12687,3,1,0.6770469,0.6843364003530591
12691,3,0,0.59581095,0.6027456070889028
12692,3,1,0.85056984,0.8500114490672319
12693,3,1,0.42978874,0.48321843226380573
12695,3,1,0.7192988,0.6983282042314058
12709,3,1,0.62103015,0.6138394792602514
12715,3,0,0.6317691,0.6682118275330647
12721,3,1,0.3800057,0.37212991126467365
12723,3,1,0.8406802,0.8169049555995366
12728,3,1,0.75788957,0.7742922395008539
12732,3,1,0.7451626,0.6950227649205526
12733,3,1,0.7965181,0.7785436347612292
12737,3,1,0.25954854,0.2528681233529603
12738,3,0,0.24422957,0.25749280989323575
12754,3,0,0.7633719,0.7290251169500732
12755,3,0,0.6656889,0.7144282081846531
12763,3,0,0.48454642,0.4797103171156833
12764,3,0,0.52319825,0.5140919402873784
12770,3,0,0.5137624,0.5403412370122062
12772,3,1,0.8180689,0.8186085679909884
12773,3,1,0.43969893,0.44011000255323235
12777,3,1,0.35999453,0.37570610028074053
12779,3,1,0.7257095,0.7198620732370866
12788,3,1,0.7743993,0.776962788007696
12790,3,1,0.8583881,0.8463483083841712
12793,3,1,0.48808253,0.4923162000987419
12795,3,1,0.57970405,0.5541461377344801
12806,3,1,0.7747798,0.7778928767065889
12811,3,1,0.5618123,0.58344065322663
12814,3,0,0.7879447,0.8139947230673938
12819,3,1,0.5103993,0.5064153115123634
12827,3,0,0.1329665,0.1351679990739199
12832,3,1,0.83355796,0.8124485145475138
12838,3,1,0.6686392,0.668130453569309
12843,3,1,0.38208866,0.4043263474026647
12850,3,0,0.5631835,0.5073906925118811
12851,3,1,0.7797406,0.7645740881590608
12857,3,0,0.6352193,0.6418127561771415
12858,3,0,0.10482518,0.10867742161979273
12859,3,0,0.4364553,0.42497358025228804
12863,3,1,0.87966436,0.8695357649848666
12864,3,1,0.66478676,0.6969080763852822
12876,3,0,0.68642145,0.6876282005557429
12878,3,0,0.24855506,0.2558984406333604
12897,3,0,0.78840065,0.8239968833433111
12898,3,0,0.41680303,0.434457037214334
12902,3,1,0.6714283,0.6620801282901769
12909,3,1,0.7629871,0.7817585179181656
12914,3,1,0.8693086,0.8652834980036371
12917,3,1,0.90765506,0.9027318318580927
12922,3,1,0.82136637,0.8310305337723392
12923,3,0,0.4289171,0.39534725843721136
12928,3,0,0.5604145,0.5403382976583503
12934,3,0,0.0784951,0.08586398140268044
12936,3,0,0.37201285,0.3920906281232313
12940,3,1,0.7548765,0.7802656365400628
12942,3,0,0.097627565,0.0970508970846778
12954,3,1,0.7135227,0.7482693128407738
12956,3,0,0.10328858,0.10741493594431097
12958,3,1,0.81441134,0.8024556082889979
12959,3,0,0.56648993,0.5911066616980151
12961,3,0,0.52214557,0.5147006480821918
12963,3,0,0.75449175,0.7343680465706302
12969,3,0,0.6390183,0.6376172991027631
12978,3,1,0.89903337,0.8840870040823937
12979,3,1,0.8382576,0.8362184878814641
12982,3,1,0.60202146,0.5808509023065865
12986,3,1,0.9281728,0.916483035276943
12988,3,1,0.64484364,0.6394019244565149
12996,3,1,0.8254304,0.806199840407602
13002,3,0,0.60411584,0.6301281347724578
13015,3,1,0.8245563,0.8039395153703198
13022,3,0,0.6464771,0.6175051259717574
13025,3,0,0.6176624,0.6462246819573306
13029,3,1,0.5803476,0.5682176595094475
13031,3,1,0.8157027,0.8273724295247784
13047,3,0,0.129097,0.12117178220553577
13061,3,1,0.85725176,0.8376644716317526
13062,3,1,0.69372666,0.6824664671764915
13070,3,1,0.7214979,0.7287249883267025
13073,3,1,0.6675968,0.6823596704258019
13074,3,0,0.30614007,0.2898416401377303
13077,3,1,0.5891676,0.6053381965821474
13078,3,1,0.35926658,0.4012164614555767
13079,3,1,0.7748816,0.8008475055102013
13082,3,0,0.793246,0.7997433372153202
13090,3,0,0.91701186,0.8938550584125993
13096,3,1,0.79201204,0.7782411128003575
13097,3,0,0.39119875,0.42237549810360825
13105,3,0,0.5069024,0.5091888142038334
13108,3,1,0.5886667,0.6012904034703452
13111,3,1,0.81356555,0.7872935972068071
13123,3,1,0.84499365,0.8264107487388173
13137,3,1,0.7918388,0.8185878343590741
13143,3,1,0.53328896,0.5665708333720901
13144,3,1,0.7587714,0.7227658897374114
13145,3,1,0.79413253,0.7638876322312733
13148,3,0,0.41378444,0.43236814982615024
13149,3,1,0.7345315,0.7038054553866446
13156,3,0,0.55952424,0.5392651023879416
13159,3,0,0.18299368,0.1935401179300397
13167,3,1,0.742066,0.7312438114130572
13169,3,0,0.6507854,0.6205251510420272
13177,3,0,0.61708003,0.6047829481904405
13182,3,0,0.7589159,0.7334428033786732
13193,3,0,0.59570676,0.603282758471369
13200,3,1,0.5854098,0.6203026690639009
13203,3,1,0.6803282,0.6975935519774225
13208,3,0,0.3345076,0.3229818701927834
13214,3,0,0.11261869,0.10778802110112712
13220,3,1,0.52025956,0.530074953619642
13230,3,0,0.85043883,0.8487733322753587
13242,3,0,0.30839828,0.3099817034761587
13259,3,0,0.9348281,0.9233179881961759
13262,3,1,0.8243156,0.8073787970877947
13276,3,1,0.22115473,0.2467303575188055
13277,3,0,0.585996,0.5923616111678558
13279,3,1,0.88085836,0.8833961536345082
13281,3,1,0.5700571,0.5480213692444114
13286,3,1,0.9109057,0.9253274228530122
13292,3,1,0.90740144,0.8776607669900812
13294,3,1,0.8383279,0.8254342374193406
13297,3,1,0.44167674,0.43218309647175657
13303,3,0,0.35423955,0.3783411297381905
13306,3,1,0.57717276,0.566053382792357
13318,3,0,0.46965125,0.4377395440403344
13321,3,1,0.52098805,0.535827449716191
13323,3,0,0.22073509,0.2246511194106171
13324,3,1,0.33733168,0.3568372078108621
13326,3,0,0.19730674,0.19408617142309553
13328,3,1,0.49762937,0.5163690471056749
13329,3,0,0.30491328,0.296030301964681
13335,3,1,0.6508557,0.6448865260140841
13351,3,0,0.32809997,0.34978303741293654
13356,3,0,0.45557857,0.4803701423389947
13357,3,0,0.38864496,0.4174927285594079
13365,3,0,0.5806699,0.5575860728170811
13366,3,0,0.6551309,0.6627954798281872
13378,3,1,0.58369756,0.599778847241678
13388,3,1,0.46466962,0.46104265564983316
13394,3,0,0.13687341,0.15800548608156467
13398,3,0,0.1396522,0.16220474084290373
13399,3,1,0.76615036,0.7551229393689973
13405,3,1,0.5811726,0.5811062161608154
13409,3,1,0.72518456,0.713675077548058
13410,3,1,0.5145889,0.5289984367143511
13411,3,1,0.7894154,0.7665166525636906
13413,3,0,0.43447757,0.42222825308177536
13417,3,0,0.31482965,0.3424329286996709
13422,3,0,0.47665292,0.4614745773834309
13425,3,0,0.7468385,0.7270213307183945
13433,3,0,0.42840627,0.4283345856587132
13447,3,0,0.29454848,0.31196363383063047
13449,3,1,0.8243946,0.8199707368035205
13465,3,0,0.6648579,0.7114206581970041
13466,3,1,0.79788107,0.7633787627125729
13468,3,1,0.58180255,0.5669469024717805
13470,3,1,0.8060147,0.7971447493391794
13483,3,1,0.75764626,0.7392870405871312
13497,3,1,0.6518897,0.6425023680016893
13500,3,0,0.8379511,0.8571774720340773
13506,3,0,0.46882683,0.5137061126158797
13509,3,1,0.7873423,0.7542972508844901
13512,3,0,0.70482486,0.6959282908442465
13514,3,0,0.2284184,0.25820462460717486
13515,3,1,0.78766555,0.7641688386232248
13518,3,0,0.75054455,0.7393960549518452
13522,3,1,0.9403857,0.9163041143980125
13529,3,0,0.12478746,0.11380587162660706
13534,3,1,0.34510934,0.4020860045938389
13542,3,0,0.49650812,0.5052464385870615
13553,3,1,0.4850431,0.48213785618517235
13555,3,1,0.4789373,0.4690678325461582
13558,3,1,0.65748185,0.6643759288339126
13567,3,1,0.44440347,0.44950453334346624
13577,3,1,0.878304,0.8582678643372985
13578,3,0,0.7787147,0.7988004242240414
13580,3,1,0.60004205,0.5885823690928687
13584,3,0,0.19948646,0.19604865831386678
13589,3,0,0.46686003,0.4804659878834277
13596,3,0,0.50651914,0.4641557942338195
13598,3,0,0.65310544,0.6577525473288
13602,3,1,0.6953527,0.700039193558701
13606,3,0,0.5569766,0.6003880299403102
13620,3,0,0.6892057,0.6997417517479946
13627,3,0,0.47613916,0.5240836647876266
13628,3,0,0.7132258,0.6782148341698202
13631,3,1,0.65604824,0.6566910209548837
13636,3,1,0.6612706,0.6512058737222411
13638,3,1,0.55051,0.5882953610570029
13643,3,0,0.6230747,0.6378988608122739
13644,3,0,0.23130426,0.24506501004679515
13645,3,1,0.756861,0.7637307170161919
13649,3,0,0.5141365,0.5415962533574269
13650,3,1,0.6028606,0.6147597484817179
13653,3,0,0.34310955,0.3650784629071881
13654,3,0,0.43552583,0.45596203990473083
13655,3,1,0.4078163,0.43179603297494246
13660,3,0,0.7464194,0.7103531292855659
13661,3,0,0.6529712,0.6576056729791306
13671,3,1,0.71764034,0.7197957545480452
13675,3,1,0.82668537,0.8159391507999193
13678,3,0,0.4495019,0.44612043207790575
13679,3,0,0.25147188,0.29675912971143176
13681,3,0,0.76090634,0.7452757645577368
13686,3,1,0.7318077,0.727416410527072
13688,3,1,0.5513277,0.5386213318594149
13692,3,0,0.50338674,0.43488853807452926
13694,3,1,0.6753367,0.6826161861449483
13695,3,1,0.65156025,0.6504688246220923
13696,3,1,0.8518876,0.8470971186232741
13697,3,0,0.67844456,0.6839265605573089
13698,3,1,0.42812335,0.45963393937811275
13700,3,1,0.6323948,0.5997605128854918
13703,3,1,0.58518636,0.5949796144901187
13706,3,0,0.61224806,0.589831589392807
13707,3,1,0.76264155,0.7415881598580448
13709,3,0,0.74506766,0.7178356524710701
13716,3,1,0.68987465,0.7006494603317499
13717,3,1,0.7368647,0.7351280734394268
13719,3,1,0.926299,0.9230556339731283
13723,3,0,0.6863875,0.6662649273273318
13730,3,1,0.7271569,0.6837914697092722
13734,3,1,0.6149563,0.6235043064270851
13735,3,1,0.62612605,0.620361454779822
13737,3,0,0.42963088,0.4212299818104969
13740,3,1,0.5611957,0.6267105846668221
13742,3,0,0.72248286,0.7105317489255603
13751,3,0,0.44680703,0.45145583627638
13756,3,1,0.7878442,0.8018743006069143
13763,3,1,0.8567478,0.8379573838216253
13768,3,0,0.31587836,0.35819500096601625
13771,3,1,0.23043515,0.2299851907766006
13772,3,1,0.5902457,0.6000652020218611
13802,3,1,0.3280565,0.36098996766843283
13804,3,0,0.7067102,0.6964822067039717
13826,3,1,0.90413314,0.8900492341801985
13833,3,0,0.5154214,0.5344056762660465
13835,3,0,0.61222374,0.6211105015944237
13837,3,0,0.61853105,0.5744834340726211
13849,3,1,0.92176694,0.8994412160977346
13850,3,1,0.7705186,0.7518402307834112
13852,3,1,0.88443756,0.8496693601973057
13854,3,0,0.6214255,0.5924350688123556
13859,3,1,0.53699493,0.5049058792820154
13860,3,0,0.32649106,0.32692265075805327
13865,3,0,0.45644033,0.4183135889870398
13873,3,1,0.40406114,0.41524224988426345
13876,3,0,0.53824705,0.5141341565375642
13878,3,1,0.69676906,0.7372513099004662
13879,3,0,0.18834871,0.18382888975615283
13882,3,0,0.7958851,0.7702572244711251
13883,3,0,0.19918981,0.22222367007059013
13891,3,1,0.18510626,0.2252280119541526
13893,3,1,0.30694792,0.328607848627921
13898,3,0,0.68675387,0.6728888475188857
13899,3,1,0.4598353,0.4686354883370216
13912,3,1,0.8146428,0.7858958584047596
13918,3,1,0.7055987,0.702562572830568
13920,3,0,0.6277686,0.6208640717767819
13928,3,1,0.69488865,0.6871457896976071
13931,3,0,0.6221205,0.6029569412957322
13936,3,1,0.6892429,0.6966297261203002
13942,3,0,0.22321503,0.22686855406924802
13945,3,1,0.74227625,0.7241640585550265
13948,3,1,0.74331295,0.7331782499003328
13959,3,0,0.75197124,0.7281737363334194
13961,3,1,0.59150845,0.5782689526647466
13964,3,1,0.73140043,0.6989007081362296
13971,3,1,0.40813288,0.43333052778119535
13974,3,1,0.80103046,0.7762420458365628
13978,3,1,0.5656237,0.5916338811814752
13985,3,1,0.5953767,0.6262282291056338
13994,3,1,0.80663866,0.7787500890140195
14000,3,0,0.67565787,0.7017324459077148
14002,3,0,0.14462294,0.14202695546938793
14004,3,0,0.18746126,0.20944384870882438
14013,3,1,0.7434186,0.7464386240350559
14014,3,0,0.14890942,0.14992177846981666
14016,3,1,0.7707205,0.7454209265474311
14021,3,0,0.58830774,0.5718363942684053
14024,3,1,0.33507323,0.3505176148825909
14042,3,0,0.61725646,0.632292211162694
14047,3,0,0.4574971,0.43811643307852716
14052,3,0,0.4553735,0.4453817138656016
14054,3,1,0.6518607,0.6020440664438006
14072,3,1,0.55662006,0.5662120531025103
14075,3,1,0.5840469,0.5912425224257604
14078,3,1,0.55630785,0.5683775643982507
14089,3,1,0.6401303,0.6550411865973732
14091,3,0,0.6962208,0.7112681132832386
14092,3,0,0.67010206,0.6767671624450629
14096,3,1,0.7034998,0.7232903363292099
14097,3,0,0.4685711,0.47026701185861997
14099,3,0,0.34182924,0.3666979696020396
14106,3,1,0.7376778,0.7641971978405812
14115,3,0,0.5603083,0.5917384552446099
14119,3,0,0.4263817,0.4409501798725558
14122,3,1,0.81770813,0.8299934594810479
14128,3,1,0.45783168,0.49144040151261453
14136,3,0,0.21989986,0.21551768038901695
14137,3,0,0.36690253,0.36625490916704057
14143,3,0,0.21266223,0.22690910245503013
14146,3,1,0.3673744,0.39966575320963066
14157,3,1,0.6619286,0.678199094811426
14158,3,1,0.37927032,0.40139391641719824
14159,3,0,0.20867245,0.20665703240229108
14163,3,0,0.41905054,0.4503537295023255
14164,3,0,0.5664304,0.5553702453184466
14165,3,0,0.83280414,0.8078023364921483
14173,3,1,0.4428712,0.4438804251645222
14176,3,1,0.41279978,0.4026780930813936
14190,3,0,0.52461374,0.5293103729996326
14201,3,1,0.52736264,0.5303119407545216
14202,3,1,0.915944,0.9017647276937019
14218,3,1,0.51558155,0.544418909892129
14221,3,1,0.7622878,0.7707805124675842
14224,3,1,0.59022707,0.6356710418455185
14225,3,0,0.77674025,0.781676538235179
14229,3,0,0.71559334,0.6919672799783325
14235,3,1,0.5140872,0.5539495192430586
14241,3,1,0.7342979,0.7119473078920192
14246,3,1,0.7984676,0.7528838440845768
14249,3,1,0.6914196,0.7086329111265097
14250,3,1,0.6403549,0.6577515923403938
14257,3,0,0.7955892,0.792430157024074
14264,3,1,0.65545136,0.6574332501218069
14265,3,1,0.73443097,0.7058687865887561
14267,3,1,0.81798375,0.8047106319228561
14269,3,1,0.6047035,0.5996353456830154
14270,3,0,0.75693816,0.7329440786921989
14280,3,1,0.9067373,0.8885243931704342
14290,3,1,0.59313303,0.6133869488541664
14291,3,0,0.82564294,0.8068153766673618
14293,3,1,0.44647628,0.4490301264267296
14294,3,1,0.34962407,0.34187031926669526
14296,3,0,0.7131348,0.7650194800465918
14298,3,0,0.52730966,0.5182512473586871
14300,3,1,0.8198037,0.8170441968186837
14306,3,0,0.6568211,0.6551978643433705
14312,3,0,0.58068025,0.59805920268202
14318,3,0,0.44819,0.4506251476701019
14327,3,1,0.8791642,0.8485592710478925
14328,3,1,0.7120957,0.6874980794070614
14333,3,1,0.6543351,0.6387482486271998
14334,3,0,0.46719667,0.4610971477186408
14343,3,1,0.77699316,0.7293036760755159
14344,3,1,0.9189592,0.9057515094194436
14357,3,0,0.8880179,0.8736087455165144
14362,3,1,0.44867975,0.43743158958896944
14363,3,0,0.4906856,0.4577034117208515
14364,3,1,0.76057434,0.7328552939619825
14370,3,1,0.74394315,0.7294783868400905
14375,3,0,0.4070145,0.4177008283846222
14377,3,0,0.74121815,0.6986477406541323
14378,3,1,0.8177543,0.7961314458381565
14379,3,0,0.6957325,0.6746756307074684
14393,3,1,0.51846653,0.5227760055083239
14396,3,0,0.66440064,0.6342673501769405
14397,3,0,0.39012092,0.38544414920382697
14398,3,1,0.18354799,0.1753654288543599
14404,3,0,0.72993976,0.7237060945121223
14407,3,1,0.5903644,0.5799947906425569
14408,3,0,0.29604575,0.3113679171255611
14409,3,1,0.68259835,0.6658273914524476
14410,3,0,0.7984638,0.7915739082722237
14414,3,0,0.7216229,0.704218220290328
14422,3,0,0.66990834,0.6757264747332611
14425,3,0,0.7272674,0.7403465225818698
14427,3,0,0.6135493,0.6043781444494362
14431,3,0,0.8167134,0.7975638315789184
14434,3,0,0.9029983,0.897715989346252
14438,3,1,0.5252165,0.507211943888581
14439,3,1,0.49782825,0.5067670172701894
14440,3,0,0.45772734,0.46291283655564935
14442,3,0,0.6575049,0.6622706736743964
14453,3,1,0.74844414,0.7567608056888243
14457,3,0,0.39054382,0.3933331170070423
14462,3,1,0.662457,0.680244839857414
14466,3,1,0.21761978,0.20236848595569537
14469,3,0,0.2966745,0.3161106528791462
14473,3,0,0.7506353,0.7604245430968247
14479,3,0,0.6960219,0.6964154201868878
14488,3,1,0.4780009,0.47477896290278704
14489,3,0,0.29269367,0.2847643756899084
14492,3,1,0.47533804,0.4848090710734859
14500,3,1,0.93765664,0.9277533422987296
14505,3,1,0.8427281,0.8442812266176828
14511,3,0,0.48058328,0.493046746344751
14520,3,1,0.60162586,0.5834293053510533
14522,3,1,0.49501643,0.5278677962609621
14526,3,1,0.5281537,0.5303972311618415
14540,3,1,0.6683515,0.6440880312552792
14544,3,0,0.6447794,0.6433898740374725
14558,3,1,0.57584524,0.5714343045579187
14562,3,1,0.77956504,0.7951058879947053
14567,3,0,0.27067778,0.2755081361839249
14577,3,0,0.3996164,0.4438648077886084
14582,3,1,0.63414073,0.640697959411074
14586,3,1,0.72151965,0.6959160352011665
14599,3,0,0.56913495,0.6145459995340836
14600,3,1,0.48442325,0.46216613183440186
14602,3,1,0.528677,0.49327232245625185
14610,3,1,0.818158,0.7807968358535623
14614,3,1,0.6065358,0.5950161627890875
14616,3,1,0.63232577,0.6479375063927928
14626,3,1,0.78070533,0.7743482529676475
14628,3,1,0.8982778,0.8928753846636219
14631,3,1,0.7648082,0.709707412974793
14633,3,0,0.2415193,0.24348049125787333
14635,3,0,0.45391735,0.4017665573124535
14637,3,1,0.79517734,0.8082088532082556
14646,3,1,0.64143157,0.6382121563575262
14653,3,0,0.7745866,0.7833685230059322
14655,3,0,0.49584392,0.5143137481088251
14657,3,1,0.6867413,0.6613209106925539
14663,3,0,0.30697456,0.3384316136091722
14666,3,0,0.34940013,0.3577156022618205
14678,3,0,0.52227247,0.5223547753724097
14679,3,1,0.60682946,0.6178068436343999
14686,3,1,0.9351232,0.9225648778561221
14688,3,1,0.76171076,0.742127709330594
14689,3,0,0.75570154,0.7523628509908279
14691,3,1,0.6553741,0.6564627539428328
14695,3,1,0.41172752,0.4365757109707651
14696,3,1,0.7498137,0.7224155253524354
14699,3,0,0.8775888,0.8681992616184167
14705,3,1,0.72117996,0.691296415318687
14710,3,0,0.5310905,0.5637709306592927
14714,3,0,0.21339238,0.19213920515712057
14721,3,0,0.8111116,0.8017657435216549
14726,3,1,0.807267,0.7794254740927241
14727,3,0,0.73160535,0.7096542244546304
14736,3,0,0.15275109,0.15407444230891715
14737,3,1,0.59181565,0.5829363267200528
14746,3,0,0.65404147,0.630600864932458
14748,3,0,0.5977027,0.5483121217857201
14753,3,0,0.31950793,0.31579773441436126
14759,3,1,0.61658806,0.6059804553883634
14760,3,1,0.5386601,0.5021753295795004
14761,3,1,0.865412,0.8383648916630069
14765,3,0,0.33620548,0.316315467262527
14769,3,0,0.6134686,0.659795554727354
14771,3,0,0.1517963,0.1507048750628412
14775,3,0,0.49538496,0.5195212540889699
14780,3,1,0.7392101,0.7352043484051843
14783,3,1,0.61165345,0.5695194652975671
14785,3,0,0.091737315,0.09828644384052132
14786,3,1,0.87052363,0.8441831132685204
14794,3,0,0.36256453,0.37325906332007575
14800,3,0,0.17337294,0.1615368288648941
14806,3,1,0.63057524,0.6397658293703499
14809,3,1,0.7748577,0.7447085394038474
14810,3,1,0.78749186,0.7990036654643594
14818,3,0,0.85524553,0.8610076784868088
14821,3,1,0.87546283,0.8685424061951939
14829,3,0,0.71748036,0.6872825371464106
14831,3,1,0.92153764,0.9106248198744369
14839,3,0,0.4544046,0.4662607914816615
14841,3,0,0.76222956,0.7519852516738437
14846,3,1,0.85886234,0.8537140855243638
14848,3,1,0.7500978,0.7361108669862035
14853,3,1,0.62088287,0.630197009877124
14858,3,1,0.3491664,0.3331102026038526
14861,3,0,0.73813206,0.7238982751549241
14862,3,1,0.63044465,0.6490567669613554
14870,3,0,0.13954613,0.14292578312864054
14872,3,1,0.74382883,0.6973871573756886
14876,3,1,0.7404721,0.7343258789666234
14877,3,0,0.46261802,0.4596815551692798
14879,3,0,0.48488307,0.49254177230240836
14884,3,1,0.9142522,0.8977489190694865
14891,3,0,0.58606756,0.5836792335854457
14897,3,1,0.91767436,0.8980234788080659
14898,3,1,0.41684744,0.4316668676470165
14900,3,0,0.7941813,0.8553279977470807
14906,3,1,0.521684,0.533786755386501
14907,3,0,0.6892123,0.6485599572695443
14908,3,1,0.5606117,0.551653692601917
14910,3,1,0.616953,0.6448641867087722
14911,3,1,0.43303767,0.4254971815900576
14915,3,1,0.57719696,0.5878427163931713
14919,3,1,0.82416457,0.8234578617122923
14923,3,0,0.53737694,0.5452411774284346
14924,3,1,0.69786555,0.6872049709379703
14932,3,0,0.8652812,0.8469197603789089
14934,3,1,0.8555593,0.8459070861117439
14935,3,1,0.8223906,0.8139997310452879
14942,3,1,0.7833842,0.7789493927459865
14943,3,1,0.7528452,0.7333514038856
14945,3,0,0.29263362,0.28185877234183887
14947,3,1,0.64403415,0.6160313668055812
14950,3,0,0.38845715,0.3864827531931093
14955,3,1,0.5966927,0.6136693574623956
14956,3,1,0.64976776,0.6483450775863938
14960,3,1,0.415939,0.4542024958834941
14961,3,1,0.48886564,0.5057417450896005
14963,3,1,0.5191841,0.5030342940474182
14965,3,1,0.7808822,0.7824811563050508
14966,3,1,0.59827816,0.5757744246281103
14968,3,1,0.7893556,0.7954309239610432
14980,3,1,0.83999205,0.8255636692949331
14981,3,0,0.5718225,0.5791764815473224
14992,3,1,0.70284724,0.6830154141868886
14994,3,1,0.83714384,0.7945310792254953
14995,3,1,0.48272067,0.4888401098622945
15001,3,1,0.6892643,0.6417747728419316
15003,3,1,0.70739555,0.7288790377602348
15004,3,1,0.8584851,0.8333921686937343
15010,3,1,0.80217534,0.7955877127840694
15013,3,1,0.520929,0.5070145031718156
15014,3,1,0.8729555,0.8400956475801616
15018,3,1,0.59335893,0.5860509988983349
15019,3,0,0.53853154,0.5461219404382928
15022,3,1,0.5326916,0.5715117951510492
15024,3,1,0.68479913,0.6903920895283457
15025,3,1,0.7856593,0.7671849211842622
15029,3,0,0.6096831,0.5819919941037436
15032,3,1,0.79275376,0.7668207797812515
15033,3,1,0.81354445,0.8341559692033121
15035,3,0,0.23099037,0.2161027911294346
15037,3,1,0.6606486,0.6615578412153462
15056,3,0,0.5523598,0.5290745410480302
15060,3,1,0.5530181,0.581798599273812
15069,3,1,0.91342354,0.900995496417185
15074,3,0,0.41159335,0.3713963374809393
15083,3,0,0.9232617,0.9121862007195176
15085,3,1,0.35094306,0.35405901664135214
15088,3,1,0.82330036,0.7960382698435386
15094,3,0,0.23091535,0.2380112207619609
15098,3,0,0.46694267,0.44410692583978423
15107,3,1,0.8379339,0.815628969637473
15115,3,1,0.43147454,0.4436606393319115
15119,3,1,0.54303336,0.5549491048261359
15120,3,1,0.7038854,0.7094200526958235
15126,3,1,0.80854094,0.8012340378477046
15137,3,1,0.82541525,0.7951006896498028
15144,3,0,0.47568086,0.515817265900896
15145,3,1,0.86018825,0.8540533735567859
15148,3,0,0.40488726,0.48568922036863277
15153,3,0,0.44446197,0.4707645955283213
15154,3,1,0.7903314,0.7868163335918089
15156,3,0,0.17395823,0.16246106550550807
15157,3,0,0.75275147,0.7391570163394505
15158,3,1,0.6448461,0.6513792339439247
15159,3,1,0.8750842,0.8622160542588535
15160,3,1,0.88741106,0.8705647105934131
15171,3,1,0.77575684,0.7168172352803798
15173,3,1,0.713936,0.7186512948875955
15180,3,0,0.48481473,0.48530921478306455
15183,3,1,0.8576046,0.8539953331952856
15186,3,0,0.22378965,0.2287887727087917
15187,3,1,0.7229521,0.7115420653570331
15190,3,0,0.7493807,0.7451136245020986
15194,3,0,0.24288672,0.23814647910812692
15201,3,0,0.56242436,0.5785927744829583
15208,3,0,0.13607416,0.14792766835228266
15209,3,0,0.584192,0.6143167543712886
15211,3,1,0.5411223,0.5522440913181214
15215,3,1,0.68611735,0.7175464458011289
15216,3,0,0.1203976,0.13099279170128347
15226,3,0,0.315426,0.3232454761176352
15227,3,1,0.8735549,0.8745700651332659
15228,3,1,0.5514737,0.558943688612293
15241,3,0,0.5250735,0.545593181141241
15253,3,1,0.417773,0.4158827123018256
15256,3,0,0.28384146,0.2538068292758449
15260,3,0,0.28449437,0.28158738955695406
15266,3,0,0.18944645,0.18757935357697725
15273,3,0,0.47212005,0.4356239568393166
15276,3,1,0.70835775,0.7181084837898783
15281,3,1,0.5716684,0.5800847265478056
15282,3,1,0.86105216,0.8727226586950856
15295,3,1,0.8141952,0.7992086209971184
15306,3,1,0.3818127,0.40212133807293227
15313,3,0,0.17672677,0.200866897523145
15319,3,0,0.2791984,0.2825657309787453
15320,3,1,0.5783749,0.5672858846552282
15321,3,1,0.83684224,0.8293979744120904
15323,3,0,0.70280814,0.7213706351119029
15325,3,0,0.5896508,0.5898973670899216
15328,3,0,0.3814622,0.3807366973907413
15348,3,1,0.48748225,0.5121140147598658
15351,3,0,0.10213888,0.14291913520834068
15355,3,0,0.6516846,0.6584700651855386
15358,3,0,0.65559214,0.6575177972569166
15362,3,1,0.7676353,0.7425304804403863
15363,3,1,0.86152387,0.8717226310845332
15368,3,0,0.67111623,0.685157876401858
15371,3,0,0.6199894,0.6731257659786722
15372,3,1,0.8843418,0.8813651832053851
15379,3,1,0.46861082,0.4786650588121244
15380,3,1,0.8620494,0.8412369652333951
15382,3,0,0.5033256,0.5459798058580103
15390,3,1,0.8462893,0.8579158423226875
15392,3,1,0.8067942,0.7930619280604069
15396,3,1,0.56857055,0.6142343235464321
15399,3,1,0.67504525,0.6809674222162995
15401,3,1,0.60307103,0.6015443179678776
15403,3,1,0.8831902,0.8801411110169438
15407,3,0,0.2114189,0.21954030319471168
15409,3,1,0.6215264,0.6239042363466696
15424,3,0,0.1358447,0.1412155533695722
15430,3,0,0.39081654,0.37488328569331997
15434,3,1,0.74276906,0.7189046930957474
15454,3,1,0.60264236,0.5981951479700649
15461,3,1,0.7892281,0.7428097658630824
15475,3,1,0.443475,0.4085195501925344
15481,3,0,0.13826041,0.1567251881073763
15482,3,1,0.7948722,0.7549263231893806
15487,3,1,0.92278564,0.9032606501449654
15489,3,1,0.91452277,0.9067037446819729
15494,3,0,0.73445004,0.7236491604652283
15498,3,0,0.49848557,0.4931037653265882
15502,3,1,0.68542683,0.7049736876841394
15505,3,1,0.88136107,0.884395615201796
15506,3,1,0.75150216,0.7450566670892671
15515,3,0,0.21754165,0.22765693487812666
15520,3,1,0.3578572,0.3612658569963634
15526,3,0,0.44815436,0.5120827109101658
15530,3,1,0.6037823,0.5743567789064018
15538,3,0,0.349986,0.3603816981892881
15540,3,0,0.5695255,0.6032021757233892
15541,3,1,0.7751437,0.7848304601674542
15549,3,1,0.817291,0.8008240605832321
15551,3,0,0.34411743,0.34071421575278943
15556,3,1,0.7526113,0.7275471559985507
15559,3,0,0.4049509,0.3973341861406634
15567,3,0,0.20607983,0.19627011900593727
15573,3,1,0.72804826,0.7080828927848096
15579,3,1,0.825095,0.7890256542207966
15580,3,0,0.3996987,0.3820778920265874
15584,3,1,0.72289747,0.7270448505622632
15586,3,1,0.6097331,0.5953687805202719
15588,3,1,0.7011131,0.6859709478727756
15591,3,1,0.890262,0.8831456483216897
15596,3,0,0.431824,0.4475397589944447
15598,3,1,0.3794271,0.3643972867857327
15604,3,1,0.5063528,0.5110805766393922
15608,3,1,0.74725676,0.7639855049970924
15609,3,1,0.80613077,0.8232796283729897
15613,3,1,0.5500882,0.5567411027853837
15618,3,0,0.37089816,0.3527839097265136
15624,3,1,0.81806254,0.8086959981976096
15626,3,1,0.56358856,0.6016071834476173
15628,3,0,0.37525856,0.38473750990052913
15634,3,1,0.76996815,0.7429171604741757
15638,3,1,0.4674816,0.4716653726015862
15639,3,1,0.48215201,0.5322371401757795
15642,3,1,0.68428,0.6413187233127243
15643,3,1,0.88545287,0.8743267455864766
15659,3,1,0.7059452,0.7077568690949818
15669,3,0,0.16432822,0.16699875309055331
15671,3,1,0.48294833,0.45754581518868337
15675,3,1,0.76346844,0.7314840603338454
15678,3,0,0.46409038,0.5020904678253183
15680,3,1,0.7615449,0.7550678167148085
15682,3,1,0.7876253,0.778690970338267
15685,3,1,0.52186763,0.4806640758212809
15687,3,1,0.5448741,0.5684195495177528
15688,3,1,0.63417995,0.6231340316007712
15690,3,0,0.6667133,0.6867902160944985
15691,3,1,0.35510036,0.3889406844738216
15692,3,0,0.33664712,0.32170351124200686
15695,3,1,0.88317925,0.8445196063311201
15699,3,1,0.77731544,0.7790039594038489
15700,3,1,0.7754643,0.7576236125102491
15702,3,1,0.86612564,0.8810948442033034
15712,3,1,0.7605797,0.7470222319512757
15716,3,1,0.78822744,0.7601708629900764
15724,3,1,0.8052101,0.7630150554365527
15725,3,0,0.6334854,0.6163191059552363
15726,3,1,0.7673169,0.7769820602011863
15735,3,1,0.89716995,0.8755837338930204
15738,3,1,0.72071505,0.7089246268895539
15739,3,0,0.4170352,0.46382588510758505
15749,3,0,0.36232808,0.418201238973385
15750,3,0,0.16405542,0.15766042109804176
15753,3,1,0.6243101,0.6081498152328825
15757,3,1,0.78434664,0.7524672085927616
15758,3,1,0.8089506,0.8054744533933872
15760,3,1,0.2203229,0.2548334246152351
15772,3,0,0.6020333,0.6224306968530758
15774,3,0,0.35618845,0.3809402788863151
15779,3,1,0.8118377,0.7951643132850992
15788,3,1,0.7207265,0.7054289444509458
15789,3,1,0.86521876,0.86706537633155
15793,3,1,0.8570406,0.8559403823054863
15794,3,1,0.42361483,0.4011540096060539
15797,3,1,0.6737087,0.6640473402029966
15801,3,1,0.7236731,0.726015371904684
15802,3,0,0.43965095,0.45122800044053607
15803,3,1,0.8019676,0.7951437055306604
15804,3,0,0.20894603,0.20798411975617656
15809,3,1,0.2721705,0.2662309149907668
15811,3,1,0.746985,0.7353156091944749
15816,3,1,0.5644073,0.5999354987961335
15820,3,1,0.7335303,0.7121630287467714
15822,3,1,0.73866534,0.7158230626705043
15827,3,1,0.7784435,0.769184574339143
15832,3,0,0.51098865,0.5188049538306369
15837,3,0,0.62663263,0.6291629798058659
15839,3,1,0.79358816,0.787834924411843
15840,3,0,0.5954608,0.6041190113960724
15851,3,1,0.8373116,0.8095127035671452
15854,3,1,0.58197546,0.5964694524481177
15856,3,0,0.6186542,0.6363108960648188
15859,3,1,0.74624866,0.7518143668159106
15860,3,1,0.58949596,0.5616704385361799
15873,3,1,0.543515,0.5426725989112238
15877,3,1,0.62586385,0.6347593357794918
15878,3,0,0.84128463,0.8025249699974354
15879,3,1,0.92105544,0.9216966209053762
15883,3,1,0.9245744,0.9041764396376293
15886,3,1,0.27498415,0.31278709108465563
15890,3,1,0.4576338,0.4559480263584613
15892,3,0,0.4038505,0.38577914943476777
15904,3,1,0.3027686,0.32428003737936567
15906,3,0,0.54938394,0.5751261728493381
15907,3,1,0.77383137,0.7621260933715925
15913,3,0,0.6762919,0.69326305524813
15916,3,1,0.8964523,0.8687261467819984
15923,3,1,0.6444892,0.6973076052395146
15925,3,1,0.20806724,0.22834516488173343
15926,3,0,0.754406,0.737890328380369
15933,3,1,0.68367815,0.686719199945003
15936,3,1,0.34287924,0.3405597771718086
15941,3,0,0.562865,0.5623800913591631
15942,3,0,0.74044186,0.7436744067916735
15948,3,1,0.35650697,0.37304056993597545
15952,3,0,0.29132396,0.31198354664595984
15955,3,0,0.15219522,0.1934998400245867
15956,3,1,0.6116777,0.5609844460901338
15964,3,0,0.38746035,0.3578428812219468
15967,3,0,0.44325715,0.42916831668521366
15969,3,0,0.30503634,0.2951807684910248
15971,3,1,0.89260375,0.9000432655693571
15973,3,1,0.61993307,0.6391302756800936
15974,3,0,0.1513694,0.1881163212211517
15985,3,1,0.7810113,0.7758271511275271
15987,3,0,0.16848029,0.15775444550334503
15991,3,0,0.43092906,0.4415676887077473
15998,3,0,0.42575565,0.44984624626834757
16004,3,1,0.7560205,0.7371301801369088
16006,3,1,0.8214597,0.8528653630794024
16010,3,1,0.6674465,0.6557499305827603
16022,3,1,0.75322646,0.7308492559012589
16025,3,1,0.70687205,0.683057914526327
16030,3,1,0.80690664,0.7564322353171099
16032,3,1,0.3298431,0.3124299478202216
16034,3,1,0.7830953,0.8112329351137798
16042,3,1,0.9144257,0.9151985003425187
16045,3,1,0.69441575,0.6853183816235117
16046,3,1,0.41993785,0.4517131740590185
16047,3,1,0.5499092,0.5301864203156714
16055,3,1,0.51544833,0.5129935936264202
16058,3,0,0.45783633,0.5260777958464521
16059,3,0,0.6674125,0.6695103579888741
16061,3,0,0.25681368,0.2493355573667822
16062,3,0,0.2969896,0.283287436522528
16066,3,0,0.5038002,0.5202708575386024
16068,3,1,0.38735607,0.40224761763062633
16069,3,1,0.7570553,0.7455883325093394
16071,3,1,0.7607087,0.7507068517397683
16072,3,1,0.61022484,0.6567624114971772
16073,3,1,0.6314205,0.6415077345263691
16083,3,1,0.8386203,0.8414252091916041
16098,3,1,0.8049001,0.7687105805346862
16104,3,1,0.76655763,0.7747505601449427
16108,3,0,0.18922457,0.1880915047455191
16110,3,1,0.8567616,0.8449967998026301
16118,3,0,0.45375603,0.4743894471467556
16120,3,1,0.819614,0.8275961374564977
16124,3,1,0.7423463,0.697740386068653
16125,3,0,0.84026355,0.8344396433897517
16136,3,1,0.59198314,0.592381459034237
16137,3,1,0.65826696,0.6631709873280766
16147,3,0,0.56105995,0.5732755454773738
16148,3,1,0.7964273,0.7740386371353905
16152,3,1,0.8412826,0.8112881454688678
16155,3,1,0.9147895,0.8931243913362967
16157,3,1,0.23710087,0.23314688966210576
16159,3,0,0.14663495,0.14265553902351963
16160,3,0,0.40624097,0.4054764832901658
16163,3,1,0.65812504,0.6442541606179133
16174,3,1,0.77799773,0.7674659651995811
16175,3,1,0.7514538,0.7457493897968166
16177,3,0,0.35974517,0.3966839735662414
16181,3,1,0.60599536,0.5958151912015649
16186,3,0,0.14218274,0.1462267349576378
16187,3,0,0.8103042,0.7883966366136923
16188,3,1,0.91595227,0.9154346257953507
16197,3,1,0.74887615,0.6859687688080771
16198,3,1,0.8167405,0.7861999761058727
16208,3,1,0.83245414,0.841193522235847
16210,3,1,0.40358248,0.424174186896529
16211,3,1,0.7008618,0.7008288814508828
16215,3,1,0.5226363,0.5831121181969446
16221,3,0,0.45212677,0.47007828166991483
16223,3,0,0.6058849,0.578575835886514
16225,3,0,0.45772266,0.4809678791508485
16226,3,0,0.6807496,0.7478349860868755
16227,3,0,0.6234169,0.5845309512412146
16236,3,1,0.6726251,0.6408924121844924
16238,3,1,0.6398694,0.6354141521261686
16244,3,0,0.2408529,0.22348724620115626
16246,3,1,0.6107076,0.6142002041992838
16255,3,1,0.56155,0.5362066471988429
16258,3,1,0.6614451,0.6823220099868981
16264,3,0,0.5494501,0.522187184821987
16267,3,0,0.38245252,0.3865675616417525
16278,3,1,0.8290133,0.8271977599665226
16284,3,1,0.86223125,0.8461256458729673
16286,3,1,0.79203326,0.7767913897955595
16288,3,1,0.34627947,0.38514341495030147
16296,3,0,0.26143852,0.28493885987170436
16297,3,0,0.39989677,0.41959867358743286
16308,3,1,0.7022494,0.665729243986082
16309,3,1,0.8448885,0.8389204913662391
16311,3,1,0.6412925,0.6408366053145149
16312,3,0,0.285516,0.32853713509996524
16318,3,1,0.6661205,0.6685154135155107
16321,3,0,0.524543,0.5477202818135086
16323,3,0,0.20789668,0.21338868936586705
16334,3,0,0.6782619,0.6638411134980736
16337,3,1,0.6786819,0.6784788253605317
16340,3,1,0.70534146,0.7135512218805895
16348,3,1,0.5333568,0.5518794442063113
16354,3,0,0.31030595,0.32563690127258205
16360,3,0,0.503288,0.46977087540255624
16361,3,0,0.656783,0.6513618562744885
16363,3,0,0.6926403,0.7387157778936374
16366,3,1,0.81392,0.7720220565984894
16378,3,1,0.4762206,0.47102687224668127
16382,3,1,0.8755874,0.8497780313031802
16384,3,1,0.84337074,0.838977080334009
16388,3,0,0.237636,0.23985945614136525
16394,3,1,0.35638365,0.3412172445978841
16397,3,1,0.85553485,0.8523918187315505
16400,3,1,0.6446539,0.6423448653367265
16402,3,1,0.7334105,0.7048376377959352
16420,3,1,0.47542694,0.43165185740762946
16421,3,1,0.52162343,0.5650100383762611
16424,3,1,0.8072652,0.8105564753910479
16425,3,0,0.16707653,0.18790751137078537
16429,3,1,0.86572385,0.856925392639052
16430,3,1,0.8649158,0.8743145840003557
16440,3,1,0.6949716,0.6863921181511013
16443,3,1,0.60234916,0.6132769128889908
16444,3,1,0.8292922,0.8122318906439391
16446,3,0,0.5305858,0.5111785733583933
16453,3,0,0.45763415,0.47914852179592077
16455,3,0,0.6572183,0.6710089241789403
16460,3,0,0.71054894,0.695839093438278
16466,3,0,0.51529324,0.4800749475575724
16467,3,1,0.34020287,0.3624124666980998
16472,3,0,0.59723634,0.6050795134504212
16478,3,0,0.23892236,0.25880450049986575
16479,3,1,0.7526167,0.7146004994869412
16484,3,1,0.27848393,0.27796614131942976
16486,3,1,0.64095765,0.6724544237665195
16490,3,0,0.83180064,0.8179175767631014
16491,3,1,0.8813909,0.8521303393863828
16510,3,1,0.68257725,0.6619558559087586
16513,3,0,0.28185853,0.2764140581799825
16517,3,0,0.38803956,0.4048020282485273
16527,3,1,0.602641,0.6006706966086041
16530,3,1,0.55713224,0.5197829432758512
16539,3,1,0.7000635,0.7047370369146776
16545,3,1,0.7345551,0.74683173350805
16555,3,1,0.7944449,0.7966287464467261
16558,3,1,0.74276423,0.7160307085483765
16565,3,0,0.6453228,0.6702434966628263
16570,3,0,0.3650152,0.3644058827155339
16571,3,0,0.6812944,0.6726894538383451
16579,3,0,0.79463273,0.7944431045683812
16588,3,1,0.9203844,0.9305377789969514
16589,3,0,0.30702364,0.35135953912570533
16590,3,0,0.6404514,0.6587872719411614
16599,3,0,0.67592514,0.6892796180153546
16604,3,0,0.14855364,0.15930467924570865
16607,3,1,0.7830525,0.7922769723974226
16615,3,0,0.493685,0.5047945454684164
16617,3,1,0.4641457,0.48841499674340466
16618,3,0,0.2524587,0.20816374945926583
16621,3,1,0.5857071,0.5718428691192754
16623,3,0,0.56709623,0.5726057240068964
16624,3,1,0.6226198,0.6212061521144099
16625,3,0,0.74466026,0.709506888093087
16630,3,1,0.8892456,0.8889695801895617
16631,3,0,0.5329167,0.5016704385483801
16634,3,0,0.62870395,0.6313235744447128
16639,3,1,0.8025808,0.7838385508782603
16641,3,1,0.6207477,0.6432227221506422
16649,3,1,0.5494729,0.5090727350027623
16651,3,1,0.39776433,0.36909968758918965
16661,3,1,0.40358338,0.43454701244214056
16663,3,0,0.28898415,0.2863705975701789
16667,3,1,0.8452593,0.8029521944988101
16670,3,1,0.3286901,0.337636007438529
16671,3,0,0.37748632,0.3763447817228962
16672,3,1,0.63622284,0.6524413520696667
16681,3,0,0.34723115,0.3497169415852365
16684,3,0,0.11616401,0.11477241493855743
16697,3,0,0.5158114,0.49383859212633097
16702,3,0,0.1138345,0.12177468205728345
16704,3,0,0.62067354,0.6037784874868404
16707,3,1,0.60004085,0.5929579946785697
16708,3,1,0.56822485,0.5494712940329651
16713,3,0,0.21916008,0.24278459949292552
16723,3,0,0.8206517,0.7941501588196803
16739,3,1,0.43234935,0.44220251045313036
16745,3,1,0.7549315,0.7797707516190997
16766,3,1,0.83355606,0.8147110412701757
16774,3,1,0.59967345,0.5712082509079216
16775,3,0,0.71669143,0.7424615193907143
16782,3,1,0.72247845,0.7379113595013896
16786,3,0,0.87506557,0.8458962092061914
16789,3,1,0.7906995,0.7371617858463403
16803,3,0,0.24226752,0.2425130995433205
16806,3,0,0.23543948,0.25795877876775813
16809,3,1,0.904214,0.9016514884886547
16811,3,0,0.66929907,0.6434265750168416
16814,3,1,0.90343857,0.8934736979542826
16817,3,1,0.76555115,0.7355359769639818
16824,3,1,0.50240165,0.5293936046094746
16826,3,0,0.88618505,0.8910946085004592
16830,3,1,0.53413564,0.5512240187845462
16840,3,1,0.62150913,0.6173763907537995
16843,3,0,0.52754736,0.5243574506565767
16845,3,0,0.6429942,0.5410271445658488
16846,3,1,0.79744685,0.7785763353492802
16849,3,1,0.3964343,0.34466667639236276
16850,3,1,0.48335746,0.49456767607297325
16851,3,1,0.7797152,0.757623650080185
16856,3,1,0.6840187,0.6808191664357874
16863,3,1,0.5547304,0.5653668388631721
16864,3,1,0.754123,0.7527978502723787
16867,3,1,0.7163738,0.699807315581191
16872,3,0,0.5008391,0.5131134851067026
16882,3,0,0.4891619,0.4723348900226376
16884,3,0,0.46308818,0.4601546954851428
16889,3,0,0.62855,0.6151237944132886
16898,3,1,0.8866868,0.8744240645196591
16902,3,0,0.6044675,0.6619594382907548
16908,3,0,0.73976725,0.7571158207519673
16911,3,1,0.6437187,0.6106639293429277
16912,3,1,0.69796133,0.7091889159818712
16919,3,0,0.64658976,0.6411521557761128
16925,3,0,0.6550651,0.6556118280128727
16934,3,1,0.512755,0.5285938268017832
16940,3,0,0.2600263,0.30171884977946933
16946,3,1,0.72309846,0.7035670448225666
16947,3,0,0.26449016,0.28205173466539446
16948,3,0,0.6288953,0.6577194851385871
16951,3,1,0.7997544,0.8039434804410341
16956,3,0,0.43304044,0.39832171014432355
16958,3,0,0.3434122,0.38978177102240136
16964,3,1,0.5855967,0.5815246057115363
16965,3,0,0.39012092,0.29734873042600535
16967,3,1,0.48792365,0.4703164901591577
16971,3,1,0.60521245,0.6310671667785375
16979,3,0,0.6122335,0.6026786547443362
16984,3,1,0.8279846,0.8102990040399249
16998,3,0,0.2820637,0.2703312257040663
17000,3,1,0.72552687,0.7162023428013059
17014,3,0,0.5786582,0.5720408585518703
17017,3,1,0.8465586,0.8386973878035782
17037,3,1,0.8176411,0.8185535335763053
17043,3,0,0.33712158,0.30378180477301325
17050,3,1,0.23583162,0.22234783084951562
17054,3,1,0.78289664,0.7777148031885386
17060,3,0,0.4290705,0.45893715567893184
17063,3,1,0.7713542,0.744522073807664
17075,3,0,0.36056086,0.36684770358503904
17084,3,1,0.68327487,0.674470995345971
17090,3,1,0.63383245,0.6328625032919328
17094,3,1,0.42760888,0.4060645109592623
17099,3,1,0.78533006,0.8074364455316732
17102,3,0,0.24288672,0.23814647910812692
17106,3,1,0.35227686,0.3558695378578342
17110,3,0,0.83806455,0.8311855812927379
17118,3,1,0.43139824,0.48086383638756947
17120,3,1,0.86904997,0.8675115725834621
17126,3,1,0.7169094,0.6884608609536033
17133,3,0,0.7615225,0.7495117348409229
17141,3,1,0.71600556,0.6952097463456158
17145,3,1,0.87609655,0.8646191552490051
17173,3,0,0.69305825,0.7065110327926135
17175,3,1,0.47196373,0.4949610198907085
17179,3,0,0.80444485,0.777305301554442
17185,3,1,0.39006054,0.4088539045184229
17186,3,1,0.8794051,0.8695140433482905
17187,3,0,0.8880152,0.8692078149954325
17188,3,1,0.7986873,0.8046003791470662
17190,3,0,0.64834243,0.5963191911896564
17213,3,0,0.45609507,0.4572658823173985
17217,3,1,0.40292343,0.4259958616269628
17218,3,1,0.86965925,0.8687720339675092
17223,3,0,0.6756155,0.6694655960606626
17228,3,1,0.86628747,0.8523214648295726
17235,3,1,0.7110541,0.7035800408346972
17236,3,0,0.57904494,0.5830349995792397
17237,3,0,0.18982142,0.20172214477356923
17249,3,1,0.60210705,0.6276766880364526
17254,3,1,0.9232466,0.9231264335927615
17259,3,1,0.7792775,0.776791139718141
17272,3,0,0.3385483,0.3702697041005247
17274,3,1,0.67773247,0.6803188849748619
17276,3,1,0.8689639,0.8901196900178447
17279,3,1,0.57485056,0.5979404405504647
17286,3,1,0.8029045,0.7973107785525103
17288,3,1,0.5270174,0.5273690387431266
17290,3,1,0.8429857,0.8286548590111124
17291,3,0,0.3301728,0.33398215588244407
17293,3,0,0.90172285,0.84137538306289
17295,3,1,0.48835313,0.46749787699467754
17308,3,1,0.7319122,0.7277120170211107
17312,3,1,0.89376384,0.8870093852227381
17316,3,1,0.8078171,0.7566267268779482
17325,3,0,0.8586051,0.8337562327945137
17340,3,0,0.679361,0.6772467053442673
17346,3,0,0.14914896,0.17766160004973441
17347,3,1,0.8405702,0.8140193796595331
17356,3,1,0.78858036,0.7573243086395857
17362,3,1,0.57807547,0.5854561220520722
17364,3,1,0.5078221,0.5281862258487663
17366,3,0,0.3529133,0.3541315876754079
17367,3,0,0.27651343,0.3023070137384372
17371,3,0,0.3047386,0.3460953808493939
17373,3,0,0.116599545,0.14129663178264423
17380,3,1,0.7518191,0.757732385234516
17388,3,0,0.60264504,0.6220677487920664
17397,3,0,0.4656928,0.4745591865624369
17404,3,1,0.81742734,0.7887992562406188
17409,3,1,0.8860458,0.87768205480423
17412,3,1,0.529128,0.5292093988908556
17417,3,0,0.71168953,0.6590433028528639
17427,3,0,0.63419676,0.6317717237862207
17433,3,1,0.50187665,0.5660899592354851
17434,3,1,0.8022766,0.8020549782727003
17438,3,1,0.7529119,0.7214271503468355
17441,3,0,0.17128712,0.20132868247145033
17442,3,0,0.76450795,0.7587711382053628
17445,3,0,0.60306346,0.5826917023297775
17446,3,1,0.92320365,0.929547744990694
17447,3,1,0.6467109,0.6654771740608673
17457,3,0,0.76173353,0.739126687298734
17459,3,1,0.47361028,0.4618807456019421
17466,3,1,0.8462292,0.7954985585155796
17467,3,1,0.7513543,0.7615218509569862
17476,3,1,0.5597125,0.5840692704674555
17478,3,0,0.6250236,0.6289644859843668
17495,3,0,0.75781244,0.7190082359294611
17496,3,1,0.6343346,0.6125032405690609
17497,3,0,0.89073014,0.8669000320421746
17516,3,1,0.8261846,0.8239629212599797
17527,3,1,0.44930524,0.4432117798274094
17530,3,0,0.5693577,0.48329677443776686
17532,3,1,0.65113366,0.6670713131136063
17555,3,1,0.6348933,0.5885450543543709
17557,3,0,0.27528557,0.2889485823443976
17562,3,0,0.4590101,0.4819610886096274
17569,3,0,0.330933,0.31269552715780585
17574,3,1,0.6593257,0.6384471605581826
17575,3,1,0.3304701,0.322575586848548
17580,3,1,0.71591234,0.6743427716833711
17582,3,1,0.67962205,0.6837712212887903
17598,3,0,0.5927601,0.6153525060624332
17613,3,1,0.75669545,0.7621667072961844
17620,3,0,0.6400737,0.641554683498477
17625,3,1,0.3188256,0.33670919258656967
17626,3,0,0.8579793,0.8392741655871525
17631,3,0,0.378905,0.3814594503225519
17643,3,1,0.8811549,0.8613046612029858
17644,3,1,0.42907885,0.4371136144633249
17649,3,1,0.77071154,0.7111188282172585
17651,3,1,0.87296003,0.8748255266143924
17661,3,0,0.81405723,0.7632674261202759
17662,3,0,0.5714901,0.5937679688511377
17682,3,1,0.7902415,0.7790894709207398
17691,3,1,0.45272478,0.4550948065490691
17700,3,1,0.9422749,0.9295320768997103
17701,3,0,0.13372993,0.15834081093777844
17705,3,1,0.6228027,0.6401253779619844
17708,3,1,0.8268522,0.8247939644733474
17712,3,1,0.58077544,0.5734045076284964
17713,3,1,0.44931835,0.43978988449271517
17726,3,0,0.42074087,0.44036626614997476
17727,3,1,0.61513627,0.6059415385615121
17728,3,1,0.69994766,0.655027750653348
17729,3,1,0.29366556,0.31826668661184665
17730,3,1,0.8670733,0.856008510108575
17731,3,1,0.79017764,0.7901100442281218
17732,3,0,0.6394277,0.6374281838880561
17734,3,1,0.75357103,0.7449272394557532
17738,3,0,0.71395403,0.6965618931704349
17750,3,1,0.6162794,0.5909439732524285
17765,3,1,0.8516302,0.8460243711050275
17773,3,1,0.7563613,0.7525699405295939
17776,3,0,0.59086597,0.5567952101641493
17777,3,0,0.7011456,0.6997871876508628
17779,3,1,0.5944554,0.5911471433928304
17787,3,1,0.7496795,0.7433464836959262
17804,3,0,0.6329797,0.6144852061958118
17809,3,0,0.876699,0.8732785906710185
17818,3,0,0.58364296,0.6031440960140206
17823,3,0,0.40774253,0.40429608175959403
17827,3,1,0.7116242,0.6891860918296354
17830,3,0,0.59142345,0.5935531130486901
17832,3,1,0.7561052,0.7109786494973166
17834,3,1,0.46016717,0.49633244096961837
17838,3,0,0.17956199,0.20340137560857788
17841,3,0,0.7848389,0.7774421407308654
17845,3,0,0.6051581,0.6119470650866976
17851,3,1,0.8648723,0.8605536250845846
17854,3,1,0.7789833,0.7728241455255492
17861,3,0,0.6696048,0.6415466223340567
17863,3,1,0.75835013,0.7295954607240699
17867,3,0,0.78878033,0.7637253160716078
17869,3,1,0.9197882,0.9131888160103065
17870,3,0,0.17412636,0.20860953545316224
17872,3,1,0.6721795,0.7255480686273466
17873,3,0,0.47981492,0.4835869386606808
17880,3,0,0.4902073,0.4796897448904897
17883,3,1,0.6826678,0.6846871512732313
17886,3,1,0.765514,0.7553320713905395
17893,3,1,0.80366695,0.7706742969596434
17899,3,1,0.6266433,0.5925179580497192
17900,3,0,0.25273862,0.29972345727628585
17903,3,0,0.36361754,0.3641179997355917
17904,3,1,0.5402748,0.49421558303490576
17908,3,1,0.42218465,0.46808940372752217
17912,3,1,0.40225974,0.4177228406494773
17916,3,1,0.8945456,0.8620466046296054
17917,3,0,0.51840377,0.4925740821891914
17918,3,0,0.69990087,0.7075660557251652
17925,3,0,0.58993906,0.5944737556383515
17928,3,1,0.7715662,0.7644888646554849
17930,3,1,0.69179213,0.7145228671370141
17934,3,0,0.7152091,0.7123737643717641
17939,3,1,0.6437958,0.629386133703647
17941,3,0,0.36011937,0.3411477139777905
17946,3,1,0.8240176,0.8198071587061598
17953,3,0,0.7710702,0.7459213799520998
17956,3,0,0.7916872,0.7775392291596324
17957,3,0,0.81413877,0.8042452997405961
17959,3,1,0.4506811,0.45160435802832677
17960,3,1,0.7913919,0.7858394581309737
17964,3,0,0.435978,0.4233092734120103
17965,3,1,0.8875707,0.886379101877504
17974,3,1,0.8253075,0.8213279817193686
17976,3,0,0.25502986,0.24301870789709348
17981,3,0,0.6361077,0.6406641206286864
17989,3,1,0.6876062,0.6856526902694883
18004,3,1,0.53502846,0.542864290948505
18007,3,1,0.7369739,0.7280658922215167
18012,3,0,0.29417983,0.3005923771544959
18018,3,0,0.74821275,0.7319471134006834
18025,3,1,0.849992,0.8227169839119715
18030,3,1,0.6407603,0.6285986070197721
18032,3,0,0.18205795,0.2052642640152888
18033,3,1,0.6298258,0.5947440989017367
18034,3,1,0.5374415,0.57191393212807
18035,3,1,0.69388753,0.6736324780402849
18036,3,1,0.79225475,0.7815728322100601
18037,3,1,0.6368411,0.6204766284213659
18044,3,0,0.13420065,0.14295023102920787
18045,3,1,0.56593174,0.5760778012500014
18053,3,0,0.5453649,0.5709590345510871
18058,3,1,0.78821075,0.7623956763666516
18061,3,1,0.75816005,0.7493006073727293
18064,3,1,0.46357617,0.40348580226645137
18066,3,0,0.6490506,0.6123308252424574
18070,3,0,0.5983719,0.6171457285471543
18071,3,1,0.63629854,0.6457018074923124
18072,3,1,0.60468763,0.5846486515372509
18073,3,0,0.6239948,0.6494756550044476
18075,3,1,0.8059996,0.7955814398946817
18076,3,0,0.33472115,0.32535568781000884
18083,3,1,0.38029787,0.3480427535625694
18087,3,1,0.75426626,0.7277702716965007
18089,3,0,0.5649103,0.5760563282994663
18093,3,0,0.7901858,0.7736693604681933
18096,3,0,0.22848038,0.2298392102006093
18097,3,1,0.72176397,0.7159976139366109
18102,3,1,0.9189869,0.9086709065311467
18113,3,1,0.34626067,0.39151186257340814
18115,3,1,0.7317708,0.7152546709751741
18120,3,1,0.42283702,0.46130319211696114
18122,3,1,0.6641083,0.69291744055813
18123,3,0,0.4900954,0.5065851049070382
18125,3,1,0.3987036,0.37632468284045983
18126,3,1,0.37503365,0.37639525909986726
18151,3,0,0.68247336,0.6719609270352587
18152,3,1,0.64012265,0.6513829224662123
18153,3,0,0.15786804,0.1445214227902692
18156,3,1,0.36830336,0.3612397389925955
18160,3,0,0.7696777,0.7430977727278955
18166,3,1,0.749025,0.7331998651158704
18170,3,1,0.7194535,0.7048692208788923
18176,3,0,0.44372806,0.44901928904176547
18186,3,1,0.39761388,0.40647677369504803
18188,3,1,0.84865713,0.8027264382613397
18192,3,1,0.63933045,0.636546590408566
18193,3,1,0.66972196,0.6485611145165546
18197,3,0,0.68623674,0.607718864800434
18198,3,1,0.9327776,0.9237831419330883
18200,3,1,0.88565975,0.8570892366057336
18208,3,1,0.5200911,0.4753555452576659
18212,3,0,0.7914515,0.7788741606159016
18214,3,1,0.90951455,0.8882630306447068
18219,3,0,0.7546464,0.7528969699253529
18221,3,1,0.81118965,0.7943705775294023
18225,3,0,0.30210295,0.32061921293018303
18228,3,1,0.9208441,0.8878112892012643
18232,3,1,0.668816,0.7042782060751795
18235,3,1,0.701782,0.6989451934942211
18236,3,1,0.5243497,0.5566522702892489
18242,3,0,0.65356106,0.6464007904077862
18245,3,0,0.49397895,0.49344720573814116
18247,3,0,0.3191084,0.32491964852017136
18252,3,1,0.40358007,0.40896494826027263
18262,3,1,0.72917163,0.7172631432302692
18263,3,0,0.10859671,0.10154762606485503
18272,3,0,0.4484991,0.47905220970906665
18274,3,0,0.60183936,0.604915282329373
18276,3,1,0.44538957,0.4332991876811904
18278,3,1,0.67843914,0.6715517058848861
18290,3,0,0.85695875,0.8421197029007894
18291,3,1,0.52697784,0.5130398880132319
18295,3,0,0.6351197,0.6429684100851365
18298,3,1,0.5812279,0.5474082561342446
18302,3,0,0.7071925,0.7201640543700443
18303,3,0,0.4308507,0.41653599924658985
18306,3,0,0.21796232,0.24306276189835369
18310,3,1,0.7291372,0.7261338188955904
18318,3,0,0.61054176,0.6149898067728393
18324,3,1,0.58551276,0.5815804369663353
18325,3,1,0.8477383,0.8344694779033962
18327,3,0,0.33748016,0.3176454525267843
18336,3,0,0.119975425,0.11282784935110882
18347,3,0,0.8369599,0.78922588881296
18348,3,0,0.5432435,0.5402258741482937
18350,3,1,0.804088,0.7589422324605946
18353,3,1,0.7255554,0.7259339980138836
18361,3,1,0.7520737,0.7528498134590751
18365,3,1,0.41951123,0.416385360655343
18366,3,1,0.7861057,0.7451199030050824
18369,3,1,0.7626654,0.7547905665674883
18372,3,1,0.73480153,0.7130827597295581
18379,3,0,0.5478741,0.5657107024748027
18388,3,0,0.70239305,0.7158058714093916
18397,3,0,0.5588289,0.5733399832623391
18401,3,0,0.5739894,0.5725767989793785
18402,3,1,0.5231179,0.5099008002753744
18404,3,0,0.43301612,0.4283320679172544
18405,3,0,0.13034748,0.12800278032309184
18412,3,0,0.3031793,0.300730373924355
18413,3,0,0.15831609,0.16884920352445568
18425,3,1,0.79580617,0.7776696818824094
18427,3,1,0.86916727,0.8792218244036836
18428,3,1,0.81664973,0.7656829831932732
18432,3,1,0.7146368,0.744584825533154
18433,3,1,0.91334003,0.9220655608166191
18439,3,1,0.6306474,0.596443780295468
18441,3,0,0.6823758,0.6632971178444642
18442,3,1,0.6872999,0.7211592188510767
18449,3,1,0.83356667,0.8368619563253246
18453,3,1,0.58587086,0.577812171637727
18455,3,1,0.8621645,0.8522740900659385
18456,3,1,0.9267401,0.9118416065122855
18457,3,0,0.83981526,0.7970876105853865
18459,3,1,0.87671626,0.8533281319134748
18466,3,1,0.72182506,0.7119761724308603
18468,3,1,0.87047666,0.8619023896944111
18469,3,1,0.80405957,0.7878926575329229
18473,3,1,0.6382106,0.6553376816625436
18481,3,1,0.7572864,0.7341310660273799
18483,3,0,0.35799387,0.3800898515184517
18492,3,1,0.80295074,0.7443507177236729
18500,3,1,0.63839173,0.6289502380748527
18501,3,1,0.8607804,0.8538305288318622
18506,3,1,0.669926,0.6228165028564772
18514,3,1,0.8562116,0.8712480554579723
18518,3,0,0.24743153,0.2543624487881474
18519,3,0,0.6717655,0.6976752859664623
18523,3,0,0.5733213,0.5500920267918468
18528,3,0,0.50109947,0.5032549595695469
18534,3,0,0.6175578,0.6250526939567113
18537,3,1,0.8212147,0.8067675034284733
18541,3,1,0.8822879,0.8654731862718043
18545,3,0,0.5697888,0.5871396850961095
18551,3,0,0.8164474,0.831704075112987
18552,3,1,0.8380618,0.8271549014231436
18554,3,0,0.48127136,0.4855370273107223
18555,3,1,0.7326199,0.7291394079187088
18569,3,0,0.46824571,0.4758831029266572
18570,3,1,0.651548,0.609876525514408
18575,3,1,0.38953254,0.38972088828120627
18582,3,0,0.12958853,0.13772343313062235
18584,3,0,0.7255826,0.7239880499712227
18586,3,1,0.7787692,0.7446881489662565
18590,3,1,0.87451994,0.8576816412837065
18591,3,1,0.6511504,0.6480834162550866
18592,3,1,0.7667874,0.7580283358438337
18596,3,0,0.3671518,0.3870396004413764
18602,3,1,0.64749104,0.6235650308384981
18607,3,0,0.6730919,0.6734714619689876
18621,3,0,0.668754,0.6432491010848627
18625,3,1,0.4240496,0.4473098888383631
18627,3,0,0.22187787,0.2359320701534084
18629,3,1,0.8444276,0.8112102270218661
18630,3,0,0.8833002,0.8707422772385125
18631,3,1,0.5631269,0.5337168713602362
18636,3,0,0.7155312,0.6903382142848524
18638,3,1,0.6884826,0.6950492896884402
18639,3,1,0.6052056,0.6010260246997838
18643,3,1,0.5914176,0.6322105490362055
18644,3,1,0.8239529,0.8027272799019943
18645,3,0,0.5898854,0.5811712101229416
18652,3,1,0.6638038,0.686925963185372
18666,3,1,0.48333195,0.45625802751556255
18670,3,1,0.7283151,0.7480268795778893
18674,3,1,0.7293289,0.7541355655544404
18678,3,1,0.7210172,0.6971890069248188
18679,3,0,0.2513033,0.275687197836906
18686,3,0,0.87088895,0.8728820133998045
18687,3,0,0.5207689,0.553458890702621
18692,3,1,0.84347504,0.8108222392470532
18696,3,0,0.2416668,0.263060685335436
18699,3,1,0.74293995,0.7721789937527187
18704,3,0,0.21226054,0.2493946104996526
18715,3,1,0.41530547,0.36869262678310644
18718,3,1,0.7097147,0.7093841815729348
18719,3,0,0.6873595,0.6580347742496225
18734,3,1,0.8755639,0.8805962718702376
18737,3,1,0.41549858,0.41387237106166014
18738,3,0,0.15467995,0.18013754488445743
18755,3,1,0.74595505,0.7151384253946587
18757,3,0,0.279423,0.26809005699441457
18760,3,0,0.11495168,0.12046894135103343
18761,3,1,0.7644746,0.7539992085095527
18764,3,0,0.3033122,0.31668270874304527
18783,3,1,0.86189026,0.8531585684786328
18789,3,1,0.72842765,0.7108019778421639
18794,3,1,0.7982415,0.8145601033356304
18799,3,1,0.75621367,0.7344820650534168
18803,3,0,0.598069,0.6189178249583318
18805,3,0,0.40058702,0.41626162484896745
18808,3,0,0.11618027,0.12734584403836596
18811,3,0,0.6303649,0.6008340432656467
18812,3,0,0.86118245,0.8578579866341471
18822,3,0,0.413012,0.4568041533752386
18823,3,0,0.7053287,0.6995863166465934
18829,3,1,0.77673924,0.7688427153470251
18834,3,1,0.7900665,0.791715381191982
18841,3,1,0.8138615,0.8230718004413486
18843,3,1,0.81691146,0.8027859309910416
18850,3,0,0.4452958,0.440125207874018
18852,3,0,0.8209826,0.8301010158330864
18857,3,0,0.70898086,0.6927088215231998
18861,3,1,0.48421004,0.49175017789384157
18862,3,1,0.71277094,0.7402451521757748
18867,3,0,0.46337697,0.4492184097272898
18871,3,1,0.87498134,0.8528076854861466
18873,3,0,0.21059367,0.2179369148865807
18874,3,0,0.6153638,0.6125370657287905
18875,3,1,0.6294483,0.6280300384029045
18876,3,0,0.35444504,0.31630390253254465
18877,3,0,0.8173418,0.7821053188504264
18881,3,1,0.44965923,0.4632566754804599
18884,3,0,0.5668798,0.5886071318031939
18886,3,1,0.93597704,0.9247588188378204
18896,3,1,0.5928127,0.6225075834299933
18905,3,0,0.1553396,0.1772900645634697
18910,3,0,0.8432113,0.8306641366189441
18913,3,1,0.8996503,0.8860892403708865
18915,3,1,0.8197955,0.8164345894015376
18917,3,0,0.74197286,0.7226361399491754
18919,3,1,0.60402316,0.5867265403648871
18920,3,1,0.5061245,0.4779559758247625
18921,3,0,0.38175854,0.38578546360034177
18924,3,1,0.78633064,0.7726793669220121
18930,3,0,0.52876604,0.5511381179016387
18931,3,1,0.5010294,0.4866957589571715
18939,3,1,0.8615046,0.8275531200531985
18946,3,1,0.7804178,0.7836622049378116
18952,3,1,0.49747255,0.47700783441223604
18962,3,0,0.31098157,0.3032059129046756
18965,3,1,0.7803966,0.7870923566223615
18969,3,1,0.8384072,0.8150190040269755
18984,3,0,0.23689769,0.25326911701744553
18990,3,0,0.60093564,0.5793042079984473
18992,3,1,0.9150248,0.9039541784360852
18996,3,1,0.4734855,0.46955789823802824
19002,3,1,0.7681873,0.7435991786228053
19003,3,0,0.53820145,0.5126803249176191
19005,3,0,0.27601615,0.2791877922450505
19007,3,1,0.9399128,0.9206420262957489
19014,3,1,0.7520602,0.7632450829759053
19018,3,1,0.6776283,0.6723183624430318
19019,3,0,0.43636784,0.44090501741526666
19021,3,0,0.100219466,0.10443445174446914
19024,3,0,0.18289742,0.20771056871442634
19027,3,1,0.21957587,0.23476054414436281
19030,3,0,0.20211105,0.21334174554850527
19031,3,1,0.79663897,0.7659904953815189
19032,3,1,0.7575191,0.7134309166130619
19034,3,1,0.67355454,0.6680102784903454
19038,3,1,0.36074126,0.3530060821300128
19041,3,0,0.36664626,0.3928104249262375
19042,3,1,0.6178985,0.607221124326178
19057,3,1,0.2420013,0.2418343838807785
19061,3,0,0.6873468,0.6729677753777676
19062,3,1,0.5577258,0.5715312451748458
19063,3,0,0.585068,0.5924266911820639
19066,3,0,0.3042894,0.3059370090011814
19075,3,1,0.8872455,0.8618114099417736
19077,3,1,0.9279494,0.9278688030694923
19081,3,1,0.390116,0.3855474716377543
19088,3,1,0.6464728,0.6328730885430354
19096,3,0,0.49736407,0.44596792493761284
19097,3,1,0.81314474,0.7950121861170981
19100,3,1,0.6508037,0.6250311573930618
19115,3,1,0.5603086,0.54881860099252
19116,3,0,0.73338294,0.7210605403641197
19119,3,1,0.76484007,0.7714348026643232
19121,3,1,0.7376341,0.7256481006886967
19122,3,1,0.81897205,0.8040526002120553
19124,3,1,0.46369413,0.43230436237238457
19125,3,1,0.5156191,0.5160413644637255
19126,3,1,0.72911954,0.7115307913351561
19128,3,1,0.1653296,0.20793309677364555
19132,3,1,0.18896013,0.20454425952239286
19135,3,0,0.7310813,0.7177594352400548
19137,3,0,0.39306557,0.3853292642261799
19144,3,0,0.19220711,0.2061953714070612
19156,3,1,0.784577,0.7646894024142425
19171,3,1,0.72631174,0.7241976998253112
19173,3,0,0.2536703,0.24460663963603865
19175,3,1,0.87696546,0.8424911370470333
19184,3,0,0.49459383,0.5087841218618405
19185,3,1,0.8411256,0.8103029780613545
19189,3,0,0.30237263,0.30764454569674227
19190,3,0,0.71376324,0.6982215390190915
19193,3,1,0.8446445,0.8114735675936436
19203,3,1,0.4987969,0.4734965144577875
19204,3,1,0.48421004,0.5213350176947863
19208,3,0,0.1168006,0.12705674096342648
19210,3,1,0.8171796,0.7973858966970392
19212,3,1,0.6054103,0.6033007849365064
19222,3,1,0.32215467,0.3265639823336194
19223,3,1,0.48533097,0.49181026293392915
19225,3,1,0.76796126,0.7555470531408393
19228,3,0,0.659463,0.6586869783570996
19229,3,1,0.90216357,0.8877956900763577
19234,3,1,0.6486041,0.6499431417122815
19239,3,1,0.7135528,0.6998870848252392
19240,3,1,0.76446635,0.7656429939734247
19248,3,0,0.70498604,0.7466702938357159
19258,3,0,0.24772021,0.24660369767588342
19261,3,1,0.46532926,0.4748262708687905
19267,3,0,0.32258314,0.3530113886888322
19269,3,0,0.6237613,0.6513687444020387
19280,3,1,0.6071497,0.6446265955600267
19281,3,0,0.5841045,0.6165753541782988
19283,3,1,0.5260281,0.5042977830798142
19286,3,1,0.66300803,0.6320594591859422
19292,3,0,0.12966193,0.13533086439973036
19301,3,1,0.71611166,0.6947807418623522
19316,3,1,0.14566274,0.166660951623205
19317,3,0,0.11003599,0.09831994853319614
19320,3,1,0.42399496,0.4313668004016836
19327,3,1,0.76961833,0.7407559319169547
19334,3,1,0.7184703,0.6987992241529458
19335,3,1,0.71996546,0.7030897605675681
19349,3,1,0.39557913,0.4005952126241991
19359,3,1,0.8439269,0.8196384531118407
19362,3,0,0.33086315,0.32242809685028984
19363,3,1,0.7709573,0.810175045876273
19368,3,0,0.3192356,0.2616975425062308
19371,3,0,0.77081835,0.7757411381144802
19373,3,1,0.41936103,0.42633591297825374
19381,3,1,0.7801448,0.7721062282312436
19382,3,1,0.89290744,0.8705057789533234
19390,3,0,0.6010333,0.579119998634665
19393,3,1,0.33836216,0.33865027528121455
19399,3,0,0.17793807,0.17153261155148003
19403,3,1,0.7752352,0.7324190967859749
19406,3,0,0.4678125,0.49860217840267707
19409,3,1,0.5019076,0.48946981806986306
19417,3,1,0.13462521,0.16203651761380727
19418,3,0,0.5086277,0.5035902981472249
19424,3,1,0.7077194,0.7053314660205603
19426,3,0,0.1926014,0.17471076323531554
19429,3,0,0.5950263,0.5953579560508058
19430,3,1,0.8427762,0.8166394529882084
19433,3,1,0.9201515,0.8904657679179405
19441,3,0,0.7883061,0.7666572654176387
19458,3,1,0.7285859,0.727497891371157
19464,3,1,0.7297124,0.716409823884512
19465,3,0,0.2194124,0.23626798239725172
19467,3,1,0.63927025,0.6413889716375688
19472,3,1,0.714756,0.6931914075399308
19475,3,1,0.88543457,0.8614704563762006
19479,3,0,0.3364943,0.33549611719399636
19482,3,1,0.63305247,0.6277782817198608
19486,3,0,0.2904976,0.2563081329720393
19490,3,1,0.81025743,0.8267859796929048
19494,3,0,0.18669955,0.19127854598987765
19498,3,1,0.736346,0.7021677189254542
19501,3,1,0.75104314,0.7331151240343785
19503,3,0,0.33195493,0.3311590294272839
19509,3,1,0.82877886,0.8153969196011301
19512,3,1,0.8552787,0.8625497878332621
19517,3,0,0.43539047,0.4583375524868235
19521,3,1,0.7106694,0.6828330284979087
19526,3,1,0.73624617,0.748659005447447
19535,3,1,0.38582242,0.37181870947434137
19540,3,1,0.8632934,0.8542208231714035
19544,3,1,0.7723742,0.7415936560990957
19550,3,0,0.18289965,0.1876450527317987
19551,3,0,0.7671118,0.7793537997987509
19557,3,0,0.7007976,0.6867183017532438
19563,3,1,0.76053786,0.7238691235750502
19564,3,1,0.93578875,0.9088905660589832
19571,3,1,0.7104852,0.7007427027605867
19572,3,0,0.14261027,0.14977755209389382
19573,3,0,0.5270992,0.5100099697787803
19582,3,0,0.3791201,0.3737457802358433
19585,3,1,0.6409472,0.6803975092953097
19589,3,0,0.5386399,0.5026752060874133
19593,3,1,0.8114093,0.7965358112886577
19596,3,1,0.78194267,0.7615736566826582
19600,3,0,0.24677677,0.18767031338116924
19604,3,0,0.3568416,0.32297038245677373
19620,3,0,0.33779556,0.417342412727942
19621,3,1,0.5083173,0.5473741902169842
19623,3,1,0.9126231,0.8746898234399864
19624,3,0,0.11462831,0.09764492219532447
19629,3,1,0.66261774,0.6908416209752964
19634,3,0,0.29436415,0.31945386029034767
19635,3,0,0.18960515,0.18490549765424721
19636,3,1,0.14923006,0.15295660917527001
19638,3,1,0.57240534,0.604195539367361
19642,3,1,0.7240672,0.7176093001795887
19646,3,1,0.19588886,0.22170916114923164
19651,3,1,0.7706444,0.7372299737475168
19662,3,1,0.6140944,0.6086166062327509
19668,3,1,0.9037923,0.880625997602138
19669,3,1,0.727007,0.7256004108037061
19672,3,0,0.5275535,0.5231526649840958
19674,3,1,0.9249301,0.9235921659280537
19678,3,1,0.5134114,0.527287589216952
19680,3,0,0.09758902,0.11168931724937564
19683,3,1,0.7140094,0.6915553552280285
19687,3,0,0.25503603,0.2020726645973017
19695,3,0,0.16727786,0.18866742096659406
19703,3,1,0.8450574,0.8178914296653019
19707,3,1,0.7107001,0.7043875323609553
19713,3,1,0.50645244,0.48415481297060314
19717,3,1,0.31274992,0.3275684317935626
19718,3,1,0.5256795,0.515644355518001
19730,3,0,0.8570137,0.8428758808360126
19731,3,0,0.7603846,0.7236596444922305
19737,3,1,0.785082,0.8024267380113457
19741,3,1,0.8855178,0.8695279043268744
19745,3,1,0.59205383,0.5863564357698106
19747,3,1,0.69083995,0.6865758239139107
19749,3,0,0.3954368,0.4207304269856567
19751,3,0,0.30157802,0.29814413661927425
19763,3,1,0.7406418,0.7097791893682526
19769,3,1,0.24594173,0.2696098046200778
19770,3,1,0.7628477,0.7421243666604334
19780,3,0,0.7145139,0.7365150930193745
19783,3,1,0.8534014,0.8535810015002122
19784,3,1,0.8540378,0.8244550280585745
19791,3,1,0.77021706,0.751367774777734
19805,3,1,0.48635408,0.5034466097470088
19806,3,0,0.6767737,0.6482063325133011
19811,3,0,0.32963157,0.33346906384245234
19813,3,1,0.7993766,0.7849326630786566
19814,3,1,0.58764076,0.5857274422079463
19817,3,1,0.9359412,0.931691553218486
19818,3,0,0.50790536,0.5113049568992765
19821,3,0,0.44928426,0.456305561789056
19824,3,0,0.48300025,0.46610091518169044
19826,3,0,0.8119202,0.7747270746371467
19827,3,0,0.59406155,0.5639697897893012
19832,3,1,0.7429115,0.7242421512584201
19837,3,0,0.5758308,0.5929543014598987
19839,3,0,0.1621443,0.173006817600471
19846,3,1,0.69708663,0.6958550527920461
19849,3,1,0.36088142,0.41283990709486973
19853,3,0,0.29358682,0.3234617945289684
19855,3,1,0.9317343,0.9224890316600616
19861,3,1,0.7051436,0.676372178026609
19865,3,1,0.7582774,0.7517654591874808
19866,3,1,0.86376494,0.8569612685776711
19867,3,0,0.41846827,0.3596177509723582
19869,3,1,0.74890286,0.7485453467440758
19871,3,1,0.8580915,0.8369004498912046
19874,3,1,0.6779949,0.7120894607824605
19875,3,1,0.56990874,0.5962746514962464
19883,3,0,0.54449975,0.5366354155388823
19888,3,1,0.8443535,0.8456037178911515
19913,3,1,0.63299555,0.616658474960086
19914,3,1,0.764465,0.6994577203327752
19918,3,1,0.45716038,0.5050961197845089
19919,3,1,0.46792546,0.4744297242309934
19922,3,0,0.45862278,0.4801720256853503
19927,3,0,0.70029294,0.7312354216879031
19935,3,0,0.6791116,0.6346002143323136
19956,3,0,0.16254422,0.1800346466177555
19957,3,1,0.598501,0.5917467795895139
19959,3,1,0.6908633,0.7086529795300331
19961,3,1,0.67617226,0.6962467926134993
19964,3,0,0.30419242,0.3465503593806598
19969,3,1,0.8055747,0.817290836315383
19971,3,1,0.899201,0.8741138760727692
19974,3,1,0.842575,0.8566503558766244
19978,3,0,0.4920261,0.5318355636406198
19981,3,1,0.769781,0.7358449483131478
19984,3,0,0.3063718,0.3360767997985658
19987,3,0,0.38890004,0.36825369332144453
19995,3,1,0.80181044,0.7963275063595601
20002,3,0,0.4430371,0.45401358920552265
20009,3,0,0.36399618,0.3347515227330662
20017,3,1,0.24587494,0.2420591540646778
20020,3,1,0.92544526,0.9214404815939836
20021,3,1,0.91696644,0.9176864031921321
20023,3,1,0.7478011,0.758608506862007
20026,3,1,0.51392764,0.5208540653674486
20030,3,0,0.36891022,0.36607983536403604
20031,3,1,0.7054324,0.6893482352051026
20033,3,1,0.5493042,0.5552571253902477
20038,3,0,0.29500863,0.3350077818241797
20040,3,0,0.52754927,0.5411203528443341
20043,3,1,0.66015905,0.6531969486160618
20044,3,0,0.20260228,0.24147223802763826
20048,3,0,0.13083866,0.14323505276211246
20056,3,1,0.56353027,0.549785374347717
20058,3,0,0.560822,0.5522509898314831
20067,3,0,0.8638249,0.8581300688659849
20068,3,0,0.66879106,0.6714167217261721
20070,3,1,0.4829597,0.41848837561648383
20072,3,0,0.121247046,0.12790510699177146
20075,3,0,0.3370745,0.367372923761769
20076,3,1,0.4344397,0.45969428181174676
20078,3,0,0.42404777,0.4259912399769638
20080,3,1,0.7815071,0.7179850231036472
20084,3,0,0.46194944,0.44050978219358217
20091,3,1,0.8057608,0.7716781440671026
20092,3,0,0.40741003,0.3790461368525717
20108,3,1,0.7774047,0.7747782838912348
20111,3,0,0.70060074,0.715841289188427
20116,3,1,0.47157934,0.463705536546948
20118,3,0,0.6111603,0.588590275963338
20122,3,0,0.62078154,0.611375012527677
20126,3,0,0.8239552,0.7973380564980048
20129,3,0,0.46416876,0.46719944800267044
20139,3,1,0.6858502,0.6927292734500793
20144,3,0,0.32013255,0.3373807697813909
20145,3,0,0.564675,0.5667223287551881
20157,3,0,0.48997957,0.48526805254992095
20163,3,1,0.80132604,0.7776271243004369
20167,3,1,0.6170852,0.6127954945372777
20172,3,0,0.5407163,0.5302966437183073
20176,3,0,0.41802278,0.3803964963002049
20177,3,1,0.57759005,0.5803032250548348
20185,3,0,0.5899505,0.5805110773471335
20196,3,1,0.8842207,0.8586563982950076
20204,3,1,0.81804675,0.8093081031819397
20215,3,1,0.6705265,0.6640227266912848
20222,3,0,0.4077246,0.40100729715599287
20223,3,0,0.4801504,0.49812668952398326
20233,3,1,0.59214234,0.5936125891120022
20238,3,1,0.19263904,0.20225329208568452
20246,3,1,0.8002845,0.8054141159211163
20249,3,0,0.26275805,0.26317859894544643
20253,3,0,0.18138747,0.19152559782983103
20255,3,0,0.62575614,0.6358526220878568
20268,3,1,0.8766296,0.8774761317201045
20272,3,1,0.5726457,0.5955290111949146
20273,3,0,0.14355165,0.18699459757894774
20281,3,0,0.6740846,0.6592210291118346
20284,3,1,0.5770071,0.5550177383518363
20298,3,0,0.73797977,0.705066930094131
20302,3,0,0.3512476,0.35323548162569585
20306,3,1,0.6950065,0.695569457006882
20308,3,1,0.9109176,0.8905507399352758
20317,3,0,0.40252647,0.39721659839677675
20326,3,1,0.2370964,0.2670661592130852
20327,3,0,0.23940484,0.24616242848070827
20331,3,0,0.5305308,0.5334211651475613
20333,3,0,0.58422416,0.5802215613893225
20335,3,0,0.7571043,0.7512648380138165
20337,3,1,0.7001653,0.7197582781826174
20339,3,0,0.6932315,0.6818438242055586
20342,3,1,0.85447913,0.8195709905286417
20343,3,1,0.47439227,0.48563549125677125
20346,3,1,0.77081937,0.782112016331953
20350,3,0,0.39635202,0.3789755739007401
20351,3,1,0.80364585,0.7930371430458962
20355,3,1,0.78922385,0.7286043129146714
20364,3,1,0.4089467,0.40085024586907164
20372,3,1,0.454667,0.5038834860916032
20373,3,1,0.75027525,0.6995590719430653
20375,3,1,0.50428134,0.4814643776073795
20382,3,1,0.43953344,0.4721191437240248
20384,3,1,0.7598253,0.7925929862757433
20386,3,0,0.76138055,0.7363988170968977
20389,3,1,0.8301815,0.8092646285417755
20392,3,0,0.4648427,0.4437563621843465
20395,3,1,0.5261422,0.5391843512765917
20405,3,0,0.39771557,0.44453099930010676
20411,3,0,0.49115103,0.5031752115702146
20423,3,0,0.70021594,0.6304822514433983
20435,3,0,0.16652879,0.16452798823063464
20438,3,0,0.21602339,0.1834198624186209
20439,3,1,0.5339699,0.553920132491799
20447,3,1,0.65522385,0.6426944866672573
20448,3,0,0.25931427,0.31234757410522646
20451,3,1,0.17964579,0.18248986940704964
20457,3,1,0.20122814,0.2397924453991727
20459,3,0,0.19233239,0.20930846588245758
20465,3,0,0.36192638,0.36340414195339016
20468,3,0,0.09830645,0.12480591469158697
20473,3,0,0.79390234,0.7839379461940493
20477,3,1,0.70842314,0.6761788936617293
20478,3,0,0.7038192,0.6676142378392602
20479,3,0,0.14498934,0.13473331636176075
20487,3,0,0.5267943,0.578266163853271
20500,3,0,0.5064965,0.4750716319173452
20503,3,0,0.23660415,0.2526062024686351
20504,3,1,0.43621954,0.43301182086769174
20505,3,1,0.37856498,0.35949146938847365
20513,3,1,0.61802465,0.6177593691292849
20518,3,1,0.5369726,0.5859176059193575
20522,3,0,0.14830494,0.15582059096105677
20523,3,1,0.6080919,0.613572336877355
20526,3,1,0.85812044,0.8656006875500701
20530,3,1,0.691732,0.661024534873729
20531,3,1,0.8214322,0.8294460645454663
20535,3,1,0.4794883,0.5013332158137032
20537,3,0,0.51112574,0.5405265654026221
20541,3,1,0.8924837,0.9009679184563109
20545,3,1,0.76639646,0.7398886150919411
20554,3,1,0.7503412,0.7051285563928381
20555,3,1,0.66379154,0.6173841747716124
20567,3,1,0.49078205,0.4727500524713725
20588,3,0,0.5186511,0.5340476430934166
20591,3,1,0.8159088,0.7885251525476813
20601,3,1,0.85075045,0.875473142494246
20602,3,1,0.80542284,0.8232831003640424
20604,3,1,0.64262706,0.6310326860882203
20605,3,0,0.22951628,0.23402301736081113
20609,3,1,0.5925361,0.6148954624625449
20610,3,0,0.5552925,0.5791676573684099
20611,3,0,0.8798371,0.8521538855506715
20612,3,1,0.43670633,0.4281795746577146
20614,3,1,0.80123925,0.7579795391365868
20616,3,1,0.4976237,0.5099644913199617
20623,3,1,0.6489325,0.6560249687580231
20625,3,0,0.15518187,0.1627614245809455
20628,3,0,0.20146911,0.19245506714446423
20630,3,0,0.47178897,0.49287227721722665
20632,3,0,0.3359768,0.3278171405683617
20634,3,1,0.7175542,0.7204844116329578
20641,3,0,0.4205149,0.41487270751656746
20651,3,1,0.6380696,0.6734341539246343
20665,3,0,0.24284507,0.28359991915106364
20672,3,1,0.4933178,0.4923051683883624
20674,3,0,0.6039741,0.6183419509507105
20675,3,0,0.21043564,0.23693899329494938
20680,3,0,0.325481,0.3142934005442316
20683,3,0,0.65349174,0.6587893042001323
20688,3,0,0.6636288,0.6568777093605297
20694,3,1,0.597159,0.6015927374838639
20704,3,1,0.72172546,0.7034733379400931
20710,3,1,0.79313016,0.7478094649163604
20718,3,1,0.80789953,0.8199160982471337
20721,3,0,0.64744896,0.630601880749938
20727,3,0,0.45758852,0.445205800890202
20729,3,1,0.7887034,0.754280944300425
20731,3,1,0.7110999,0.6955580966558887
20733,3,0,0.37959045,0.3926424813702588
20740,3,1,0.6445079,0.6049772117476583
20742,3,1,0.65863806,0.6393130754927867
20758,3,1,0.77344817,0.6700554843863809
20767,3,1,0.89593655,0.8583306626981784
20770,3,1,0.8467172,0.8089083045788293
20779,3,1,0.56490386,0.5511119746453248
20785,3,0,0.120691754,0.11912579357189212
20786,3,1,0.7910103,0.7502879044624226
20790,3,0,0.56850445,0.5747183925548582
20792,3,0,0.29619193,0.2999091209859734
20794,3,0,0.20623311,0.2312336167217583
20800,3,1,0.5307341,0.5378611844240818
20804,3,1,0.56339,0.5390353476010019
20806,3,1,0.29961893,0.31634852911119726
20809,3,1,0.6393046,0.6393223107726383
20812,3,1,0.4341517,0.45140607233756624
20814,3,1,0.5976693,0.5747206553288003
20815,3,1,0.6526917,0.720349215937286
20817,3,0,0.44675943,0.5312159294644541
20825,3,1,0.78274065,0.7539913578798325
20827,3,0,0.17967875,0.18981578285985773
20830,3,1,0.52852935,0.5291603063531177
20834,3,1,0.85886645,0.8212134289765501
20840,3,1,0.84035057,0.8621496264710551
20842,3,1,0.20026924,0.21984953691232162
20845,3,1,0.7989105,0.8066083146407107
20846,3,1,0.3452699,0.377232684964899
20859,3,1,0.5464142,0.5753870795525948
20860,3,1,0.8599966,0.8590529082009367
20864,3,0,0.5328975,0.5183275892814057
20867,3,1,0.66535294,0.7036527967036699
20869,3,0,0.420709,0.4388447957352365
20870,3,1,0.5346903,0.5428120294507623
20873,3,1,0.8734428,0.8675835495110175
20885,3,1,0.6549397,0.6534124090195448
20886,3,1,0.48101163,0.48408465932057937
20891,3,1,0.7882885,0.7829972473735979
20893,3,1,0.8569177,0.8551234314167938
20894,3,1,0.7647227,0.796138846286154
20898,3,0,0.44355687,0.48812480628362187
20905,3,0,0.70911586,0.689195317213504
20910,3,1,0.821646,0.7835104347741727
20915,3,1,0.5117136,0.5440303892197549
20917,3,1,0.5279366,0.5940436203943987
20919,3,1,0.8264008,0.8004934219203271
20922,3,0,0.48254263,0.5096354730298461
20928,3,1,0.8620223,0.8669067770061557
20930,3,1,0.64306283,0.644504974249959
20937,3,1,0.8935091,0.884831724620596
20945,3,1,0.7653649,0.7243654808573554
20946,3,0,0.51837516,0.4912158121126913
20949,3,1,0.7679968,0.7343656519285101
20955,3,1,0.5098748,0.523659318750543
20956,3,1,0.8195844,0.796586470826053
20960,3,0,0.44878507,0.48845787476315405
20967,3,1,0.7798131,0.7626166968698957
20973,3,1,0.41342866,0.4248051886826678
20978,3,0,0.55422056,0.5935482003231721
20980,3,0,0.68558556,0.6572667988439661
20982,3,1,0.78289664,0.7600534092697799
20984,3,1,0.7785449,0.7538188049433848
20996,3,1,0.7125513,0.7046983150818443
21001,3,0,0.5777337,0.5757818482294982
21006,3,0,0.23362316,0.23598699401939421
21009,3,0,0.5089373,0.500910722590253
21015,3,1,0.823656,0.8270539303285928
21021,3,1,0.85146195,0.8271016066101391
21023,3,0,0.6324685,0.6446164921048314
21024,3,1,0.67852294,0.6893076170904769
21027,3,1,0.40268835,0.3901305779870313
21031,3,1,0.78551257,0.7649457242154858
21033,3,1,0.60369676,0.6148367322863103
21037,3,0,0.60599643,0.587519608037807
21038,3,1,0.7279597,0.7312828948777401
21039,3,0,0.78123415,0.7553799536712144
21042,3,1,0.732779,0.7116716644034771
21043,3,1,0.7562236,0.7225467786433183
21049,3,0,0.6908753,0.6458021436196166
21055,3,1,0.57547325,0.5834374731186132
21057,3,1,0.6740151,0.6701182531461537
21059,3,1,0.59120935,0.5722336014395396
21061,3,0,0.64704865,0.6372320888288926
21066,3,1,0.7489525,0.721176406664625
21070,3,0,0.7338815,0.7352248462019227
21107,3,1,0.7819114,0.7546501067143642
21112,3,1,0.70944613,0.7574304177210143
21116,3,0,0.7346241,0.7076118173563041
21119,3,0,0.34429607,0.3402099773689448
21120,3,1,0.8557388,0.8320584359636881
21121,3,0,0.264704,0.3378400269288157
21124,3,1,0.34858125,0.37612656281833584
21126,3,1,0.66163415,0.670149686254102
21139,3,1,0.83640444,0.8079405911393077
21140,3,1,0.842981,0.8142053935086353
21141,3,1,0.7501431,0.7417978777442653
21142,3,1,0.58790326,0.6047668985088104
21143,3,1,0.8533041,0.8216226058033268
21149,3,0,0.51919305,0.5241652036803812
21161,3,1,0.77736586,0.7574215724647901
21167,3,0,0.4643104,0.46599072749203463
21172,3,0,0.5142331,0.5004258211996141
21187,3,1,0.90728253,0.9174633433787125
21197,3,1,0.6360146,0.6303985654528796
21201,3,0,0.50625485,0.5117790967726453
21203,3,1,0.6283931,0.6171140504843384
21210,3,1,0.8738219,0.859337794568277
21214,3,1,0.5899809,0.6236299689381123
21215,3,1,0.6733344,0.673356071386538
21216,3,0,0.75402534,0.7427526464017684
21218,3,0,0.3528574,0.3667566543728272
21220,3,1,0.74633265,0.73726211049374
21222,3,1,0.4827829,0.5168913493060406
21225,3,1,0.6973542,0.6998252666160977
21227,3,1,0.6880145,0.6795218290650243
21232,3,0,0.48578763,0.5093706016073177
21233,3,0,0.69164896,0.6819255181143526
21235,3,0,0.26604444,0.16470537106847036
21242,3,1,0.7172269,0.714993549732884
21249,3,1,0.7117334,0.6771055181885219
21250,3,1,0.6741823,0.674003678451609
21253,3,0,0.70967734,0.706218088342661
21265,3,1,0.7227552,0.7063163173452179
21267,3,1,0.6467315,0.6521661195341165
21268,3,0,0.5213455,0.5487846801155587
21269,3,1,0.7495718,0.7350706189207123
21274,3,1,0.8321246,0.8303137519174415
21276,3,0,0.14429334,0.16260445706984372
21287,3,1,0.47499686,0.4717598677118281
21294,3,1,0.67215776,0.6547378593352638
21295,3,0,0.30274507,0.29505138335669834
21296,3,1,0.6957143,0.6689490515879988
21307,3,0,0.39786333,0.40715694211453235
21308,3,1,0.73595077,0.742101957726839
21309,3,1,0.8141014,0.7953226819389426
21313,3,1,0.6063434,0.6253553126784468
21319,3,1,0.5127118,0.5108114028153747
21322,3,1,0.80094707,0.8270945763725783
21325,3,0,0.6411011,0.6599453537411379
21327,3,1,0.7135186,0.731841214782783
21328,3,0,0.6819374,0.702610214841566
21330,3,1,0.66465396,0.6932452593332893
21344,3,0,0.5577627,0.5060487368699359
21349,3,1,0.6349901,0.6219527613597862
21350,3,1,0.6906399,0.7237452309664716
21356,3,0,0.5810635,0.5649290942418557
21357,3,0,0.7870036,0.7654501787959004
21361,3,1,0.859457,0.8218702147638136
21363,3,0,0.23374034,0.26850460095196454
21365,3,1,0.85606444,0.8502096818190834
21366,3,0,0.58140177,0.5544789501754431
21369,3,1,0.5909637,0.6252246387934336
21373,3,1,0.54506904,0.5901270567856818
21374,3,0,0.23402356,0.26151112638019597
21381,3,1,0.76066655,0.7431871647050134
21383,3,1,0.7401365,0.7059152266571047
21385,3,0,0.49357367,0.5119022783903836
21391,3,1,0.3866524,0.42016743377391647
21392,3,1,0.51988417,0.5414238250199456
21393,3,0,0.4722109,0.5295169703146793
21394,3,1,0.68935776,0.720174413828201
21397,3,1,0.26089567,0.27705167427770977
21399,3,0,0.67674184,0.6741756874084345
21400,3,0,0.1555728,0.1450695607821501
21401,3,0,0.6518443,0.6530441912496542
21403,3,1,0.79808646,0.7769592914691712
21419,3,0,0.22948134,0.24932509942370762
21424,3,0,0.56621945,0.572202312312839
21435,3,0,0.21910076,0.23627295418299132
21439,3,1,0.68655425,0.6687313585645744
21441,3,1,0.381581,0.41521195904502217
21443,3,1,0.60660404,0.6242655935804952
21444,3,1,0.6963954,0.6866411395180368
21447,3,0,0.19716442,0.2263593005786431
21453,3,0,0.5647639,0.5702054152509455
21458,3,0,0.51447845,0.51209654995521
21459,3,1,0.8773429,0.84836334143481
21460,3,0,0.39201245,0.41513912053717217
21465,3,0,0.6851994,0.7056091704258192
21478,3,1,0.8355737,0.8199538464786257
21482,3,0,0.6396617,0.6574882254853132
21487,3,1,0.3277973,0.3191466570580637
21491,3,0,0.82320994,0.8091178261432388
21507,3,1,0.8559965,0.8140205860838718
21510,3,0,0.2996946,0.34602266722455755
21511,3,1,0.89124715,0.8740803263360308
21515,3,0,0.61534333,0.6199874362753285
21523,3,0,0.6020219,0.5994786395313749
21537,3,0,0.65971327,0.623255953549606
21542,3,0,0.60277677,0.6137489065487395
21544,3,0,0.1897158,0.19106009733794216
21548,3,0,0.20112987,0.19495238907067222
21563,3,0,0.18108897,0.19446111643308994
21566,3,1,0.7014983,0.6972036180940953
21569,3,1,0.5751646,0.5495434076140896
21570,3,1,0.5498679,0.5145354854007307
21573,3,1,0.75421864,0.7661117343607088
21575,3,0,0.65080225,0.6486767182554436
21583,3,1,0.74515873,0.7034725183030002
21587,3,1,0.6628686,0.6472365482130584
21592,3,0,0.6620461,0.6838125377901884
21599,3,1,0.8845159,0.8477886203092864
21604,3,1,0.80978024,0.803338794162448
21607,3,0,0.7437866,0.7392756126337973
21628,3,0,0.46713945,0.48412994147127936
21632,3,1,0.50729287,0.54065330192851
21635,3,0,0.20954768,0.23064726246920772
21636,3,1,0.6662959,0.6475847331981357
21639,3,0,0.6800882,0.6745359571764059
21646,3,1,0.43164945,0.43149323187711286
21655,3,0,0.44730493,0.49010392485469934
21656,3,1,0.9071682,0.8916495634188152
21659,3,1,0.59271073,0.5686879279677526
21660,3,1,0.8151569,0.7766816953372666
21670,3,1,0.75513816,0.7410672441703701
21680,3,0,0.8587926,0.8248900152203988
21686,3,1,0.6966729,0.6955695366537851
21687,3,0,0.36309454,0.3751117143262666
21688,3,0,0.69924504,0.6594517042866571
21690,3,1,0.41376644,0.4205918973902672
21693,3,0,0.46202376,0.43906678466174476
21695,3,0,0.30414373,0.32300734489930366
21702,3,0,0.24683255,0.24016010165193538
21705,3,0,0.25989532,0.29196815704663814
21708,3,0,0.53119445,0.5288386930967325
21715,3,1,0.41847467,0.41333422648000995
21716,3,1,0.5580139,0.5424500483920015
21719,3,1,0.36716542,0.36046589983965854
21720,3,1,0.4925439,0.5386096889160623
21727,3,0,0.7408222,0.7196637788229808
21736,3,1,0.7408661,0.7215990388106475
21738,3,1,0.67503256,0.6674493107020965
21739,3,0,0.8396062,0.8060347460953051
21740,3,0,0.7991291,0.7746875690825072
21745,3,0,0.5799091,0.5642513692648404
21749,3,1,0.63836896,0.6574548511686388
21755,3,0,0.5595306,0.5798524711719262
21757,3,1,0.5768815,0.595554741002892
21758,3,0,0.42022455,0.45768862917189035
21760,3,1,0.67211103,0.6551062314133205
21761,3,0,0.6752452,0.5857575560597758
21764,3,0,0.5514701,0.5620322220429117
21766,3,0,0.8375687,0.8236082654980353
21775,3,0,0.5424442,0.5459636116374788
21778,3,1,0.71604556,0.7010575234036291
21781,3,0,0.571496,0.6046567449564836
21786,3,1,0.7431025,0.7239827362958913
21789,3,0,0.73687,0.7116286167979184
21791,3,1,0.5462552,0.5546907580339228
21796,3,0,0.5302494,0.5084329863149044
21797,3,1,0.88656133,0.8745966321881171
21800,3,1,0.587882,0.5599459373778095
21801,3,1,0.71400326,0.6926074867255648
21804,3,1,0.632092,0.6169046709949932
21806,3,0,0.8241409,0.7974292735940636
21808,3,0,0.49588373,0.4891312968340459
21821,3,1,0.6491977,0.6521833112408459
21827,3,1,0.69931316,0.6844007627449601
21828,3,0,0.19763456,0.24315476509220532
21831,3,1,0.5668727,0.5639517445447704
21840,3,0,0.38477856,0.38962488291986785
21843,3,0,0.66378057,0.6868729115996365
21844,3,0,0.577893,0.6203034776107889
21853,3,1,0.7516663,0.7443793765753851
21854,3,1,0.90169245,0.8875207344529801
21857,3,1,0.6057149,0.5793458184728254
21862,3,1,0.82009476,0.8078860924381011
21863,3,1,0.66428137,0.6516056150271751
21866,3,1,0.91068035,0.8969391848181095
21870,3,1,0.50398064,0.5046558357748748
21875,3,1,0.18403624,0.19941535832459029
21879,3,0,0.5849032,0.5815843387433687
21882,3,0,0.6000742,0.6116691151867603
21885,3,1,0.8375519,0.8480557125128423
21887,3,0,0.380975,0.3859530714874771
21888,3,1,0.860422,0.8477841754556682
21893,3,1,0.68136656,0.6707304068126819
21905,3,0,0.6037782,0.6144540877406095
21907,3,1,0.68827236,0.6442664639433898
21911,3,1,0.5077137,0.5478254602482001
21916,3,1,0.512764,0.56060431918777
21920,3,1,0.7183953,0.700302131707359
21924,3,0,0.34236813,0.374128467179085
21929,3,1,0.802582,0.7828918743323112
21935,3,1,0.69029266,0.6955928563474952
21950,3,0,0.41948828,0.49715374707934507
21956,3,1,0.7882375,0.7964289478172413
21957,3,1,0.73784465,0.7174986749437605
21963,3,1,0.4110895,0.35193976681948264
21979,3,0,0.67636144,0.6813230710212724
21983,3,0,0.6270973,0.6052787388356154
21987,3,1,0.7357895,0.7506885880107128
21993,3,1,0.47230133,0.4571654117758416
22001,3,0,0.25875053,0.26993245378790043
22002,3,1,0.8005068,0.7602029154122588
22003,3,1,0.9261738,0.930611369927553
22007,3,1,0.4828715,0.4921195709047538
22009,3,1,0.80449873,0.833328474255398
22010,3,1,0.80971766,0.7956698204053484
22012,3,1,0.7031049,0.6626381976293577
22014,3,1,0.8935359,0.8745139330464916
22015,3,1,0.7733396,0.785570028167161
22018,3,0,0.60733956,0.5834063824443595
22023,3,1,0.7899837,0.760979657030365
22027,3,0,0.20795764,0.18908114655421673
22035,3,1,0.6878148,0.7525561857502652
22038,3,0,0.7390809,0.7297392027507557
22039,3,0,0.8554893,0.8705821040355766
22040,3,0,0.7157304,0.6891512541438952
22043,3,1,0.5887722,0.5928989999471599
22048,3,1,0.5359336,0.50953836109537
22053,3,0,0.6316993,0.6003977897986278
22055,3,1,0.8107017,0.8032762667155158
22056,3,1,0.7062087,0.6868594494967554
22063,3,0,0.17914324,0.159641493094005
22066,3,0,0.25055543,0.25772080569854106
22074,3,1,0.8285588,0.788441392315998
22075,3,1,0.8218656,0.8062648370815448
22076,3,0,0.77482533,0.7574948087807204
22083,3,1,0.8907399,0.8823830752264042
22085,3,1,0.4005561,0.4118942592450628
22087,3,0,0.28263113,0.283822365608321
22089,3,0,0.51864856,0.5107368582941723
22090,3,0,0.65581936,0.6441814595431246
22093,3,0,0.8017858,0.7510694326215333
22107,3,1,0.7804433,0.7634227551253489
22109,3,1,0.7601949,0.7486015472749202
22111,3,1,0.91613275,0.9022337059427892
22113,3,0,0.31096017,0.3073310052354794
22119,3,1,0.8758012,0.8794021704887383
22122,3,0,0.58060664,0.5927756501735253
22129,3,0,0.1551087,0.15435328955525798
22146,3,0,0.84903574,0.8339330063189213
22147,3,0,0.541673,0.5544228211946158
22156,3,1,0.89234596,0.8822910805851054
22159,3,0,0.6374825,0.6657623048668664
22164,3,1,0.69383657,0.7167371882581174
22166,3,0,0.19879654,0.19697177741069066
22171,3,0,0.21577449,0.1948205690690987
22173,3,0,0.14028151,0.1650949452046077
22180,3,0,0.3885543,0.3764444798028534
22189,3,1,0.78905576,0.8058838185563566
22192,3,1,0.8603685,0.8349796147923167
22195,3,0,0.7222784,0.7080856782160614
22206,3,0,0.4749662,0.4893927245432707
22208,3,1,0.607011,0.6049725142109083
22214,3,1,0.75468355,0.7112381126000101
22215,3,0,0.43157306,0.4021545130038094
22216,3,0,0.3330857,0.3490841018941811
22226,3,1,0.81545514,0.8120772524159378
22227,3,0,0.25120172,0.2720916542294197
22230,3,0,0.6563864,0.645195728272294
22234,3,1,0.78939986,0.7919747000383307
22243,3,1,0.72445023,0.739804860747019
22246,3,0,0.4127818,0.41008312367620564
22247,3,1,0.4321127,0.4326386327798503
22248,3,1,0.7523264,0.7279284555117537
22256,3,1,0.6542343,0.6969832354449745
22260,3,1,0.42724994,0.424188027672636
22273,3,0,0.3929166,0.39188082136934077
22276,3,0,0.30264676,0.32438541262926407
22277,3,1,0.7017947,0.6925971168603366
22282,3,1,0.73882926,0.715651963874183
22283,3,0,0.60813516,0.6261420817177681
22285,3,1,0.685315,0.6850335354569844
22291,3,1,0.6683703,0.662147461109699
22297,3,0,0.6198591,0.5608741725278877
22298,3,1,0.90094405,0.873322224436553
22301,3,1,0.7078122,0.7005381645624318
22302,3,1,0.53214467,0.5630913927607634
22303,3,0,0.28966814,0.279138224119092
22307,3,0,0.8816878,0.8785401850025765
22317,3,1,0.5387047,0.5436046886403934
22318,3,1,0.2044423,0.187594233867714
22321,3,1,0.59158266,0.5714987707837906
22324,3,1,0.6195383,0.6172051491706102
22325,3,1,0.8844714,0.8685906294257204
22331,3,1,0.31722695,0.30390140483075423
22332,3,1,0.45007503,0.4632998991390713
22342,3,0,0.5008017,0.5144784489938449
22344,3,1,0.7778451,0.777331421848284
22351,3,1,0.71818346,0.6768175369781536
22363,3,0,0.70545137,0.6937994558674949
22366,3,0,0.7853712,0.7662757527914019
22371,3,1,0.8547524,0.8502120859872722
22372,3,0,0.78230375,0.7506964034044671
22379,3,0,0.55849683,0.5572692785776902
22380,3,0,0.17602219,0.15915089906589863
22382,3,1,0.77948934,0.7729042454671232
22391,3,0,0.44345304,0.44614436174990135
22404,3,1,0.7535328,0.75149880833852
22405,3,1,0.6273846,0.680414069702398
22407,3,1,0.68078774,0.6703636827216959
22416,3,0,0.41680145,0.4141832649234505
22422,3,0,0.8323074,0.7971529190823464
22428,3,0,0.239066,0.24324871707719264
22431,3,1,0.36595875,0.3773312620263655
22437,3,1,0.75235987,0.7476230002623349
22438,3,1,0.7273083,0.7305091539948471
22441,3,1,0.8541458,0.8300420585691273
22448,3,1,0.7228266,0.6717390088099597
22451,3,0,0.5516864,0.5343117224205715
22459,3,0,0.2093913,0.18873213104112
22462,3,1,0.35707644,0.3736119734655274
22465,3,1,0.8890129,0.8854474336919207
22467,3,0,0.66976345,0.6620594941316055
22469,3,0,0.65858775,0.6580613792212371
22472,3,0,0.3720094,0.4172133936410809
22473,3,1,0.8342973,0.8252310501890632
22482,3,1,0.40270758,0.400751256912603
22484,3,0,0.5754183,0.5561106562620314
22490,3,0,0.15108757,0.15035944178809793
22496,3,0,0.23711154,0.23861300316078765
22501,3,0,0.09580884,0.10681003920753641
22502,3,0,0.6651537,0.6675239862753065
22506,3,0,0.38137975,0.36709568364232553
22508,3,1,0.9233681,0.9084793819296829
22520,3,0,0.5048182,0.519779029074739
22529,3,1,0.77873147,0.7876675508532287
22531,3,1,0.7017609,0.7188832171400493
22534,3,0,0.6198606,0.6236877794964445
22535,3,0,0.51043516,0.5010541783819205
22538,3,0,0.20435521,0.21509625931572351
22539,3,0,0.46042377,0.4527439216634502
22542,3,0,0.6179761,0.6192183078044018
22555,3,1,0.5313221,0.574680414251308
22557,3,1,0.8813048,0.8664567537017476
22563,3,1,0.23190385,0.2312463457656093
22567,3,0,0.6343731,0.635613383094044
22571,3,0,0.36527547,0.38405019957943526
22578,3,1,0.68289727,0.7202905282235436
22582,3,1,0.90685093,0.8720480387787869
22586,3,1,0.3873711,0.406544296517526
22596,3,1,0.3097623,0.3378871819208144
22597,3,1,0.55887365,0.5155490882040955
22598,3,1,0.73406404,0.717306515580651
22601,3,0,0.13602757,0.14615255387117795
22608,3,1,0.48917913,0.4623796775121644
22609,3,1,0.61363244,0.6325471123132265
22626,3,1,0.73379105,0.7425762953205423
22636,3,1,0.5087627,0.5033708595570595
22637,3,0,0.30357593,0.296177534301325
22640,3,0,0.5538299,0.55979830404168
22641,3,0,0.23333344,0.24965920378133646
22647,3,0,0.495336,0.5120997674125474
22651,3,0,0.63645005,0.6500515242587751
22654,3,1,0.7735231,0.7673107773295701
22656,3,1,0.48572317,0.47687590307839905
22662,3,1,0.3850903,0.382787296653236
22664,3,0,0.5587524,0.5591603233308563
22668,3,1,0.8721729,0.8786480516921527
22670,3,0,0.71193767,0.7132325231619798
22672,3,0,0.434329,0.4223454375423144
22677,3,1,0.6375542,0.5949661149347572
22683,3,1,0.3732351,0.42025056955926154
22686,3,0,0.3931737,0.3850994932908124
22693,3,1,0.52229387,0.5395624456469431
22695,3,1,0.65705377,0.6364129710257757
22696,3,1,0.5509374,0.5509377514791287
22699,3,0,0.58166873,0.6023751798348174
22701,3,1,0.69200844,0.6621339500081909
22702,3,1,0.7734577,0.7725239409862585
22713,3,0,0.6056898,0.6058032525587551
22722,3,1,0.484419,0.514645188807229
22729,3,0,0.7416577,0.6894384614733381
22732,3,1,0.46920896,0.48868623747514645
22740,3,1,0.70693684,0.6534461233181422
22741,3,0,0.83180594,0.8049128877084079
22744,3,0,0.3853868,0.3898047119834726
22745,3,0,0.58404034,0.5596116359841607
22752,3,1,0.7862839,0.7534404656179958
22756,3,1,0.44820192,0.46353066935480425
22759,3,1,0.7502433,0.7366292924853047
22764,3,1,0.77682227,0.7768550030580551
22771,3,0,0.3817807,0.40753389584857336
22776,3,0,0.82296497,0.8335523329050671
22778,3,1,0.78985995,0.7651344185610395
22780,3,0,0.24800798,0.2172052851494102
22788,3,0,0.30759206,0.28971895971757333
22790,3,0,0.73582953,0.7208881847859151
22791,3,1,0.9095868,0.8752343758901393
22792,3,0,0.9298397,0.9156924674575935
22798,3,0,0.21087408,0.20688281923936697
22808,3,0,0.6187975,0.597221393188001
22809,3,1,0.7884416,0.7819551595101224
22815,3,1,0.54942185,0.5612886824783205
22818,3,1,0.16751486,0.16553986172956273
22822,3,1,0.80859417,0.8096890979707683
22830,3,0,0.5934798,0.5796958287411138
22831,3,1,0.5729814,0.5621515273027164
22832,3,1,0.5303129,0.5075567965888267
22834,3,1,0.92116123,0.8859180856166875
22837,3,0,0.6794077,0.6817032236189804
22838,3,1,0.8062882,0.7781541609410907
22839,3,1,0.6416368,0.6639489501985834
22840,3,0,0.3948812,0.40220310794829256
22841,3,1,0.6647667,0.6809405787874695
22848,3,1,0.334342,0.3138556729403447
22860,3,1,0.43418315,0.4385624526645079
22861,3,0,0.58196384,0.591095169639259
22864,3,0,0.5493257,0.5405313143140312
22867,3,0,0.337548,0.35660058282191803
22872,3,1,0.72759926,0.7137570611015053
22873,3,0,0.38929412,0.4050667021932196
22877,3,1,0.6902678,0.6516101008578966
22883,3,1,0.75331014,0.7284329609845618
22898,3,0,0.13697803,0.1476849308744542
22911,3,0,0.15981302,0.1715447152939255
22920,3,0,0.26413938,0.28413153254709944
22925,3,1,0.81861323,0.7859331493787319
22928,3,1,0.39687872,0.3897127149800569
22929,3,0,0.6686896,0.6595624020797892
22932,3,0,0.28075796,0.28628632555477906
22936,3,1,0.40967706,0.4009977744825256
22938,3,0,0.43307057,0.45791637286337983
22944,3,1,0.74912304,0.7522031682211262
22949,3,0,0.14001444,0.15017408693713577
22953,3,1,0.73497605,0.7082585783209264
22957,3,0,0.36882263,0.3822402339134408
22962,3,0,0.57591957,0.6122839303057123
22965,3,1,0.49133018,0.5467100246831871
22968,3,1,0.6494124,0.6103432907940572
22970,3,0,0.733672,0.7324462806723121
22974,3,1,0.35665408,0.39532062391190187
22978,3,0,0.33365563,0.3439072407261331
22982,3,1,0.6571554,0.6691530255248019
23015,3,0,0.22652607,0.26311012987539095
23017,3,1,0.6547401,0.6291166856688731
23018,3,0,0.42469534,0.4251309522087647
23019,3,0,0.58997715,0.5922468616764632
23022,3,0,0.25186345,0.26973157430581973
23023,3,0,0.7663047,0.7508354482264624
23024,3,1,0.5809498,0.5902799152727382
23025,3,1,0.5396668,0.5526534150950387
23039,3,0,0.11912988,0.14860820607482986
23040,3,0,0.51957643,0.5385578609922085
23041,3,1,0.557243,0.5679345067567525
23045,3,0,0.16072538,0.1665689848896733
23049,3,1,0.7885905,0.7623189316563437
23061,3,0,0.633132,0.6288112372013974
23062,3,1,0.7442348,0.7171585224948938
23063,3,1,0.5265928,0.5287225889550365
23064,3,0,0.3376461,0.37869410031807244
23065,3,1,0.84036994,0.8082308476248308
23067,3,0,0.32271734,0.3274670032602532
23077,3,0,0.16812629,0.19060130312134838
23084,3,1,0.6382507,0.6308549162948447
23088,3,0,0.18928637,0.20174179203833778
23091,3,1,0.39229754,0.38536336626220435
23095,3,1,0.2053506,0.23984799228387443
23097,3,1,0.72631556,0.7043354755620937
23104,3,0,0.2776867,0.2947744733562393
23105,3,1,0.89452314,0.8592729718378191
23108,3,1,0.18918346,0.2206290480795877
23110,3,0,0.6133566,0.6355397804405389
23111,3,1,0.3153257,0.3237396346209614
23113,3,0,0.55673546,0.5919930043417913
23116,3,1,0.6426213,0.6569891643511936
23121,3,1,0.6386534,0.6327715399541952
23123,3,1,0.8091758,0.8202874637240813
23125,3,1,0.7349097,0.7438842269908174
23133,3,0,0.77760583,0.7377335380524649
23134,3,0,0.5096525,0.5348102170110393
23139,3,0,0.92292994,0.8928180565718201
23144,3,1,0.8040262,0.7886676868180003
23151,3,1,0.816363,0.7913178978580425
23156,3,1,0.77467465,0.755710462252137
23160,3,1,0.93271774,0.9170453825652903
23164,3,0,0.639011,0.6209739600727661
23172,3,1,0.9518152,0.9323857010530229
23175,3,1,0.80968237,0.7761657054685591
23183,3,1,0.47161403,0.4943296359147239
23184,3,0,0.6538614,0.6723262180307985
23185,3,1,0.7922747,0.7747025196293036
23189,3,1,0.6306123,0.6066158275282567
23198,3,1,0.25035092,0.1553236947382913
23206,3,0,0.66007113,0.661370025000626
23211,3,1,0.48574808,0.49357708923321186
23215,3,0,0.7635904,0.7290711536238875
23216,3,1,0.7240944,0.7359754856328186
23226,3,1,0.65765625,0.6667308720992109
23234,3,1,0.33787435,0.3728576842763523
23238,3,1,0.8655995,0.8406779421672858
23243,3,0,0.47922218,0.4862717989648309
23245,3,1,0.57978505,0.5638768881513861
23259,3,1,0.9059515,0.9084413379606963
23271,3,0,0.18808284,0.18722981860836913
23279,3,1,0.84261644,0.7862218602070062
23280,3,1,0.5109161,0.4847282517100592
23283,3,1,0.725168,0.7138997263944697
23299,3,0,0.21744193,0.21844373267312217
23308,3,1,0.7567666,0.7453117784479805
23309,3,1,0.43858933,0.4497333613284794
23322,3,1,0.4358035,0.4164434493945789
23324,3,0,0.41578677,0.4481084355008962
23329,3,1,0.43273073,0.43230282002392334
23347,3,1,0.8746686,0.8367264800875904
23356,3,1,0.8561738,0.8321694944757209
23363,3,1,0.32191518,0.30426400111954716
23372,3,1,0.8119563,0.8066155858204547
23385,3,0,0.27993014,0.3340881404286318
23387,3,1,0.82704455,0.7985987527981169
23390,3,1,0.8050869,0.774696622699976
23394,3,1,0.8233329,0.8104115871925162
23395,3,1,0.9200795,0.9015016552770907
23405,3,0,0.4819984,0.390467850229523
23406,3,1,0.83482915,0.7901105973975807
23407,3,1,0.5801805,0.5517580236481308
23410,3,0,0.13336849,0.1381739112842786
23411,3,1,0.7858784,0.7669155083288032
23413,3,0,0.35442573,0.4077243662758801
23414,3,1,0.6847728,0.6405322154616578
23415,3,1,0.57383835,0.5669221289994464
23421,3,0,0.21688709,0.2345915927304909
23424,3,0,0.3651794,0.34610128602952867
23429,3,1,0.5868699,0.6013654045766548
23430,3,1,0.6705112,0.6665408336131682
23432,3,1,0.66123456,0.6583167631737254
23439,3,1,0.77953696,0.7673672861352894
23445,3,0,0.54639083,0.5082973793060992
23446,3,0,0.44739547,0.45637950559906987
23448,3,0,0.46461505,0.4955063943193097
23450,3,1,0.7346859,0.7268295098696644
23451,3,1,0.73664993,0.7014025204950919
23452,3,1,0.8274242,0.8057405214731995
23467,3,1,0.73959005,0.713669527295182
23469,3,1,0.889528,0.8856299169049661
23478,3,0,0.62455726,0.6341289241832453
23484,3,1,0.7435499,0.766453207508581
23487,3,0,0.6897912,0.6879172393698314
23488,3,0,0.7777612,0.764438790587743
23491,3,0,0.67001456,0.6707514846479955
23498,3,0,0.6555856,0.6246394419574489
23500,3,1,0.66785014,0.6591664577181635
23503,3,0,0.32612944,0.3274306929103763
23510,3,0,0.5439719,0.5348390459374739
23517,3,0,0.5124484,0.5024666938736857
23520,3,1,0.92534554,0.9167493476986321
23527,3,0,0.5803298,0.5954002107489664
23530,3,0,0.60849893,0.5789332709038932
23531,3,0,0.2755141,0.3084279756188519
23532,3,0,0.4548524,0.45699008161154203
23539,3,0,0.50659823,0.47152773212441873
23545,3,1,0.5082766,0.5160186966343027
23546,3,0,0.8302082,0.8403063263924784
23552,3,1,0.3975445,0.40366318344874014
23555,3,0,0.61269546,0.6375922550572372
23556,3,0,0.30247256,0.34458738709379927
23564,3,1,0.7608481,0.7422162389630144
23567,3,1,0.27649537,0.2581009514968642
23572,3,1,0.1824816,0.18070180388628204
23575,3,0,0.3729649,0.35456816437343147
23578,3,0,0.4051305,0.39672707426918635
23582,3,1,0.36407462,0.3470928003696902
23586,3,0,0.17214796,0.18079251190398796
23589,3,1,0.15575731,0.1645527360375896
23591,3,1,0.5583105,0.5554122072535798
23593,3,0,0.44762218,0.4394701599333908
23595,3,1,0.9202509,0.8929934036318512
23606,3,1,0.7914226,0.7847425974540312
23609,3,0,0.5999464,0.6021956572124484
23619,3,1,0.7671748,0.7729563167100812
23630,3,1,0.81530404,0.7790605262855547
23641,3,0,0.624121,0.6201364132922436
23642,3,1,0.62634856,0.6048724895971482
23649,3,1,0.6746555,0.6552365518071477
23651,3,0,0.12021072,0.11845628470099075
23653,3,1,0.8784156,0.8758583765065947
23658,3,1,0.84994996,0.8351437575753831
23668,3,0,0.8800846,0.8593429990389458
23685,3,1,0.56188506,0.5369456528776787
23686,3,1,0.7842458,0.7587258282874793
23687,3,1,0.20304762,0.23354857388459288
23689,3,0,0.19473322,0.2028819449802581
23700,3,1,0.33070338,0.3277397970082492
23704,3,1,0.8005809,0.7972553464784811
23714,3,0,0.5079138,0.5439122084646076
23715,3,1,0.8398019,0.8148874960482961
23719,3,0,0.45689943,0.5204018222867077
23721,3,1,0.48521665,0.45409218777200566
23722,3,0,0.14595328,0.15575050395138093
23730,3,0,0.31307366,0.3335161257605798
23731,3,1,0.7614905,0.709421293220545
23736,3,0,0.6062932,0.5921780305847009
23737,3,1,0.82735366,0.8217247453292317
23741,3,1,0.617465,0.6206042237922714
23742,3,1,0.69470423,0.7066263632824986
23744,3,1,0.8715462,0.8707527282102989
23756,3,1,0.5911426,0.5960455426518143
23765,3,1,0.86296886,0.8486657750331171
23767,3,1,0.7654342,0.754859985395217
23768,3,1,0.9153128,0.8928654547770699
23771,3,0,0.3777122,0.39360236812848426
23772,3,1,0.2043058,0.1978089050584873
23773,3,1,0.6939222,0.6899016409260604
23778,3,0,0.39768255,0.4391218474223251
23780,3,1,0.68677807,0.6519167140894339
23786,3,1,0.6560926,0.6549063401555826
23789,3,0,0.5638064,0.6468726463022734
23795,3,1,0.90202296,0.8845914843251304
23802,3,0,0.30408853,0.3565652193428455
23809,3,1,0.749646,0.7294727928518313
23810,3,0,0.58431756,0.5999713635459981
23815,3,1,0.5842311,0.5918859204865552
23820,3,1,0.47686437,0.49149361224788224
23822,3,0,0.55544174,0.5503253778695911
23828,3,1,0.81934685,0.7874771984815602
23833,3,0,0.33658656,0.3074303443589495
23834,3,0,0.1683036,0.19778406535161125
23837,3,1,0.60097367,0.5905220970385788
23839,3,0,0.5051601,0.517610732703852
23841,3,1,0.55614674,0.5784158816583123
23844,3,0,0.18905719,0.18088079580929523
23847,3,0,0.29729748,0.3121253930255759
23848,3,0,0.28230247,0.3054003772112455
23850,3,1,0.5421243,0.5483449488916532
23852,3,1,0.5316946,0.5295251589928568
23853,3,0,0.24380188,0.258253873024145
23859,3,1,0.7716477,0.7344754584159114
23860,3,1,0.5392735,0.5195502130806942
23865,3,1,0.515443,0.5374150138822179
23866,3,1,0.6467017,0.6145743460977499
23869,3,1,0.7684394,0.7612179650457422
23878,3,1,0.7071745,0.7289575802593532
23881,3,0,0.54938513,0.5449388879007792
23889,3,1,0.73197687,0.7455292088979858
23899,3,1,0.64594585,0.6088735233540393
23900,3,0,0.45818686,0.4793769513286879
23910,3,1,0.8056322,0.7775639261647631
23913,3,1,0.34467286,0.3326882610582183
23921,3,0,0.21323021,0.2291004885789118
23923,3,0,0.24940549,0.289016066715189
23933,3,1,0.64646125,0.6638656374030258
23934,3,1,0.7383968,0.719286068303069
23936,3,0,0.5923416,0.576131798013646
23938,3,0,0.56614876,0.5906002612403946
23942,3,0,0.17634693,0.18843948647095482
23947,3,0,0.27573812,0.26869136419186634
23952,3,1,0.869244,0.8756963060802236
23956,3,1,0.56910485,0.5993384529997842
23962,3,1,0.6746648,0.6535483195326023
23972,3,1,0.7146638,0.7162029120122018
23980,3,0,0.5099449,0.5358752379341731
23981,3,1,0.6023099,0.565326696066828
23986,3,0,0.0890623,0.110165160763328
23989,3,0,0.24946545,0.25136803887957154
23991,3,0,0.7779209,0.7605511645214398
23992,3,0,0.5244821,0.524042271634999
23993,3,0,0.57479763,0.6065565179373557
23998,3,1,0.673635,0.6690781557939082
23999,3,0,0.27965268,0.2545686620526476
24004,3,0,0.6770538,0.6932164838064624
24008,3,1,0.6907257,0.6470242706916509
24010,3,0,0.24270879,0.2793406626796256
24011,3,1,0.3315867,0.3602422288591541
24018,3,1,0.7609772,0.7501256256541281
24020,3,0,0.6127971,0.6073063023546916
24023,3,0,0.4265829,0.4366573011252649
24030,3,0,0.2654092,0.2534444621342399
24034,3,1,0.81600195,0.8170916428302435
24041,3,1,0.82817173,0.8139329856618658
24044,3,0,0.22232896,0.2184317035269574
24056,3,1,0.80184615,0.7913493586791192
24058,3,1,0.7139037,0.6724336516651116
24062,3,1,0.5519068,0.5653850570149106
24067,3,1,0.15420161,0.14049257860375605
24073,3,1,0.9155869,0.8908067892894321
24075,3,0,0.49577346,0.4653701920111931
24085,3,1,0.6968296,0.6985872482276254
24092,3,0,0.2899398,0.32379353864197236
24107,3,0,0.6430734,0.639714995314656
24111,3,1,0.4855061,0.490361513782024
24115,3,0,0.26223755,0.24017326440864004
24119,3,1,0.7711084,0.6990592664187517
24121,3,0,0.1191598,0.12617909044024708
24123,3,1,0.67350173,0.6800369338801884
24132,3,1,0.7339337,0.7107327599761246
24133,3,0,0.15246688,0.165549081994352
24134,3,1,0.5530794,0.538926991481895
24136,3,1,0.6084188,0.5881453611898542
24138,3,0,0.13604853,0.15611639249887282
24146,3,0,0.43308434,0.4385165799922461
24148,3,1,0.5764106,0.5539265143952802
24153,3,0,0.2846978,0.2947219094007228
24157,3,0,0.46043923,0.47665114054731056
24161,3,1,0.6093383,0.6041985068500059
24167,3,1,0.42459887,0.45545681701568913
24170,3,1,0.6010629,0.6076821992576282
24172,3,1,0.76256037,0.7364389651837855
24185,3,0,0.21630663,0.22031370457117308
24190,3,0,0.4496065,0.46359631991477845
24194,3,1,0.41682774,0.24554128723493004
24196,3,1,0.7445238,0.7291177996742619
24206,3,1,0.24937832,0.2480774899156556
24209,3,0,0.14362904,0.15259300159474887
24217,3,1,0.2879699,0.28514514455891915
24221,3,0,0.60531193,0.5910866524423357
24222,3,1,0.5012316,0.506391679351743
24223,3,0,0.33606115,0.3355388631674371
24231,3,1,0.8498472,0.8423815218777376
24234,3,0,0.3829529,0.40024841210416234
24245,3,1,0.846045,0.8080077978531489
24250,3,0,0.49919164,0.5204116753101957
24253,3,1,0.87580746,0.847685334038083
24255,3,0,0.5571188,0.5497073022406477
24257,3,1,0.72077966,0.704486853483904
24268,3,1,0.87064916,0.8761992522764981
24274,3,1,0.16491805,0.16548650792834269
24277,3,1,0.5771529,0.5682715743774316
24283,3,1,0.6201606,0.6145251832533196
24296,3,1,0.66073805,0.6721179747188504
24299,3,0,0.81624526,0.8160571390614871
24302,3,1,0.7003392,0.6821095604005935
24303,3,1,0.8140629,0.8505551156491079
24310,3,1,0.8374966,0.810599174071759
24312,3,1,0.7751063,0.7793126927552694
24315,3,0,0.6413222,0.6302311728133344
24320,3,1,0.40501112,0.4374205315988642
24323,3,0,0.84667414,0.8456405842893964
24327,3,1,0.3572994,0.3701149555549272
24328,3,1,0.8337331,0.828877349923424
24330,3,0,0.12720223,0.11729891761078998
24333,3,1,0.45843747,0.45892504752191277
24344,3,0,0.8003989,0.7824630547772633
24349,3,0,0.28736576,0.3110887735075011
24359,3,0,0.18131657,0.18537819478469453
24360,3,0,0.36844182,0.4051489860872569
24364,3,1,0.46893418,0.5052375808672946
24370,3,1,0.5552222,0.5501411767395639
24380,3,1,0.6666573,0.6712073035177126
24386,3,0,0.36655602,0.3677147263145568
24391,3,0,0.34712824,0.35778482992821214
24395,3,0,0.2889186,0.3287616617803174
24396,3,1,0.92984164,0.9095114798187687
24400,3,0,0.28701615,0.30850790943654693
24402,3,1,0.6748876,0.638451737458742
24403,3,1,0.83115935,0.7787993180128949
24410,3,0,0.34671876,0.3721225454194882
24414,3,1,0.7881402,0.7740225765606844
24417,3,1,0.43907923,0.44819945530539745
24424,3,1,0.9171737,0.9126365078994799
24426,3,1,0.7568648,0.7464977442220443
24430,3,1,0.3758943,0.4277954704775693
24436,3,1,0.9322428,0.9220246454420601
24437,3,1,0.929874,0.9125948063532511
24439,3,1,0.7383984,0.7215818340728513
24448,3,1,0.69699854,0.6751007910636244
24451,3,1,0.8026721,0.7887453835753871
24452,3,0,0.54932314,0.5566474757754544
24468,3,1,0.5801673,0.5598550757096692
24477,3,0,0.13398327,0.1609638949852618
24482,3,0,0.56705177,0.5681834971096318
24483,3,1,0.8195756,0.8061908938353898
24484,3,0,0.14624085,0.15571774019240586
24490,3,0,0.39269242,0.38940548622307003
24503,3,1,0.34757748,0.35383654576205953
24505,3,0,0.40974852,0.42229714628249426
24509,3,1,0.79176676,0.7725603576299053
24517,3,0,0.17954911,0.20317776591479933
24518,3,0,0.6360103,0.6381477036162458
24522,3,0,0.6558373,0.6495137237843571
24527,3,1,0.93527025,0.934886109828705
24533,3,0,0.17350091,0.2016700818430787
24542,3,0,0.58232176,0.5836267811560303
24543,3,0,0.2070716,0.23979407407434922
24545,3,1,0.86317223,0.8605451692510663
24548,3,0,0.6816604,0.7215481729652652
24552,3,0,0.47909388,0.47184939117260294
24557,3,0,0.567851,0.524284286399776
24560,3,0,0.12068945,0.13723698408031315
24562,3,0,0.611553,0.5996261912765399
24572,3,1,0.285798,0.3147543598968922
24573,3,0,0.49100727,0.49997178296206707
24575,3,1,0.43693584,0.44735837714648335
24577,3,1,0.180915,0.1834341135405242
24580,3,0,0.6963571,0.7033907818561556
24588,3,0,0.34956193,0.38040046171833136
24589,3,0,0.81848437,0.7925230892088714
24595,3,1,0.19235145,0.2039457107458737
24596,3,0,0.41061413,0.39916797621757616
24601,3,1,0.5057712,0.5000334456112057
24602,3,0,0.55367213,0.5315383897819628
24603,3,1,0.65466607,0.6456782580350527
24605,3,1,0.38073716,0.3821817407823473
24614,3,1,0.41845766,0.45214385033031823
24620,3,0,0.17618424,0.18532824497719122
24633,3,1,0.9324178,0.9169315624809686
24634,3,1,0.6910305,0.6818130842379594
24636,3,1,0.73188406,0.7005707397198948
24640,3,1,0.65420574,0.6456258061964293
24642,3,0,0.4463562,0.47910618276245553
24646,3,0,0.46866372,0.4335955398878282
24649,3,1,0.89112455,0.8786486601567232
24651,3,0,0.26746112,0.3028502033371283
24652,3,0,0.14275819,0.1364146082900188
24653,3,0,0.10892403,0.11997236497179604
24659,3,1,0.4994997,0.4918328941894166
24661,3,1,0.6903513,0.6862536295346086
24667,3,1,0.54460174,0.5681924278682732
24672,3,0,0.6275297,0.6338399606820665
24674,3,1,0.67165565,0.6798264228746641
24684,3,0,0.44555876,0.5404751337871917
24687,3,0,0.52075016,0.49282847364047905
24689,3,1,0.75159544,0.747613428541854
24690,3,1,0.78188676,0.7542189489635599
24693,3,0,0.28945693,0.28726851797416975
24705,3,1,0.63750917,0.6452488955370784
24709,3,1,0.80839646,0.8368711655689177
24714,3,1,0.2917188,0.3163883619909877
24721,3,1,0.83192885,0.8071972928838995
24726,3,1,0.7080026,0.7093868356838166
24729,3,0,0.65308034,0.6526604642623544
24736,3,1,0.4680748,0.4807269588079188
24738,3,1,0.7099449,0.7228729514936207
24739,3,0,0.6117547,0.6046578229292575
24741,3,1,0.723858,0.7488619115337236
24751,3,1,0.49888182,0.509961193497017
24771,3,1,0.87543124,0.8715254204844372
24774,3,0,0.46695295,0.4691591791143853
24776,3,0,0.62341374,0.596349051088674
24779,3,1,0.60924613,0.6415594676145362
24786,3,0,0.64356697,0.6270172529983116
24787,3,0,0.5901268,0.5767349117866488
24788,3,0,0.50324786,0.4586406388365005
24795,3,0,0.35266623,0.3428306003415194
24796,3,1,0.66643256,0.6232674316251989
24800,3,1,0.41100606,0.41066039359815654
24801,3,0,0.4075043,0.3766801979578908
24805,3,0,0.6109495,0.6300845393645247
24808,3,0,0.5854241,0.6080709818892015
24809,3,0,0.59877807,0.5625124606026091
24812,3,1,0.3199725,0.3140058808657896
24816,3,0,0.43048313,0.4158495075654045
24819,3,0,0.6217142,0.5486585668765679
24826,3,1,0.3110385,0.3499624129440041
24828,3,0,0.77720046,0.7428864124856609
24834,3,0,0.8405626,0.833418654443497
24836,3,1,0.59638405,0.6250197902790741
24852,3,1,0.8287455,0.8540948854035282
24854,3,0,0.6673389,0.6895596198443152
24857,3,1,0.8997719,0.8813811530659209
24859,3,0,0.61176604,0.597802787476876
24862,3,1,0.70892143,0.6708500141675368
24863,3,0,0.4098943,0.41928039852472876
24881,3,1,0.4470184,0.462441382061937
24887,3,0,0.13991356,0.1498697362599517
24890,3,1,0.9010707,0.8797307489918876
24893,3,1,0.51759535,0.5349434015938106
24901,3,1,0.5537802,0.5576049513454839
24905,3,1,0.7148262,0.7188412477496996
24908,3,0,0.37862036,0.38534070180699803
24911,3,1,0.7255461,0.6921556193393569
24912,3,0,0.44532752,0.4301958734858785
24917,3,0,0.63533217,0.6297021605971301
24921,3,0,0.74126655,0.7155767767858867
24924,3,1,0.6464096,0.6705654828454924
24929,3,0,0.27013445,0.30054820219100004
24936,3,0,0.12673438,0.12818140180807053
24943,3,1,0.8854528,0.8723158600497185
24946,3,0,0.20300995,0.17675227763680562
24949,3,0,0.36182728,0.36146162220295214
24950,3,1,0.68110985,0.655830543583904
24957,3,1,0.6225805,0.6408501015840535
24958,3,0,0.3637065,0.351106953681708
24964,3,1,0.44082293,0.47670550796120614
24971,3,0,0.35627118,0.3353574128405395
24974,3,1,0.6750467,0.6791379833665299
24984,3,0,0.4019392,0.3998634318703885
24987,3,1,0.8708301,0.8468466291789238
24989,3,1,0.6474193,0.6708048084086433
24990,3,1,0.6934194,0.699376653818581
24992,3,0,0.11852991,0.13603012967132322
24993,3,1,0.7909392,0.7544784240715163
25019,3,1,0.6098952,0.6166065048532198
25024,3,0,0.74035615,0.7341065107892124
25032,3,0,0.70371616,0.6854687770689963
25033,3,1,0.27690202,0.29696030467806356
25035,3,1,0.51638865,0.5776634986602687
25041,3,1,0.388383,0.4082450962990123
25042,3,1,0.5550988,0.5343376537108713
25046,3,0,0.5239736,0.5193681161853035
25048,3,1,0.7517126,0.7318161588437584
25052,3,0,0.26875573,0.283180762265158
25054,3,0,0.7055432,0.6430050846135763
25062,3,1,0.52964485,0.5271018215058418
25065,3,1,0.21779817,0.22232455751497718
25067,3,1,0.5878938,0.5478677671829211
25069,3,0,0.3870166,0.3922390611950958
25070,3,0,0.75926656,0.7546511505692879
25072,3,0,0.6110748,0.6114406546346977
25074,3,0,0.75896007,0.7278594650342428
25080,3,1,0.68960834,0.6666228931734635
25081,3,1,0.32442802,0.3322219224806515
25095,3,0,0.6928596,0.6538787507339713
25099,3,1,0.51548666,0.5371019546853113
25100,3,1,0.3824475,0.41589053262522746
25103,3,1,0.8892642,0.8760631515939324
25106,3,1,0.8826727,0.881517304827888
25111,3,1,0.7597107,0.7428841657860286
25113,3,1,0.7111133,0.6785488802367718
25122,3,0,0.33159703,0.2971649164620165
25125,3,1,0.3656355,0.3761328084842032
25128,3,0,0.3170316,0.34344739722620116
25129,3,1,0.83328295,0.8096919653056404
25134,3,1,0.41577968,0.43223486989732424
25136,3,0,0.6185259,0.6358146625947275
25137,3,1,0.22005324,0.25502843582866064
25141,3,0,0.5876981,0.5861654205205376
25142,3,0,0.124725826,0.1314328846497376
25153,3,0,0.5852004,0.5514979477711065
25155,3,1,0.5926985,0.5619480840351087
25158,3,0,0.851582,0.8354101559454707
25161,3,1,0.6502176,0.6491383430614228
25165,3,0,0.7786679,0.8116747695056243
25166,3,1,0.38659084,0.40442962149674727
25168,3,0,0.5453038,0.5172786346819619
25174,3,1,0.9100788,0.8813578187818503
25181,3,0,0.6257674,0.6044444043428109
25182,3,0,0.18438466,0.17614744478744773
25183,3,0,0.28285208,0.26265047633898553
25193,3,0,0.6493565,0.6163402117188688
25197,3,0,0.70979553,0.6966001393068958
25198,3,1,0.71654224,0.7053777426785209
25206,3,1,0.3550421,0.3429034888992548
25210,3,0,0.20378736,0.2322434185470974
25215,3,1,0.72518873,0.7578213887401231
25217,3,0,0.7458602,0.7490434104903253
25224,3,1,0.6199963,0.5752356941688358
25227,3,0,0.5201927,0.4750140352815961
25228,3,0,0.36598417,0.24793106011322527
25230,3,1,0.8078043,0.8000234716273927
25231,3,0,0.45818526,0.49227181531792535
25236,3,0,0.32319662,0.332382275088312
25239,3,1,0.5934301,0.5876096857630795
25242,3,0,0.19821316,0.21956230804031543
25244,3,0,0.33462048,0.3078668362383353
25247,3,0,0.27494425,0.2777793476083467
25249,3,1,0.32710686,0.3546528148711339
25257,3,1,0.4454222,0.4767080267384125
25259,3,1,0.52812684,0.5383939261800533
25263,3,0,0.6295572,0.713767220921884
25264,3,0,0.30274984,0.3262547132132778
25271,3,1,0.606027,0.6322003614429761
25276,3,1,0.79000926,0.7730923463849794
25285,3,1,0.48468724,0.5083471933770659
25291,3,0,0.90255344,0.8940512186910932
25305,3,1,0.67421824,0.6682346897444549
25306,3,1,0.1537427,0.16650820929717566
25315,3,0,0.5028279,0.5281111273305777
25320,3,0,0.12263975,0.1340257125812494
25334,3,1,0.73035073,0.7310515809311388
25342,3,0,0.23010938,0.28336851104980065
25347,3,0,0.19867755,0.1888261922910097
25350,3,1,0.45465666,0.4375069690320453
25377,3,0,0.16408692,0.16855690474855367
25378,3,0,0.61068773,0.6089290223366353
25380,3,0,0.6711948,0.6616752686756336
25381,3,1,0.6909242,0.6939224777181836
25392,3,0,0.58942646,0.5872643079809663
25413,3,0,0.49537823,0.5117163149788087
25414,3,1,0.50541335,0.5036285989822228
25420,3,1,0.8200672,0.8027094921632345
25429,3,1,0.77472717,0.7908909427256124
25432,3,1,0.66293204,0.644969309532151
25433,3,0,0.48224604,0.5009384895977417
25434,3,1,0.6860745,0.655579882943738
25447,3,1,0.6769718,0.6652404691314171
25453,3,0,0.64285094,0.626691677822293
25455,3,1,0.42096215,0.41370742438378416
25457,3,1,0.75252515,0.7267200177463515
25460,3,1,0.43939096,0.4502784089720477
25466,3,1,0.74413836,0.7422554878354016
25469,3,0,0.44268686,0.42414759357675175
25472,3,1,0.65470827,0.6657496365090356
25474,3,1,0.68999654,0.6816803872002524
25481,3,1,0.8708504,0.8721532299741104
25499,3,1,0.85858935,0.8478163506852947
25501,3,1,0.88839597,0.8418057722389654
25507,3,1,0.8754497,0.8513405097358069
25510,3,0,0.369703,0.39588534555345356
25511,3,1,0.91014004,0.9071778825317619
25519,3,1,0.39075267,0.39283822772158433
25526,3,1,0.4824682,0.5127395128060631
25528,3,1,0.57436275,0.5440457045844874
25531,3,0,0.74598014,0.7244856387725666
25532,3,1,0.6156406,0.6330406294833084
25533,3,0,0.3378774,0.36007145129756507
25539,3,1,0.7619018,0.7492431710467656
25545,3,0,0.55397147,0.5375131532033443
25546,3,0,0.1909077,0.18781138205657705
25551,3,1,0.6355849,0.6278835680151383
25556,3,1,0.5145781,0.4745305534488914
25558,3,0,0.2360528,0.23572856226234667
25565,3,0,0.57732224,0.5971254510564009
25566,3,0,0.2319778,0.25391681490805873
25567,3,0,0.7378781,0.6758145479722703
25568,3,1,0.56612194,0.5282131664507486
25570,3,1,0.6331103,0.6490643630400221
25577,3,1,0.84146386,0.8183470693746158
25579,3,1,0.87039983,0.8640526836283934
25580,3,0,0.53131205,0.5127266010214309
25584,3,1,0.75101906,0.753444329976752
25586,3,0,0.62944734,0.6871505834586576
25589,3,0,0.2197981,0.22249992150692346
25595,3,1,0.18838407,0.15003507858649198
25596,3,1,0.48786828,0.4754094728277353
25598,3,1,0.50533974,0.5037743188030923
25605,3,0,0.16928458,0.18981927562844483
25624,3,1,0.7360914,0.710832545127578
25625,3,1,0.46598738,0.42307617075470677
25626,3,0,0.61397666,0.587608415268444
25630,3,0,0.17019765,0.1646115436543556
25631,3,1,0.68382096,0.6796334505447753
25635,3,1,0.8335485,0.815703689171945
25648,3,1,0.4265628,0.44581505196366567
25649,3,1,0.62828124,0.6012019702428594
25660,3,0,0.7949626,0.7637247915652525
25665,3,0,0.65131825,0.6260794673142921
25667,3,0,0.14853598,0.14869293144957513
25668,3,1,0.21010482,0.21697956664856055
25669,3,0,0.14046524,0.12955404341727106
25670,3,1,0.44555876,0.5404751337871917
25674,3,1,0.6096414,0.5497509035348592
25676,3,1,0.4306275,0.43891098199339995
25677,3,1,0.7874438,0.7660535511104737
25678,3,0,0.20242012,0.1989248484552417
25683,3,1,0.62295735,0.6185045507619638
25694,3,1,0.65789664,0.6572316404932735
25696,3,1,0.5242846,0.5247235225421975
25699,3,0,0.8591657,0.8120560833044498
25701,3,1,0.6352966,0.6471336017462486
25702,3,0,0.20309933,0.20388435793120163
25719,3,1,0.663605,0.6490816697969938
25721,3,0,0.18289176,0.15736324571018634
25722,3,0,0.5657361,0.5819862099776003
25724,3,1,0.85535854,0.8562839277890467
25726,3,1,0.8325389,0.830979108561683
25728,3,1,0.91808826,0.9164022396297993
25739,3,1,0.8286773,0.81205768097472
25746,3,0,0.21644366,0.1982522828669527
25748,3,1,0.77271414,0.7629698339414047
25749,3,1,0.62561363,0.6231929893647412
25751,3,0,0.3358841,0.33035990641649504
25754,3,1,0.52394706,0.49911688081322486
25773,3,1,0.60538524,0.6206491033114937
25774,3,0,0.68729305,0.6745034270237376
25775,3,0,0.14198245,0.15128440137412563
25778,3,0,0.30366126,0.32895231860466995
25780,3,0,0.19526091,0.21289236435010594
25784,3,0,0.256738,0.2275570562188997
25798,3,1,0.65071523,0.609810935202636
25802,3,0,0.18119045,0.17269845492429103
25813,3,0,0.5272277,0.4987799202423744
25828,3,1,0.8142429,0.8234777235205597
25829,3,0,0.1920551,0.19783662371793834
25833,3,1,0.73640925,0.7271566461506163
25834,3,1,0.41588324,0.41858082503511773
25835,3,0,0.367602,0.4064658142509219
25838,3,1,0.22422168,0.2271711234800794
25844,3,1,0.18489927,0.16968193384992408
25845,3,1,0.69227535,0.7518514319055354
25848,3,1,0.8565983,0.8272844455965058
25850,3,0,0.24549639,0.27537982531085015
25854,3,1,0.7210675,0.6951574064573427
25856,3,0,0.19336027,0.1105329582893444
25857,3,1,0.3895674,0.3972798496423177
25861,3,1,0.5276215,0.5118879973356154
25865,3,1,0.26170948,0.28386283115474403
25872,3,0,0.19346039,0.1954724090537535
25877,3,0,0.5936962,0.6228121282198116
25881,3,1,0.7371793,0.7178441722631089
25887,3,1,0.66293037,0.6680941182068478
25888,3,1,0.39272723,0.4013732450740236
25892,3,1,0.50765246,0.5127453058733822
25897,3,0,0.42060405,0.3861478378875607
25900,3,0,0.6748454,0.6327608307781812
25905,3,0,0.5582557,0.558862171873509
25912,3,1,0.5291546,0.5182581454416846
25920,3,1,0.43538582,0.450652664910554
25921,3,0,0.54850054,0.528597254865385
25923,3,1,0.3562087,0.34643769612893593
25931,3,0,0.6028366,0.584652456406553
25933,3,1,0.70977813,0.7195440835877556
25940,3,1,0.7223226,0.6904918181425358
25945,3,0,0.54888797,0.5463258082667528
25950,3,0,0.46035314,0.4770937778246493
25955,3,0,0.31592655,0.31860395555395093
25961,3,0,0.19259149,0.20417631284569637
25968,3,0,0.6295572,0.713767220921884
25971,3,1,0.6331815,0.6504026207783625
25976,3,0,0.19040477,0.18774549640468946
25980,3,1,0.63270575,0.6249543106589435
25982,3,1,0.7341007,0.7187563368571082
25983,3,1,0.2968598,0.29786015107358405
25984,3,1,0.77912474,0.7863907013919472
25987,3,0,0.8789927,0.8720662819798096
25989,3,0,0.26121128,0.2642107842665976
25998,3,1,0.5594789,0.5437658576128869
25999,3,0,0.82304454,0.8382965092067837
26000,3,0,0.56078005,0.5560815936440412
26003,3,1,0.6042533,0.6128301415998848
26005,3,1,0.5176519,0.457961396463969
26010,3,0,0.2333342,0.26409410048753984
26011,3,1,0.8779053,0.8639819063616556
26012,3,1,0.5525133,0.5599446999153256
26014,3,0,0.17186305,0.17942285765037877
26023,3,1,0.8374595,0.8421776202237654
26027,3,1,0.2798873,0.19012655636984846
26032,3,1,0.38029212,0.41598194428715923
26038,3,0,0.5203291,0.4815035681148644
26039,3,1,0.746356,0.7649714850956932
26040,3,0,0.75966245,0.7288997647646551
26056,3,0,0.55730385,0.5718278252189708
26058,3,0,0.24866499,0.26353765547388086
26060,3,0,0.45886835,0.4702086502392476
26062,3,0,0.31203106,0.3229369599648387
26064,3,0,0.77024984,0.7514494132940502
26068,3,1,0.603249,0.6201895127652098
26074,3,1,0.32419184,0.33289683508910617
26075,3,0,0.5068597,0.6087133633958596
26079,3,1,0.8602548,0.853621488644595
26082,3,0,0.6646381,0.6606092000232269
26088,3,0,0.124381535,0.12265812874174656
26090,3,0,0.38351917,0.3900721913666024
26105,3,1,0.7077821,0.6696501753657605
26114,3,1,0.6792131,0.6333132904921044
26125,3,0,0.25723782,0.2930199808297893
26134,3,0,0.36598417,0.24793106011322527
26141,3,0,0.34468338,0.35316525954956524
26142,3,1,0.7079643,0.6967188381206763
26164,3,0,0.27248093,0.2990431512071815
26168,3,1,0.74156797,0.7152616684839936
26169,3,1,0.75198543,0.7222557351892936
26181,3,0,0.49982643,0.5002960877665125
26190,3,0,0.2309399,0.26401686173249017
26191,3,1,0.67740405,0.6260753382177805
26203,3,1,0.7156045,0.5254769856711856
26205,3,1,0.6824504,0.6383030174469926
26214,3,1,0.73305047,0.7198476331225327
26219,3,1,0.91638225,0.9036125600073273
26231,3,1,0.63249207,0.6067975257496822
26232,3,1,0.8718872,0.8566322622851835
26234,3,1,0.777741,0.7745764816705746
26236,3,0,0.74790055,0.717251220954467
26241,3,1,0.7868633,0.8079149686450582
26248,3,0,0.66327965,0.6326754372224083
26249,3,1,0.73626095,0.7275557119679822
26253,3,1,0.9135392,0.8992340773382835
26254,3,0,0.6513245,0.6335534563451025
26258,3,0,0.61509705,0.5904438347770536
26259,3,0,0.5896598,0.5931571189246545
26262,3,0,0.2256817,0.21090430609802124
26263,3,0,0.37915736,0.4139284239488536
26267,3,0,0.43125525,0.4254603026452737
26281,3,1,0.5977498,0.5843627251804747
26287,3,1,0.8661814,0.8386176715125787
26300,3,1,0.5437159,0.5391342624343644
26308,3,1,0.8095123,0.7839911268399546
26316,3,1,0.661021,0.6476685405675698
26317,3,0,0.31360948,0.3192816852966489
26326,3,0,0.47937846,0.49062317265599814
26330,3,0,0.6543902,0.6328368641458058
26335,3,1,0.42647517,0.44879570155541443
26338,3,1,0.91396505,0.9078345429618248
26341,3,0,0.19286627,0.19207038005026883
26343,3,1,0.5142048,0.5030051690888682
26346,3,0,0.46174306,0.44263563083969826
26349,3,1,0.59463984,0.5464276134215388
26351,3,0,0.25826043,0.28446266346840104
26352,3,0,0.85532373,0.8447982880468926
26353,3,0,0.61263317,0.6086583782198743
26360,3,1,0.36196268,0.3661957538265068
26379,3,0,0.6644984,0.6582893835600493
26380,3,0,0.34656656,0.3343487164868594
26381,3,1,0.4514962,0.48689450652087185
26386,3,1,0.35481712,0.3640022588427539
26390,3,1,0.3819974,0.2462101629036465
26392,3,1,0.616476,0.6269205711485939
26395,3,1,0.49434292,0.48102707800041117
26399,3,1,0.70618963,0.7157864854810363
26403,3,0,0.41423205,0.44830429058724186
26404,3,0,0.2860917,0.28383076220499714
26411,3,0,0.4783581,0.49182858562628357
26413,3,0,0.16914803,0.17065722465247846
26429,3,1,0.87230945,0.8636683246461311
26431,3,0,0.5652025,0.5720255653390945
26434,3,0,0.39138925,0.409074815495704
26437,3,1,0.80142295,0.7553284813711004
26444,3,0,0.43036786,0.41964677071390466
26450,3,0,0.44105294,0.42704204715261296
26451,3,1,0.9189831,0.893063664550444
26452,3,1,0.55622905,0.5561494416981978
26455,3,1,0.57272494,0.5777013687350908
26456,3,0,0.5065345,0.48719824355102814
26458,3,0,0.3852241,0.40074658690408055
26460,3,1,0.76706827,0.7485836005132358
26463,3,0,0.63513774,0.6650196252655153
26474,3,1,0.7747236,0.7758999838633399
26475,3,1,0.786734,0.7300860236864627
26476,3,0,0.49527773,0.30758917437937633
26477,3,1,0.58086693,0.5546780722562706
26482,3,1,0.73629546,0.7104653731100208
26483,3,0,0.3284934,0.32450729335465084
26486,3,1,0.7911661,0.7626815713635121
26492,3,0,0.41833085,0.43759289783330335
26494,3,0,0.51250845,0.5344671973303018
26495,3,0,0.6172982,0.6341109904251702
26496,3,1,0.75332266,0.7321335877455971
26498,3,1,0.6272322,0.6919031024876457
26503,3,0,0.3735809,0.3858162418164671
26511,3,0,0.43496943,0.4151775374884528
26515,3,0,0.3616078,0.3742473807032469
26526,3,0,0.3492282,0.34622344185740583
26528,3,1,0.63548887,0.6226902016517107
26533,3,1,0.42280105,0.4497545721404658
26537,3,0,0.5066102,0.6123222662931519
26541,3,0,0.38076591,0.4125604310611531
26545,3,1,0.48898113,0.5295438990577956
26548,3,1,0.48095515,0.45564774307540934
26561,3,0,0.5061992,0.5151938215809145
26562,3,1,0.40171996,0.38660119472733623
26564,3,0,0.21780136,0.21469941725870492
26567,3,0,0.8905486,0.870409766073022
26569,3,1,0.6295572,0.713767220921884
26575,3,0,0.36726615,0.3900809006422672
26578,3,0,0.55091655,0.5280778591461497
26582,3,1,0.718067,0.7030248524470596
26599,3,0,0.6461492,0.62478461956983
26601,3,1,0.630148,0.6003821012593648
26602,3,0,0.22331505,0.2142434549368195
26603,3,0,0.53511715,0.5454256892329173
26607,3,1,0.4704701,0.44699058960314086
26608,3,1,0.6077008,0.6839912397384535
26611,3,0,0.24812312,0.2494745286973785
26612,3,0,0.4179975,0.43900624860092974
26616,3,0,0.7977851,0.7592348618659248
26619,3,1,0.6150971,0.6229920913214629
26645,3,0,0.26459876,0.28364688385832093
26646,3,0,0.3748933,0.3617474519925805
26648,3,1,0.9288667,0.9154660037917693
26649,3,0,0.29459557,0.3468892313523564
26651,3,1,0.5756294,0.570477257311364
26660,3,0,0.6243555,0.6303077571669901
26661,3,1,0.1302436,0.13884690666757538
26662,3,0,0.15883934,0.16616601315913165
26664,3,0,0.20048136,0.20759608222541595
26671,3,0,0.37726778,0.2999649251180101
26673,3,0,0.34921005,0.393982044839621
26675,3,1,0.57053113,0.6043801508758512
26676,3,1,0.39450538,0.5198584853009486
26682,3,0,0.52255154,0.5290212320609178
26684,3,1,0.34302905,0.3496986493162938
26685,3,0,0.4133714,0.43660192461476455
26689,3,0,0.21148379,0.1992429263562685
26696,3,1,0.6295572,0.713767220921884
26697,3,0,0.6040503,0.5911954187503383
26700,3,0,0.43740568,0.38456550434858
26722,3,1,0.5313592,0.5164025328866938
26724,3,0,0.4239911,0.4551456044049888
26726,3,1,0.33749342,0.4532888057170207
26727,3,1,0.38491422,0.3937425703245959
26730,3,0,0.32227495,0.3292767281368344
26734,3,0,0.38809955,0.39598504641981763
26735,3,0,0.4911363,0.45807549710314444
26737,3,0,0.2777075,0.3293918480133587
26753,3,1,0.5186077,0.6319635867538208
26754,3,1,0.2981156,0.36755126329782917
26756,3,1,0.4865003,0.46231884450669086
26758,3,1,0.29671678,0.20753150008329058
26759,3,1,0.33749342,0.4532888057170207
