model,feature,value,person,p
logistic,Age_at_Release,18-22,0,0.9221146351979596
logistic,Age_at_Release,18-22,1,0.7912918560473711
logistic,Age_at_Release,18-22,2,0.9085328755757526
logistic,Age_at_Release,18-22,3,0.4334674064390791
logistic,Age_at_Release,18-22,4,0.7936881908855546
logistic,Age_at_Release,18-22,5,0.7536527850069797
logistic,Age_at_Release,18-22,6,0.7479172799676829
logistic,Age_at_Release,18-22,7,0.5552367704163411
logistic,Age_at_Release,18-22,8,0.8012660855779089
logistic,Age_at_Release,18-22,9,0.8036491414043261
logistic,Age_at_Release,18-22,10,0.627212157357266
logistic,Age_at_Release,18-22,11,0.6133321563393228
logistic,Age_at_Release,18-22,12,0.957998870362349
logistic,Age_at_Release,18-22,13,0.8159014405348484
logistic,Age_at_Release,18-22,14,0.9414729465661036
logistic,Age_at_Release,18-22,15,0.6975412112040142
logistic,Age_at_Release,18-22,16,0.8644604312042636
logistic,Age_at_Release,18-22,17,0.8996208178881187
logistic,Age_at_Release,18-22,18,0.8101979680123099
logistic,Age_at_Release,18-22,19,0.7926864882072961
logistic,Age_at_Release,18-22,20,0.7094050457249367
logistic,Age_at_Release,18-22,21,0.6912350403739328
logistic,Age_at_Release,18-22,22,0.9068154985966096
logistic,Age_at_Release,18-22,23,0.9256781625801004
logistic,Age_at_Release,18-22,24,0.9182708711688216
logistic,Age_at_Release,18-22,25,0.6656476102548687
logistic,Age_at_Release,18-22,26,0.7278786346091084
logistic,Age_at_Release,18-22,27,0.882688532778247
logistic,Age_at_Release,18-22,28,0.5528677054988133
logistic,Age_at_Release,18-22,29,0.8872316668518789
logistic,Age_at_Release,18-22,30,0.703662993874986
logistic,Age_at_Release,18-22,31,0.6897680421838792
logistic,Age_at_Release,18-22,32,0.3633853449074029
logistic,Age_at_Release,18-22,33,0.8078257725796241
logistic,Age_at_Release,18-22,34,0.6603395852896099
logistic,Age_at_Release,18-22,35,0.5693196087651501
logistic,Age_at_Release,18-22,36,0.908145175591724
logistic,Age_at_Release,18-22,37,0.6448018472146801
logistic,Age_at_Release,18-22,38,0.5801974286872521
logistic,Age_at_Release,18-22,39,0.8917185954320483
logistic,Age_at_Release,18-22,40,0.4571719396717478
logistic,Age_at_Release,18-22,41,0.8173623073366328
logistic,Age_at_Release,18-22,42,0.904185145199798
logistic,Age_at_Release,18-22,43,0.8096704538021801
logistic,Age_at_Release,18-22,44,0.8580806111924038
logistic,Age_at_Release,18-22,45,0.7990204738221562
logistic,Age_at_Release,18-22,46,0.8406531517586574
logistic,Age_at_Release,18-22,47,0.7792759211219431
logistic,Age_at_Release,18-22,48,0.6938558716744452
logistic,Age_at_Release,18-22,49,0.8085660612951839
logistic,Age_at_Release,18-22,50,0.6743693724288221
logistic,Age_at_Release,18-22,51,0.7300143670316473
logistic,Age_at_Release,18-22,52,0.7935224247304944
logistic,Age_at_Release,18-22,53,0.6575110555659963
logistic,Age_at_Release,18-22,54,0.667549966409559
logistic,Age_at_Release,18-22,55,0.913964381533773
logistic,Age_at_Release,18-22,56,0.8831428219694338
logistic,Age_at_Release,18-22,57,0.8064079460037102
logistic,Age_at_Release,18-22,58,0.8740696147536756
logistic,Age_at_Release,18-22,59,0.8836828856076053
logistic,Age_at_Release,18-22,60,0.9304847461416348
logistic,Age_at_Release,18-22,61,0.8994151662321914
logistic,Age_at_Release,18-22,62,0.7469496647975525
logistic,Age_at_Release,18-22,63,0.8576750004236429
logistic,Age_at_Release,18-22,64,0.8807203125024106
logistic,Age_at_Release,18-22,65,0.72537152038042
logistic,Age_at_Release,18-22,66,0.6360928378848827
logistic,Age_at_Release,18-22,67,0.9145622446345576
logistic,Age_at_Release,18-22,68,0.6483773958170389
logistic,Age_at_Release,18-22,69,0.7793529615934721
logistic,Age_at_Release,18-22,70,0.8200315473665055
logistic,Age_at_Release,18-22,71,0.8884629434740685
logistic,Age_at_Release,18-22,72,0.8379336603108333
logistic,Age_at_Release,18-22,73,0.6236717160562676
logistic,Age_at_Release,18-22,74,0.6704709801785717
logistic,Age_at_Release,18-22,75,0.8672851053666861
logistic,Age_at_Release,18-22,76,0.777744470275845
logistic,Age_at_Release,18-22,77,0.6023634245540014
logistic,Age_at_Release,18-22,78,0.6985399191266162
logistic,Age_at_Release,18-22,79,0.7684758148802984
logistic,Age_at_Release,18-22,80,0.4005800034635062
logistic,Age_at_Release,18-22,81,0.5244093021248287
logistic,Age_at_Release,18-22,82,0.8177892322486878
logistic,Age_at_Release,18-22,83,0.6692013102262053
logistic,Age_at_Release,18-22,84,0.682159388093983
logistic,Age_at_Release,18-22,85,0.6941376932010712
logistic,Age_at_Release,18-22,86,0.7810284179919428
logistic,Age_at_Release,18-22,87,0.7441366575441096
logistic,Age_at_Release,18-22,88,0.866380870966701
logistic,Age_at_Release,18-22,89,0.8357143287889713
logistic,Age_at_Release,18-22,90,0.7957929246163662
logistic,Age_at_Release,18-22,91,0.683558749459448
logistic,Age_at_Release,18-22,92,0.5894979472785371
logistic,Age_at_Release,18-22,93,0.9221102897506352
logistic,Age_at_Release,18-22,94,0.6781582913589781
logistic,Age_at_Release,18-22,95,0.8874309464299643
logistic,Age_at_Release,18-22,96,0.7410439393273913
logistic,Age_at_Release,18-22,97,0.4561742159768034
logistic,Age_at_Release,18-22,98,0.7681550374636031
logistic,Age_at_Release,18-22,99,0.5677889372119815
logistic,Age_at_Release,18-22,100,0.7062712300284013
logistic,Age_at_Release,18-22,101,0.8486199466928647
logistic,Age_at_Release,18-22,102,0.68596030242927
logistic,Age_at_Release,18-22,103,0.8918475552161698
logistic,Age_at_Release,18-22,104,0.8457666359608321
logistic,Age_at_Release,18-22,105,0.6369709826973852
logistic,Age_at_Release,18-22,106,0.9437329600292296
logistic,Age_at_Release,18-22,107,0.6992633503102612
logistic,Age_at_Release,18-22,108,0.7061139553802137
logistic,Age_at_Release,18-22,109,0.7908527498655807
logistic,Age_at_Release,18-22,110,0.4328493433475855
logistic,Age_at_Release,18-22,111,0.8589299846299664
logistic,Age_at_Release,18-22,112,0.8770696066798397
logistic,Age_at_Release,18-22,113,0.7839536893301773
logistic,Age_at_Release,18-22,114,0.6046417823622939
logistic,Age_at_Release,18-22,115,0.9305427164403638
logistic,Age_at_Release,18-22,116,0.9554887564670952
logistic,Age_at_Release,18-22,117,0.8786653283096066
logistic,Age_at_Release,18-22,118,0.9312052244333848
logistic,Age_at_Release,18-22,119,0.7332367003222291
logistic,Age_at_Release,18-22,120,0.5403525434339589
logistic,Age_at_Release,18-22,121,0.9574527947647896
logistic,Age_at_Release,18-22,122,0.7134803809663046
logistic,Age_at_Release,18-22,123,0.7349025536427407
logistic,Age_at_Release,18-22,124,0.8901336504221458
logistic,Age_at_Release,18-22,125,0.8193757384871038
logistic,Age_at_Release,18-22,126,0.7109500623836181
logistic,Age_at_Release,18-22,127,0.8453835262286877
logistic,Age_at_Release,18-22,128,0.811057857170285
logistic,Age_at_Release,18-22,129,0.8398616906422237
logistic,Age_at_Release,18-22,130,0.7444928451258583
logistic,Age_at_Release,18-22,131,0.7704204803884455
logistic,Age_at_Release,18-22,132,0.8757713647456348
logistic,Age_at_Release,18-22,133,0.7845991759896722
logistic,Age_at_Release,18-22,134,0.9144928022249929
logistic,Age_at_Release,18-22,135,0.8409504860442383
logistic,Age_at_Release,18-22,136,0.8892828175386465
logistic,Age_at_Release,18-22,137,0.7999471300924758
logistic,Age_at_Release,18-22,138,0.3526228471538542
logistic,Age_at_Release,18-22,139,0.8998750172417332
logistic,Age_at_Release,18-22,140,0.9202062135787444
logistic,Age_at_Release,18-22,141,0.3487824635411753
logistic,Age_at_Release,18-22,142,0.4289829273530297
logistic,Age_at_Release,18-22,143,0.9245934933470732
logistic,Age_at_Release,18-22,144,0.6197113823355803
logistic,Age_at_Release,18-22,145,0.9157618299226248
logistic,Age_at_Release,18-22,146,0.7213934759198684
logistic,Age_at_Release,18-22,147,0.934687103512702
logistic,Age_at_Release,18-22,148,0.7312622704689384
logistic,Age_at_Release,18-22,149,0.957426156885615
logistic,Age_at_Release,18-22,150,0.769420816922997
logistic,Age_at_Release,18-22,151,0.8202969430520539
logistic,Age_at_Release,18-22,152,0.8393115949115956
logistic,Age_at_Release,18-22,153,0.7915392692229123
logistic,Age_at_Release,18-22,154,0.8473704483053748
logistic,Age_at_Release,18-22,155,0.9019964262799548
logistic,Age_at_Release,18-22,156,0.9161764039552964
logistic,Age_at_Release,18-22,157,0.9312500024241386
logistic,Age_at_Release,18-22,158,0.956018266780614
logistic,Age_at_Release,18-22,159,0.8669015780534141
logistic,Age_at_Release,18-22,160,0.7357597906974924
logistic,Age_at_Release,18-22,161,0.8193592019406045
logistic,Age_at_Release,18-22,162,0.9598932464851324
logistic,Age_at_Release,18-22,163,0.4128409901135574
logistic,Age_at_Release,18-22,164,0.8295331530634764
logistic,Age_at_Release,18-22,165,0.7861885050184503
logistic,Age_at_Release,18-22,166,0.8216344872432222
logistic,Age_at_Release,18-22,167,0.8308231735967949
logistic,Age_at_Release,18-22,168,0.8173625348934418
logistic,Age_at_Release,18-22,169,0.7967445990993384
logistic,Age_at_Release,18-22,170,0.9720245335444564
logistic,Age_at_Release,18-22,171,0.9716225696776662
logistic,Age_at_Release,18-22,172,0.877913748929762
logistic,Age_at_Release,18-22,173,0.7950769250504333
logistic,Age_at_Release,18-22,174,0.8202676957043091
logistic,Age_at_Release,18-22,175,0.3063887058985489
logistic,Age_at_Release,18-22,176,0.7673164924212974
logistic,Age_at_Release,18-22,177,0.7340300495517362
logistic,Age_at_Release,18-22,178,0.6690868190139723
logistic,Age_at_Release,18-22,179,0.6989982075913368
logistic,Age_at_Release,18-22,180,0.645599956529702
logistic,Age_at_Release,18-22,181,0.7304365631436134
logistic,Age_at_Release,18-22,182,0.9144242883633348
logistic,Age_at_Release,18-22,183,0.884561118025723
logistic,Age_at_Release,18-22,184,0.9135906997719152
logistic,Age_at_Release,18-22,185,0.8123564199193816
logistic,Age_at_Release,18-22,186,0.6438463877773491
logistic,Age_at_Release,18-22,187,0.9178889149891652
logistic,Age_at_Release,18-22,188,0.8888292881996054
logistic,Age_at_Release,18-22,189,0.8430869371665316
logistic,Age_at_Release,18-22,190,0.5441401578087967
logistic,Age_at_Release,18-22,191,0.9550328422508808
logistic,Age_at_Release,18-22,192,0.9033548278671204
logistic,Age_at_Release,18-22,193,0.5950941001681719
logistic,Age_at_Release,18-22,194,0.8552871873043958
logistic,Age_at_Release,18-22,195,0.8723322650754789
logistic,Age_at_Release,18-22,196,0.6967141683905876
logistic,Age_at_Release,18-22,197,0.7425633572754329
logistic,Age_at_Release,18-22,198,0.8670182167454852
logistic,Age_at_Release,18-22,199,0.7759957259162324
logistic,Age_at_Release,23-27,0,0.885234389754613
logistic,Age_at_Release,23-27,1,0.7118239681797698
logistic,Age_at_Release,23-27,2,0.8661548950494445
logistic,Age_at_Release,23-27,3,0.3326577359571615
logistic,Age_at_Release,23-27,4,0.7148038767774945
logistic,Age_at_Release,23-27,5,0.6659043863583373
logistic,Age_at_Release,23-27,6,0.6590501405944248
logistic,Age_at_Release,23-27,7,0.4485283996865642
logistic,Age_at_Release,23-27,8,0.7242726434893195
logistic,Age_at_Release,23-27,9,0.7272646883653422
logistic,Age_at_Release,23-27,10,0.5229350131429139
logistic,Age_at_Release,23-27,11,0.5082166848732748
logistic,Age_at_Release,23-27,12,0.9369486603608008
logistic,Age_at_Release,23-27,13,0.7427576917293116
logistic,Age_at_Release,23-27,14,0.9128933323494576
logistic,Age_at_Release,23-27,15,0.6004032641935287
logistic,Age_at_Release,23-27,16,0.8060227384769514
logistic,Age_at_Release,23-27,17,0.8537783030912464
logistic,Age_at_Release,23-27,18,0.7355227288153818
logistic,Age_at_Release,23-27,19,0.7135573953228469
logistic,Age_at_Release,23-27,20,0.6139686684250537
logistic,Age_at_Release,23-27,21,0.5932527793464308
logistic,Age_at_Release,23-27,22,0.8637611503127142
logistic,Age_at_Release,23-27,23,0.8902845461583191
logistic,Age_at_Release,23-27,24,0.8798077672221907
logistic,Age_at_Release,23-27,25,0.5646594028566743
logistic,Age_at_Release,23-27,26,0.6353910566822818
logistic,Age_at_Release,23-27,27,0.8305695265140941
logistic,Age_at_Release,23-27,28,0.446157907052004
logistic,Age_at_Release,23-27,29,0.836757797818382
logistic,Age_at_Release,23-27,30,0.607384505146938
logistic,Age_at_Release,23-27,31,0.5915953012016159
logistic,Age_at_Release,23-27,32,0.2710757306439604
logistic,Age_at_Release,23-27,33,0.7325253411771976
logistic,Age_at_Release,23-27,34,0.5588107597488277
logistic,Age_at_Release,23-27,35,0.4627205133926739
logistic,Age_at_Release,23-27,36,0.8656141378492516
logistic,Age_at_Release,23-27,37,0.5418509362569912
logistic,Age_at_Release,23-27,38,0.4738022636123318
logistic,Age_at_Release,23-27,39,0.8428974156616967
logistic,Age_at_Release,23-27,40,0.3542970297284543
logistic,Age_at_Release,23-27,41,0.7446172986016527
logistic,Age_at_Release,23-27,42,0.8601029754100302
logistic,Age_at_Release,23-27,43,0.7348555912859832
logistic,Age_at_Release,23-27,44,0.7975364923066107
logistic,Age_at_Release,23-27,45,0.7214594696250352
logistic,Age_at_Release,23-27,46,0.77462702945917
logistic,Age_at_Release,23-27,47,0.696984849464624
logistic,Age_at_Release,23-27,48,0.5962194718918654
logistic,Age_at_Release,23-27,49,0.7334599923366212
logistic,Age_at_Release,23-27,50,0.5743308912584849
logistic,Age_at_Release,23-27,51,0.6378915572828903
logistic,Age_at_Release,23-27,52,0.7145975204951481
logistic,Age_at_Release,23-27,53,0.5557056107399
logistic,Age_at_Release,23-27,54,0.5667623763514484
logistic,Age_at_Release,23-27,55,0.8737532091033862
logistic,Age_at_Release,23-27,56,0.8311870468796102
logistic,Age_at_Release,23-27,57,0.7307371374650341
logistic,Age_at_Release,23-27,58,0.8189070073001392
logistic,Age_at_Release,23-27,59,0.8319215290030649
logistic,Age_at_Release,23-27,60,0.8971257404164348
logistic,Age_at_Release,23-27,61,0.8534940267892895
logistic,Age_at_Release,23-27,62,0.6578974388061907
logistic,Age_at_Release,23-27,63,0.7969987807048938
logistic,Age_at_Release,23-27,64,0.827897361675081
logistic,Age_at_Release,23-27,65,0.6324621009798908
logistic,Age_at_Release,23-27,66,0.5324480412093209
logistic,Age_at_Release,23-27,67,0.8745921591907269
logistic,Age_at_Release,23-27,68,0.5457327162293828
logistic,Age_at_Release,23-27,69,0.6970794473984356
logistic,Age_at_Release,23-27,70,0.7480219486162505
logistic,Age_at_Release,23-27,71,0.8384398268929402
logistic,Age_at_Release,23-27,72,0.7710875442677046
logistic,Age_at_Release,23-27,73,0.5191634510419932
logistic,Age_at_Release,23-27,74,0.5699985150517421
logistic,Age_at_Release,23-27,75,0.8097973088161142
logistic,Age_at_Release,23-27,76,0.6951058282197238
logistic,Age_at_Release,23-27,77,0.4967129454470285
logistic,Age_at_Release,23-27,78,0.6015394965087167
logistic,Age_at_Release,23-27,79,0.6837920637062928
logistic,Age_at_Release,23-27,80,0.3033237881549568
logistic,Age_at_Release,23-27,81,0.418056683096357
logistic,Age_at_Release,23-27,82,0.7451612516787671
logistic,Age_at_Release,23-27,83,0.5685908148018414
logistic,Age_at_Release,23-27,84,0.5830343830788938
logistic,Age_at_Release,23-27,85,0.5965389100173606
logistic,Age_at_Release,23-27,86,0.6991384653307201
logistic,Age_at_Release,23-27,87,0.6545523170797141
logistic,Age_at_Release,23-27,88,0.8085878352962534
logistic,Age_at_Release,23-27,89,0.7682060440694873
logistic,Age_at_Release,23-27,90,0.7174268523480352
logistic,Age_at_Release,23-27,91,0.5846044095541962
logistic,Age_at_Release,23-27,92,0.4833609971017223
logistic,Age_at_Release,23-27,93,0.8852282427605341
logistic,Age_at_Release,23-27,94,0.5785563786585693
logistic,Age_at_Release,23-27,95,0.8370298890056882
logistic,Age_at_Release,23-27,96,0.650884778230628
logistic,Age_at_Release,23-27,97,0.3533776622433732
logistic,Age_at_Release,23-27,98,0.6834022943098454
logistic,Age_at_Release,23-27,99,0.4611695524132927
logistic,Age_at_Release,23-27,100,0.6103709244133626
logistic,Age_at_Release,23-27,101,0.785050840668236
logistic,Age_at_Release,23-27,102,0.587303544504451
logistic,Age_at_Release,23-27,103,0.8430742876118233
logistic,Age_at_Release,23-27,104,0.7813081153649797
logistic,Age_at_Release,23-27,105,0.5333928261010056
logistic,Age_at_Release,23-27,106,0.9161586642869834
logistic,Age_at_Release,23-27,107,0.6023631989584888
logistic,Age_at_Release,23-27,108,0.610190641593798
logistic,Age_at_Release,23-27,109,0.7112786723583828
logistic,Age_at_Release,23-27,110,0.3320991531749594
logistic,Age_at_Release,23-27,111,0.7986631957133166
logistic,Age_at_Release,23-27,112,0.8229549391699973
logistic,Age_at_Release,23-27,113,0.7027413483860812
logistic,Age_at_Release,23-27,114,0.4990932630990726
logistic,Age_at_Release,23-27,115,0.8972084563530697
logistic,Age_at_Release,23-27,116,0.9332681534246192
logistic,Age_at_Release,23-27,117,0.8251130395284548
logistic,Age_at_Release,23-27,118,0.8981541188759997
logistic,Age_at_Release,23-27,119,0.6416737051422275
logistic,Age_at_Release,23-27,120,0.4337152288054648
logistic,Age_at_Release,23-27,121,0.936147143131932
logistic,Age_at_Release,23-27,122,0.6186629583015876
logistic,Age_at_Release,23-27,123,0.6436334439962494
logistic,Age_at_Release,23-27,124,0.8407255015395491
logistic,Age_at_Release,23-27,125,0.7471846344194971
logistic,Age_at_Release,23-27,126,0.6157462532469653
logistic,Age_at_Release,23-27,127,0.780806388797862
logistic,Age_at_Release,23-27,128,0.7366109478150215
logistic,Age_at_Release,23-27,129,0.7735959447484115
logistic,Age_at_Release,23-27,130,0.6549753921587526
logistic,Age_at_Release,23-27,131,0.68615753307832
logistic,Age_at_Release,23-27,132,0.8212017076084648
logistic,Age_at_Release,23-27,133,0.7035377175910293
logistic,Age_at_Release,23-27,134,0.874494687942756
logistic,Age_at_Release,23-27,135,0.7750145928935235
logistic,Age_at_Release,23-27,136,0.8395610050719986
logistic,Age_at_Release,23-27,137,0.7226195917150993
logistic,Age_at_Release,23-27,138,0.2619223614037608
logistic,Age_at_Release,23-27,139,0.8541297698634187
logistic,Age_at_Release,23-27,140,0.8825374068075357
logistic,Age_at_Release,23-27,141,0.2586750850724821
logistic,Age_at_Release,23-27,142,0.3286112489494968
logistic,Age_at_Release,23-27,143,0.8887454164235302
logistic,Age_at_Release,23-27,144,0.5149586516471768
logistic,Age_at_Release,23-27,145,0.8762770232958003
logistic,Age_at_Release,23-27,146,0.6278287502337799
logistic,Age_at_Release,23-27,147,0.9031347917530884
logistic,Age_at_Release,23-27,148,0.6393549059384469
logistic,Age_at_Release,23-27,149,0.936108056375353
logistic,Age_at_Release,23-27,150,0.68494100644363
logistic,Age_at_Release,23-27,151,0.7483609490179634
logistic,Age_at_Release,23-27,152,0.772879775025771
logistic,Age_at_Release,23-27,153,0.7121313151261438
logistic,Age_at_Release,23-27,154,0.7834105572190563
logistic,Age_at_Release,23-27,155,0.85706646127013
logistic,Age_at_Release,23-27,156,0.8768597898044557
logistic,Age_at_Release,23-27,157,0.8982180582101335
logistic,Age_at_Release,23-27,158,0.934043755333596
logistic,Age_at_Release,23-27,159,0.8092841821938856
logistic,Age_at_Release,23-27,160,0.644643105094002
logistic,Age_at_Release,23-27,161,0.7471635280505018
logistic,Age_at_Release,23-27,162,0.9397327356656984
logistic,Age_at_Release,23-27,163,0.3141681633934268
logistic,Age_at_Release,23-27,164,0.7602136766233603
logistic,Age_at_Release,23-27,165,0.7055006558302668
logistic,Age_at_Release,23-27,166,0.7500707844127804
logistic,Age_at_Release,23-27,167,0.7618776936295157
logistic,Age_at_Release,23-27,168,0.7446175884757856
logistic,Age_at_Release,23-27,169,0.7186146034418773
logistic,Age_at_Release,23-27,170,0.957693303920221
logistic,Age_at_Release,23-27,171,0.9570945118767504
logistic,Age_at_Release,23-27,172,0.824096150873771
logistic,Age_at_Release,23-27,173,0.7165339571439836
logistic,Age_at_Release,23-27,174,0.7483235859192001
logistic,Age_at_Release,23-27,175,0.2234752168817875
logistic,Age_at_Release,23-27,176,0.6823839590740847
logistic,Age_at_Release,23-27,177,0.6426066336575705
logistic,Age_at_Release,23-27,178,0.568463956696835
logistic,Age_at_Release,23-27,179,0.6020612423576321
logistic,Age_at_Release,23-27,180,0.5427163182858104
logistic,Age_at_Release,23-27,181,0.6383864526449938
logistic,Age_at_Release,23-27,182,0.874398526815777
logistic,Age_at_Release,23-27,183,0.8331167713316118
logistic,Age_at_Release,23-27,184,0.8732291014576937
logistic,Age_at_Release,23-27,185,0.7382560475018117
logistic,Age_at_Release,23-27,186,0.5408157573060423
logistic,Age_at_Release,23-27,187,0.8792696894506485
logistic,Age_at_Release,23-27,188,0.8389406887682177
logistic,Age_at_Release,23-27,189,0.7778027167380394
logistic,Age_at_Release,23-27,190,0.4374667730409524
logistic,Age_at_Release,23-27,191,0.9326006953706826
logistic,Age_at_Release,23-27,192,0.8589502406969256
logistic,Age_at_Release,23-27,193,0.4891501898474854
logistic,Age_at_Release,23-27,194,0.7938376857951316
logistic,Age_at_Release,23-27,195,0.8165683372608776
logistic,Age_at_Release,23-27,196,0.5994631263228345
logistic,Age_at_Release,23-27,197,0.6526852663156758
logistic,Age_at_Release,23-27,198,0.8094402139525775
logistic,Age_at_Release,23-27,199,0.6929635595204743
logistic,Age_at_Release,28-32,0,0.8377468139397072
logistic,Age_at_Release,28-32,1,0.6231303796634395
logistic,Age_at_Release,28-32,2,0.8124452779569886
logistic,Age_at_Release,28-32,3,0.2501914351958624
logistic,Age_at_Release,28-32,4,0.626546258504648
logistic,Age_at_Release,28-32,5,0.5715838674799991
logistic,Age_at_Release,28-32,6,0.5640613603456499
logistic,Age_at_Release,28-32,7,0.3525107688927276
logistic,Age_at_Release,28-32,8,0.6374590746903888
logistic,Age_at_Release,28-32,9,0.6409261299291423
logistic,Age_at_Release,28-32,10,0.423212823315135
logistic,Age_at_Release,28-32,11,0.4088955599588417
logistic,Age_at_Release,28-32,12,0.908651231127329
logistic,Age_at_Release,28-32,13,0.6590241994175416
logistic,Age_at_Release,28-32,14,0.8752374576290632
logistic,Age_at_Release,28-32,15,0.5014357483749785
logistic,Age_at_Release,28-32,16,0.7355503967768848
logistic,Age_at_Release,28-32,17,0.7962703624528282
logistic,Age_at_Release,28-32,18,0.6505422268518647
logistic,Age_at_Release,28-32,19,0.6251163410784664
logistic,Age_at_Release,28-32,20,0.5156505639989678
logistic,Age_at_Release,28-32,21,0.4940067915897627
logistic,Age_at_Release,28-32,22,0.8093024505242468
logistic,Age_at_Release,28-32,23,0.8445195973731194
logistic,Age_at_Release,28-32,24,0.8305046995615172
logistic,Age_at_Release,28-32,25,0.4647315093391782
logistic,Age_at_Release,28-32,26,0.5384272241987618
logistic,Age_at_Release,28-32,27,0.7664308564595753
logistic,Age_at_Release,28-32,28,0.3503253685777803
logistic,Age_at_Release,28-32,29,0.7743252163942063
logistic,Age_at_Release,28-32,30,0.5087312735175882
logistic,Age_at_Release,28-32,31,0.4922909978358568
logistic,Age_at_Release,28-32,32,0.1993160950077759
logistic,Age_at_Release,28-32,33,0.6470439002244218
logistic,Age_at_Release,28-32,34,0.458827026526132
logistic,Age_at_Release,28-32,35,0.3656793242048263
logistic,Age_at_Release,28-32,36,0.8117346904195153
logistic,Age_at_Release,28-32,37,0.4418625718718523
logistic,Age_at_Release,28-32,38,0.3760637209572782
logistic,Age_at_Release,28-32,39,0.7822017657573053
logistic,Age_at_Release,28-32,40,0.2686256579084234
logistic,Age_at_Release,28-32,41,0.6612130220923478
logistic,Age_at_Release,28-32,42,0.8045129393210189
logistic,Age_at_Release,28-32,43,0.649762801435232
logistic,Age_at_Release,28-32,44,0.7250328406994895
logistic,Age_at_Release,28-32,45,0.634207504047118
logistic,Age_at_Release,28-32,46,0.697035844294281
logistic,Age_at_Release,28-32,47,0.6062504694338264
logistic,Age_at_Release,28-32,48,0.4970837102077046
logistic,Age_at_Release,28-32,49,0.648133773042735
logistic,Age_at_Release,28-32,50,0.4745571798784382
logistic,Age_at_Release,28-32,51,0.5411124480891744
logistic,Age_at_Release,28-32,52,0.6263094276204693
logistic,Age_at_Release,28-32,53,0.4557035998821356
logistic,Age_at_Release,28-32,54,0.4668614293407425
logistic,Age_at_Release,28-32,55,0.8224677030536844
logistic,Age_at_Release,28-32,56,0.7672166246923011
logistic,Age_at_Release,28-32,57,0.6449611967156872
logistic,Age_at_Release,28-32,58,0.7516734199977149
logistic,Age_at_Release,28-32,59,0.7681517980202879
logistic,Age_at_Release,28-32,60,0.853745629251321
logistic,Age_at_Release,28-32,61,0.7959010094623372
logistic,Age_at_Release,28-32,62,0.562800554722804
logistic,Age_at_Release,28-32,63,0.7243691194107131
logistic,Age_at_Release,28-32,64,0.7630357330369038
logistic,Age_at_Release,28-32,65,0.5352890322011897
logistic,Age_at_Release,28-32,66,0.4325566019748021
logistic,Age_at_Release,28-32,67,0.8235786482807782
logistic,Age_at_Release,28-32,68,0.4457249268913535
logistic,Age_at_Release,28-32,69,0.6063573955412633
logistic,Age_at_Release,28-32,70,0.6652296812853679
logistic,Age_at_Release,28-32,71,0.7764787008236157
logistic,Age_at_Release,28-32,72,0.6927611079826604
logistic,Age_at_Release,28-32,73,0.4195280043039285
logistic,Age_at_Release,28-32,74,0.4701461635818768
logistic,Age_at_Release,28-32,75,0.7402543637709152
logistic,Age_at_Release,28-32,76,0.6041283701590293
logistic,Age_at_Release,28-32,77,0.3978213668200041
logistic,Age_at_Release,28-32,78,0.5026202678058019
logistic,Age_at_Release,28-32,79,0.5914230222496915
logistic,Age_at_Release,28-32,80,0.2256703180986066
logistic,Age_at_Release,28-32,81,0.3247212011010584
logistic,Age_at_Release,28-32,82,0.661853949098052
logistic,Age_at_Release,28-32,83,0.4687162608485503
logistic,Age_at_Release,28-32,84,0.4834659672680205
logistic,Age_at_Release,28-32,85,0.4974154652921116
logistic,Age_at_Release,28-32,86,0.6086869037545338
logistic,Age_at_Release,28-32,87,0.5591486610242278
logistic,Age_at_Release,28-32,88,0.7387453419525148
logistic,Age_at_Release,28-32,89,0.689290941816077
logistic,Age_at_Release,28-32,90,0.6295602855072026
logistic,Age_at_Release,28-32,91,0.4850797934974634
logistic,Age_at_Release,28-32,92,0.3850936932662895
logistic,Age_at_Release,28-32,93,0.8377385896667109
logistic,Age_at_Release,28-32,94,0.4788744188702467
logistic,Age_at_Release,28-32,95,0.7746733474070869
logistic,Age_at_Release,28-32,96,0.5551566107347168
logistic,Age_at_Release,28-32,97,0.2678363861566193
logistic,Age_at_Release,28-32,98,0.5909874996209559
logistic,Age_at_Release,28-32,99,0.3642331244202147
logistic,Age_at_Release,28-32,100,0.511865021571663
logistic,Age_at_Release,28-32,101,0.7097034664473808
logistic,Age_at_Release,28-32,102,0.4878590871038188
logistic,Age_at_Release,28-32,103,0.7824293327491505
logistic,Age_at_Release,28-32,104,0.7051415427345192
logistic,Age_at_Release,28-32,105,0.4334884733899143
logistic,Age_at_Release,28-32,106,0.8797284061281638
logistic,Age_at_Release,28-32,107,0.5034796704203439
logistic,Age_at_Release,28-32,108,0.5116756250063793
logistic,Age_at_Release,28-32,109,0.6225062578265894
logistic,Age_at_Release,28-32,110,0.2497195090753698
logistic,Age_at_Release,28-32,111,0.7264246206032748
logistic,Age_at_Release,28-32,112,0.7567778483366423
logistic,Age_at_Release,28-32,113,0.6127730322394803
logistic,Age_at_Release,28-32,114,0.4001045263407149
logistic,Age_at_Release,28-32,115,0.8538575429847808
logistic,Age_at_Release,28-32,116,0.9034890591105108
logistic,Age_at_Release,28-32,117,0.7595068840037823
logistic,Age_at_Release,28-32,118,0.8551376325220073
logistic,Age_at_Release,28-32,119,0.5451847085973632
logistic,Age_at_Release,28-32,120,0.3389198216062333
logistic,Age_at_Release,28-32,121,0.9075254966652756
logistic,Age_at_Release,28-32,122,0.5206069139770061
logistic,Age_at_Release,28-32,123,0.547299859299872
logistic,Age_at_Release,28-32,124,0.7794103429785829
logistic,Age_at_Release,28-32,125,0.6642407405542976
logistic,Age_at_Release,28-32,126,0.5175251105323693
logistic,Age_at_Release,28-32,127,0.704531156311154
logistic,Age_at_Release,28-32,128,0.6518145826029211
logistic,Age_at_Release,28-32,129,0.6957891864965703
logistic,Age_at_Release,28-32,130,0.5596099656193729
logistic,Age_at_Release,28-32,131,0.5940692773771431
logistic,Age_at_Release,28-32,132,0.7545647268898468
logistic,Age_at_Release,28-32,133,0.6136779282380982
logistic,Age_at_Release,28-32,134,0.8234495314693856
logistic,Age_at_Release,28-32,135,0.6975047327008187
logistic,Age_at_Release,28-32,136,0.77791597516105
logistic,Age_at_Release,28-32,137,0.6355474532688455
logistic,Age_at_Release,28-32,138,0.1919477472913208
logistic,Age_at_Release,28-32,139,0.796727148071862
logistic,Age_at_Release,28-32,140,0.8341429612476148
logistic,Age_at_Release,28-32,141,0.1893454499540585
logistic,Age_at_Release,28-32,142,0.2467771295275691
logistic,Age_at_Release,28-32,143,0.8424520717056282
logistic,Age_at_Release,28-32,144,0.4154329686990474
logistic,Age_at_Release,28-32,145,0.8258123814772943
logistic,Age_at_Release,28-32,146,0.530340351373184
logistic,Age_at_Release,28-32,147,0.8618985197098521
logistic,Age_at_Release,28-32,148,0.5426865123744545
logistic,Age_at_Release,28-32,149,0.9074706212399124
logistic,Age_at_Release,28-32,150,0.5927076783867009
logistic,Age_at_Release,28-32,151,0.6656302770899681
logistic,Age_at_Release,28-32,152,0.6949239561500878
logistic,Age_at_Release,28-32,153,0.6234822852899559
logistic,Age_at_Release,28-32,154,0.707702286323877
logistic,Age_at_Release,28-32,155,0.8005496242013913
logistic,Age_at_Release,28-32,156,0.8265858084182823
logistic,Age_at_Release,28-32,157,0.8552242246534523
logistic,Age_at_Release,28-32,158,0.9045753842259104
logistic,Age_at_Release,28-32,159,0.7396139506926551
logistic,Age_at_Release,28-32,160,0.5483909484789592
logistic,Age_at_Release,28-32,161,0.6642158214968696
logistic,Age_at_Release,28-32,162,0.9125682019312354
logistic,Age_at_Release,28-32,163,0.2346736145739793
logistic,Age_at_Release,28-32,164,0.6797120223429695
logistic,Age_at_Release,28-32,165,0.6159110235733722
logistic,Age_at_Release,28-32,166,0.6676526046830346
logistic,Age_at_Release,28-32,167,0.6817007830160746
logistic,Age_at_Release,28-32,168,0.661213363562719
logistic,Age_at_Release,28-32,169,0.6309273701978234
logistic,Age_at_Release,28-32,170,0.9380908936048812
logistic,Age_at_Release,28-32,171,0.9372328405978424
logistic,Age_at_Release,28-32,172,0.7582203059262538
logistic,Age_at_Release,28-32,173,0.6285335022074775
logistic,Age_at_Release,28-32,174,0.6655861193724264
logistic,Age_at_Release,28-32,175,0.1615242077231622
logistic,Age_at_Release,28-32,176,0.5898503107718693
logistic,Age_at_Release,28-32,177,0.5461911864666107
logistic,Age_at_Release,28-32,178,0.4685874824247146
logistic,Age_at_Release,28-32,179,0.5031645588395098
logistic,Age_at_Release,28-32,180,0.4427225769291404
logistic,Age_at_Release,28-32,181,0.5416445707354124
logistic,Age_at_Release,28-32,182,0.8233221616011883
logistic,Age_at_Release,28-32,183,0.7696749705371118
logistic,Age_at_Release,28-32,184,0.8217741147251639
logistic,Age_at_Release,28-32,185,0.6537403478940198
logistic,Age_at_Release,28-32,186,0.4408346120865573
logistic,Age_at_Release,28-32,187,0.8297886028609701
logistic,Age_at_Release,28-32,188,0.7771205895316594
logistic,Age_at_Release,28-32,189,0.7008826745087164
logistic,Age_at_Release,28-32,190,0.3423471121360426
logistic,Age_at_Release,28-32,191,0.9025548475160304
logistic,Age_at_Release,28-32,192,0.8030070596580495
logistic,Age_at_Release,28-32,193,0.3905957498708384
logistic,Age_at_Release,28-32,194,0.720473709301747
logistic,Age_at_Release,28-32,195,0.7487328948940586
logistic,Age_at_Release,28-32,196,0.5004564960593747
logistic,Age_at_Release,28-32,197,0.5571148671000019
logistic,Age_at_Release,28-32,198,0.7398086563780888
logistic,Age_at_Release,28-32,199,0.6017131412514148
logistic,Age_at_Release,33-37,0,0.7908722434217255
logistic,Age_at_Release,33-37,1,0.5477266638757733
logistic,Age_at_Release,33-37,2,0.7603521410407209
logistic,Age_at_Release,33-37,3,0.1963983973538474
logistic,Age_at_Release,33-37,4,0.5513338941230443
logistic,Age_at_Release,33-37,5,0.4942376043044099
logistic,Age_at_Release,33-37,6,0.4865769040809303
logistic,Age_at_Release,33-37,7,0.2850826465725636
logistic,Age_at_Release,33-37,8,0.5629112914950443
logistic,Age_at_Release,33-37,9,0.566606567962376
logistic,Age_at_Release,33-37,10,0.3495620083718587
logistic,Age_at_Release,33-37,11,0.3362836709004765
logistic,Age_at_Release,33-37,12,0.8793097311095255
logistic,Age_at_Release,33-37,13,0.5860310773939396
logistic,Age_at_Release,33-37,14,0.8370876052489181
logistic,Age_at_Release,33-37,15,0.4241832723856387
logistic,Age_at_Release,33-37,16,0.6707549429709933
logistic,Age_at_Release,33-37,17,0.7411162047888892
logistic,Age_at_Release,33-37,18,0.5768990878598755
logistic,Age_at_Release,33-37,19,0.5498229117847155
logistic,Age_at_Release,33-37,20,0.4381326388248804
logistic,Age_at_Release,33-37,21,0.4169416916264149
logistic,Age_at_Release,33-37,22,0.7565979154064763
logistic,Age_at_Release,33-37,23,0.7991325222515386
logistic,Age_at_Release,33-37,24,0.7820821377251748
logistic,Age_at_Release,33-37,25,0.3887248393125672
logistic,Age_at_Release,33-37,26,0.4607424133325297
logistic,Age_at_Release,33-37,27,0.7061793108286525
logistic,Age_at_Release,33-37,28,0.2831324769318128
logistic,Age_at_Release,33-37,29,0.7153537876313393
logistic,Age_at_Release,33-37,30,0.4313272178137745
logistic,Age_at_Release,33-37,31,0.4152738872385937
logistic,Age_at_Release,33-37,32,0.1542119172971908
logistic,Age_at_Release,33-37,33,0.5731472670264767
logistic,Age_at_Release,33-37,34,0.3830948923598464
logistic,Age_at_Release,33-37,35,0.2968872828676768
logistic,Age_at_Release,33-37,36,0.7595026118580194
logistic,Age_at_Release,33-37,37,0.3670314636850673
logistic,Age_at_Release,33-37,38,0.3062613511693605
logistic,Age_at_Release,33-37,39,0.7245564139397549
logistic,Age_at_Release,33-37,40,0.2119897036304319
logistic,Age_at_Release,33-37,41,0.5883958148879291
logistic,Age_at_Release,33-37,42,0.7508921370432813
logistic,Age_at_Release,33-37,43,0.576062448020098
logistic,Age_at_Release,33-37,44,0.6588555795216143
logistic,Age_at_Release,33-37,45,0.5594531869541999
logistic,Age_at_Release,33-37,46,0.6275815430644417
logistic,Age_at_Release,33-37,47,0.5300167087760572
logistic,Age_at_Release,33-37,48,0.4199369748523096
logistic,Age_at_Release,33-37,49,0.574315202518094
logistic,Age_at_Release,33-37,50,0.3981388186907354
logistic,Age_at_Release,33-37,51,0.4634291954314488
logistic,Age_at_Release,33-37,52,0.551083540849177
logistic,Age_at_Release,33-37,53,0.3801248857191639
logistic,Age_at_Release,33-37,54,0.3907607150276189
logistic,Age_at_Release,33-37,55,0.7723783742775427
logistic,Age_at_Release,33-37,56,0.7070903105685387
logistic,Age_at_Release,33-37,57,0.5709176784640602
logistic,Age_at_Release,33-37,58,0.6891589778703198
logistic,Age_at_Release,33-37,59,0.7081751551497938
logistic,Age_at_Release,33-37,60,0.8104472783139688
logistic,Age_at_Release,33-37,61,0.7406794240300637
logistic,Age_at_Release,33-37,62,0.485296488925627
logistic,Age_at_Release,33-37,63,0.6581074443553568
logistic,Age_at_Release,33-37,64,0.7022486235630353
logistic,Age_at_Release,33-37,65,0.4576081104873264
logistic,Age_at_Release,33-37,66,0.3582897995133666
logistic,Age_at_Release,33-37,67,0.7737165267196139
logistic,Age_at_Release,33-37,68,0.3706741226411443
logistic,Age_at_Release,33-37,69,0.5301282918777891
logistic,Age_at_Release,33-37,70,0.5927440562876994
logistic,Age_at_Release,33-37,71,0.7178649646102526
logistic,Age_at_Release,33-37,72,0.6228570613588467
logistic,Age_at_Release,33-37,73,0.3461336256290018
logistic,Age_at_Release,33-37,74,0.3939056184488674
logistic,Age_at_Release,33-37,75,0.676103949231067
logistic,Age_at_Release,33-37,76,0.5278037602346655
logistic,Age_at_Release,33-37,77,0.3260911574871076
logistic,Age_at_Release,33-37,78,0.4253409898141442
logistic,Age_at_Release,33-37,79,0.51461692599678
logistic,Age_at_Release,33-37,80,0.175912588056747
logistic,Age_at_Release,33-37,81,0.2604703194070678
logistic,Age_at_Release,33-37,82,0.5890888900128498
logistic,Age_at_Release,33-37,83,0.3925358097087192
logistic,Age_at_Release,33-37,84,0.4067234726654414
logistic,Age_at_Release,33-37,85,0.4202602677148747
logistic,Age_at_Release,33-37,86,0.5325611510509712
logistic,Age_at_Release,33-37,87,0.4815935290212598
logistic,Age_at_Release,33-37,88,0.6743861721142652
logistic,Age_at_Release,33-37,89,0.619031543183644
logistic,Age_at_Release,33-37,90,0.5545233463247721
logistic,Age_at_Release,33-37,91,0.4082836133431792
logistic,Age_at_Release,33-37,92,0.3144599765286145
logistic,Age_at_Release,33-37,93,0.7908622363207937
logistic,Age_at_Release,33-37,94,0.4022931193900005
logistic,Age_at_Release,33-37,95,0.7157594956507085
logistic,Age_at_Release,33-37,96,0.4775553787282701
logistic,Age_at_Release,33-37,97,0.2113187581918977
logistic,Age_at_Release,33-37,98,0.514166786433499
logistic,Age_at_Release,33-37,99,0.2955863666196573
logistic,Age_at_Release,33-37,100,0.43440577723692
logistic,Age_at_Release,33-37,101,0.6416602662038503
logistic,Age_at_Release,33-37,102,0.4109740831748251
logistic,Age_at_Release,33-37,103,0.7248230227115081
logistic,Age_at_Release,33-37,104,0.6365766176831005
logistic,Age_at_Release,33-37,105,0.3591629444798865
logistic,Age_at_Release,33-37,106,0.8427049999676403
logistic,Age_at_Release,33-37,107,0.4261814776618592
logistic,Age_at_Release,33-37,108,0.4342195463228461
logistic,Age_at_Release,33-37,109,0.5470684346399964
logistic,Age_at_Release,33-37,110,0.1960014150504917
logistic,Age_at_Release,33-37,111,0.6604254406878973
logistic,Age_at_Release,33-37,112,0.6950270511534797
logistic,Age_at_Release,33-37,113,0.536837326347592
logistic,Age_at_Release,33-37,114,0.3281870064754078
logistic,Age_at_Release,33-37,115,0.810584973159807
logistic,Age_at_Release,33-37,116,0.872721711079438
logistic,Age_at_Release,33-37,117,0.6981726149677668
logistic,Age_at_Release,33-37,118,0.8121607123302156
logistic,Age_at_Release,33-37,119,0.4675124440452451
logistic,Age_at_Release,33-37,120,0.2729952935043973
logistic,Age_at_Release,33-37,121,0.8778710074400474
logistic,Age_at_Release,33-37,122,0.4430254187835801
logistic,Age_at_Release,33-37,123,0.4696374153698739
logistic,Age_at_Release,33-37,124,0.7212894275190648
logistic,Age_at_Release,33-37,125,0.591672422080557
logistic,Age_at_Release,33-37,126,0.4399813714029154
logistic,Age_at_Release,33-37,127,0.6358975843188729
logistic,Age_at_Release,33-37,128,0.5782657501513162
logistic,Age_at_Release,33-37,129,0.6262023526665236
logistic,Age_at_Release,33-37,130,0.4820608146460839
logistic,Age_at_Release,33-37,131,0.5173546756584059
logistic,Age_at_Release,33-37,132,0.6924803709784422
logistic,Age_at_Release,33-37,133,0.5377858222734732
logistic,Age_at_Release,33-37,134,0.773560950922386
logistic,Age_at_Release,33-37,135,0.6281005718825378
logistic,Age_at_Release,33-37,136,0.7195430028069204
logistic,Age_at_Release,33-37,137,0.5608773691328699
logistic,Age_at_Release,33-37,138,0.1482023574080929
logistic,Age_at_Release,33-37,139,0.7416565313122879
logistic,Age_at_Release,33-37,140,0.7864925912318026
logistic,Age_at_Release,33-37,141,0.1460859105687605
logistic,Age_at_Release,33-37,142,0.1935287184257137
logistic,Age_at_Release,33-37,143,0.7966068110390302
logistic,Age_at_Release,33-37,144,0.3423324968599046
logistic,Age_at_Release,33-37,145,0.7764101870125878
logistic,Age_at_Release,33-37,146,0.452678025011099
logistic,Age_at_Release,33-37,147,0.8205063661017145
logistic,Age_at_Release,33-37,148,0.4650062728386883
logistic,Age_at_Release,33-37,149,0.8778009041958039
logistic,Age_at_Release,33-37,150,0.5159454238087489
logistic,Age_at_Release,33-37,151,0.5931783455607635
logistic,Age_at_Release,33-37,152,0.6252458037994256
logistic,Age_at_Release,33-37,153,0.5480979169837739
logistic,Age_at_Release,33-37,154,0.6394283361671239
logistic,Age_at_Release,33-37,155,0.7461846829294322
logistic,Age_at_Release,33-37,156,0.7773438265532081
logistic,Age_at_Release,33-37,157,0.8122673543320469
logistic,Age_at_Release,33-37,158,0.8741060963912924
logistic,Age_at_Release,33-37,159,0.6753747313682733
logistic,Age_at_Release,33-37,160,0.4707346724899142
logistic,Age_at_Release,33-37,161,0.5916454282434995
logistic,Age_at_Release,33-37,162,0.8843246775971464
logistic,Age_at_Release,33-37,163,0.1834009394934094
logistic,Age_at_Release,33-37,164,0.6085167862444788
logistic,Age_at_Release,33-37,165,0.5401288661228538
logistic,Age_at_Release,33-37,166,0.5953724982467327
logistic,Age_at_Release,33-37,167,0.6106944217614202
logistic,Age_at_Release,33-37,168,0.5883961840646645
logistic,Age_at_Release,33-37,169,0.5559720394886083
logistic,Age_at_Release,33-37,170,0.9173453353198546
logistic,Age_at_Release,33-37,171,0.9162254287467568
logistic,Age_at_Release,33-37,172,0.6966889506555246
logistic,Age_at_Release,33-37,173,0.5534361067242306
logistic,Age_at_Release,33-37,174,0.5931304682541328
logistic,Age_at_Release,33-37,175,0.1236514135002318
logistic,Age_at_Release,33-37,176,0.5129920187026766
logistic,Age_at_Release,33-37,177,0.4685232437084506
logistic,Age_at_Release,33-37,178,0.3924125022305922
logistic,Age_at_Release,33-37,179,0.425873249575159
logistic,Age_at_Release,33-37,180,0.3678418113849751
logistic,Age_at_Release,33-37,181,0.4639621628663841
logistic,Age_at_Release,33-37,182,0.7734074935641974
logistic,Age_at_Release,33-37,183,0.7099435697518118
logistic,Age_at_Release,33-37,184,0.7715434523675649
logistic,Age_at_Release,33-37,185,0.5803363976347691
logistic,Age_at_Release,33-37,186,0.3660634137939021
logistic,Age_at_Release,33-37,187,0.7812153552002454
logistic,Age_at_Release,33-37,188,0.7186141774441999
logistic,Age_at_Release,33-37,189,0.6318444694138521
logistic,Age_at_Release,33-37,190,0.2760342912367634
logistic,Age_at_Release,33-37,191,0.8715320239091748
logistic,Age_at_Release,33-37,192,0.7491020205556042
logistic,Age_at_Release,33-37,193,0.3194771745605693
logistic,Age_at_Release,33-37,194,0.6537232404349169
logistic,Age_at_Release,33-37,195,0.6857876363463156
logistic,Age_at_Release,33-37,196,0.4232268172649952
logistic,Age_at_Release,33-37,197,0.4795349822360311
logistic,Age_at_Release,33-37,198,0.6755964035334269
logistic,Age_at_Release,33-37,199,0.5252887771468042
logistic,Age_at_Release,38-42,0,0.766340353809325
logistic,Age_at_Release,38-42,1,0.5122623890942675
logistic,Age_at_Release,38-42,2,0.7334467224243073
logistic,Age_at_Release,38-42,3,0.1748857946382396
logistic,Age_at_Release,38-42,4,0.5159024784782142
logistic,Age_at_Release,38-42,5,0.4587239335982081
logistic,Age_at_Release,38-42,6,0.4511227022827205
logistic,Age_at_Release,38-42,7,0.2569621710763873
logistic,Age_at_Release,38-42,8,0.5276107893332473
logistic,Age_at_Release,38-42,9,0.5313560438731408
logistic,Age_at_Release,38-42,10,0.3179095727850231
logistic,Age_at_Release,38-42,11,0.3052692815178349
logistic,Age_at_Release,38-42,12,0.8633596956286197
logistic,Age_at_Release,38-42,13,0.5511087882598448
logistic,Age_at_Release,38-42,14,0.8167206873797435
logistic,Age_at_Release,38-42,15,0.3898235259288183
logistic,Age_at_Release,38-42,16,0.6385719289048584
logistic,Age_at_Release,38-42,17,0.7128667010167664
logistic,Age_at_Release,38-42,18,0.5418087458750624
logistic,Age_at_Release,38-42,19,0.514377274517957
logistic,Age_at_Release,38-42,20,0.4034346260242449
logistic,Age_at_Release,38-42,21,0.3827785927586971
logistic,Age_at_Release,38-42,22,0.7294209987107334
logistic,Age_at_Release,38-42,23,0.775294301021408
logistic,Age_at_Release,38-42,24,0.7568361523025702
logistic,Age_at_Release,38-42,25,0.3554642243791412
logistic,Age_at_Release,38-42,26,0.4256101695010045
logistic,Age_at_Release,38-42,27,0.675785251255452
logistic,Age_at_Release,38-42,28,0.2551357157786638
logistic,Age_at_Release,38-42,29,0.6854860941048389
logistic,Age_at_Release,38-42,30,0.3967875535819725
logistic,Age_at_Release,38-42,31,0.3811581091411155
logistic,Age_at_Release,38-42,32,0.1365351205703718
logistic,Age_at_Release,38-42,33,0.5379949547716786
logistic,Age_at_Release,38-42,34,0.3500401445164188
logistic,Age_at_Release,38-42,35,0.2680389638793278
logistic,Age_at_Release,38-42,36,0.7325353663318612
logistic,Age_at_Release,38-42,37,0.3346109494633728
logistic,Age_at_Release,38-42,38,0.2768608296509216
logistic,Age_at_Release,38-42,39,0.6952429665759878
logistic,Age_at_Release,38-42,40,0.1891713229482706
logistic,Age_at_Release,38-42,41,0.5535210301338258
logistic,Age_at_Release,38-42,42,0.7233111243231843
logistic,Age_at_Release,38-42,43,0.5409579305551345
logistic,Age_at_Release,38-42,44,0.6261576973536865
logistic,Age_at_Release,38-42,45,0.5241095097739548
logistic,Age_at_Release,38-42,46,0.5937344723105825
logistic,Age_at_Release,38-42,47,0.4944455113534191
logistic,Age_at_Release,38-42,48,0.3856907984687969
logistic,Age_at_Release,38-42,49,0.5391817406551942
logistic,Age_at_Release,38-42,50,0.3645530921514026
logistic,Age_at_Release,38-42,51,0.428254780217602
logistic,Age_at_Release,38-42,52,0.515649723207559
logistic,Age_at_Release,38-42,53,0.3471821807921745
logistic,Age_at_Release,38-42,54,0.3574277606421575
logistic,Age_at_Release,38-42,55,0.7463727708197087
logistic,Age_at_Release,38-42,56,0.6767473515020821
logistic,Age_at_Release,38-42,57,0.5357304864495627
logistic,Age_at_Release,38-42,58,0.6578572974583364
logistic,Age_at_Release,38-42,59,0.6778933830841218
logistic,Age_at_Release,38-42,60,0.7875949438308066
logistic,Age_at_Release,38-42,61,0.7124007542709475
logistic,Age_at_Release,38-42,62,0.4498538386375543
logistic,Age_at_Release,38-42,63,0.6253786273715114
logistic,Age_at_Release,38-42,64,0.6716370232660756
logistic,Age_at_Release,38-42,65,0.4225276005085551
logistic,Age_at_Release,38-42,66,0.32624346297162
logistic,Age_at_Release,38-42,67,0.7478138890122847
logistic,Age_at_Release,38-42,68,0.3381037172831152
logistic,Age_at_Release,38-42,69,0.4945574860204813
logistic,Age_at_Release,38-42,70,0.5579609122582375
logistic,Age_at_Release,38-42,71,0.688145897469741
logistic,Age_at_Release,38-42,72,0.588861903125267
logistic,Age_at_Release,38-42,73,0.3146414564558241
logistic,Age_at_Release,38-42,74,0.3604631194327961
logistic,Age_at_Release,38-42,75,0.6441664166792274
logistic,Age_at_Release,38-42,76,0.4922255340894917
logistic,Age_at_Release,38-42,77,0.2955981350905688
logistic,Age_at_Release,38-42,78,0.3909511361279563
logistic,Age_at_Release,38-42,79,0.4790258432754816
logistic,Age_at_Release,38-42,80,0.1562077252112998
logistic,Age_at_Release,38-42,81,0.2339830255754434
logistic,Age_at_Release,38-42,82,0.5542283395410055
logistic,Age_at_Release,38-42,83,0.3591406957853626
logistic,Age_at_Release,38-42,84,0.3728622089400531
logistic,Age_at_Release,38-42,85,0.3860052711014047
logistic,Age_at_Release,38-42,86,0.496999769928983
logistic,Age_at_Release,38-42,87,0.4461868790999728
logistic,Age_at_Release,38-42,88,0.6423688545349312
logistic,Age_at_Release,38-42,89,0.5849213543477045
logistic,Age_at_Release,38-42,90,0.519124118905779
logistic,Age_at_Release,38-42,91,0.3743744248019631
logistic,Age_at_Release,38-42,92,0.2845952781247644
logistic,Age_at_Release,38-42,93,0.7663295196546119
logistic,Age_at_Release,38-42,94,0.3685715561123262
logistic,Age_at_Release,38-42,95,0.6859156816174311
logistic,Age_at_Release,38-42,96,0.4421923755215378
logistic,Age_at_Release,38-42,97,0.1885553166600463
logistic,Age_at_Release,38-42,98,0.4785761402996151
logistic,Age_at_Release,38-42,99,0.2668164871213861
logistic,Age_at_Release,38-42,100,0.3997929023561045
logistic,Age_at_Release,38-42,101,0.6082941080000376
logistic,Age_at_Release,38-42,102,0.3769838045171741
logistic,Age_at_Release,38-42,103,0.6955260255403852
logistic,Age_at_Release,38-42,104,0.6030299507483307
logistic,Age_at_Release,38-42,105,0.3270783171692644
logistic,Age_at_Release,38-42,106,0.8228917706946882
logistic,Age_at_Release,38-42,107,0.3917699966945183
logistic,Age_at_Release,38-42,108,0.3996110260896229
logistic,Age_at_Release,38-42,109,0.5115985694590695
logistic,Age_at_Release,38-42,110,0.1745228524002822
logistic,Age_at_Release,38-42,111,0.6277930224687144
logistic,Age_at_Release,38-42,112,0.6640282087451532
logistic,Age_at_Release,38-42,113,0.5012966274998972
logistic,Age_at_Release,38-42,114,0.2975845424507141
logistic,Age_at_Release,38-42,115,0.7877448914439944
logistic,Age_at_Release,38-42,116,0.8560435631228732
logistic,Age_at_Release,38-42,117,0.6673404704925278
logistic,Age_at_Release,38-42,118,0.7894612851490109
logistic,Age_at_Release,38-42,119,0.4322777898663489
logistic,Age_at_Release,38-42,120,0.2456574195912688
logistic,Age_at_Release,38-42,121,0.8617607269881908
logistic,Age_at_Release,38-42,122,0.4082214459964273
logistic,Age_at_Release,38-42,123,0.4343732523076762
logistic,Age_at_Release,38-42,124,0.6917762011756974
logistic,Age_at_Release,38-42,125,0.5568661764509524
logistic,Age_at_Release,38-42,126,0.4052425454764425
logistic,Age_at_Release,38-42,127,0.6023273939683277
logistic,Age_at_Release,38-42,128,0.5431990043142592
logistic,Age_at_Release,38-42,129,0.5923113626365589
logistic,Age_at_Release,38-42,130,0.4466494093927509
logistic,Age_at_Release,38-42,131,0.481762180458118
logistic,Age_at_Release,38-42,132,0.6613487997835827
logistic,Age_at_Release,38-42,133,0.5022504228152507
logistic,Age_at_Release,38-42,134,0.7476463129347647
logistic,Age_at_Release,38-42,135,0.5942701764419405
logistic,Age_at_Release,38-42,136,0.6899243447661965
logistic,Age_at_Release,38-42,137,0.5255510524454032
logistic,Age_at_Release,38-42,138,0.1311076352669516
logistic,Age_at_Release,38-42,139,0.7134431907168127
logistic,Age_at_Release,38-42,140,0.7616018090244779
logistic,Age_at_Release,38-42,141,0.1291982862037019
logistic,Age_at_Release,38-42,142,0.1722630661653632
logistic,Age_at_Release,38-42,143,0.7725541590014953
logistic,Age_at_Release,38-42,144,0.3110216619275683
logistic,Age_at_Release,38-42,145,0.7507165473288168
logistic,Age_at_Release,38-42,146,0.4176844122639936
logistic,Age_at_Release,38-42,147,0.7985653301316229
logistic,Age_at_Release,38-42,148,0.429808040503114
logistic,Age_at_Release,38-42,149,0.861682833312084
logistic,Age_at_Release,38-42,150,0.4803533890059298
logistic,Age_at_Release,38-42,151,0.5584046599331448
logistic,Age_at_Release,38-42,152,0.5913246869414415
logistic,Age_at_Release,38-42,153,0.5126368504716734
logistic,Age_at_Release,38-42,154,0.6059819711269365
logistic,Age_at_Release,38-42,155,0.7182780122599494
logistic,Age_at_Release,38-42,156,0.7517231670988352
logistic,Age_at_Release,38-42,157,0.7895774753693882
logistic,Age_at_Release,38-42,158,0.8575797502155226
logistic,Age_at_Release,38-42,159,0.6434032190695559
logistic,Age_at_Release,38-42,160,0.4354557658176095
logistic,Age_at_Release,38-42,161,0.5568386050627293
logistic,Age_at_Release,38-42,162,0.8689386167735221
logistic,Age_at_Release,38-42,163,0.1630232036818674
logistic,Age_at_Release,38-42,164,0.57411285700664
logistic,Age_at_Release,38-42,165,0.5046076666588227
logistic,Age_at_Release,38-42,166,0.5606474485670827
logistic,Age_at_Release,38-42,167,0.576348630940813
logistic,Age_at_Release,38-42,168,0.553521406855081
logistic,Age_at_Release,38-42,169,0.5205884051996227
logistic,Age_at_Release,38-42,170,0.9058839383189876
logistic,Age_at_Release,38-42,171,0.9046248843101355
logistic,Age_at_Release,38-42,172,0.6657778001664236
logistic,Age_at_Release,38-42,173,0.5180255760059316
logistic,Age_at_Release,38-42,174,0.5583557371809867
logistic,Age_at_Release,38-42,175,0.1090261055964626
logistic,Age_at_Release,38-42,176,0.4774027836317258
logistic,Age_at_Release,38-42,177,0.4332743956293457
logistic,Age_at_Release,38-42,178,0.3590216787122581
logistic,Age_at_Release,38-42,179,0.3914696773871342
logistic,Age_at_Release,38-42,180,0.3353876451598553
logistic,Age_at_Release,38-42,181,0.4287796212118366
logistic,Age_at_Release,38-42,182,0.7474810262583268
logistic,Age_at_Release,38-42,183,0.679762320390546
logistic,Age_at_Release,38-42,184,0.7454738938291755
logistic,Age_at_Release,38-42,185,0.5453064440224953
logistic,Age_at_Release,38-42,186,0.333683330850286
logistic,Age_at_Release,38-42,187,0.7559002940655174
logistic,Age_at_Release,38-42,188,0.6889398328651065
logistic,Age_at_Release,38-42,189,0.5981367445958399
logistic,Age_at_Release,38-42,190,0.2484961120089676
logistic,Age_at_Release,38-42,191,0.854723933505891
logistic,Age_at_Release,38-42,192,0.7213963459005244
logistic,Age_at_Release,38-42,193,0.2893370920524459
logistic,Age_at_Release,38-42,194,0.6208165461728157
logistic,Age_at_Release,38-42,195,0.654316752679856
logistic,Age_at_Release,38-42,196,0.3888922210968711
logistic,Age_at_Release,38-42,197,0.4441500107915681
logistic,Age_at_Release,38-42,198,0.6436352034369386
logistic,Age_at_Release,38-42,199,0.4897042651876506
logistic,Age_at_Release,43-47,0,0.7305383515446818
logistic,Age_at_Release,43-47,1,0.4647222653563277
logistic,Age_at_Release,43-47,2,0.6946131276419284
logistic,Age_at_Release,43-47,3,0.1490852272691957
logistic,Age_at_Release,43-47,4,0.4683489257921545
logistic,Age_at_Release,43-47,5,0.4119558011518153
logistic,Age_at_Release,43-47,6,0.4045503253659314
logistic,Age_at_Release,43-47,7,0.2223155182593121
logistic,Age_at_Release,43-47,8,0.4800482093446242
logistic,Age_at_Release,43-47,9,0.4838016205089411
logistic,Age_at_Release,43-47,10,0.2781211638206269
logistic,Age_at_Release,43-47,11,0.2664449040025033
logistic,Age_at_Release,43-47,12,0.8393061120994351
logistic,Age_at_Release,43-47,13,0.5036865510526632
logistic,Age_at_Release,43-47,14,0.7864873714982321
logistic,Age_at_Release,43-47,15,0.3455949074584465
logistic,Age_at_Release,43-47,16,0.593575463421947
logistic,Age_at_Release,43-47,17,0.6723741489772752
logistic,Age_at_Release,43-47,18,0.4943055466199846
logistic,Age_at_Release,43-47,19,0.4668287368464014
logistic,Age_at_Release,43-47,20,0.3585692175172257
logistic,Age_at_Release,43-47,21,0.3389053275860474
logistic,Age_at_Release,43-47,22,0.6902485967312284
logistic,Age_at_Release,43-47,23,0.7403994955229009
logistic,Age_at_Release,43-47,24,0.7201097587375676
logistic,Age_at_Release,43-47,25,0.3131333762799695
logistic,Age_at_Release,43-47,26,0.3798488876037067
logistic,Age_at_Release,43-47,27,0.6327573144508581
logistic,Age_at_Release,43-47,28,0.2206621932794643
logistic,Age_at_Release,43-47,29,0.6430656010909225
logistic,Age_at_Release,43-47,30,0.3522249104587452
logistic,Age_at_Release,43-47,31,0.3373690580927375
logistic,Age_at_Release,43-47,32,0.115599688751394
logistic,Age_at_Release,43-47,33,0.4904682007178423
logistic,Age_at_Release,43-47,34,0.3080465148665178
logistic,Age_at_Release,43-47,35,0.2323658624396318
logistic,Age_at_Release,43-47,36,0.6936244601803924
logistic,Age_at_Release,43-47,37,0.2936320999262855
logistic,Age_at_Release,43-47,38,0.2403992430214006
logistic,Age_at_Release,43-47,39,0.6534731953969549
logistic,Age_at_Release,43-47,40,0.1616761941603911
logistic,Age_at_Release,43-47,41,0.5061252583535559
logistic,Age_at_Release,43-47,42,0.6836378211888332
logistic,Age_at_Release,43-47,43,0.493448991195684
logistic,Age_at_Release,43-47,44,0.5806306990019707
logistic,Age_at_Release,43-47,45,0.4765441536308991
logistic,Age_at_Release,43-47,46,0.5471148197424602
logistic,Age_at_Release,43-47,47,0.4470433454611965
logistic,Age_at_Release,43-47,48,0.3416685154241233
logistic,Age_at_Release,43-47,49,0.4916617164920139
logistic,Age_at_Release,43-47,50,0.3216800780461379
logistic,Age_at_Release,43-47,51,0.3823984547116704
logistic,Age_at_Release,43-47,52,0.4680969405706864
logistic,Age_at_Release,43-47,53,0.3053703276739986
logistic,Age_at_Release,43-47,54,0.3149773526862974
logistic,Age_at_Release,43-47,55,0.7086743488640662
logistic,Age_at_Release,43-47,56,0.6337779042955006
logistic,Age_at_Release,43-47,57,0.4881923934935995
logistic,Age_at_Release,43-47,58,0.6138097582670209
logistic,Age_at_Release,43-47,59,0.634994110852159
logistic,Age_at_Release,43-47,60,0.7540042314428425
logistic,Age_at_Release,43-47,61,0.6718727383513287
logistic,Age_at_Release,43-47,62,0.4033162008338448
logistic,Age_at_Release,43-47,63,0.5798204189741152
logistic,Age_at_Release,43-47,64,0.6283613131198192
logistic,Age_at_Release,43-47,65,0.3768802859313874
logistic,Age_at_Release,43-47,66,0.2858491294918479
logistic,Age_at_Release,43-47,67,0.7102465135356429
logistic,Age_at_Release,43-47,68,0.2968879746299576
logistic,Age_at_Release,43-47,69,0.4471540800547155
logistic,Age_at_Release,43-47,70,0.5106197552568668
logistic,Age_at_Release,43-47,71,0.6458988325660857
logistic,Age_at_Release,43-47,72,0.5421143181460847
logistic,Age_at_Release,43-47,73,0.2750971070388366
logistic,Age_at_Release,43-47,74,0.3178305234872594
logistic,Age_at_Release,43-47,75,0.5994295404231048
logistic,Age_at_Release,43-47,76,0.4448489239575923
logistic,Age_at_Release,43-47,77,0.2575477666835697
logistic,Age_at_Release,43-47,78,0.3466672673552917
logistic,Age_at_Release,43-47,79,0.4318392254946508
logistic,Age_at_Release,43-47,80,0.1327194696679779
logistic,Age_at_Release,43-47,81,0.201594083932127
logistic,Age_at_Release,43-47,82,0.506840755725796
logistic,Age_at_Release,43-47,83,0.3165870805389474
logistic,Age_at_Release,43-47,84,0.3295187396172526
logistic,Age_at_Release,43-47,85,0.3419670753542297
logistic,Age_at_Release,43-47,86,0.4495704871034063
logistic,Age_at_Release,43-47,87,0.3997529437867174
logistic,Age_at_Release,43-47,88,0.5975471763694902
logistic,Age_at_Release,43-47,89,0.5380771842805336
logistic,Age_at_Release,43-47,90,0.4715628771893407
logistic,Age_at_Release,43-47,91,0.3309479328842676
logistic,Age_at_Release,43-47,92,0.2474636645014594
logistic,Age_at_Release,43-47,93,0.7305264410811143
logistic,Age_at_Release,43-47,94,0.3254680073779064
logistic,Age_at_Release,43-47,95,0.6435229983326795
logistic,Age_at_Release,43-47,96,0.3958769897190641
logistic,Age_at_Release,43-47,97,0.1611319288340972
logistic,Age_at_Release,43-47,98,0.4313971392053586
logistic,Age_at_Release,43-47,99,0.2312546814595771
logistic,Age_at_Release,43-47,100,0.3550914235663035
logistic,Age_at_Release,43-47,101,0.562113003371536
logistic,Age_at_Release,43-47,102,0.33341593978786
logistic,Age_at_Release,43-47,103,0.6537757302534948
logistic,Age_at_Release,43-47,104,0.5566805257681832
logistic,Age_at_Release,43-47,105,0.2866245893189652
logistic,Age_at_Release,43-47,106,0.793418937652736
logistic,Age_at_Release,43-47,107,0.3474462875932022
logistic,Age_at_Release,43-47,108,0.3549178580496901
logistic,Age_at_Release,43-47,109,0.4640614362170927
logistic,Age_at_Release,43-47,110,0.1487661753161355
logistic,Age_at_Release,43-47,111,0.5823323352204356
logistic,Age_at_Release,43-47,112,0.6203165992133601
logistic,Age_at_Release,43-47,113,0.4538272580392372
logistic,Age_at_Release,43-47,114,0.2593726290374825
logistic,Age_at_Release,43-47,115,0.7541704908713067
logistic,Age_at_Release,43-47,116,0.8309542493775302
logistic,Age_at_Release,43-47,117,0.6238156662185965
logistic,Age_at_Release,43-47,118,0.7560743132249982
logistic,Age_at_Release,43-47,119,0.386281729748802
logistic,Age_at_Release,43-47,120,0.2120999123390844
logistic,Age_at_Release,43-47,121,0.8374786535629178
logistic,Age_at_Release,43-47,122,0.3631477509758687
logistic,Age_at_Release,43-47,123,0.388306729110458
logistic,Age_at_Release,43-47,124,0.6497706361722785
logistic,Age_at_Release,43-47,125,0.5095108417509057
logistic,Age_at_Release,43-47,126,0.36029750927377
logistic,Age_at_Release,43-47,127,0.5559563423587167
logistic,Age_at_Release,43-47,128,0.4957057849344274
logistic,Age_at_Release,43-47,129,0.5456533720142346
logistic,Age_at_Release,43-47,130,0.4002021229518398
logistic,Age_at_Release,43-47,131,0.4345308382521172
logistic,Age_at_Release,43-47,132,0.617489397879108
logistic,Age_at_Release,43-47,133,0.4547730973416019
logistic,Age_at_Release,43-47,134,0.7100636527367147
logistic,Age_at_Release,43-47,135,0.5476651638402897
logistic,Age_at_Release,43-47,136,0.6477948963753286
logistic,Age_at_Release,43-47,137,0.47798627245205
logistic,Age_at_Release,43-47,138,0.1108975355389672
logistic,Age_at_Release,43-47,139,0.6729946440887485
logistic,Age_at_Release,43-47,140,0.7253339799999645
logistic,Age_at_Release,43-47,141,0.1092455053071884
logistic,Age_at_Release,43-47,142,0.1467805941499478
logistic,Age_at_Release,43-47,143,0.7373779736442588
logistic,Age_at_Release,43-47,144,0.2717518629381175
logistic,Age_at_Release,43-47,145,0.7134158634878696
logistic,Age_at_Release,43-47,146,0.3722230673139169
logistic,Age_at_Release,43-47,147,0.7661945003483969
logistic,Age_at_Release,43-47,148,0.3838970705988436
logistic,Age_at_Release,43-47,149,0.8373896594407438
logistic,Age_at_Release,43-47,150,0.4331447250482079
logistic,Age_at_Release,43-47,151,0.5110693825650189
logistic,Age_at_Release,43-47,152,0.5446405873328034
logistic,Age_at_Release,43-47,153,0.4650951134418505
logistic,Age_at_Release,43-47,154,0.5597255718178555
logistic,Age_at_Release,43-47,155,0.6782041006479647
logistic,Age_at_Release,43-47,156,0.7145158264691541
logistic,Age_at_Release,43-47,157,0.7562032387553995
logistic,Age_at_Release,43-47,158,0.8327058471242772
logistic,Age_at_Release,43-47,159,0.5986301768337854
logistic,Age_at_Release,43-47,160,0.3893534649350363
logistic,Age_at_Release,43-47,161,0.5094829193063495
logistic,Age_at_Release,43-47,162,0.8456915939685816
logistic,Age_at_Release,43-47,163,0.1386785647796374
logistic,Age_at_Release,43-47,164,0.5270352107660652
logistic,Age_at_Release,43-47,165,0.4571121489626015
logistic,Age_at_Release,43-47,166,0.5133430604845602
logistic,Age_at_Release,43-47,167,0.5293155083223665
logistic,Age_at_Release,43-47,168,0.5061256393841514
logistic,Age_at_Release,43-47,169,0.473024973227276
logistic,Age_at_Release,43-47,170,0.8883480615312471
logistic,Age_at_Release,43-47,171,0.8868837110628367
logistic,Age_at_Release,43-47,172,0.6221642981673033
logistic,Age_at_Release,43-47,173,0.4704665129540696
logistic,Age_at_Release,43-47,174,0.5110198078319957
logistic,Age_at_Release,43-47,175,0.0918599926282355
logistic,Age_at_Release,43-47,176,0.4302440097350877
logistic,Age_at_Release,43-47,177,0.3872446247558213
logistic,Age_at_Release,43-47,178,0.3164752014894025
logistic,Age_at_Release,43-47,179,0.3471605522769986
logistic,Age_at_Release,43-47,180,0.2943557551061006
logistic,Age_at_Release,43-47,181,0.3829047340230352
logistic,Age_at_Release,43-47,182,0.7098833021151716
logistic,Age_at_Release,43-47,183,0.6369786641012082
logistic,Age_at_Release,43-47,184,0.7076941903803307
logistic,Age_at_Release,43-47,185,0.4978297743131122
logistic,Age_at_Release,43-47,186,0.292768099412226
logistic,Age_at_Release,43-47,187,0.7190850167241885
logistic,Age_at_Release,43-47,188,0.6467451103100705
logistic,Age_at_Release,43-47,189,0.5516407819117443
logistic,Age_at_Release,43-47,190,0.2146611788760561
logistic,Age_at_Release,43-47,191,0.8294504503287898
logistic,Age_at_Release,43-47,192,0.6815693593925334
logistic,Age_at_Release,43-47,193,0.2518045633289312
logistic,Age_at_Release,43-47,194,0.5750805016854418
logistic,Age_at_Release,43-47,195,0.6100835648730436
logistic,Age_at_Release,43-47,196,0.3447095734311222
logistic,Age_at_Release,43-47,197,0.3977757992043448
logistic,Age_at_Release,43-47,198,0.5988731291570861
logistic,Age_at_Release,43-47,199,0.4423589179467899
logistic,Age_at_Release,48 or older,0,0.6723406274387544
logistic,Age_at_Release,48 or older,1,0.3965380657657975
logistic,Age_at_Release,48 or older,2,0.632558946305597
logistic,Age_at_Release,48 or older,3,0.1170818782214319
logistic,Age_at_Release,48 or older,4,0.400030280450812
logistic,Age_at_Release,48 or older,5,0.3465019332134378
logistic,Age_at_Release,48 or older,6,0.3395935848994864
logistic,Age_at_Release,48 or older,7,0.177878363649598
logistic,Age_at_Release,48 or older,8,0.4113433787402102
logistic,Age_at_Release,48 or older,9,0.4149883463971377
logistic,Age_at_Release,48 or older,10,0.2257676626917704
logistic,Age_at_Release,48 or older,11,0.2156327937152436
logistic,Age_at_Release,48 or older,12,0.7981076940698821
logistic,Age_at_Release,48 or older,13,0.4344252304634394
logistic,Age_at_Release,48 or older,14,0.736006711360816
logistic,Age_at_Release,48 or older,15,0.2855645822111181
logistic,Age_at_Release,48 or older,16,0.5250293011675997
logistic,Age_at_Release,48 or older,17,0.6083489937524656
logistic,Age_at_Release,48 or older,18,0.4252289819756674
logistic,Age_at_Release,48 or older,19,0.3985656015071683
logistic,Age_at_Release,48 or older,20,0.2973091165323053
logistic,Age_at_Release,48 or older,21,0.2795406276204674
logistic,Age_at_Release,48 or older,22,0.6277827874947449
logistic,Age_at_Release,48 or older,23,0.6834085788738627
logistic,Age_at_Release,48 or older,24,0.6607057784170489
logistic,Age_at_Release,48 or older,25,0.2565312896126952
logistic,Age_at_Release,48 or older,26,0.3167485301739032
logistic,Age_at_Release,48 or older,27,0.565987567523079
logistic,Age_at_Release,48 or older,28,0.1764805164268158
logistic,Age_at_Release,48 or older,29,0.5769168960665684
logistic,Age_at_Release,48 or older,30,0.2915560329922861
logistic,Age_at_Release,48 or older,31,0.2781602336977575
logistic,Age_at_Release,48 or older,32,0.0900240211641051
logistic,Age_at_Release,48 or older,33,0.4214809377893684
logistic,Age_at_Release,48 or older,34,0.2520265450072149
logistic,Age_at_Release,48 or older,35,0.186401319466827
logistic,Age_at_Release,48 or older,36,0.6314759674387623
logistic,Age_at_Release,48 or older,37,0.2393268248269228
logistic,Age_at_Release,48 or older,38,0.1932456492448352
logistic,Age_at_Release,48 or older,39,0.5880175911348918
logistic,Age_at_Release,48 or older,40,0.127374599262498
logistic,Age_at_Release,48 or older,41,0.4368237424088128
logistic,Age_at_Release,48 or older,42,0.6205716884833693
logistic,Age_at_Release,48 or older,43,0.424391671109085
logistic,Age_at_Release,48 or older,44,0.5116973347376897
logistic,Age_at_Release,48 or older,45,0.4079473533240449
logistic,Age_at_Release,48 or older,46,0.4776286793138907
logistic,Age_at_Release,48 or older,47,0.3796134660927604
logistic,Age_at_Release,48 or older,48,0.2820262827315926
logistic,Age_at_Release,48 or older,49,0.4226458273047302
logistic,Age_at_Release,48 or older,50,0.2641271632830352
logistic,Age_at_Release,48 or older,51,0.3190924888349032
logistic,Age_at_Release,48 or older,52,0.3997874120461042
logistic,Age_at_Release,48 or older,53,0.2496614401039961
logistic,Age_at_Release,48 or older,54,0.2581672298263024
logistic,Age_at_Release,48 or older,55,0.6480295934367561
logistic,Age_at_Release,48 or older,56,0.5670667561303624
logistic,Age_at_Release,48 or older,57,0.4192618413265266
logistic,Age_at_Release,48 or older,58,0.546066439925576
logistic,Age_at_Release,48 or older,59,0.568353620171134
logistic,Age_at_Release,48 or older,60,0.6987849367316472
logistic,Age_at_Release,48 or older,61,0.6078067517960967
logistic,Age_at_Release,48 or older,62,0.3384449880362638
logistic,Age_at_Release,48 or older,63,0.5108660665810127
logistic,Age_at_Release,48 or older,64,0.5613463884522446
logistic,Age_at_Release,48 or older,65,0.3140233607234298
logistic,Age_at_Release,48 or older,66,0.2325094638917114
logistic,Age_at_Release,48 or older,67,0.6497672909986727
logistic,Age_at_Release,48 or older,68,0.2421870027842921
logistic,Age_at_Release,48 or older,69,0.3797189678475448
logistic,Age_at_Release,48 or older,70,0.4412526675348242
logistic,Age_at_Release,48 or older,71,0.5799322067326582
logistic,Age_at_Release,48 or older,72,0.4726005306119437
logistic,Age_at_Release,48 or older,73,0.2231368961912674
logistic,Age_at_Release,48 or older,74,0.2607016406598724
logistic,Age_at_Release,48 or older,75,0.5310907426926179
logistic,Age_at_Release,48 or older,76,0.3775240573321449
logistic,Age_at_Release,48 or older,77,0.2079513826447878
logistic,Age_at_Release,48 or older,78,0.2865322304569584
logistic,Age_at_Release,48 or older,79,0.3651880921249919
logistic,Age_at_Release,48 or older,80,0.1038007129674491
logistic,Age_at_Release,48 or older,81,0.1604442876367182
logistic,Age_at_Release,48 or older,82,0.4375280622913619
logistic,Age_at_Release,48 or older,83,0.259596648450105
logistic,Age_at_Release,48 or older,84,0.2711239374989591
logistic,Age_at_Release,48 or older,85,0.2822950735602608
logistic,Age_at_Release,48 or older,86,0.3820227740673946
logistic,Age_at_Release,48 or older,87,0.335132957448808
logistic,Age_at_Release,48 or older,88,0.5291394990901239
logistic,Age_at_Release,48 or older,89,0.4685513385109276
logistic,Age_at_Release,48 or older,90,0.4031308995658702
logistic,Age_at_Release,48 or older,91,0.2724027587179193
logistic,Age_at_Release,48 or older,92,0.1992879470047017
logistic,Age_at_Release,48 or older,93,0.6723272983916257
logistic,Age_at_Release,48 or older,94,0.267504645659589
logistic,Age_at_Release,48 or older,95,0.5774033548500553
logistic,Age_at_Release,48 or older,96,0.3315374866159857
logistic,Age_at_Release,48 or older,97,0.1269283231352549
logistic,Age_at_Release,48 or older,98,0.3647704317921053
logistic,Age_at_Release,48 or older,99,0.1854568387966052
logistic,Age_at_Release,48 or older,100,0.294153011232956
logistic,Age_at_Release,48 or older,101,0.4927947228655571
logistic,Age_at_Release,48 or older,102,0.2746133722278336
logistic,Age_at_Release,48 or older,103,0.5883412725609819
logistic,Age_at_Release,48 or older,104,0.4872866692250912
logistic,Age_at_Release,48 or older,105,0.2331874708165535
logistic,Age_at_Release,48 or older,106,0.7440437602160211
logistic,Age_at_Release,48 or older,107,0.2872355281013493
logistic,Age_at_Release,48 or older,108,0.2939956532005587
logistic,Age_at_Release,48 or older,109,0.395902482240648
logistic,Age_at_Release,48 or older,110,0.1168219126180813
logistic,Age_at_Release,48 or older,111,0.5134442892695459
logistic,Age_at_Release,48 or older,112,0.5528832503686387
logistic,Age_at_Release,48 or older,113,0.3860885873126347
logistic,Age_at_Release,48 or older,114,0.209524000008968
logistic,Age_at_Release,48 or older,115,0.6989736170416125
logistic,Age_at_Release,48 or older,116,0.7881550537602717
logistic,Age_at_Release,48 or older,117,0.5565595163325614
logistic,Age_at_Release,48 or older,118,0.7011355113013447
logistic,Age_at_Release,48 or older,119,0.322668761778279
logistic,Age_at_Release,48 or older,120,0.1692602679724953
logistic,Age_at_Release,48 or older,121,0.7959256340713311
logistic,Age_at_Release,48 or older,122,0.3014730720456514
logistic,Age_at_Release,48 or older,123,0.3245366279057238
logistic,Age_at_Release,48 or older,124,0.5840608117232665
logistic,Age_at_Release,48 or older,125,0.4401589056991799
logistic,Age_at_Release,48 or older,126,0.2988797207832521
logistic,Age_at_Release,48 or older,127,0.4865536819326408
logistic,Age_at_Release,48 or older,128,0.4265986145666347
logistic,Age_at_Release,48 or older,129,0.4761576935668387
logistic,Age_at_Release,48 or older,130,0.3355501171781276
logistic,Age_at_Release,48 or older,131,0.3677331553797432
logistic,Age_at_Release,48 or older,132,0.5499182503970533
logistic,Age_at_Release,48 or older,133,0.3869932812938839
logistic,Age_at_Release,48 or older,134,0.6495650943081902
logistic,Age_at_Release,48 or older,135,0.4781829277529609
logistic,Age_at_Release,48 or older,136,0.5819528761678382
logistic,Age_at_Release,48 or older,137,0.4093442187047095
logistic,Age_at_Release,48 or older,138,0.0862607197822345
logistic,Age_at_Release,48 or older,139,0.6090202364352495
logistic,Age_at_Release,48 or older,140,0.6665253216507653
logistic,Age_at_Release,48 or older,141,0.0849406392728902
logistic,Age_at_Release,48 or older,142,0.1152049882721636
logistic,Age_at_Release,48 or older,143,0.6800104115836311
logistic,Age_at_Release,48 or older,144,0.2202315394837553
logistic,Age_at_Release,48 or older,145,0.6532752269561335
logistic,Age_at_Release,48 or older,146,0.3097567603267274
logistic,Age_at_Release,48 or older,147,0.7126688235850759
logistic,Age_at_Release,48 or older,148,0.3204717453075961
logistic,Age_at_Release,48 or older,149,0.7958194336317636
logistic,Age_at_Release,48 or older,150,0.3664220465267805
logistic,Age_at_Release,48 or older,151,0.4416963432410289
logistic,Age_at_Release,48 or older,152,0.4751390058562332
logistic,Age_at_Release,48 or older,153,0.396896771573859
logistic,Age_at_Release,48 or older,154,0.4903720032110239
logistic,Age_at_Release,48 or older,155,0.6146653168330006
logistic,Age_at_Release,48 or older,156,0.6544942299278951
logistic,Age_at_Release,48 or older,157,0.7012820019375943
logistic,Age_at_Release,48 or older,158,0.7902381753471924
logistic,Age_at_Release,48 or older,159,0.53026187340747
logistic,Age_at_Release,48 or older,160,0.3255029369772106
logistic,Age_at_Release,48 or older,161,0.4401313734622942
logistic,Age_at_Release,48 or older,162,0.8057513852629252
logistic,Age_at_Release,48 or older,163,0.1086239844235388
logistic,Age_at_Release,48 or older,164,0.457522954948512
logistic,Age_at_Release,48 or older,165,0.3892325911814628
logistic,Age_at_Release,48 or older,166,0.4439416224344167
logistic,Age_at_Release,48 or older,167,0.4597948778422686
logistic,Age_at_Release,48 or older,168,0.4368241174125891
logistic,Age_at_Release,48 or older,169,0.4045432503225467
logistic,Age_at_Release,48 or older,170,0.8575895420223141
logistic,Age_at_Release,48 or older,171,0.8557872722838378
logistic,Age_at_Release,48 or older,172,0.5548236017434
logistic,Age_at_Release,48 or older,173,0.402072581089318
logistic,Age_at_Release,48 or older,174,0.4416474192829922
logistic,Age_at_Release,48 or older,175,0.0711142447867421
logistic,Age_at_Release,48 or older,176,0.363681486410907
logistic,Age_at_Release,48 or older,177,0.323556686133387
logistic,Age_at_Release,48 or older,178,0.259497262028419
logistic,Age_at_Release,48 or older,179,0.2869775331376867
logistic,Age_at_Release,48 or older,180,0.239962110355716
logistic,Age_at_Release,48 or older,181,0.3195583208430555
logistic,Age_at_Release,48 or older,182,0.649365694507837
logistic,Age_at_Release,48 or older,183,0.5704554028063298
logistic,Age_at_Release,48 or older,184,0.6469470462611443
logistic,Age_at_Release,48 or older,185,0.428678204122102
logistic,Age_at_Release,48 or older,186,0.2385686475533866
logistic,Age_at_Release,48 or older,187,0.6595663645266607
logistic,Age_at_Release,48 or older,188,0.5808338270583044
logistic,Age_at_Release,48 or older,189,0.4821918385608625
logistic,Age_at_Release,48 or older,190,0.1714167626344302
logistic,Age_at_Release,48 or older,191,0.786368404664053
logistic,Age_at_Release,48 or older,192,0.618321096922679
logistic,Age_at_Release,48 or older,193,0.2030117450845155
logistic,Age_at_Release,48 or older,194,0.5060110029080246
logistic,Age_at_Release,48 or older,195,0.542174143884299
logistic,Age_at_Release,48 or older,196,0.2847661125412246
logistic,Age_at_Release,48 or older,197,0.3332979514719046
logistic,Age_at_Release,48 or older,198,0.5305137535736034
logistic,Age_at_Release,48 or older,199,0.3751562347267155
logistic,Gang_Affiliated,No,0,0.7662641180507281
logistic,Gang_Affiliated,No,1,0.6170639351297297
logistic,Gang_Affiliated,No,2,0.7334467224243073
logistic,Gang_Affiliated,No,3,0.1963983973538474
logistic,Gang_Affiliated,No,4,0.400030280450812
logistic,Gang_Affiliated,No,5,0.3465019332134378
logistic,Gang_Affiliated,No,6,0.6590501405944248
logistic,Gang_Affiliated,No,7,0.2850826465725636
logistic,Gang_Affiliated,No,8,0.4113433787402102
logistic,Gang_Affiliated,No,9,0.7272646883653422
logistic,Gang_Affiliated,No,10,0.5229350131429139
logistic,Gang_Affiliated,No,11,0.3052692815178349
logistic,Gang_Affiliated,No,12,0.7981076940698821
logistic,Gang_Affiliated,No,13,0.6590241994175416
logistic,Gang_Affiliated,No,14,0.6544505875997321
logistic,Gang_Affiliated,No,15,0.3898235259288183
logistic,Gang_Affiliated,No,16,0.8060227384769514
logistic,Gang_Affiliated,No,17,0.6083489937524656
logistic,Gang_Affiliated,No,18,0.6505422268518647
logistic,Gang_Affiliated,No,19,0.6251163410784664
logistic,Gang_Affiliated,No,20,0.4381326388248804
logistic,Gang_Affiliated,No,21,0.6912350403739328
logistic,Gang_Affiliated,No,22,0.6433327025317713
logistic,Gang_Affiliated,No,23,0.7752201297624599
logistic,Gang_Affiliated,No,24,0.7567577998789228
logistic,Gang_Affiliated,No,25,0.2565312896126952
logistic,Gang_Affiliated,No,26,0.7278786346091084
logistic,Gang_Affiliated,No,27,0.7061793108286525
logistic,Gang_Affiliated,No,28,0.2206621932794643
logistic,Gang_Affiliated,No,29,0.5769168960665684
logistic,Gang_Affiliated,No,30,0.4313272178137745
logistic,Gang_Affiliated,No,31,0.2781602336977575
logistic,Gang_Affiliated,No,32,0.1365351205703718
logistic,Gang_Affiliated,No,33,0.5731472670264767
logistic,Gang_Affiliated,No,34,0.3830948923598464
logistic,Gang_Affiliated,No,35,0.4627205133926739
logistic,Gang_Affiliated,No,36,0.7325353663318612
logistic,Gang_Affiliated,No,37,0.4418625718718523
logistic,Gang_Affiliated,No,38,0.3062613511693605
logistic,Gang_Affiliated,No,39,0.6534731953969549
logistic,Gang_Affiliated,No,40,0.1891713229482706
logistic,Gang_Affiliated,No,41,0.8173623073366328
logistic,Gang_Affiliated,No,42,0.7508921370432813
logistic,Gang_Affiliated,No,43,0.649762801435232
logistic,Gang_Affiliated,No,44,0.7250328406994895
logistic,Gang_Affiliated,No,45,0.7214594696250352
logistic,Gang_Affiliated,No,46,0.6275815430644417
logistic,Gang_Affiliated,No,47,0.5300167087760572
logistic,Gang_Affiliated,No,48,0.2820262827315926
logistic,Gang_Affiliated,No,49,0.4226458273047302
logistic,Gang_Affiliated,No,50,0.4745571798784382
logistic,Gang_Affiliated,No,51,0.4634291954314488
logistic,Gang_Affiliated,No,52,0.3997874120461042
logistic,Gang_Affiliated,No,53,0.4557035998821356
logistic,Gang_Affiliated,No,54,0.4668614293407425
logistic,Gang_Affiliated,No,55,0.8224677030536844
logistic,Gang_Affiliated,No,56,0.6766542181129018
logistic,Gang_Affiliated,No,57,0.6449611967156872
logistic,Gang_Affiliated,No,58,0.546066439925576
logistic,Gang_Affiliated,No,59,0.634994110852159
logistic,Gang_Affiliated,No,60,0.7875949438308066
logistic,Gang_Affiliated,No,61,0.712313526363066
logistic,Gang_Affiliated,No,62,0.4033162008338448
logistic,Gang_Affiliated,No,63,0.6581074443553568
logistic,Gang_Affiliated,No,64,0.827897361675081
logistic,Gang_Affiliated,No,65,0.5352890322011897
logistic,Gang_Affiliated,No,66,0.3582897995133666
logistic,Gang_Affiliated,No,67,0.7737165267196139
logistic,Gang_Affiliated,No,68,0.5457327162293828
logistic,Gang_Affiliated,No,69,0.6063573955412633
logistic,Gang_Affiliated,No,70,0.4412526675348242
logistic,Gang_Affiliated,No,71,0.7719774165079574
logistic,Gang_Affiliated,No,72,0.7710875442677046
logistic,Gang_Affiliated,No,73,0.5191634510419932
logistic,Gang_Affiliated,No,74,0.2607016406598724
logistic,Gang_Affiliated,No,75,0.6440688333253899
logistic,Gang_Affiliated,No,76,0.5278037602346655
logistic,Gang_Affiliated,No,77,0.4967129454470285
logistic,Gang_Affiliated,No,78,0.5026202678058019
logistic,Gang_Affiliated,No,79,0.3808895531491779
logistic,Gang_Affiliated,No,80,0.3033237881549568
logistic,Gang_Affiliated,No,81,0.5244093021248287
logistic,Gang_Affiliated,No,82,0.4375280622913619
logistic,Gang_Affiliated,No,83,0.4687162608485503
logistic,Gang_Affiliated,No,84,0.4067234726654414
logistic,Gang_Affiliated,No,85,0.5965389100173606
logistic,Gang_Affiliated,No,86,0.6991384653307201
logistic,Gang_Affiliated,No,87,0.6545523170797141
logistic,Gang_Affiliated,No,88,0.5291394990901239
logistic,Gang_Affiliated,No,89,0.7682060440694873
logistic,Gang_Affiliated,No,90,0.7174268523480352
logistic,Gang_Affiliated,No,91,0.4786503811431236
logistic,Gang_Affiliated,No,92,0.5894979472785371
logistic,Gang_Affiliated,No,93,0.7663295196546119
logistic,Gang_Affiliated,No,94,0.5785563786585693
logistic,Gang_Affiliated,No,95,0.7157594956507085
logistic,Gang_Affiliated,No,96,0.4775553787282701
logistic,Gang_Affiliated,No,97,0.2678363861566193
logistic,Gang_Affiliated,No,98,0.4784699115536353
logistic,Gang_Affiliated,No,99,0.3642331244202147
logistic,Gang_Affiliated,No,100,0.3996907562646544
logistic,Gang_Affiliated,No,101,0.562113003371536
logistic,Gang_Affiliated,No,102,0.587303544504451
logistic,Gang_Affiliated,No,103,0.8430742876118233
logistic,Gang_Affiliated,No,104,0.7051415427345192
logistic,Gang_Affiliated,No,105,0.3591629444798865
logistic,Gang_Affiliated,No,106,0.756619666328016
logistic,Gang_Affiliated,No,107,0.2872355281013493
logistic,Gang_Affiliated,No,108,0.5116756250063793
logistic,Gang_Affiliated,No,109,0.6225062578265894
logistic,Gang_Affiliated,No,110,0.2497195090753698
logistic,Gang_Affiliated,No,111,0.5134442892695459
logistic,Gang_Affiliated,No,112,0.6203165992133601
logistic,Gang_Affiliated,No,113,0.3860885873126347
logistic,Gang_Affiliated,No,114,0.209524000008968
logistic,Gang_Affiliated,No,115,0.7876737043898994
logistic,Gang_Affiliated,No,116,0.8309542493775302
logistic,Gang_Affiliated,No,117,0.7595068840037823
logistic,Gang_Affiliated,No,118,0.7894612851490109
logistic,Gang_Affiliated,No,119,0.6416737051422275
logistic,Gang_Affiliated,No,120,0.2456574195912688
logistic,Gang_Affiliated,No,121,0.8617100058373175
logistic,Gang_Affiliated,No,122,0.5206069139770061
logistic,Gang_Affiliated,No,123,0.547299859299872
logistic,Gang_Affiliated,No,124,0.7212894275190648
logistic,Gang_Affiliated,No,125,0.4401589056991799
logistic,Gang_Affiliated,No,126,0.5175251105323693
logistic,Gang_Affiliated,No,127,0.6022254218873867
logistic,Gang_Affiliated,No,128,0.6518145826029211
logistic,Gang_Affiliated,No,129,0.6262023526665236
logistic,Gang_Affiliated,No,130,0.3355501171781276
logistic,Gang_Affiliated,No,131,0.4345308382521172
logistic,Gang_Affiliated,No,132,0.5664747254954976
logistic,Gang_Affiliated,No,133,0.5021439997656866
logistic,Gang_Affiliated,No,134,0.6495650943081902
logistic,Gang_Affiliated,No,135,0.7750145928935235
logistic,Gang_Affiliated,No,136,0.7195430028069204
logistic,Gang_Affiliated,No,137,0.7226195917150993
logistic,Gang_Affiliated,No,138,0.1108975355389672
logistic,Gang_Affiliated,No,139,0.6090202364352495
logistic,Gang_Affiliated,No,140,0.6665253216507653
logistic,Gang_Affiliated,No,141,0.1291982862037019
logistic,Gang_Affiliated,No,142,0.3286112489494968
logistic,Gang_Affiliated,No,143,0.7373779736442588
logistic,Gang_Affiliated,No,144,0.3110216619275683
logistic,Gang_Affiliated,No,145,0.7507165473288168
logistic,Gang_Affiliated,No,146,0.3722230673139169
logistic,Gang_Affiliated,No,147,0.7262190428639295
logistic,Gang_Affiliated,No,148,0.5426865123744545
logistic,Gang_Affiliated,No,149,0.8065129787051515
logistic,Gang_Affiliated,No,150,0.769420816922997
logistic,Gang_Affiliated,No,151,0.4416963432410289
logistic,Gang_Affiliated,No,152,0.4751390058562332
logistic,Gang_Affiliated,No,153,0.7121313151261438
logistic,Gang_Affiliated,No,154,0.4903720032110239
logistic,Gang_Affiliated,No,155,0.7461846829294322
logistic,Gang_Affiliated,No,156,0.7516437077969449
logistic,Gang_Affiliated,No,157,0.7151545824960983
logistic,Gang_Affiliated,No,158,0.7468981409870028
logistic,Gang_Affiliated,No,159,0.6433055423122039
logistic,Gang_Affiliated,No,160,0.4707346724899142
logistic,Gang_Affiliated,No,161,0.8193592019406045
logistic,Gang_Affiliated,No,162,0.764662070432764
logistic,Gang_Affiliated,No,163,0.1086239844235388
logistic,Gang_Affiliated,No,164,0.7602136766233603
logistic,Gang_Affiliated,No,165,0.5045012503844318
logistic,Gang_Affiliated,No,166,0.8216344872432222
logistic,Gang_Affiliated,No,167,0.576348630940813
logistic,Gang_Affiliated,No,168,0.7446175884757856
logistic,Gang_Affiliated,No,169,0.5204821596118309
logistic,Gang_Affiliated,No,170,0.8035698219178314
logistic,Gang_Affiliated,No,171,0.8638773297805595
logistic,Gang_Affiliated,No,172,0.5713402880463064
logistic,Gang_Affiliated,No,173,0.402072581089318
logistic,Gang_Affiliated,No,174,0.4416474192829922
logistic,Gang_Affiliated,No,175,0.0711142447867421
logistic,Gang_Affiliated,No,176,0.6823839590740847
logistic,Gang_Affiliated,No,177,0.3872446247558213
logistic,Gang_Affiliated,No,178,0.3924125022305922
logistic,Gang_Affiliated,No,179,0.3913682712219158
logistic,Gang_Affiliated,No,180,0.5427163182858104
logistic,Gang_Affiliated,No,181,0.5352447511134365
logistic,Gang_Affiliated,No,182,0.7474006655015356
logistic,Gang_Affiliated,No,183,0.7696749705371118
logistic,Gang_Affiliated,No,184,0.7076941903803307
logistic,Gang_Affiliated,No,185,0.8123564199193816
logistic,Gang_Affiliated,No,186,0.3660634137939021
logistic,Gang_Affiliated,No,187,0.7558217373790743
logistic,Gang_Affiliated,No,188,0.5808338270583044
logistic,Gang_Affiliated,No,189,0.5981367445958399
logistic,Gang_Affiliated,No,190,0.5441401578087967
logistic,Gang_Affiliated,No,191,0.7143319414766404
logistic,Gang_Affiliated,No,192,0.7213963459005244
logistic,Gang_Affiliated,No,193,0.2893370920524459
logistic,Gang_Affiliated,No,194,0.6208165461728157
logistic,Gang_Affiliated,No,195,0.6857876363463156
logistic,Gang_Affiliated,No,196,0.5004564960593747
logistic,Gang_Affiliated,No,197,0.3332979514719046
logistic,Gang_Affiliated,No,198,0.6435375550183943
logistic,Gang_Affiliated,No,199,0.6017131412514148
logistic,Gang_Affiliated,Yes,0,0.885234389754613
logistic,Gang_Affiliated,Yes,1,0.7912918560473711
logistic,Gang_Affiliated,Yes,2,0.8662042390594574
logistic,Gang_Affiliated,Yes,3,0.3650914842810547
logistic,Gang_Affiliated,Yes,4,0.6107073486870254
logistic,Gang_Affiliated,Yes,5,0.5550692576960022
logistic,Gang_Affiliated,Yes,6,0.8197551697791041
logistic,Gang_Affiliated,Yes,7,0.4840648026752456
logistic,Gang_Affiliated,Yes,8,0.621803622649827
logistic,Gang_Affiliated,Yes,9,0.8625240643236879
logistic,Gang_Affiliated,Yes,10,0.7205980191272686
logistic,Gang_Affiliated,Yes,11,0.508323080863947
logistic,Gang_Affiliated,Yes,12,0.9029231545652436
logistic,Gang_Affiliated,Yes,13,0.8197381114793731
logistic,Gang_Affiliated,Yes,14,0.8167206873797435
logistic,Gang_Affiliated,Yes,15,0.6005053935245588
logistic,Gang_Affiliated,Yes,16,0.907206747767936
logistic,Gang_Affiliated,Yes,17,0.7851615266244546
logistic,Gang_Affiliated,Yes,18,0.8141264226594175
logistic,Gang_Affiliated,Yes,19,0.7968865253182454
logistic,Gang_Affiliated,Yes,20,0.6472290611516087
logistic,Gang_Affiliated,Yes,21,0.8404426111587299
logistic,Gang_Affiliated,Yes,22,0.8093024505242468
logistic,Gang_Affiliated,Yes,23,0.8902845461583191
logistic,Gang_Affiliated,Yes,24,0.8798077672221907
logistic,Gang_Affiliated,Yes,25,0.4480752320422065
logistic,Gang_Affiliated,Yes,26,0.862890934657497
logistic,Gang_Affiliated,Yes,27,0.8497351032626835
logistic,Gang_Affiliated,Yes,28,0.3998269596254062
logistic,Gang_Affiliated,Yes,29,0.762376862770487
logistic,Gang_Affiliated,Yes,30,0.6408803714623372
logistic,Gang_Affiliated,Yes,31,0.4755244727917777
logistic,Gang_Affiliated,Yes,32,0.2711598545530349
logistic,Gang_Affiliated,Yes,33,0.7595710168605451
logistic,Gang_Affiliated,Yes,34,0.5936784352045286
logistic,Gang_Affiliated,Yes,35,0.6695676478640621
logistic,Gang_Affiliated,Yes,36,0.8656636502980516
logistic,Gang_Affiliated,Yes,37,0.6506776283370673
logistic,Gang_Affiliated,Yes,38,0.5094910998205139
logistic,Gang_Affiliated,Yes,39,0.8160732861169513
logistic,Gang_Affiliated,Yes,40,0.3543944235274653
logistic,Gang_Affiliated,Yes,41,0.9132677666685066
logistic,Gang_Affiliated,Yes,42,0.8764248474311259
logistic,Gang_Affiliated,Yes,43,0.8136073149053614
logistic,Gang_Affiliated,Yes,44,0.8611878071307317
logistic,Gang_Affiliated,Yes,45,0.8590398467004438
logistic,Gang_Affiliated,Yes,46,0.798586123788733
logistic,Gang_Affiliated,Yes,47,0.7262813709044228
logistic,Gang_Affiliated,Yes,48,0.480308375726468
logistic,Gang_Affiliated,Yes,49,0.6326736600615076
logistic,Gang_Affiliated,Yes,50,0.6799987763778673
logistic,Gang_Affiliated,Yes,51,0.6701979567611813
logistic,Gang_Affiliated,Yes,52,0.6104667181336219
logistic,Gang_Affiliated,Yes,53,0.6632863838422418
logistic,Gang_Affiliated,Yes,54,0.6732401387204197
logistic,Gang_Affiliated,Yes,55,0.915967873302333
logistic,Gang_Affiliated,Yes,56,0.8311870468796102
logistic,Gang_Affiliated,Yes,57,0.8103964874900935
logistic,Gang_Affiliated,Yes,58,0.7389301201455408
logistic,Gang_Affiliated,Yes,59,0.8036598783997474
logistic,Gang_Affiliated,Yes,60,0.8971650221547963
logistic,Gang_Affiliated,Yes,61,0.8534940267892895
logistic,Gang_Affiliated,Yes,62,0.6139529361941617
logistic,Gang_Affiliated,Yes,63,0.8191348684873495
logistic,Gang_Affiliated,Yes,64,0.9188201688829069
logistic,Gang_Affiliated,Yes,65,0.7304716116858989
logistic,Gang_Affiliated,Yes,66,0.5677877275699894
logistic,Gang_Affiliated,Yes,67,0.8894408641481216
logistic,Gang_Affiliated,Yes,68,0.7386703302905916
logistic,Gang_Affiliated,Yes,69,0.7837494342753526
logistic,Gang_Affiliated,Yes,70,0.6501152223101685
logistic,Gang_Affiliated,Yes,71,0.8884629434740685
logistic,Gang_Affiliated,Yes,72,0.8879616875521736
logistic,Gang_Affiliated,Yes,73,0.7175450790514137
logistic,Gang_Affiliated,Yes,74,0.4534602262229864
logistic,Gang_Affiliated,Yes,75,0.8097973088161142
logistic,Gang_Affiliated,Yes,76,0.724512213460108
logistic,Gang_Affiliated,Yes,77,0.6989866503603767
logistic,Gang_Affiliated,Yes,78,0.7039349179685845
logistic,Gang_Affiliated,Yes,79,0.5914230222496915
logistic,Gang_Affiliated,Yes,80,0.5060260887208712
logistic,Gang_Affiliated,Yes,81,0.7217864471764667
logistic,Gang_Affiliated,Yes,82,0.6466680315700041
logistic,Gang_Affiliated,Yes,83,0.6748769841162398
logistic,Gang_Affiliated,Yes,84,0.6172987281717391
logistic,Gang_Affiliated,Yes,85,0.7767263332968198
logistic,Gang_Affiliated,Yes,86,0.8453810943572811
logistic,Gang_Affiliated,Yes,87,0.8167880183862892
logistic,Gang_Affiliated,Yes,88,0.7255808179526044
logistic,Gang_Affiliated,Yes,89,0.886334507070911
logistic,Gang_Affiliated,Yes,90,0.8566031749762231
logistic,Gang_Affiliated,Yes,91,0.683558749459448
logistic,Gang_Affiliated,Yes,92,0.7716260712664366
logistic,Gang_Affiliated,Yes,93,0.8852714864908469
logistic,Gang_Affiliated,Yes,94,0.7635921687446422
logistic,Gang_Affiliated,Yes,95,0.8555917431132043
logistic,Gang_Affiliated,Yes,96,0.6826087415668498
logistic,Gang_Affiliated,Yes,97,0.4625695894069923
logistic,Gang_Affiliated,Yes,98,0.6834022943098454
logistic,Gang_Affiliated,Yes,99,0.5740972083239821
logistic,Gang_Affiliated,Yes,100,0.6103709244133626
logistic,Gang_Affiliated,Yes,101,0.7512644547013038
logistic,Gang_Affiliated,Yes,102,0.7700254448210063
logistic,Gang_Affiliated,Yes,103,0.926689043297493
logistic,Gang_Affiliated,Yes,104,0.8490960221490189
logistic,Gang_Affiliated,Yes,105,0.568718944102712
logistic,Gang_Affiliated,Yes,106,0.8797284061281638
logistic,Gang_Affiliated,Yes,107,0.4866973749091592
logistic,Gang_Affiliated,Yes,108,0.7114294025974649
logistic,Gang_Affiliated,Yes,109,0.7950803334810224
logistic,Gang_Affiliated,Yes,110,0.4391817938457032
logistic,Gang_Affiliated,Yes,111,0.7128805532996315
logistic,Gang_Affiliated,Yes,112,0.7935597281422438
logistic,Gang_Affiliated,Yes,113,0.5967259583871318
logistic,Gang_Affiliated,Yes,114,0.3841023916432387
logistic,Gang_Affiliated,Yes,115,0.8972084563530697
logistic,Gang_Affiliated,Yes,116,0.9204173264837724
logistic,Gang_Affiliated,Yes,117,0.8813841403647419
logistic,Gang_Affiliated,Yes,118,0.8981930524976479
logistic,Gang_Affiliated,Yes,119,0.8081852678020431
logistic,Gang_Affiliated,Yes,120,0.4338197864718263
logistic,Gang_Affiliated,Yes,121,0.936147143131932
logistic,Gang_Affiliated,Yes,122,0.7187156681943416
logistic,Gang_Affiliated,Yes,123,0.7398891155924178
logistic,Gang_Affiliated,Yes,124,0.8589373720671339
logistic,Gang_Affiliated,Yes,125,0.6491051837941755
logistic,Gang_Affiliated,Yes,126,0.7162131940317908
logistic,Gang_Affiliated,Yes,127,0.780806388797862
logistic,Gang_Affiliated,Yes,128,0.81497257864984
logistic,Gang_Affiliated,Yes,129,0.797636016877454
logistic,Gang_Affiliated,Yes,130,0.5430028237370401
logistic,Gang_Affiliated,Yes,131,0.6438781589775749
logistic,Gang_Affiliated,Yes,132,0.7545647268898468
logistic,Gang_Affiliated,Yes,133,0.7035377175910293
logistic,Gang_Affiliated,Yes,134,0.8134755466661169
logistic,Gang_Affiliated,Yes,135,0.8901693168739501
logistic,Gang_Affiliated,Yes,136,0.8578835192387297
logistic,Gang_Affiliated,Yes,137,0.8597383496251243
logistic,Gang_Affiliated,Yes,138,0.2268857277477419
logistic,Gang_Affiliated,Yes,139,0.78563651426808
logistic,Gang_Affiliated,Yes,140,0.8246444406690658
logistic,Gang_Affiliated,Yes,141,0.2587567267440251
logistic,Gang_Affiliated,Yes,142,0.535229662510525
logistic,Gang_Affiliated,Yes,143,0.8685284900936628
logistic,Gang_Affiliated,Yes,144,0.5150649808183507
logistic,Gang_Affiliated,Yes,145,0.8763231684707639
logistic,Gang_Affiliated,Yes,146,0.5824730570109049
logistic,Gang_Affiliated,Yes,147,0.8618985197098521
logistic,Gang_Affiliated,Yes,148,0.7362927362100782
logistic,Gang_Affiliated,Yes,149,0.9074706212399124
logistic,Gang_Affiliated,Yes,150,0.8870212460531746
logistic,Gang_Affiliated,Yes,151,0.6505244028996178
logistic,Gang_Affiliated,Yes,152,0.6805062701668615
logistic,Gang_Affiliated,Yes,153,0.8533828293306696
logistic,Gang_Affiliated,Yes,154,0.6936222504944354
logistic,Gang_Affiliated,Yes,155,0.8736905790677584
logistic,Gang_Affiliated,Yes,156,0.8768597898044557
logistic,Gang_Affiliated,Yes,157,0.8552242246534523
logistic,Gang_Affiliated,Yes,158,0.8741060963912924
logistic,Gang_Affiliated,Yes,159,0.8092841821938856
logistic,Gang_Affiliated,Yes,160,0.6766524830889595
logistic,Gang_Affiliated,Yes,161,0.9143259769681852
logistic,Gang_Affiliated,Yes,162,0.8843246775971464
logistic,Gang_Affiliated,Yes,163,0.2228302225312156
logistic,Gang_Affiliated,Yes,164,0.8817884935476222
logistic,Gang_Affiliated,Yes,165,0.7055006558302668
logistic,Gang_Affiliated,Yes,166,0.9155284140096256
logistic,Gang_Affiliated,Yes,167,0.761954915621148
logistic,Gang_Affiliated,Yes,168,0.8727765019332402
logistic,Gang_Affiliated,Yes,169,0.7186146034418773
logistic,Gang_Affiliated,Yes,170,0.9058839383189876
logistic,Gang_Affiliated,Yes,171,0.9372328405978424
logistic,Gang_Affiliated,Yes,172,0.7582203059262538
logistic,Gang_Affiliated,Yes,173,0.6127267793693507
logistic,Gang_Affiliated,Yes,174,0.6504792977891934
logistic,Gang_Affiliated,Yes,175,0.1526362198045156
logistic,Gang_Affiliated,Yes,176,0.8348467978282154
logistic,Gang_Affiliated,Yes,177,0.5978984466082176
logistic,Gang_Affiliated,Yes,178,0.6031105729700768
logistic,Gang_Affiliated,Yes,179,0.6020612423576321
logistic,Gang_Affiliated,Yes,180,0.7363160547781308
logistic,Gang_Affiliated,Yes,181,0.7304365631436134
logistic,Gang_Affiliated,Yes,182,0.874398526815777
logistic,Gang_Affiliated,Yes,183,0.8871647850494931
logistic,Gang_Affiliated,Yes,184,0.8506663545651335
logistic,Gang_Affiliated,Yes,185,0.9106030338443052
logistic,Gang_Affiliated,Yes,186,0.5760265918035437
logistic,Gang_Affiliated,Yes,187,0.8792696894506485
logistic,Gang_Affiliated,Yes,188,0.765275372750762
logistic,Gang_Affiliated,Yes,189,0.777876279989414
logistic,Gang_Affiliated,Yes,190,0.7374287297090693
logistic,Gang_Affiliated,Yes,191,0.854723933505891
logistic,Gang_Affiliated,Yes,192,0.8590018084335821
logistic,Gang_Affiliated,Yes,193,0.4892565653295744
logistic,Gang_Affiliated,Yes,194,0.7939073469619241
logistic,Gang_Affiliated,Yes,195,0.8370068902202333
logistic,Gang_Affiliated,Yes,196,0.7021279083840161
logistic,Gang_Affiliated,Yes,197,0.5404908946996945
logistic,Gang_Affiliated,Yes,198,0.8094402139525775
logistic,Gang_Affiliated,Yes,199,0.7804402472870002
xgboost,Age_at_Release,18-22,0,0.9229855537414552
xgboost,Age_at_Release,18-22,1,0.7825817465782166
xgboost,Age_at_Release,18-22,2,0.8744375705718994
xgboost,Age_at_Release,18-22,3,0.3383405208587646
xgboost,Age_at_Release,18-22,4,0.7656452059745789
xgboost,Age_at_Release,18-22,5,0.6944286227226257
xgboost,Age_at_Release,18-22,6,0.7245236039161682
xgboost,Age_at_Release,18-22,7,0.5998203158378601
xgboost,Age_at_Release,18-22,8,0.7234647274017334
xgboost,Age_at_Release,18-22,9,0.7848575711250305
xgboost,Age_at_Release,18-22,10,0.6532891392707825
xgboost,Age_at_Release,18-22,11,0.6374927759170532
xgboost,Age_at_Release,18-22,12,0.9385436177253724
xgboost,Age_at_Release,18-22,13,0.8406803011894226
xgboost,Age_at_Release,18-22,14,0.9346126317977904
xgboost,Age_at_Release,18-22,15,0.6278591752052307
xgboost,Age_at_Release,18-22,16,0.857786238193512
xgboost,Age_at_Release,18-22,17,0.8605369329452515
xgboost,Age_at_Release,18-22,18,0.8206282258033752
xgboost,Age_at_Release,18-22,19,0.7882150411605835
xgboost,Age_at_Release,18-22,20,0.7426016926765442
xgboost,Age_at_Release,18-22,21,0.6488373279571533
xgboost,Age_at_Release,18-22,22,0.9026572704315186
xgboost,Age_at_Release,18-22,23,0.9171820878982544
xgboost,Age_at_Release,18-22,24,0.9196121096611024
xgboost,Age_at_Release,18-22,25,0.6803464889526367
xgboost,Age_at_Release,18-22,26,0.7114089727401733
xgboost,Age_at_Release,18-22,27,0.8787838816642761
xgboost,Age_at_Release,18-22,28,0.5427302718162537
xgboost,Age_at_Release,18-22,29,0.8377697467803955
xgboost,Age_at_Release,18-22,30,0.6889466643333435
xgboost,Age_at_Release,18-22,31,0.6484313607215881
xgboost,Age_at_Release,18-22,32,0.3038398623466491
xgboost,Age_at_Release,18-22,33,0.8228828310966492
xgboost,Age_at_Release,18-22,34,0.6510379314422607
xgboost,Age_at_Release,18-22,35,0.527682900428772
xgboost,Age_at_Release,18-22,36,0.8746985197067261
xgboost,Age_at_Release,18-22,37,0.5946766138076782
xgboost,Age_at_Release,18-22,38,0.5560524463653564
xgboost,Age_at_Release,18-22,39,0.8578696250915527
xgboost,Age_at_Release,18-22,40,0.4427871108055115
xgboost,Age_at_Release,18-22,41,0.8077037334442139
xgboost,Age_at_Release,18-22,42,0.8572050929069519
xgboost,Age_at_Release,18-22,43,0.8221872448921204
xgboost,Age_at_Release,18-22,44,0.8474456667900085
xgboost,Age_at_Release,18-22,45,0.7606959342956543
xgboost,Age_at_Release,18-22,46,0.81219881772995
xgboost,Age_at_Release,18-22,47,0.8048378229141235
xgboost,Age_at_Release,18-22,48,0.671399712562561
xgboost,Age_at_Release,18-22,49,0.7950201034545898
xgboost,Age_at_Release,18-22,50,0.6964510679244995
xgboost,Age_at_Release,18-22,51,0.6892831921577454
xgboost,Age_at_Release,18-22,52,0.7525392770767212
xgboost,Age_at_Release,18-22,53,0.6733620166778564
xgboost,Age_at_Release,18-22,54,0.6851420998573303
xgboost,Age_at_Release,18-22,55,0.8831431865692139
xgboost,Age_at_Release,18-22,56,0.8783066272735596
xgboost,Age_at_Release,18-22,57,0.7935369610786438
xgboost,Age_at_Release,18-22,58,0.8216922879219055
xgboost,Age_at_Release,18-22,59,0.8535932898521423
xgboost,Age_at_Release,18-22,60,0.9026422500610352
xgboost,Age_at_Release,18-22,61,0.8952863812446594
xgboost,Age_at_Release,18-22,62,0.7415381669998169
xgboost,Age_at_Release,18-22,63,0.8159805536270142
xgboost,Age_at_Release,18-22,64,0.845112681388855
xgboost,Age_at_Release,18-22,65,0.7544063925743103
xgboost,Age_at_Release,18-22,66,0.6293419003486633
xgboost,Age_at_Release,18-22,67,0.8608698844909668
xgboost,Age_at_Release,18-22,68,0.6408084630966187
xgboost,Age_at_Release,18-22,69,0.7609715461730957
xgboost,Age_at_Release,18-22,70,0.794846773147583
xgboost,Age_at_Release,18-22,71,0.893466055393219
xgboost,Age_at_Release,18-22,72,0.843502938747406
xgboost,Age_at_Release,18-22,73,0.6302074193954468
xgboost,Age_at_Release,18-22,74,0.7038167715072632
xgboost,Age_at_Release,18-22,75,0.8806846141815186
xgboost,Age_at_Release,18-22,76,0.7533005475997925
xgboost,Age_at_Release,18-22,77,0.6362841725349426
xgboost,Age_at_Release,18-22,78,0.7091816663742065
xgboost,Age_at_Release,18-22,79,0.7534817457199097
xgboost,Age_at_Release,18-22,80,0.4564230442047119
xgboost,Age_at_Release,18-22,81,0.5893388390541077
xgboost,Age_at_Release,18-22,82,0.8110291361808777
xgboost,Age_at_Release,18-22,83,0.6521821618080139
xgboost,Age_at_Release,18-22,84,0.6913236975669861
xgboost,Age_at_Release,18-22,85,0.6800931692123413
xgboost,Age_at_Release,18-22,86,0.8002848029136658
xgboost,Age_at_Release,18-22,87,0.7200648188591003
xgboost,Age_at_Release,18-22,88,0.8467521667480469
xgboost,Age_at_Release,18-22,89,0.8132033348083496
xgboost,Age_at_Release,18-22,90,0.8097056746482849
xgboost,Age_at_Release,18-22,91,0.6398328542709351
xgboost,Age_at_Release,18-22,92,0.6170138120651245
xgboost,Age_at_Release,18-22,93,0.8809719681739807
xgboost,Age_at_Release,18-22,94,0.7016270160675049
xgboost,Age_at_Release,18-22,95,0.8352426886558533
xgboost,Age_at_Release,18-22,96,0.737730860710144
xgboost,Age_at_Release,18-22,97,0.3934663832187652
xgboost,Age_at_Release,18-22,98,0.7800521850585938
xgboost,Age_at_Release,18-22,99,0.5776723027229309
xgboost,Age_at_Release,18-22,100,0.7328669428825378
xgboost,Age_at_Release,18-22,101,0.8242578506469727
xgboost,Age_at_Release,18-22,102,0.6947365999221802
xgboost,Age_at_Release,18-22,103,0.8781129717826843
xgboost,Age_at_Release,18-22,104,0.8343092203140259
xgboost,Age_at_Release,18-22,105,0.6486961841583252
xgboost,Age_at_Release,18-22,106,0.9163193702697754
xgboost,Age_at_Release,18-22,107,0.7170612812042236
xgboost,Age_at_Release,18-22,108,0.6818878054618835
xgboost,Age_at_Release,18-22,109,0.7847847938537598
xgboost,Age_at_Release,18-22,110,0.4093871116638183
xgboost,Age_at_Release,18-22,111,0.7882305383682251
xgboost,Age_at_Release,18-22,112,0.8236850500106812
xgboost,Age_at_Release,18-22,113,0.7694997787475586
xgboost,Age_at_Release,18-22,114,0.6021315455436707
xgboost,Age_at_Release,18-22,115,0.9142367839813232
xgboost,Age_at_Release,18-22,116,0.9354545474052428
xgboost,Age_at_Release,18-22,117,0.8319715857505798
xgboost,Age_at_Release,18-22,118,0.9016604423522948
xgboost,Age_at_Release,18-22,119,0.7412616014480591
xgboost,Age_at_Release,18-22,120,0.5196154117584229
xgboost,Age_at_Release,18-22,121,0.9455870389938354
xgboost,Age_at_Release,18-22,122,0.7238820791244507
xgboost,Age_at_Release,18-22,123,0.7297188639640808
xgboost,Age_at_Release,18-22,124,0.8772050142288208
xgboost,Age_at_Release,18-22,125,0.7829663157463074
xgboost,Age_at_Release,18-22,126,0.718073308467865
xgboost,Age_at_Release,18-22,127,0.8639354705810547
xgboost,Age_at_Release,18-22,128,0.801741898059845
xgboost,Age_at_Release,18-22,129,0.7951143383979797
xgboost,Age_at_Release,18-22,130,0.7101583480834961
xgboost,Age_at_Release,18-22,131,0.8021000027656555
xgboost,Age_at_Release,18-22,132,0.874519944190979
xgboost,Age_at_Release,18-22,133,0.7645588517189026
xgboost,Age_at_Release,18-22,134,0.8604300022125244
xgboost,Age_at_Release,18-22,135,0.8540721535682678
xgboost,Age_at_Release,18-22,136,0.8824799060821533
xgboost,Age_at_Release,18-22,137,0.7860695719718933
xgboost,Age_at_Release,18-22,138,0.3056755661964416
xgboost,Age_at_Release,18-22,139,0.8620143532752991
xgboost,Age_at_Release,18-22,140,0.8887327313423157
xgboost,Age_at_Release,18-22,141,0.2586930692195892
xgboost,Age_at_Release,18-22,142,0.3655910193920135
xgboost,Age_at_Release,18-22,143,0.8832039833068848
xgboost,Age_at_Release,18-22,144,0.6091983914375305
xgboost,Age_at_Release,18-22,145,0.8930234909057617
xgboost,Age_at_Release,18-22,146,0.693621814250946
xgboost,Age_at_Release,18-22,147,0.9248082041740416
xgboost,Age_at_Release,18-22,148,0.7319107055664062
xgboost,Age_at_Release,18-22,149,0.918310523033142
xgboost,Age_at_Release,18-22,150,0.7751732468605042
xgboost,Age_at_Release,18-22,151,0.7800944447517395
xgboost,Age_at_Release,18-22,152,0.7857245802879333
xgboost,Age_at_Release,18-22,153,0.7942782640457153
xgboost,Age_at_Release,18-22,154,0.7382644414901733
xgboost,Age_at_Release,18-22,155,0.8815227150917053
xgboost,Age_at_Release,18-22,156,0.8784330487251282
xgboost,Age_at_Release,18-22,157,0.927456259727478
xgboost,Age_at_Release,18-22,158,0.9377608299255372
xgboost,Age_at_Release,18-22,159,0.8776174187660217
xgboost,Age_at_Release,18-22,160,0.7455013394355774
xgboost,Age_at_Release,18-22,161,0.8207350373268127
xgboost,Age_at_Release,18-22,162,0.947625458240509
xgboost,Age_at_Release,18-22,163,0.3815408647060394
xgboost,Age_at_Release,18-22,164,0.7982938885688782
xgboost,Age_at_Release,18-22,165,0.8051326870918274
xgboost,Age_at_Release,18-22,166,0.8285093903541565
xgboost,Age_at_Release,18-22,167,0.7633733749389648
xgboost,Age_at_Release,18-22,168,0.8087449073791504
xgboost,Age_at_Release,18-22,169,0.8238831758499146
xgboost,Age_at_Release,18-22,170,0.9496649503707886
xgboost,Age_at_Release,18-22,171,0.9617369174957277
xgboost,Age_at_Release,18-22,172,0.8420057892799377
xgboost,Age_at_Release,18-22,173,0.7238182425498962
xgboost,Age_at_Release,18-22,174,0.7633314728736877
xgboost,Age_at_Release,18-22,175,0.2385167330503463
xgboost,Age_at_Release,18-22,176,0.7749185562133789
xgboost,Age_at_Release,18-22,177,0.7494866847991943
xgboost,Age_at_Release,18-22,178,0.695469856262207
xgboost,Age_at_Release,18-22,179,0.6998528838157654
xgboost,Age_at_Release,18-22,180,0.6731188893318176
xgboost,Age_at_Release,18-22,181,0.8192799091339111
xgboost,Age_at_Release,18-22,182,0.9009578824043274
xgboost,Age_at_Release,18-22,183,0.8720860481262207
xgboost,Age_at_Release,18-22,184,0.8805513978004456
xgboost,Age_at_Release,18-22,185,0.8047993779182434
xgboost,Age_at_Release,18-22,186,0.6650063395500183
xgboost,Age_at_Release,18-22,187,0.8897002339363098
xgboost,Age_at_Release,18-22,188,0.847863495349884
xgboost,Age_at_Release,18-22,189,0.8369939923286438
xgboost,Age_at_Release,18-22,190,0.5420173406600952
xgboost,Age_at_Release,18-22,191,0.9310026168823242
xgboost,Age_at_Release,18-22,192,0.8412538170814514
xgboost,Age_at_Release,18-22,193,0.5883898735046387
xgboost,Age_at_Release,18-22,194,0.8134661912918091
xgboost,Age_at_Release,18-22,195,0.8519680500030518
xgboost,Age_at_Release,18-22,196,0.704250693321228
xgboost,Age_at_Release,18-22,197,0.7143133282661438
xgboost,Age_at_Release,18-22,198,0.8825981020927429
xgboost,Age_at_Release,18-22,199,0.7435393929481506
xgboost,Age_at_Release,23-27,0,0.8823977112770081
xgboost,Age_at_Release,23-27,1,0.6970344185829163
xgboost,Age_at_Release,23-27,2,0.8381401896476746
xgboost,Age_at_Release,23-27,3,0.2995550334453583
xgboost,Age_at_Release,23-27,4,0.7016815543174744
xgboost,Age_at_Release,23-27,5,0.6208276152610779
xgboost,Age_at_Release,23-27,6,0.6466165781021118
xgboost,Age_at_Release,23-27,7,0.4945600032806396
xgboost,Age_at_Release,23-27,8,0.6504607200622559
xgboost,Age_at_Release,23-27,9,0.701947033405304
xgboost,Age_at_Release,23-27,10,0.5814806222915649
xgboost,Age_at_Release,23-27,11,0.5158336162567139
xgboost,Age_at_Release,23-27,12,0.920312225818634
xgboost,Age_at_Release,23-27,13,0.77288419008255
xgboost,Age_at_Release,23-27,14,0.9040361046791076
xgboost,Age_at_Release,23-27,15,0.5418838262557983
xgboost,Age_at_Release,23-27,16,0.814653754234314
xgboost,Age_at_Release,23-27,17,0.8192015886306763
xgboost,Age_at_Release,23-27,18,0.7788757085800171
xgboost,Age_at_Release,23-27,19,0.7048251628875732
xgboost,Age_at_Release,23-27,20,0.6403087377548218
xgboost,Age_at_Release,23-27,21,0.5455567240715027
xgboost,Age_at_Release,23-27,22,0.854674220085144
xgboost,Age_at_Release,23-27,23,0.8792341947555542
xgboost,Age_at_Release,23-27,24,0.8795376420021057
xgboost,Age_at_Release,23-27,25,0.5692938566207886
xgboost,Age_at_Release,23-27,26,0.6685457229614258
xgboost,Age_at_Release,23-27,27,0.8310375809669495
xgboost,Age_at_Release,23-27,28,0.4439647793769836
xgboost,Age_at_Release,23-27,29,0.7897211313247681
xgboost,Age_at_Release,23-27,30,0.5741151571273804
xgboost,Age_at_Release,23-27,31,0.5598029494285583
xgboost,Age_at_Release,23-27,32,0.2614045143127441
xgboost,Age_at_Release,23-27,33,0.7504045963287354
xgboost,Age_at_Release,23-27,34,0.5534613132476807
xgboost,Age_at_Release,23-27,35,0.4295045137405395
xgboost,Age_at_Release,23-27,36,0.839815080165863
xgboost,Age_at_Release,23-27,37,0.514016330242157
xgboost,Age_at_Release,23-27,38,0.4653655588626861
xgboost,Age_at_Release,23-27,39,0.813004195690155
xgboost,Age_at_Release,23-27,40,0.3406374752521515
xgboost,Age_at_Release,23-27,41,0.7434959411621094
xgboost,Age_at_Release,23-27,42,0.8205369710922241
xgboost,Age_at_Release,23-27,43,0.7599701285362244
xgboost,Age_at_Release,23-27,44,0.7896937727928162
xgboost,Age_at_Release,23-27,45,0.68710857629776
xgboost,Age_at_Release,23-27,46,0.745406448841095
xgboost,Age_at_Release,23-27,47,0.729059100151062
xgboost,Age_at_Release,23-27,48,0.5757696628570557
xgboost,Age_at_Release,23-27,49,0.733877956867218
xgboost,Age_at_Release,23-27,50,0.605379581451416
xgboost,Age_at_Release,23-27,51,0.6109989285469055
xgboost,Age_at_Release,23-27,52,0.6982451677322388
xgboost,Age_at_Release,23-27,53,0.574077308177948
xgboost,Age_at_Release,23-27,54,0.6145671606063843
xgboost,Age_at_Release,23-27,55,0.8416746854782104
xgboost,Age_at_Release,23-27,56,0.8215383291244507
xgboost,Age_at_Release,23-27,57,0.716354250907898
xgboost,Age_at_Release,23-27,58,0.7681124210357666
xgboost,Age_at_Release,23-27,59,0.8127949237823486
xgboost,Age_at_Release,23-27,60,0.8753297328948975
xgboost,Age_at_Release,23-27,61,0.8438402414321899
xgboost,Age_at_Release,23-27,62,0.6648223400115967
xgboost,Age_at_Release,23-27,63,0.7672961354255676
xgboost,Age_at_Release,23-27,64,0.7888662219047546
xgboost,Age_at_Release,23-27,65,0.6568599939346313
xgboost,Age_at_Release,23-27,66,0.5482315421104431
xgboost,Age_at_Release,23-27,67,0.8234177827835083
xgboost,Age_at_Release,23-27,68,0.5483934879302979
xgboost,Age_at_Release,23-27,69,0.6655014753341675
xgboost,Age_at_Release,23-27,70,0.7419698238372803
xgboost,Age_at_Release,23-27,71,0.8382984399795532
xgboost,Age_at_Release,23-27,72,0.7742015719413757
xgboost,Age_at_Release,23-27,73,0.5109197497367859
xgboost,Age_at_Release,23-27,74,0.5878124833106995
xgboost,Age_at_Release,23-27,75,0.8094247579574585
xgboost,Age_at_Release,23-27,76,0.6732758283615112
xgboost,Age_at_Release,23-27,77,0.523635983467102
xgboost,Age_at_Release,23-27,78,0.6249337196350098
xgboost,Age_at_Release,23-27,79,0.7055834531784058
xgboost,Age_at_Release,23-27,80,0.3878051936626434
xgboost,Age_at_Release,23-27,81,0.4829655885696411
xgboost,Age_at_Release,23-27,82,0.7478027939796448
xgboost,Age_at_Release,23-27,83,0.5525784492492676
xgboost,Age_at_Release,23-27,84,0.6091864705085754
xgboost,Age_at_Release,23-27,85,0.5748704075813293
xgboost,Age_at_Release,23-27,86,0.726502001285553
xgboost,Age_at_Release,23-27,87,0.630649745464325
xgboost,Age_at_Release,23-27,88,0.793646514415741
xgboost,Age_at_Release,23-27,89,0.7563268542289734
xgboost,Age_at_Release,23-27,90,0.7316122055053711
xgboost,Age_at_Release,23-27,91,0.5466826558113098
xgboost,Age_at_Release,23-27,92,0.5105747580528259
xgboost,Age_at_Release,23-27,93,0.8478681445121765
xgboost,Age_at_Release,23-27,94,0.5940843820571899
xgboost,Age_at_Release,23-27,95,0.7949820756912231
xgboost,Age_at_Release,23-27,96,0.6850432753562927
xgboost,Age_at_Release,23-27,97,0.3241308629512787
xgboost,Age_at_Release,23-27,98,0.6792279481887817
xgboost,Age_at_Release,23-27,99,0.4884635210037231
xgboost,Age_at_Release,23-27,100,0.6472604274749756
xgboost,Age_at_Release,23-27,101,0.7691900134086609
xgboost,Age_at_Release,23-27,102,0.5878207087516785
xgboost,Age_at_Release,23-27,103,0.8364099264144897
xgboost,Age_at_Release,23-27,104,0.7749454379081726
xgboost,Age_at_Release,23-27,105,0.5440391898155212
xgboost,Age_at_Release,23-27,106,0.8766421675682068
xgboost,Age_at_Release,23-27,107,0.6270009875297546
xgboost,Age_at_Release,23-27,108,0.595153272151947
xgboost,Age_at_Release,23-27,109,0.7182444334030151
xgboost,Age_at_Release,23-27,110,0.3506565392017364
xgboost,Age_at_Release,23-27,111,0.752874493598938
xgboost,Age_at_Release,23-27,112,0.7761802077293396
xgboost,Age_at_Release,23-27,113,0.6847459077835083
xgboost,Age_at_Release,23-27,114,0.4994798302650451
xgboost,Age_at_Release,23-27,115,0.8764604926109314
xgboost,Age_at_Release,23-27,116,0.9132205247879028
xgboost,Age_at_Release,23-27,117,0.7730297446250916
xgboost,Age_at_Release,23-27,118,0.8601683974266052
xgboost,Age_at_Release,23-27,119,0.6517094373703003
xgboost,Age_at_Release,23-27,120,0.4185664653778076
xgboost,Age_at_Release,23-27,121,0.919062614440918
xgboost,Age_at_Release,23-27,122,0.629723846912384
xgboost,Age_at_Release,23-27,123,0.6393803954124451
xgboost,Age_at_Release,23-27,124,0.8246665000915527
xgboost,Age_at_Release,23-27,125,0.7233750820159912
xgboost,Age_at_Release,23-27,126,0.6351335048675537
xgboost,Age_at_Release,23-27,127,0.8092085123062134
xgboost,Age_at_Release,23-27,128,0.7360002994537354
xgboost,Age_at_Release,23-27,129,0.7390111088752747
xgboost,Age_at_Release,23-27,130,0.6305760741233826
xgboost,Age_at_Release,23-27,131,0.7390331029891968
xgboost,Age_at_Release,23-27,132,0.8193749785423279
xgboost,Age_at_Release,23-27,133,0.6653820872306824
xgboost,Age_at_Release,23-27,134,0.8218370079994202
xgboost,Age_at_Release,23-27,135,0.7971586585044861
xgboost,Age_at_Release,23-27,136,0.8383266925811768
xgboost,Age_at_Release,23-27,137,0.7036710977554321
xgboost,Age_at_Release,23-27,138,0.2530704736709595
xgboost,Age_at_Release,23-27,139,0.8127996921539307
xgboost,Age_at_Release,23-27,140,0.8580052852630615
xgboost,Age_at_Release,23-27,141,0.2213909775018692
xgboost,Age_at_Release,23-27,142,0.3100495040416717
xgboost,Age_at_Release,23-27,143,0.8350870609283447
xgboost,Age_at_Release,23-27,144,0.5169709920883179
xgboost,Age_at_Release,23-27,145,0.8524922132492065
xgboost,Age_at_Release,23-27,146,0.6336685419082642
xgboost,Age_at_Release,23-27,147,0.8853954076766968
xgboost,Age_at_Release,23-27,148,0.6769665479660034
xgboost,Age_at_Release,23-27,149,0.8847029209136963
xgboost,Age_at_Release,23-27,150,0.6784627437591553
xgboost,Age_at_Release,23-27,151,0.7098872065544128
xgboost,Age_at_Release,23-27,152,0.7349632978439331
xgboost,Age_at_Release,23-27,153,0.7053813934326172
xgboost,Age_at_Release,23-27,154,0.6855741143226624
xgboost,Age_at_Release,23-27,155,0.8423996567726135
xgboost,Age_at_Release,23-27,156,0.8502169847488403
xgboost,Age_at_Release,23-27,157,0.8889278769493103
xgboost,Age_at_Release,23-27,158,0.9097065925598145
xgboost,Age_at_Release,23-27,159,0.8150308728218079
xgboost,Age_at_Release,23-27,160,0.6701356172561646
xgboost,Age_at_Release,23-27,161,0.7546424865722656
xgboost,Age_at_Release,23-27,162,0.9250816702842712
xgboost,Age_at_Release,23-27,163,0.2933390736579895
xgboost,Age_at_Release,23-27,164,0.7364635467529297
xgboost,Age_at_Release,23-27,165,0.6997301578521729
xgboost,Age_at_Release,23-27,166,0.7549272179603577
xgboost,Age_at_Release,23-27,167,0.7099047899246216
xgboost,Age_at_Release,23-27,168,0.7403233051300049
xgboost,Age_at_Release,23-27,169,0.7438327074050903
xgboost,Age_at_Release,23-27,170,0.9332298636436462
xgboost,Age_at_Release,23-27,171,0.941974639892578
xgboost,Age_at_Release,23-27,172,0.792533814907074
xgboost,Age_at_Release,23-27,173,0.6627075672149658
xgboost,Age_at_Release,23-27,174,0.701846182346344
xgboost,Age_at_Release,23-27,175,0.200442686676979
xgboost,Age_at_Release,23-27,176,0.7006991505622864
xgboost,Age_at_Release,23-27,177,0.6818781495094299
xgboost,Age_at_Release,23-27,178,0.5951539278030396
xgboost,Age_at_Release,23-27,179,0.5984384417533875
xgboost,Age_at_Release,23-27,180,0.5573776960372925
xgboost,Age_at_Release,23-27,181,0.7307707667350769
xgboost,Age_at_Release,23-27,182,0.8629477620124817
xgboost,Age_at_Release,23-27,183,0.8303657174110413
xgboost,Age_at_Release,23-27,184,0.8442502617835999
xgboost,Age_at_Release,23-27,185,0.7374085783958435
xgboost,Age_at_Release,23-27,186,0.597981333732605
xgboost,Age_at_Release,23-27,187,0.8355473279953003
xgboost,Age_at_Release,23-27,188,0.796332597732544
xgboost,Age_at_Release,23-27,189,0.7898073196411133
xgboost,Age_at_Release,23-27,190,0.4423360228538513
xgboost,Age_at_Release,23-27,191,0.906827449798584
xgboost,Age_at_Release,23-27,192,0.8095966577529907
xgboost,Age_at_Release,23-27,193,0.4799973964691162
xgboost,Age_at_Release,23-27,194,0.7616644501686096
xgboost,Age_at_Release,23-27,195,0.8013890981674194
xgboost,Age_at_Release,23-27,196,0.5826848745346069
xgboost,Age_at_Release,23-27,197,0.6400170922279358
xgboost,Age_at_Release,23-27,198,0.8240141868591309
xgboost,Age_at_Release,23-27,199,0.6744329929351807
xgboost,Age_at_Release,28-32,0,0.8317227959632874
xgboost,Age_at_Release,28-32,1,0.5925279855728149
xgboost,Age_at_Release,28-32,2,0.7999256253242493
xgboost,Age_at_Release,28-32,3,0.2359340339899063
xgboost,Age_at_Release,28-32,4,0.6272889375686646
xgboost,Age_at_Release,28-32,5,0.5478178858757019
xgboost,Age_at_Release,28-32,6,0.5474838614463806
xgboost,Age_at_Release,28-32,7,0.3826209902763366
xgboost,Age_at_Release,28-32,8,0.5881665945053101
xgboost,Age_at_Release,28-32,9,0.6205790042877197
xgboost,Age_at_Release,28-32,10,0.4750060141086578
xgboost,Age_at_Release,28-32,11,0.3914051055908203
xgboost,Age_at_Release,28-32,12,0.909338116645813
xgboost,Age_at_Release,28-32,13,0.695652186870575
xgboost,Age_at_Release,28-32,14,0.8767675161361694
xgboost,Age_at_Release,28-32,15,0.4478698670864105
xgboost,Age_at_Release,28-32,16,0.7565647959709167
xgboost,Age_at_Release,28-32,17,0.7803338766098022
xgboost,Age_at_Release,28-32,18,0.7170499563217163
xgboost,Age_at_Release,28-32,19,0.632154107093811
xgboost,Age_at_Release,28-32,20,0.5366900563240051
xgboost,Age_at_Release,28-32,21,0.44233438372612
xgboost,Age_at_Release,28-32,22,0.7947052121162415
xgboost,Age_at_Release,28-32,23,0.8431913256645203
xgboost,Age_at_Release,28-32,24,0.8385795950889587
xgboost,Age_at_Release,28-32,25,0.4693208634853363
xgboost,Age_at_Release,28-32,26,0.5951625108718872
xgboost,Age_at_Release,28-32,27,0.7840418219566345
xgboost,Age_at_Release,28-32,28,0.3347527086734772
xgboost,Age_at_Release,28-32,29,0.7591338157653809
xgboost,Age_at_Release,28-32,30,0.4712725877761841
xgboost,Age_at_Release,28-32,31,0.4682170152664184
xgboost,Age_at_Release,28-32,32,0.2051843851804733
xgboost,Age_at_Release,28-32,33,0.6711559295654297
xgboost,Age_at_Release,28-32,34,0.4338304400444031
xgboost,Age_at_Release,28-32,35,0.336353987455368
xgboost,Age_at_Release,28-32,36,0.8039709329605103
xgboost,Age_at_Release,28-32,37,0.4260082244873047
xgboost,Age_at_Release,28-32,38,0.3819416761398315
xgboost,Age_at_Release,28-32,39,0.7660280466079712
xgboost,Age_at_Release,28-32,40,0.2444911897182464
xgboost,Age_at_Release,28-32,41,0.67384272813797
xgboost,Age_at_Release,28-32,42,0.7843917012214661
xgboost,Age_at_Release,28-32,43,0.6817446351051331
xgboost,Age_at_Release,28-32,44,0.712043046951294
xgboost,Age_at_Release,28-32,45,0.5908000469207764
xgboost,Age_at_Release,28-32,46,0.6839934587478638
xgboost,Age_at_Release,28-32,47,0.6327764987945557
xgboost,Age_at_Release,28-32,48,0.4721646904945373
xgboost,Age_at_Release,28-32,49,0.6527343988418579
xgboost,Age_at_Release,28-32,50,0.4916465282440185
xgboost,Age_at_Release,28-32,51,0.5225334167480469
xgboost,Age_at_Release,28-32,52,0.636730968952179
xgboost,Age_at_Release,28-32,53,0.4822209775447845
xgboost,Age_at_Release,28-32,54,0.5246362686157227
xgboost,Age_at_Release,28-32,55,0.8029791116714478
xgboost,Age_at_Release,28-32,56,0.7524123787879944
xgboost,Age_at_Release,28-32,57,0.6435800790786743
xgboost,Age_at_Release,28-32,58,0.7111812829971313
xgboost,Age_at_Release,28-32,59,0.7706050872802734
xgboost,Age_at_Release,28-32,60,0.8531179428100586
xgboost,Age_at_Release,28-32,61,0.7797656655311584
xgboost,Age_at_Release,28-32,62,0.5681285262107849
xgboost,Age_at_Release,28-32,63,0.6957650780677795
xgboost,Age_at_Release,28-32,64,0.7440223693847656
xgboost,Age_at_Release,28-32,65,0.5447928309440613
xgboost,Age_at_Release,28-32,66,0.4589606821537018
xgboost,Age_at_Release,28-32,67,0.7889174222946167
xgboost,Age_at_Release,28-32,68,0.453920841217041
xgboost,Age_at_Release,28-32,69,0.5577625632286072
xgboost,Age_at_Release,28-32,70,0.6731753349304199
xgboost,Age_at_Release,28-32,71,0.774666428565979
xgboost,Age_at_Release,28-32,72,0.7083035111427307
xgboost,Age_at_Release,28-32,73,0.4019753932952881
xgboost,Age_at_Release,28-32,74,0.4741614460945129
xgboost,Age_at_Release,28-32,75,0.7301580905914307
xgboost,Age_at_Release,28-32,76,0.5863232612609863
xgboost,Age_at_Release,28-32,77,0.4103370010852813
xgboost,Age_at_Release,28-32,78,0.5145760774612427
xgboost,Age_at_Release,28-32,79,0.6293428540229797
xgboost,Age_at_Release,28-32,80,0.2920932173728943
xgboost,Age_at_Release,28-32,81,0.3674756586551666
xgboost,Age_at_Release,28-32,82,0.680007815361023
xgboost,Age_at_Release,28-32,83,0.4449503123760223
xgboost,Age_at_Release,28-32,84,0.5258549451828003
xgboost,Age_at_Release,28-32,85,0.451911449432373
xgboost,Age_at_Release,28-32,86,0.6301981806755066
xgboost,Age_at_Release,28-32,87,0.5243778228759766
xgboost,Age_at_Release,28-32,88,0.7507295608520508
xgboost,Age_at_Release,28-32,89,0.6725764870643616
xgboost,Age_at_Release,28-32,90,0.6289128661155701
xgboost,Age_at_Release,28-32,91,0.4484004378318786
xgboost,Age_at_Release,28-32,92,0.4050087034702301
xgboost,Age_at_Release,28-32,93,0.8171252012252808
xgboost,Age_at_Release,28-32,94,0.5075753927230835
xgboost,Age_at_Release,28-32,95,0.7693119049072266
xgboost,Age_at_Release,28-32,96,0.6010679602622986
xgboost,Age_at_Release,28-32,97,0.2419111579656601
xgboost,Age_at_Release,28-32,98,0.5862188935279846
xgboost,Age_at_Release,28-32,99,0.3922222554683685
xgboost,Age_at_Release,28-32,100,0.5547519326210022
xgboost,Age_at_Release,28-32,101,0.725106418132782
xgboost,Age_at_Release,28-32,102,0.4988110959529876
xgboost,Age_at_Release,28-32,103,0.7773982882499695
xgboost,Age_at_Release,28-32,104,0.7000882625579834
xgboost,Age_at_Release,28-32,105,0.4190439879894256
xgboost,Age_at_Release,28-32,106,0.8537605404853821
xgboost,Age_at_Release,28-32,107,0.527327299118042
xgboost,Age_at_Release,28-32,108,0.5105259418487549
xgboost,Age_at_Release,28-32,109,0.6353471279144287
xgboost,Age_at_Release,28-32,110,0.2659473419189453
xgboost,Age_at_Release,28-32,111,0.7216393947601318
xgboost,Age_at_Release,28-32,112,0.7450901865959167
xgboost,Age_at_Release,28-32,113,0.6144452691078186
xgboost,Age_at_Release,28-32,114,0.4006255865097046
xgboost,Age_at_Release,28-32,115,0.8532492518424988
xgboost,Age_at_Release,28-32,116,0.8919342756271362
xgboost,Age_at_Release,28-32,117,0.729479193687439
xgboost,Age_at_Release,28-32,118,0.8303782939910889
xgboost,Age_at_Release,28-32,119,0.5646461248397827
xgboost,Age_at_Release,28-32,120,0.3370829820632934
xgboost,Age_at_Release,28-32,121,0.8889644145965576
xgboost,Age_at_Release,28-32,122,0.5411602258682251
xgboost,Age_at_Release,28-32,123,0.5443488955497742
xgboost,Age_at_Release,28-32,124,0.7797368764877319
xgboost,Age_at_Release,28-32,125,0.6458684802055359
xgboost,Age_at_Release,28-32,126,0.5378407835960388
xgboost,Age_at_Release,28-32,127,0.7408661246299744
xgboost,Age_at_Release,28-32,128,0.6711077094078064
xgboost,Age_at_Release,28-32,129,0.6829501986503601
xgboost,Age_at_Release,28-32,130,0.5261497497558594
xgboost,Age_at_Release,28-32,131,0.6628538966178894
xgboost,Age_at_Release,28-32,132,0.7647646069526672
xgboost,Age_at_Release,28-32,133,0.5714524984359741
xgboost,Age_at_Release,28-32,134,0.7967431545257568
xgboost,Age_at_Release,28-32,135,0.7299096584320068
xgboost,Age_at_Release,28-32,136,0.7867013216018677
xgboost,Age_at_Release,28-32,137,0.5959067344665527
xgboost,Age_at_Release,28-32,138,0.1887601166963577
xgboost,Age_at_Release,28-32,139,0.7718497514724731
xgboost,Age_at_Release,28-32,140,0.8386455178260803
xgboost,Age_at_Release,28-32,141,0.1627886295318603
xgboost,Age_at_Release,28-32,142,0.2313779890537262
xgboost,Age_at_Release,28-32,143,0.8028612732887268
xgboost,Age_at_Release,28-32,144,0.4000660181045532
xgboost,Age_at_Release,28-32,145,0.8218263983726501
xgboost,Age_at_Release,28-32,146,0.540126383304596
xgboost,Age_at_Release,28-32,147,0.8506152033805847
xgboost,Age_at_Release,28-32,148,0.601671040058136
xgboost,Age_at_Release,28-32,149,0.8563019633293152
xgboost,Age_at_Release,28-32,150,0.5763360261917114
xgboost,Age_at_Release,28-32,151,0.6461406946182251
xgboost,Age_at_Release,28-32,152,0.6825739741325378
xgboost,Age_at_Release,28-32,153,0.5973108410835266
xgboost,Age_at_Release,28-32,154,0.6430813074111938
xgboost,Age_at_Release,28-32,155,0.8140794038772583
xgboost,Age_at_Release,28-32,156,0.7969762086868286
xgboost,Age_at_Release,28-32,157,0.8450029492378235
xgboost,Age_at_Release,28-32,158,0.8918696045875549
xgboost,Age_at_Release,28-32,159,0.7417241334915161
xgboost,Age_at_Release,28-32,160,0.5658552646636963
xgboost,Age_at_Release,28-32,161,0.6743453741073608
xgboost,Age_at_Release,28-32,162,0.9071015119552612
xgboost,Age_at_Release,28-32,163,0.211482897400856
xgboost,Age_at_Release,28-32,164,0.6757856011390686
xgboost,Age_at_Release,28-32,165,0.6064646244049072
xgboost,Age_at_Release,28-32,166,0.6563067436218262
xgboost,Age_at_Release,28-32,167,0.66169273853302
xgboost,Age_at_Release,28-32,168,0.6681157350540161
xgboost,Age_at_Release,28-32,169,0.6499003171920776
xgboost,Age_at_Release,28-32,170,0.922199010848999
xgboost,Age_at_Release,28-32,171,0.9273729920387268
xgboost,Age_at_Release,28-32,172,0.7384293675422668
xgboost,Age_at_Release,28-32,173,0.6014938354492188
xgboost,Age_at_Release,28-32,174,0.6544419527053833
xgboost,Age_at_Release,28-32,175,0.1477839350700378
xgboost,Age_at_Release,28-32,176,0.6155040264129639
xgboost,Age_at_Release,28-32,177,0.5888093709945679
xgboost,Age_at_Release,28-32,178,0.4785277545452118
xgboost,Age_at_Release,28-32,179,0.5071581602096558
xgboost,Age_at_Release,28-32,180,0.4451107084751129
xgboost,Age_at_Release,28-32,181,0.6253625154495239
xgboost,Age_at_Release,28-32,182,0.8253934383392334
xgboost,Age_at_Release,28-32,183,0.7965148687362671
xgboost,Age_at_Release,28-32,184,0.8200258016586304
xgboost,Age_at_Release,28-32,185,0.6680363416671753
xgboost,Age_at_Release,28-32,186,0.4901130199432373
xgboost,Age_at_Release,28-32,187,0.7869772911071777
xgboost,Age_at_Release,28-32,188,0.7549081444740295
xgboost,Age_at_Release,28-32,189,0.7377543449401855
xgboost,Age_at_Release,28-32,190,0.3400575220584869
xgboost,Age_at_Release,28-32,191,0.8848166465759277
xgboost,Age_at_Release,28-32,192,0.7864943742752075
xgboost,Age_at_Release,28-32,193,0.3836396336555481
xgboost,Age_at_Release,28-32,194,0.711449921131134
xgboost,Age_at_Release,28-32,195,0.7636136412620544
xgboost,Age_at_Release,28-32,196,0.47148397564888
xgboost,Age_at_Release,28-32,197,0.5352064967155457
xgboost,Age_at_Release,28-32,198,0.7670151591300964
xgboost,Age_at_Release,28-32,199,0.5839571952819824
xgboost,Age_at_Release,33-37,0,0.7829934358596802
xgboost,Age_at_Release,33-37,1,0.4993390142917633
xgboost,Age_at_Release,33-37,2,0.765466570854187
xgboost,Age_at_Release,33-37,3,0.1803774684667587
xgboost,Age_at_Release,33-37,4,0.5482660531997681
xgboost,Age_at_Release,33-37,5,0.4329017698764801
xgboost,Age_at_Release,33-37,6,0.4874225258827209
xgboost,Age_at_Release,33-37,7,0.2898923456668854
xgboost,Age_at_Release,33-37,8,0.5433719158172607
xgboost,Age_at_Release,33-37,9,0.5847446918487549
xgboost,Age_at_Release,33-37,10,0.4167967438697815
xgboost,Age_at_Release,33-37,11,0.2993560433387756
xgboost,Age_at_Release,33-37,12,0.8914092779159546
xgboost,Age_at_Release,33-37,13,0.6171296834945679
xgboost,Age_at_Release,33-37,14,0.8461025357246399
xgboost,Age_at_Release,33-37,15,0.3641926944255829
xgboost,Age_at_Release,33-37,16,0.6975973844528198
xgboost,Age_at_Release,33-37,17,0.7530832886695862
xgboost,Age_at_Release,33-37,18,0.646901547908783
xgboost,Age_at_Release,33-37,19,0.542113721370697
xgboost,Age_at_Release,33-37,20,0.4131094813346863
xgboost,Age_at_Release,33-37,21,0.375390350818634
xgboost,Age_at_Release,33-37,22,0.7575668096542358
xgboost,Age_at_Release,33-37,23,0.8066582083702087
xgboost,Age_at_Release,33-37,24,0.7903138995170593
xgboost,Age_at_Release,33-37,25,0.3894157111644745
xgboost,Age_at_Release,33-37,26,0.5396379232406616
xgboost,Age_at_Release,33-37,27,0.7373558282852173
xgboost,Age_at_Release,33-37,28,0.2458340227603912
xgboost,Age_at_Release,33-37,29,0.7245606780052185
xgboost,Age_at_Release,33-37,30,0.389661580324173
xgboost,Age_at_Release,33-37,31,0.3541718423366546
xgboost,Age_at_Release,33-37,32,0.1524615436792373
xgboost,Age_at_Release,33-37,33,0.5866482257843018
xgboost,Age_at_Release,33-37,34,0.3296538293361664
xgboost,Age_at_Release,33-37,35,0.2551220655441284
xgboost,Age_at_Release,33-37,36,0.7466005086898804
xgboost,Age_at_Release,33-37,37,0.3647021651268005
xgboost,Age_at_Release,33-37,38,0.2919072210788727
xgboost,Age_at_Release,33-37,39,0.721774697303772
xgboost,Age_at_Release,33-37,40,0.179428219795227
xgboost,Age_at_Release,33-37,41,0.6056625247001648
xgboost,Age_at_Release,33-37,42,0.753679096698761
xgboost,Age_at_Release,33-37,43,0.6227436661720276
xgboost,Age_at_Release,33-37,44,0.6417596340179443
xgboost,Age_at_Release,33-37,45,0.5258328914642334
xgboost,Age_at_Release,33-37,46,0.6150801181793213
xgboost,Age_at_Release,33-37,47,0.5569673776626587
xgboost,Age_at_Release,33-37,48,0.4031386375427246
xgboost,Age_at_Release,33-37,49,0.5753965377807617
xgboost,Age_at_Release,33-37,50,0.4100603461265564
xgboost,Age_at_Release,33-37,51,0.4257834255695343
xgboost,Age_at_Release,33-37,52,0.5816685557365417
xgboost,Age_at_Release,33-37,53,0.3793572187423706
xgboost,Age_at_Release,33-37,54,0.4472926259040832
xgboost,Age_at_Release,33-37,55,0.7706193923950195
xgboost,Age_at_Release,33-37,56,0.6799638271331787
xgboost,Age_at_Release,33-37,57,0.5899404287338257
xgboost,Age_at_Release,33-37,58,0.6577117443084717
xgboost,Age_at_Release,33-37,59,0.7317342758178711
xgboost,Age_at_Release,33-37,60,0.8160067200660706
xgboost,Age_at_Release,33-37,61,0.7314080595970154
xgboost,Age_at_Release,33-37,62,0.4560167193412781
xgboost,Age_at_Release,33-37,63,0.6386308670043945
xgboost,Age_at_Release,33-37,64,0.6895183324813843
xgboost,Age_at_Release,33-37,65,0.4486394822597503
xgboost,Age_at_Release,33-37,66,0.3604849278926849
xgboost,Age_at_Release,33-37,67,0.7593970894813538
xgboost,Age_at_Release,33-37,68,0.4025218188762665
xgboost,Age_at_Release,33-37,69,0.4829485714435577
xgboost,Age_at_Release,33-37,70,0.5755478739738464
xgboost,Age_at_Release,33-37,71,0.714706540107727
xgboost,Age_at_Release,33-37,72,0.6441981792449951
xgboost,Age_at_Release,33-37,73,0.3240059316158294
xgboost,Age_at_Release,33-37,74,0.3975472450256347
xgboost,Age_at_Release,33-37,75,0.6685255169868469
xgboost,Age_at_Release,33-37,76,0.52666836977005
xgboost,Age_at_Release,33-37,77,0.3292707502841949
xgboost,Age_at_Release,33-37,78,0.4364326298236847
xgboost,Age_at_Release,33-37,79,0.5646371245384216
xgboost,Age_at_Release,33-37,80,0.2135931700468063
xgboost,Age_at_Release,33-37,81,0.2751123905181885
xgboost,Age_at_Release,33-37,82,0.6200926899909973
xgboost,Age_at_Release,33-37,83,0.3592626750469208
xgboost,Age_at_Release,33-37,84,0.4407829046249389
xgboost,Age_at_Release,33-37,85,0.3673047125339508
xgboost,Age_at_Release,33-37,86,0.5171342492103577
xgboost,Age_at_Release,33-37,87,0.4415650069713592
xgboost,Age_at_Release,33-37,88,0.7018417716026306
xgboost,Age_at_Release,33-37,89,0.5659412741661072
xgboost,Age_at_Release,33-37,90,0.5372253060340881
xgboost,Age_at_Release,33-37,91,0.3580716550350189
xgboost,Age_at_Release,33-37,92,0.3202289342880249
xgboost,Age_at_Release,33-37,93,0.7945838570594788
xgboost,Age_at_Release,33-37,94,0.4525339901447296
xgboost,Age_at_Release,33-37,95,0.7278746962547302
xgboost,Age_at_Release,33-37,96,0.520519495010376
xgboost,Age_at_Release,33-37,97,0.1782478988170623
xgboost,Age_at_Release,33-37,98,0.5225343108177185
xgboost,Age_at_Release,33-37,99,0.2761169970035553
xgboost,Age_at_Release,33-37,100,0.45249804854393
xgboost,Age_at_Release,33-37,101,0.6734404563903809
xgboost,Age_at_Release,33-37,102,0.4253195524215698
xgboost,Age_at_Release,33-37,103,0.7304785251617432
xgboost,Age_at_Release,33-37,104,0.6180289387702942
xgboost,Age_at_Release,33-37,105,0.3585278391838074
xgboost,Age_at_Release,33-37,106,0.826472282409668
xgboost,Age_at_Release,33-37,107,0.4390956461429596
xgboost,Age_at_Release,33-37,108,0.4423945844173431
xgboost,Age_at_Release,33-37,109,0.5694458484649658
xgboost,Age_at_Release,33-37,110,0.198955163359642
xgboost,Age_at_Release,33-37,111,0.6788920164108276
xgboost,Age_at_Release,33-37,112,0.6897082328796387
xgboost,Age_at_Release,33-37,113,0.5160287022590637
xgboost,Age_at_Release,33-37,114,0.287006676197052
xgboost,Age_at_Release,33-37,115,0.8324199318885803
xgboost,Age_at_Release,33-37,116,0.8654657602310181
xgboost,Age_at_Release,33-37,117,0.6911016702651978
xgboost,Age_at_Release,33-37,118,0.8020013570785522
xgboost,Age_at_Release,33-37,119,0.5006555318832397
xgboost,Age_at_Release,33-37,120,0.2817660570144653
xgboost,Age_at_Release,33-37,121,0.8555833697319031
xgboost,Age_at_Release,33-37,122,0.450945109128952
xgboost,Age_at_Release,33-37,123,0.4843823909759521
xgboost,Age_at_Release,33-37,124,0.7312508225440979
xgboost,Age_at_Release,33-37,125,0.5486709475517273
xgboost,Age_at_Release,33-37,126,0.4199981987476349
xgboost,Age_at_Release,33-37,127,0.6972347497940063
xgboost,Age_at_Release,33-37,128,0.5906919836997986
xgboost,Age_at_Release,33-37,129,0.6292893290519714
xgboost,Age_at_Release,33-37,130,0.4480346739292145
xgboost,Age_at_Release,33-37,131,0.5792997479438782
xgboost,Age_at_Release,33-37,132,0.7186282277107239
xgboost,Age_at_Release,33-37,133,0.4739950001239776
xgboost,Age_at_Release,33-37,134,0.7667990326881409
xgboost,Age_at_Release,33-37,135,0.6701018214225769
xgboost,Age_at_Release,33-37,136,0.7276118397712708
xgboost,Age_at_Release,33-37,137,0.524344265460968
xgboost,Age_at_Release,33-37,138,0.1380319893360138
xgboost,Age_at_Release,33-37,139,0.7280467748641968
xgboost,Age_at_Release,33-37,140,0.8121524453163147
xgboost,Age_at_Release,33-37,141,0.1204902976751327
xgboost,Age_at_Release,33-37,142,0.1719461232423782
xgboost,Age_at_Release,33-37,143,0.763754665851593
xgboost,Age_at_Release,33-37,144,0.2916179895401001
xgboost,Age_at_Release,33-37,145,0.7822577357292175
xgboost,Age_at_Release,33-37,146,0.4270821809768677
xgboost,Age_at_Release,33-37,147,0.8152725100517273
xgboost,Age_at_Release,33-37,148,0.5370153188705444
xgboost,Age_at_Release,33-37,149,0.820798397064209
xgboost,Age_at_Release,33-37,150,0.4831428825855255
xgboost,Age_at_Release,33-37,151,0.5822360515594482
xgboost,Age_at_Release,33-37,152,0.6280208826065063
xgboost,Age_at_Release,33-37,153,0.5243015289306641
xgboost,Age_at_Release,33-37,154,0.5961804986000061
xgboost,Age_at_Release,33-37,155,0.7671531438827515
xgboost,Age_at_Release,33-37,156,0.7483490705490112
xgboost,Age_at_Release,33-37,157,0.808808445930481
xgboost,Age_at_Release,33-37,158,0.8686653971672058
xgboost,Age_at_Release,33-37,159,0.6756352782249451
xgboost,Age_at_Release,33-37,160,0.4495638608932495
xgboost,Age_at_Release,33-37,161,0.6217931509017944
xgboost,Age_at_Release,33-37,162,0.8855105638504028
xgboost,Age_at_Release,33-37,163,0.1488264501094818
xgboost,Age_at_Release,33-37,164,0.6304188370704651
xgboost,Age_at_Release,33-37,165,0.4995574057102203
xgboost,Age_at_Release,33-37,166,0.5806615948677063
xgboost,Age_at_Release,33-37,167,0.6209128499031067
xgboost,Age_at_Release,33-37,168,0.6054518818855286
xgboost,Age_at_Release,33-37,169,0.5730752348899841
xgboost,Age_at_Release,33-37,170,0.9132078886032104
xgboost,Age_at_Release,33-37,171,0.9102237224578856
xgboost,Age_at_Release,33-37,172,0.6987906098365784
xgboost,Age_at_Release,33-37,173,0.5410655736923218
xgboost,Age_at_Release,33-37,174,0.5935683250427246
xgboost,Age_at_Release,33-37,175,0.1088772043585777
xgboost,Age_at_Release,33-37,176,0.5637210607528687
xgboost,Age_at_Release,33-37,177,0.486714094877243
xgboost,Age_at_Release,33-37,178,0.3937798142433166
xgboost,Age_at_Release,33-37,179,0.4343336820602417
xgboost,Age_at_Release,33-37,180,0.3878485262393951
xgboost,Age_at_Release,33-37,181,0.5273901224136353
xgboost,Age_at_Release,33-37,182,0.8024272918701172
xgboost,Age_at_Release,33-37,183,0.764509916305542
xgboost,Age_at_Release,33-37,184,0.7977221012115479
xgboost,Age_at_Release,33-37,185,0.6074761152267456
xgboost,Age_at_Release,33-37,186,0.4090326726436615
xgboost,Age_at_Release,33-37,187,0.7660821676254272
xgboost,Age_at_Release,33-37,188,0.710995614528656
xgboost,Age_at_Release,33-37,189,0.6854748129844666
xgboost,Age_at_Release,33-37,190,0.2534931898117065
xgboost,Age_at_Release,33-37,191,0.8663040399551392
xgboost,Age_at_Release,33-37,192,0.7577654719352722
xgboost,Age_at_Release,33-37,193,0.3042510151863098
xgboost,Age_at_Release,33-37,194,0.6541702151298523
xgboost,Age_at_Release,33-37,195,0.7123365998268127
xgboost,Age_at_Release,33-37,196,0.3888626098632812
xgboost,Age_at_Release,33-37,197,0.4250175058841705
xgboost,Age_at_Release,33-37,198,0.6936874389648438
xgboost,Age_at_Release,33-37,199,0.4939050078392029
xgboost,Age_at_Release,38-42,0,0.7494175434112549
xgboost,Age_at_Release,38-42,1,0.4609768986701965
xgboost,Age_at_Release,38-42,2,0.7386674284934998
xgboost,Age_at_Release,38-42,3,0.1616425514221191
xgboost,Age_at_Release,38-42,4,0.5043410062789917
xgboost,Age_at_Release,38-42,5,0.3850794732570648
xgboost,Age_at_Release,38-42,6,0.4352229833602905
xgboost,Age_at_Release,38-42,7,0.2547385692596435
xgboost,Age_at_Release,38-42,8,0.5132079720497131
xgboost,Age_at_Release,38-42,9,0.5384987592697144
xgboost,Age_at_Release,38-42,10,0.3528814017772674
xgboost,Age_at_Release,38-42,11,0.269496202468872
xgboost,Age_at_Release,38-42,12,0.8778117895126343
xgboost,Age_at_Release,38-42,13,0.5695754289627075
xgboost,Age_at_Release,38-42,14,0.8280471563339233
xgboost,Age_at_Release,38-42,15,0.3198472261428833
xgboost,Age_at_Release,38-42,16,0.6513976454734802
xgboost,Age_at_Release,38-42,17,0.7247272729873657
xgboost,Age_at_Release,38-42,18,0.5984457731246948
xgboost,Age_at_Release,38-42,19,0.5194271206855774
xgboost,Age_at_Release,38-42,20,0.375968188047409
xgboost,Age_at_Release,38-42,21,0.3446654975414276
xgboost,Age_at_Release,38-42,22,0.7226338386535645
xgboost,Age_at_Release,38-42,23,0.7762773036956787
xgboost,Age_at_Release,38-42,24,0.7518073916435242
xgboost,Age_at_Release,38-42,25,0.3495572507381439
xgboost,Age_at_Release,38-42,26,0.4916352331638336
xgboost,Age_at_Release,38-42,27,0.6922216415405273
xgboost,Age_at_Release,38-42,28,0.2120365053415298
xgboost,Age_at_Release,38-42,29,0.6984978318214417
xgboost,Age_at_Release,38-42,30,0.3559929728507995
xgboost,Age_at_Release,38-42,31,0.3147477209568023
xgboost,Age_at_Release,38-42,32,0.1340261250734329
xgboost,Age_at_Release,38-42,33,0.5358572006225586
xgboost,Age_at_Release,38-42,34,0.2856963574886322
xgboost,Age_at_Release,38-42,35,0.2281947284936905
xgboost,Age_at_Release,38-42,36,0.7239527702331543
xgboost,Age_at_Release,38-42,37,0.3297501504421234
xgboost,Age_at_Release,38-42,38,0.2526531517505646
xgboost,Age_at_Release,38-42,39,0.6994079351425171
xgboost,Age_at_Release,38-42,40,0.1580824702978134
xgboost,Age_at_Release,38-42,41,0.5705190300941467
xgboost,Age_at_Release,38-42,42,0.7292132377624512
xgboost,Age_at_Release,38-42,43,0.5643685460090637
xgboost,Age_at_Release,38-42,44,0.6144645810127258
xgboost,Age_at_Release,38-42,45,0.498686671257019
xgboost,Age_at_Release,38-42,46,0.5721061825752258
xgboost,Age_at_Release,38-42,47,0.5076976418495178
xgboost,Age_at_Release,38-42,48,0.3681914210319519
xgboost,Age_at_Release,38-42,49,0.5205811262130737
xgboost,Age_at_Release,38-42,50,0.3708682358264923
xgboost,Age_at_Release,38-42,51,0.3852926194667816
xgboost,Age_at_Release,38-42,52,0.5465158820152283
xgboost,Age_at_Release,38-42,53,0.3417427241802215
xgboost,Age_at_Release,38-42,54,0.3995946049690246
xgboost,Age_at_Release,38-42,55,0.7523356080055237
xgboost,Age_at_Release,38-42,56,0.6430898308753967
xgboost,Age_at_Release,38-42,57,0.5364751815795898
xgboost,Age_at_Release,38-42,58,0.6350011229515076
xgboost,Age_at_Release,38-42,59,0.7012739777565002
xgboost,Age_at_Release,38-42,60,0.7823047041893005
xgboost,Age_at_Release,38-42,61,0.6887739896774292
xgboost,Age_at_Release,38-42,62,0.4174367189407348
xgboost,Age_at_Release,38-42,63,0.5932428240776062
xgboost,Age_at_Release,38-42,64,0.6480426788330078
xgboost,Age_at_Release,38-42,65,0.4080024063587188
xgboost,Age_at_Release,38-42,66,0.3115171790122986
xgboost,Age_at_Release,38-42,67,0.7396742105484009
xgboost,Age_at_Release,38-42,68,0.3520030975341797
xgboost,Age_at_Release,38-42,69,0.4430481493473053
xgboost,Age_at_Release,38-42,70,0.5373536944389343
xgboost,Age_at_Release,38-42,71,0.6762315034866333
xgboost,Age_at_Release,38-42,72,0.5937742590904236
xgboost,Age_at_Release,38-42,73,0.2848119735717773
xgboost,Age_at_Release,38-42,74,0.3477840423583984
xgboost,Age_at_Release,38-42,75,0.6305055022239685
xgboost,Age_at_Release,38-42,76,0.5024424195289612
xgboost,Age_at_Release,38-42,77,0.3011547029018402
xgboost,Age_at_Release,38-42,78,0.3908445239067077
xgboost,Age_at_Release,38-42,79,0.5344740152359009
xgboost,Age_at_Release,38-42,80,0.1882670670747757
xgboost,Age_at_Release,38-42,81,0.2404953837394714
xgboost,Age_at_Release,38-42,82,0.5699309706687927
xgboost,Age_at_Release,38-42,83,0.3199098408222198
xgboost,Age_at_Release,38-42,84,0.3930888772010803
xgboost,Age_at_Release,38-42,85,0.3269419372081756
xgboost,Age_at_Release,38-42,86,0.4658149480819702
xgboost,Age_at_Release,38-42,87,0.4003677666187286
xgboost,Age_at_Release,38-42,88,0.6694987416267395
xgboost,Age_at_Release,38-42,89,0.5460898280143738
xgboost,Age_at_Release,38-42,90,0.4934676885604858
xgboost,Age_at_Release,38-42,91,0.3292697072029114
xgboost,Age_at_Release,38-42,92,0.2891913950443268
xgboost,Age_at_Release,38-42,93,0.778468906879425
xgboost,Age_at_Release,38-42,94,0.4043793976306915
xgboost,Age_at_Release,38-42,95,0.703616201877594
xgboost,Age_at_Release,38-42,96,0.4763108789920807
xgboost,Age_at_Release,38-42,97,0.1626114547252655
xgboost,Age_at_Release,38-42,98,0.4657500982284546
xgboost,Age_at_Release,38-42,99,0.2406890094280243
xgboost,Age_at_Release,38-42,100,0.4220935702323913
xgboost,Age_at_Release,38-42,101,0.6276966333389282
xgboost,Age_at_Release,38-42,102,0.3792984187602997
xgboost,Age_at_Release,38-42,103,0.6970258355140686
xgboost,Age_at_Release,38-42,104,0.5690622329711914
xgboost,Age_at_Release,38-42,105,0.3176231682300567
xgboost,Age_at_Release,38-42,106,0.8095453977584839
xgboost,Age_at_Release,38-42,107,0.3998570740222931
xgboost,Age_at_Release,38-42,108,0.3954629302024841
xgboost,Age_at_Release,38-42,109,0.5132171511650085
xgboost,Age_at_Release,38-42,110,0.1774161607027053
xgboost,Age_at_Release,38-42,111,0.6485735177993774
xgboost,Age_at_Release,38-42,112,0.6710041761398315
xgboost,Age_at_Release,38-42,113,0.4983355104923248
xgboost,Age_at_Release,38-42,114,0.2571485936641693
xgboost,Age_at_Release,38-42,115,0.8108208179473877
xgboost,Age_at_Release,38-42,116,0.8496202826499939
xgboost,Age_at_Release,38-42,117,0.6692720651626587
xgboost,Age_at_Release,38-42,118,0.7850563526153564
xgboost,Age_at_Release,38-42,119,0.4553200900554657
xgboost,Age_at_Release,38-42,120,0.2467553168535232
xgboost,Age_at_Release,38-42,121,0.8238546252250671
xgboost,Age_at_Release,38-42,122,0.4181027710437774
xgboost,Age_at_Release,38-42,123,0.4331975877285003
xgboost,Age_at_Release,38-42,124,0.7044773697853088
xgboost,Age_at_Release,38-42,125,0.5236008167266846
xgboost,Age_at_Release,38-42,126,0.375984638929367
xgboost,Age_at_Release,38-42,127,0.6494480967521667
xgboost,Age_at_Release,38-42,128,0.550388514995575
xgboost,Age_at_Release,38-42,129,0.5920788645744324
xgboost,Age_at_Release,38-42,130,0.3957404196262359
xgboost,Age_at_Release,38-42,131,0.5214605927467346
xgboost,Age_at_Release,38-42,132,0.6759264469146729
xgboost,Age_at_Release,38-42,133,0.4375360310077667
xgboost,Age_at_Release,38-42,134,0.748807966709137
xgboost,Age_at_Release,38-42,135,0.6142675876617432
xgboost,Age_at_Release,38-42,136,0.6838908791542053
xgboost,Age_at_Release,38-42,137,0.479885846376419
xgboost,Age_at_Release,38-42,138,0.1238157153129577
xgboost,Age_at_Release,38-42,139,0.7006177306175232
xgboost,Age_at_Release,38-42,140,0.7909582257270813
xgboost,Age_at_Release,38-42,141,0.1043535396456718
xgboost,Age_at_Release,38-42,142,0.156298354268074
xgboost,Age_at_Release,38-42,143,0.7437479496002197
xgboost,Age_at_Release,38-42,144,0.2619200348854065
xgboost,Age_at_Release,38-42,145,0.7575593590736389
xgboost,Age_at_Release,38-42,146,0.3806117475032806
xgboost,Age_at_Release,38-42,147,0.7878193855285645
xgboost,Age_at_Release,38-42,148,0.4830856323242187
xgboost,Age_at_Release,38-42,149,0.7913799285888672
xgboost,Age_at_Release,38-42,150,0.4583905637264251
xgboost,Age_at_Release,38-42,151,0.5478349924087524
xgboost,Age_at_Release,38-42,152,0.5788695812225342
xgboost,Age_at_Release,38-42,153,0.4840806126594543
xgboost,Age_at_Release,38-42,154,0.5718793869018555
xgboost,Age_at_Release,38-42,155,0.7364726662635803
xgboost,Age_at_Release,38-42,156,0.7127515077590942
xgboost,Age_at_Release,38-42,157,0.7886453866958618
xgboost,Age_at_Release,38-42,158,0.8524474501609802
xgboost,Age_at_Release,38-42,159,0.6352055668830872
xgboost,Age_at_Release,38-42,160,0.4028831124305725
xgboost,Age_at_Release,38-42,161,0.5739203691482544
xgboost,Age_at_Release,38-42,162,0.8706873059272766
xgboost,Age_at_Release,38-42,163,0.1311413645744323
xgboost,Age_at_Release,38-42,164,0.5950700044631958
xgboost,Age_at_Release,38-42,165,0.4612336158752441
xgboost,Age_at_Release,38-42,166,0.5367511510848999
xgboost,Age_at_Release,38-42,167,0.594407320022583
xgboost,Age_at_Release,38-42,168,0.560167133808136
xgboost,Age_at_Release,38-42,169,0.5332491397857666
xgboost,Age_at_Release,38-42,170,0.9032208919525146
xgboost,Age_at_Release,38-42,171,0.897036075592041
xgboost,Age_at_Release,38-42,172,0.6590780019760132
xgboost,Age_at_Release,38-42,173,0.4987086057662964
xgboost,Age_at_Release,38-42,174,0.5625829100608826
xgboost,Age_at_Release,38-42,175,0.094591848552227
xgboost,Age_at_Release,38-42,176,0.5173380374908447
xgboost,Age_at_Release,38-42,177,0.4432401955127716
xgboost,Age_at_Release,38-42,178,0.3643419742584228
xgboost,Age_at_Release,38-42,179,0.3921949565410614
xgboost,Age_at_Release,38-42,180,0.3443753719329834
xgboost,Age_at_Release,38-42,181,0.4821757972240448
xgboost,Age_at_Release,38-42,182,0.7713847160339355
xgboost,Age_at_Release,38-42,183,0.7341400980949402
xgboost,Age_at_Release,38-42,184,0.7730920314788818
xgboost,Age_at_Release,38-42,185,0.5591128468513489
xgboost,Age_at_Release,38-42,186,0.3602049946784973
xgboost,Age_at_Release,38-42,187,0.739498496055603
xgboost,Age_at_Release,38-42,188,0.6775200963020325
xgboost,Age_at_Release,38-42,189,0.6349880695343018
xgboost,Age_at_Release,38-42,190,0.2230356037616729
xgboost,Age_at_Release,38-42,191,0.8525605797767639
xgboost,Age_at_Release,38-42,192,0.7317842841148376
xgboost,Age_at_Release,38-42,193,0.2716096341609955
xgboost,Age_at_Release,38-42,194,0.6087382435798645
xgboost,Age_at_Release,38-42,195,0.6706510186195374
xgboost,Age_at_Release,38-42,196,0.3518863618373871
xgboost,Age_at_Release,38-42,197,0.3823122978210449
xgboost,Age_at_Release,38-42,198,0.6742093563079834
xgboost,Age_at_Release,38-42,199,0.4559037089347839
xgboost,Age_at_Release,43-47,0,0.712334394454956
xgboost,Age_at_Release,43-47,1,0.4267016053199768
xgboost,Age_at_Release,43-47,2,0.7017214894294739
xgboost,Age_at_Release,43-47,3,0.1505599617958068
xgboost,Age_at_Release,43-47,4,0.4666565656661987
xgboost,Age_at_Release,43-47,5,0.3300294876098633
xgboost,Age_at_Release,43-47,6,0.3950103223323822
xgboost,Age_at_Release,43-47,7,0.2347323894500732
xgboost,Age_at_Release,43-47,8,0.4498296976089477
xgboost,Age_at_Release,43-47,9,0.4979203641414642
xgboost,Age_at_Release,43-47,10,0.3218559920787811
xgboost,Age_at_Release,43-47,11,0.2510370910167694
xgboost,Age_at_Release,43-47,12,0.8538478016853333
xgboost,Age_at_Release,43-47,13,0.527353823184967
xgboost,Age_at_Release,43-47,14,0.793071985244751
xgboost,Age_at_Release,43-47,15,0.3079880774021148
xgboost,Age_at_Release,43-47,16,0.6049718260765076
xgboost,Age_at_Release,43-47,17,0.6642211675643921
xgboost,Age_at_Release,43-47,18,0.5532211661338806
xgboost,Age_at_Release,43-47,19,0.4673407077789306
xgboost,Age_at_Release,43-47,20,0.3412826061248779
xgboost,Age_at_Release,43-47,21,0.32448410987854
xgboost,Age_at_Release,43-47,22,0.682338535785675
xgboost,Age_at_Release,43-47,23,0.7396978139877319
xgboost,Age_at_Release,43-47,24,0.720284640789032
xgboost,Age_at_Release,43-47,25,0.3144694566726684
xgboost,Age_at_Release,43-47,26,0.4524948298931122
xgboost,Age_at_Release,43-47,27,0.6332172751426697
xgboost,Age_at_Release,43-47,28,0.192235454916954
xgboost,Age_at_Release,43-47,29,0.6377184391021729
xgboost,Age_at_Release,43-47,30,0.3359491229057312
xgboost,Age_at_Release,43-47,31,0.2884083092212677
xgboost,Age_at_Release,43-47,32,0.1258001774549484
xgboost,Age_at_Release,43-47,33,0.4954136908054352
xgboost,Age_at_Release,43-47,34,0.2784590423107147
xgboost,Age_at_Release,43-47,35,0.2127667069435119
xgboost,Age_at_Release,43-47,36,0.6707625985145569
xgboost,Age_at_Release,43-47,37,0.2952820956707001
xgboost,Age_at_Release,43-47,38,0.2317593693733215
xgboost,Age_at_Release,43-47,39,0.6512450575828552
xgboost,Age_at_Release,43-47,40,0.1461344957351684
xgboost,Age_at_Release,43-47,41,0.5211662650108337
xgboost,Age_at_Release,43-47,42,0.6951369643211365
xgboost,Age_at_Release,43-47,43,0.5140650272369385
xgboost,Age_at_Release,43-47,44,0.5651482343673706
xgboost,Age_at_Release,43-47,45,0.4503275156021118
xgboost,Age_at_Release,43-47,46,0.5204806923866272
xgboost,Age_at_Release,43-47,47,0.4715653955936432
xgboost,Age_at_Release,43-47,48,0.3352276086807251
xgboost,Age_at_Release,43-47,49,0.4802939593791961
xgboost,Age_at_Release,43-47,50,0.3315810561180115
xgboost,Age_at_Release,43-47,51,0.3536721467971802
xgboost,Age_at_Release,43-47,52,0.5057318806648254
xgboost,Age_at_Release,43-47,53,0.3136861324310303
xgboost,Age_at_Release,43-47,54,0.363600492477417
xgboost,Age_at_Release,43-47,55,0.7062929272651672
xgboost,Age_at_Release,43-47,56,0.6087349057197571
xgboost,Age_at_Release,43-47,57,0.4804791808128357
xgboost,Age_at_Release,43-47,58,0.5771675705909729
xgboost,Age_at_Release,43-47,59,0.6525123119354248
xgboost,Age_at_Release,43-47,60,0.7479145526885986
xgboost,Age_at_Release,43-47,61,0.6448749303817749
xgboost,Age_at_Release,43-47,62,0.383763700723648
xgboost,Age_at_Release,43-47,63,0.5506560802459717
xgboost,Age_at_Release,43-47,64,0.5854570269584656
xgboost,Age_at_Release,43-47,65,0.3708752691745758
xgboost,Age_at_Release,43-47,66,0.267880916595459
xgboost,Age_at_Release,43-47,67,0.682530403137207
xgboost,Age_at_Release,43-47,68,0.3212611079216003
xgboost,Age_at_Release,43-47,69,0.406853586435318
xgboost,Age_at_Release,43-47,70,0.4860172867774963
xgboost,Age_at_Release,43-47,71,0.6442884206771851
xgboost,Age_at_Release,43-47,72,0.5546143651008606
xgboost,Age_at_Release,43-47,73,0.2647450268268585
xgboost,Age_at_Release,43-47,74,0.321570485830307
xgboost,Age_at_Release,43-47,75,0.5929406881332397
xgboost,Age_at_Release,43-47,76,0.4584035575389862
xgboost,Age_at_Release,43-47,77,0.2735425233840942
xgboost,Age_at_Release,43-47,78,0.3524840176105499
xgboost,Age_at_Release,43-47,79,0.5036794543266296
xgboost,Age_at_Release,43-47,80,0.1740529239177703
xgboost,Age_at_Release,43-47,81,0.2242123633623123
xgboost,Age_at_Release,43-47,82,0.5105217695236206
xgboost,Age_at_Release,43-47,83,0.3155346214771271
xgboost,Age_at_Release,43-47,84,0.3596356809139251
xgboost,Age_at_Release,43-47,85,0.3006892800331116
xgboost,Age_at_Release,43-47,86,0.4276987612247467
xgboost,Age_at_Release,43-47,87,0.3607218265533447
xgboost,Age_at_Release,43-47,88,0.607032060623169
xgboost,Age_at_Release,43-47,89,0.4979722797870636
xgboost,Age_at_Release,43-47,90,0.4583795666694641
xgboost,Age_at_Release,43-47,91,0.3088807463645935
xgboost,Age_at_Release,43-47,92,0.2639449834823608
xgboost,Age_at_Release,43-47,93,0.7265183329582214
xgboost,Age_at_Release,43-47,94,0.3728577792644501
xgboost,Age_at_Release,43-47,95,0.6627399325370789
xgboost,Age_at_Release,43-47,96,0.4388476908206939
xgboost,Age_at_Release,43-47,97,0.1505666077136993
xgboost,Age_at_Release,43-47,98,0.4375616014003753
xgboost,Age_at_Release,43-47,99,0.2183754444122314
xgboost,Age_at_Release,43-47,100,0.399955153465271
xgboost,Age_at_Release,43-47,101,0.5781856775283813
xgboost,Age_at_Release,43-47,102,0.3521163165569305
xgboost,Age_at_Release,43-47,103,0.6502990126609802
xgboost,Age_at_Release,43-47,104,0.52214515209198
xgboost,Age_at_Release,43-47,105,0.2941694259643554
xgboost,Age_at_Release,43-47,106,0.7650744318962097
xgboost,Age_at_Release,43-47,107,0.3640375137329101
xgboost,Age_at_Release,43-47,108,0.3644948303699493
xgboost,Age_at_Release,43-47,109,0.475445806980133
xgboost,Age_at_Release,43-47,110,0.1651788055896759
xgboost,Age_at_Release,43-47,111,0.5889496803283691
xgboost,Age_at_Release,43-47,112,0.6141834855079651
xgboost,Age_at_Release,43-47,113,0.4545034170150757
xgboost,Age_at_Release,43-47,114,0.2371774613857269
xgboost,Age_at_Release,43-47,115,0.7678213715553284
xgboost,Age_at_Release,43-47,116,0.8209391832351685
xgboost,Age_at_Release,43-47,117,0.6102077960968018
xgboost,Age_at_Release,43-47,118,0.7330692410469055
xgboost,Age_at_Release,43-47,119,0.414516419172287
xgboost,Age_at_Release,43-47,120,0.2280520945787429
xgboost,Age_at_Release,43-47,121,0.79170823097229
xgboost,Age_at_Release,43-47,122,0.3823674321174621
xgboost,Age_at_Release,43-47,123,0.3964793980121612
xgboost,Age_at_Release,43-47,124,0.6511373519897461
xgboost,Age_at_Release,43-47,125,0.4779865741729736
xgboost,Age_at_Release,43-47,126,0.3463897407054901
xgboost,Age_at_Release,43-47,127,0.6072983145713806
xgboost,Age_at_Release,43-47,128,0.4992339313030243
xgboost,Age_at_Release,43-47,129,0.5362572073936462
xgboost,Age_at_Release,43-47,130,0.3579541444778442
xgboost,Age_at_Release,43-47,131,0.4761524498462677
xgboost,Age_at_Release,43-47,132,0.6378050446510315
xgboost,Age_at_Release,43-47,133,0.414607435464859
xgboost,Age_at_Release,43-47,134,0.693583607673645
xgboost,Age_at_Release,43-47,135,0.570061981678009
xgboost,Age_at_Release,43-47,136,0.6392824649810791
xgboost,Age_at_Release,43-47,137,0.4415783882141113
xgboost,Age_at_Release,43-47,138,0.1146300509572029
xgboost,Age_at_Release,43-47,139,0.6418835520744324
xgboost,Age_at_Release,43-47,140,0.740023136138916
xgboost,Age_at_Release,43-47,141,0.0966631695628166
xgboost,Age_at_Release,43-47,142,0.1446403712034225
xgboost,Age_at_Release,43-47,143,0.6877027153968811
xgboost,Age_at_Release,43-47,144,0.2409505397081375
xgboost,Age_at_Release,43-47,145,0.6998084187507629
xgboost,Age_at_Release,43-47,146,0.3381780087947845
xgboost,Age_at_Release,43-47,147,0.7483175992965698
xgboost,Age_at_Release,43-47,148,0.4680744409561157
xgboost,Age_at_Release,43-47,149,0.7640693187713623
xgboost,Age_at_Release,43-47,150,0.4210011661052704
xgboost,Age_at_Release,43-47,151,0.4873750507831573
xgboost,Age_at_Release,43-47,152,0.5226768255233765
xgboost,Age_at_Release,43-47,153,0.4505991637706756
xgboost,Age_at_Release,43-47,154,0.5358613133430481
xgboost,Age_at_Release,43-47,155,0.7080556750297546
xgboost,Age_at_Release,43-47,156,0.681463897228241
xgboost,Age_at_Release,43-47,157,0.747576117515564
xgboost,Age_at_Release,43-47,158,0.8109728097915649
xgboost,Age_at_Release,43-47,159,0.6032262444496155
xgboost,Age_at_Release,43-47,160,0.3637117445468902
xgboost,Age_at_Release,43-47,161,0.5299627184867859
xgboost,Age_at_Release,43-47,162,0.8322997689247131
xgboost,Age_at_Release,43-47,163,0.1214877665042877
xgboost,Age_at_Release,43-47,164,0.5413339138031006
xgboost,Age_at_Release,43-47,165,0.4380303025245666
xgboost,Age_at_Release,43-47,166,0.5277324914932251
xgboost,Age_at_Release,43-47,167,0.5312595963478088
xgboost,Age_at_Release,43-47,168,0.510528028011322
xgboost,Age_at_Release,43-47,169,0.5112384557723999
xgboost,Age_at_Release,43-47,170,0.8850245475769043
xgboost,Age_at_Release,43-47,171,0.8676695227622986
xgboost,Age_at_Release,43-47,172,0.6210985779762268
xgboost,Age_at_Release,43-47,173,0.4491675794124603
xgboost,Age_at_Release,43-47,174,0.502575159072876
xgboost,Age_at_Release,43-47,175,0.0875505805015564
xgboost,Age_at_Release,43-47,176,0.4718186855316162
xgboost,Age_at_Release,43-47,177,0.4095948934555053
xgboost,Age_at_Release,43-47,178,0.3296180367469787
xgboost,Age_at_Release,43-47,179,0.3757583498954773
xgboost,Age_at_Release,43-47,180,0.3212863802909851
xgboost,Age_at_Release,43-47,181,0.4570124447345733
xgboost,Age_at_Release,43-47,182,0.7301660776138306
xgboost,Age_at_Release,43-47,183,0.6758103370666504
xgboost,Age_at_Release,43-47,184,0.735877275466919
xgboost,Age_at_Release,43-47,185,0.5215940475463867
xgboost,Age_at_Release,43-47,186,0.3441331088542938
xgboost,Age_at_Release,43-47,187,0.698437511920929
xgboost,Age_at_Release,43-47,188,0.6117984056472778
xgboost,Age_at_Release,43-47,189,0.6064444184303284
xgboost,Age_at_Release,43-47,190,0.2077893316745758
xgboost,Age_at_Release,43-47,191,0.8164554834365845
xgboost,Age_at_Release,43-47,192,0.6739044189453125
xgboost,Age_at_Release,43-47,193,0.2473639994859695
xgboost,Age_at_Release,43-47,194,0.5434268712997437
xgboost,Age_at_Release,43-47,195,0.6322275400161743
xgboost,Age_at_Release,43-47,196,0.3285292983055115
xgboost,Age_at_Release,43-47,197,0.3476561605930328
xgboost,Age_at_Release,43-47,198,0.6353264451026917
xgboost,Age_at_Release,43-47,199,0.4152898788452148
xgboost,Age_at_Release,48 or older,0,0.6481600999832153
xgboost,Age_at_Release,48 or older,1,0.3903160691261291
xgboost,Age_at_Release,48 or older,2,0.6332064270973206
xgboost,Age_at_Release,48 or older,3,0.1352859735488891
xgboost,Age_at_Release,48 or older,4,0.427300214767456
xgboost,Age_at_Release,48 or older,5,0.2698636949062347
xgboost,Age_at_Release,48 or older,6,0.3514826893806457
xgboost,Age_at_Release,48 or older,7,0.2060987502336502
xgboost,Age_at_Release,48 or older,8,0.3630058467388153
xgboost,Age_at_Release,48 or older,9,0.4522977471351623
xgboost,Age_at_Release,48 or older,10,0.2737523317337036
xgboost,Age_at_Release,48 or older,11,0.2302719503641128
xgboost,Age_at_Release,48 or older,12,0.8136797547340393
xgboost,Age_at_Release,48 or older,13,0.4589385986328125
xgboost,Age_at_Release,48 or older,14,0.7372328042984009
xgboost,Age_at_Release,48 or older,15,0.2721274793148041
xgboost,Age_at_Release,48 or older,16,0.5541642904281616
xgboost,Age_at_Release,48 or older,17,0.6025446057319641
xgboost,Age_at_Release,48 or older,18,0.4953143298625946
xgboost,Age_at_Release,48 or older,19,0.4150581657886505
xgboost,Age_at_Release,48 or older,20,0.2967498898506164
xgboost,Age_at_Release,48 or older,21,0.2883246839046478
xgboost,Age_at_Release,48 or older,22,0.6302136182785034
xgboost,Age_at_Release,48 or older,23,0.6716538667678833
xgboost,Age_at_Release,48 or older,24,0.6564396619796753
xgboost,Age_at_Release,48 or older,25,0.2660860419273376
xgboost,Age_at_Release,48 or older,26,0.3886475563049316
xgboost,Age_at_Release,48 or older,27,0.5506484508514404
xgboost,Age_at_Release,48 or older,28,0.1736322194337844
xgboost,Age_at_Release,48 or older,29,0.5509872436523438
xgboost,Age_at_Release,48 or older,30,0.2873444855213165
xgboost,Age_at_Release,48 or older,31,0.2477031499147415
xgboost,Age_at_Release,48 or older,32,0.1097299233078956
xgboost,Age_at_Release,48 or older,33,0.4203000962734222
xgboost,Age_at_Release,48 or older,34,0.2438884675502777
xgboost,Age_at_Release,48 or older,35,0.188621699810028
xgboost,Age_at_Release,48 or older,36,0.5904414057731628
xgboost,Age_at_Release,48 or older,37,0.2584921419620514
xgboost,Age_at_Release,48 or older,38,0.1893438845872879
xgboost,Age_at_Release,48 or older,39,0.5897627472877502
xgboost,Age_at_Release,48 or older,40,0.131610631942749
xgboost,Age_at_Release,48 or older,41,0.4477019309997558
xgboost,Age_at_Release,48 or older,42,0.6281769275665283
xgboost,Age_at_Release,48 or older,43,0.4400478899478912
xgboost,Age_at_Release,48 or older,44,0.5077645778656006
xgboost,Age_at_Release,48 or older,45,0.400085836648941
xgboost,Age_at_Release,48 or older,46,0.4348307251930237
xgboost,Age_at_Release,48 or older,47,0.4117343425750732
xgboost,Age_at_Release,48 or older,48,0.2886324226856231
xgboost,Age_at_Release,48 or older,49,0.4233173131942749
xgboost,Age_at_Release,48 or older,50,0.2766349017620086
xgboost,Age_at_Release,48 or older,51,0.2972560226917267
xgboost,Age_at_Release,48 or older,52,0.4303021430969238
xgboost,Age_at_Release,48 or older,53,0.256862998008728
xgboost,Age_at_Release,48 or older,54,0.3061117827892303
xgboost,Age_at_Release,48 or older,55,0.6626214981079102
xgboost,Age_at_Release,48 or older,56,0.5494560599327087
xgboost,Age_at_Release,48 or older,57,0.4094254374504089
xgboost,Age_at_Release,48 or older,58,0.5006006956100464
xgboost,Age_at_Release,48 or older,59,0.6074633002281189
xgboost,Age_at_Release,48 or older,60,0.6877486109733582
xgboost,Age_at_Release,48 or older,61,0.5793045163154602
xgboost,Age_at_Release,48 or older,62,0.319491446018219
xgboost,Age_at_Release,48 or older,63,0.5094133019447327
xgboost,Age_at_Release,48 or older,64,0.5204194784164429
xgboost,Age_at_Release,48 or older,65,0.3094035983085632
xgboost,Age_at_Release,48 or older,66,0.2335564494132995
xgboost,Age_at_Release,48 or older,67,0.6168546080589294
xgboost,Age_at_Release,48 or older,68,0.2735081911087036
xgboost,Age_at_Release,48 or older,69,0.3595476746559143
xgboost,Age_at_Release,48 or older,70,0.4413466155529022
xgboost,Age_at_Release,48 or older,71,0.5857123732566833
xgboost,Age_at_Release,48 or older,72,0.4844219386577606
xgboost,Age_at_Release,48 or older,73,0.2227565050125122
xgboost,Age_at_Release,48 or older,74,0.2622242569923401
xgboost,Age_at_Release,48 or older,75,0.544963002204895
xgboost,Age_at_Release,48 or older,76,0.4071862995624542
xgboost,Age_at_Release,48 or older,77,0.2501832544803619
xgboost,Age_at_Release,48 or older,78,0.2978493273258209
xgboost,Age_at_Release,48 or older,79,0.4547120630741119
xgboost,Age_at_Release,48 or older,80,0.1489814072847366
xgboost,Age_at_Release,48 or older,81,0.2032064497470855
xgboost,Age_at_Release,48 or older,82,0.4557583630084991
xgboost,Age_at_Release,48 or older,83,0.2779057323932647
xgboost,Age_at_Release,48 or older,84,0.2981142401695251
xgboost,Age_at_Release,48 or older,85,0.2553760707378387
xgboost,Age_at_Release,48 or older,86,0.3687627613544464
xgboost,Age_at_Release,48 or older,87,0.3121834695339203
xgboost,Age_at_Release,48 or older,88,0.5193883776664734
xgboost,Age_at_Release,48 or older,89,0.4486585855484009
xgboost,Age_at_Release,48 or older,90,0.4202896952629089
xgboost,Age_at_Release,48 or older,91,0.2840860188007355
xgboost,Age_at_Release,48 or older,92,0.2386418581008911
xgboost,Age_at_Release,48 or older,93,0.6769736409187317
xgboost,Age_at_Release,48 or older,94,0.315773993730545
xgboost,Age_at_Release,48 or older,95,0.5768911242485046
xgboost,Age_at_Release,48 or older,96,0.3683089017868042
xgboost,Age_at_Release,48 or older,97,0.1351823657751083
xgboost,Age_at_Release,48 or older,98,0.3794470131397247
xgboost,Age_at_Release,48 or older,99,0.18220816552639
xgboost,Age_at_Release,48 or older,100,0.3611902296543121
xgboost,Age_at_Release,48 or older,101,0.5032362937927246
xgboost,Age_at_Release,48 or older,102,0.2908110022544861
xgboost,Age_at_Release,48 or older,103,0.6063995957374573
xgboost,Age_at_Release,48 or older,104,0.4649718999862671
xgboost,Age_at_Release,48 or older,105,0.2589221000671386
xgboost,Age_at_Release,48 or older,106,0.7000812292098999
xgboost,Age_at_Release,48 or older,107,0.3114044666290283
xgboost,Age_at_Release,48 or older,108,0.3080780804157257
xgboost,Age_at_Release,48 or older,109,0.4030786156654358
xgboost,Age_at_Release,48 or older,110,0.1475357264280319
xgboost,Age_at_Release,48 or older,111,0.5276108980178833
xgboost,Age_at_Release,48 or older,112,0.5660078525543213
xgboost,Age_at_Release,48 or older,113,0.4029190242290497
xgboost,Age_at_Release,48 or older,114,0.1999256461858749
xgboost,Age_at_Release,48 or older,115,0.7207843661308289
xgboost,Age_at_Release,48 or older,116,0.7719902396202087
xgboost,Age_at_Release,48 or older,117,0.5391536951065063
xgboost,Age_at_Release,48 or older,118,0.6752031445503235
xgboost,Age_at_Release,48 or older,119,0.356340616941452
xgboost,Age_at_Release,48 or older,120,0.1967980116605758
xgboost,Age_at_Release,48 or older,121,0.7344896197319031
xgboost,Age_at_Release,48 or older,122,0.3359872102737427
xgboost,Age_at_Release,48 or older,123,0.3368266522884369
xgboost,Age_at_Release,48 or older,124,0.5730481147766113
xgboost,Age_at_Release,48 or older,125,0.4300971627235412
xgboost,Age_at_Release,48 or older,126,0.3180030882358551
xgboost,Age_at_Release,48 or older,127,0.551810085773468
xgboost,Age_at_Release,48 or older,128,0.4417343735694885
xgboost,Age_at_Release,48 or older,129,0.4814282953739166
xgboost,Age_at_Release,48 or older,130,0.3016075491905212
xgboost,Age_at_Release,48 or older,131,0.4002806544303894
xgboost,Age_at_Release,48 or older,132,0.569139838218689
xgboost,Age_at_Release,48 or older,133,0.3787835240364074
xgboost,Age_at_Release,48 or older,134,0.6314611434936523
xgboost,Age_at_Release,48 or older,135,0.5025150179862976
xgboost,Age_at_Release,48 or older,136,0.5676736235618591
xgboost,Age_at_Release,48 or older,137,0.3841795325279236
xgboost,Age_at_Release,48 or older,138,0.1053616181015968
xgboost,Age_at_Release,48 or older,139,0.5578767657279968
xgboost,Age_at_Release,48 or older,140,0.6816774010658264
xgboost,Age_at_Release,48 or older,141,0.0885136798024177
xgboost,Age_at_Release,48 or older,142,0.1328251212835312
xgboost,Age_at_Release,48 or older,143,0.6122658848762512
xgboost,Age_at_Release,48 or older,144,0.2132322937250137
xgboost,Age_at_Release,48 or older,145,0.6273216009140015
xgboost,Age_at_Release,48 or older,146,0.2873424887657165
xgboost,Age_at_Release,48 or older,147,0.6818692684173584
xgboost,Age_at_Release,48 or older,148,0.4011794924736023
xgboost,Age_at_Release,48 or older,149,0.7112414836883545
xgboost,Age_at_Release,48 or older,150,0.3796447813510895
xgboost,Age_at_Release,48 or older,151,0.4077674746513366
xgboost,Age_at_Release,48 or older,152,0.4392294585704803
xgboost,Age_at_Release,48 or older,153,0.4014615714550018
xgboost,Age_at_Release,48 or older,154,0.4712379276752472
xgboost,Age_at_Release,48 or older,155,0.640844464302063
xgboost,Age_at_Release,48 or older,156,0.6235496997833252
xgboost,Age_at_Release,48 or older,157,0.7019620537757874
xgboost,Age_at_Release,48 or older,158,0.7543230652809143
xgboost,Age_at_Release,48 or older,159,0.5323396921157837
xgboost,Age_at_Release,48 or older,160,0.324488490819931
xgboost,Age_at_Release,48 or older,161,0.4602031111717224
xgboost,Age_at_Release,48 or older,162,0.7848160266876221
xgboost,Age_at_Release,48 or older,163,0.1116529777646064
xgboost,Age_at_Release,48 or older,164,0.4752153754234314
xgboost,Age_at_Release,48 or older,165,0.3934819996356964
xgboost,Age_at_Release,48 or older,166,0.4787253141403198
xgboost,Age_at_Release,48 or older,167,0.4745422005653381
xgboost,Age_at_Release,48 or older,168,0.4457656443119049
xgboost,Age_at_Release,48 or older,169,0.4579043388366699
xgboost,Age_at_Release,48 or older,170,0.8449114561080933
xgboost,Age_at_Release,48 or older,171,0.8288797736167908
xgboost,Age_at_Release,48 or older,172,0.5633078217506409
xgboost,Age_at_Release,48 or older,173,0.372936874628067
xgboost,Age_at_Release,48 or older,174,0.4235058426856994
xgboost,Age_at_Release,48 or older,175,0.0803568139672279
xgboost,Age_at_Release,48 or older,176,0.414246141910553
xgboost,Age_at_Release,48 or older,177,0.3546609878540039
xgboost,Age_at_Release,48 or older,178,0.2980734705924988
xgboost,Age_at_Release,48 or older,179,0.3346346914768219
xgboost,Age_at_Release,48 or older,180,0.2776657342910766
xgboost,Age_at_Release,48 or older,181,0.4274653792381286
xgboost,Age_at_Release,48 or older,182,0.6705451011657715
xgboost,Age_at_Release,48 or older,183,0.6094850897789001
xgboost,Age_at_Release,48 or older,184,0.6579752564430237
xgboost,Age_at_Release,48 or older,185,0.4603973925113678
xgboost,Age_at_Release,48 or older,186,0.2910757958889007
xgboost,Age_at_Release,48 or older,187,0.6399314403533936
xgboost,Age_at_Release,48 or older,188,0.54209965467453
xgboost,Age_at_Release,48 or older,189,0.5303516983985901
xgboost,Age_at_Release,48 or older,190,0.1830275505781173
xgboost,Age_at_Release,48 or older,191,0.7599279284477234
xgboost,Age_at_Release,48 or older,192,0.6134747862815857
xgboost,Age_at_Release,48 or older,193,0.2211202681064605
xgboost,Age_at_Release,48 or older,194,0.4601218402385711
xgboost,Age_at_Release,48 or older,195,0.5594721436500549
xgboost,Age_at_Release,48 or older,196,0.2825895547866821
xgboost,Age_at_Release,48 or older,197,0.2937453985214233
xgboost,Age_at_Release,48 or older,198,0.60902339220047
xgboost,Age_at_Release,48 or older,199,0.3551491796970367
xgboost,Gang_Affiliated,No,0,0.7950060963630676
xgboost,Gang_Affiliated,No,1,0.5971224308013916
xgboost,Gang_Affiliated,No,2,0.7386674284934998
xgboost,Gang_Affiliated,No,3,0.1803774684667587
xgboost,Gang_Affiliated,No,4,0.427300214767456
xgboost,Gang_Affiliated,No,5,0.2698636949062347
xgboost,Gang_Affiliated,No,6,0.6466165781021118
xgboost,Gang_Affiliated,No,7,0.2898923456668854
xgboost,Gang_Affiliated,No,8,0.3630058467388153
xgboost,Gang_Affiliated,No,9,0.701947033405304
xgboost,Gang_Affiliated,No,10,0.5814806222915649
xgboost,Gang_Affiliated,No,11,0.269496202468872
xgboost,Gang_Affiliated,No,12,0.8136797547340393
xgboost,Gang_Affiliated,No,13,0.695652186870575
xgboost,Gang_Affiliated,No,14,0.6541169881820679
xgboost,Gang_Affiliated,No,15,0.3198472261428833
xgboost,Gang_Affiliated,No,16,0.814653754234314
xgboost,Gang_Affiliated,No,17,0.6025446057319641
xgboost,Gang_Affiliated,No,18,0.7170499563217163
xgboost,Gang_Affiliated,No,19,0.632154107093811
xgboost,Gang_Affiliated,No,20,0.4131094813346863
xgboost,Gang_Affiliated,No,21,0.6488373279571533
xgboost,Gang_Affiliated,No,22,0.6496597528457642
xgboost,Gang_Affiliated,No,23,0.7814074754714966
xgboost,Gang_Affiliated,No,24,0.7786323428153992
xgboost,Gang_Affiliated,No,25,0.2660860419273376
xgboost,Gang_Affiliated,No,26,0.7114089727401733
xgboost,Gang_Affiliated,No,27,0.7373558282852173
xgboost,Gang_Affiliated,No,28,0.192235454916954
xgboost,Gang_Affiliated,No,29,0.5509872436523438
xgboost,Gang_Affiliated,No,30,0.389661580324173
xgboost,Gang_Affiliated,No,31,0.2477031499147415
xgboost,Gang_Affiliated,No,32,0.1340261250734329
xgboost,Gang_Affiliated,No,33,0.5866482257843018
xgboost,Gang_Affiliated,No,34,0.3296538293361664
xgboost,Gang_Affiliated,No,35,0.4295045137405395
xgboost,Gang_Affiliated,No,36,0.7239527702331543
xgboost,Gang_Affiliated,No,37,0.4260082244873047
xgboost,Gang_Affiliated,No,38,0.2919072210788727
xgboost,Gang_Affiliated,No,39,0.6512450575828552
xgboost,Gang_Affiliated,No,40,0.1580824702978134
xgboost,Gang_Affiliated,No,41,0.8077037334442139
xgboost,Gang_Affiliated,No,42,0.753679096698761
xgboost,Gang_Affiliated,No,43,0.6817446351051331
xgboost,Gang_Affiliated,No,44,0.712043046951294
xgboost,Gang_Affiliated,No,45,0.68710857629776
xgboost,Gang_Affiliated,No,46,0.6150801181793213
xgboost,Gang_Affiliated,No,47,0.5569673776626587
xgboost,Gang_Affiliated,No,48,0.2886324226856231
xgboost,Gang_Affiliated,No,49,0.4233173131942749
xgboost,Gang_Affiliated,No,50,0.4916465282440185
xgboost,Gang_Affiliated,No,51,0.4257834255695343
xgboost,Gang_Affiliated,No,52,0.4303021430969238
xgboost,Gang_Affiliated,No,53,0.4822209775447845
xgboost,Gang_Affiliated,No,54,0.5246362686157227
xgboost,Gang_Affiliated,No,55,0.8029791116714478
xgboost,Gang_Affiliated,No,56,0.6959105730056763
xgboost,Gang_Affiliated,No,57,0.6435800790786743
xgboost,Gang_Affiliated,No,58,0.5006006956100464
xgboost,Gang_Affiliated,No,59,0.6525123119354248
xgboost,Gang_Affiliated,No,60,0.7823047041893005
xgboost,Gang_Affiliated,No,61,0.7403059601783752
xgboost,Gang_Affiliated,No,62,0.383763700723648
xgboost,Gang_Affiliated,No,63,0.6386308670043945
xgboost,Gang_Affiliated,No,64,0.7888662219047546
xgboost,Gang_Affiliated,No,65,0.5447928309440613
xgboost,Gang_Affiliated,No,66,0.3604849278926849
xgboost,Gang_Affiliated,No,67,0.7593970894813538
xgboost,Gang_Affiliated,No,68,0.5483934879302979
xgboost,Gang_Affiliated,No,69,0.5577625632286072
xgboost,Gang_Affiliated,No,70,0.4413466155529022
xgboost,Gang_Affiliated,No,71,0.7865057587623596
xgboost,Gang_Affiliated,No,72,0.7742015719413757
xgboost,Gang_Affiliated,No,73,0.5109197497367859
xgboost,Gang_Affiliated,No,74,0.2622242569923401
xgboost,Gang_Affiliated,No,75,0.648703396320343
xgboost,Gang_Affiliated,No,76,0.52666836977005
xgboost,Gang_Affiliated,No,77,0.523635983467102
xgboost,Gang_Affiliated,No,78,0.5145760774612427
xgboost,Gang_Affiliated,No,79,0.4147681295871734
xgboost,Gang_Affiliated,No,80,0.3878051936626434
xgboost,Gang_Affiliated,No,81,0.5893388390541077
xgboost,Gang_Affiliated,No,82,0.4557583630084991
xgboost,Gang_Affiliated,No,83,0.4449503123760223
xgboost,Gang_Affiliated,No,84,0.4407829046249389
xgboost,Gang_Affiliated,No,85,0.5748704075813293
xgboost,Gang_Affiliated,No,86,0.726502001285553
xgboost,Gang_Affiliated,No,87,0.630649745464325
xgboost,Gang_Affiliated,No,88,0.5193883776664734
xgboost,Gang_Affiliated,No,89,0.7563268542289734
xgboost,Gang_Affiliated,No,90,0.7316122055053711
xgboost,Gang_Affiliated,No,91,0.4386411607265472
xgboost,Gang_Affiliated,No,92,0.6170138120651245
xgboost,Gang_Affiliated,No,93,0.778468906879425
xgboost,Gang_Affiliated,No,94,0.5940843820571899
xgboost,Gang_Affiliated,No,95,0.7278746962547302
xgboost,Gang_Affiliated,No,96,0.520519495010376
xgboost,Gang_Affiliated,No,97,0.2419111579656601
xgboost,Gang_Affiliated,No,98,0.471745878458023
xgboost,Gang_Affiliated,No,99,0.3922222554683685
xgboost,Gang_Affiliated,No,100,0.4361240565776825
xgboost,Gang_Affiliated,No,101,0.5781856775283813
xgboost,Gang_Affiliated,No,102,0.5878207087516785
xgboost,Gang_Affiliated,No,103,0.8364099264144897
xgboost,Gang_Affiliated,No,104,0.7000882625579834
xgboost,Gang_Affiliated,No,105,0.3585278391838074
xgboost,Gang_Affiliated,No,106,0.7578554749488831
xgboost,Gang_Affiliated,No,107,0.3114044666290283
xgboost,Gang_Affiliated,No,108,0.5105259418487549
xgboost,Gang_Affiliated,No,109,0.6353471279144287
xgboost,Gang_Affiliated,No,110,0.2659473419189453
xgboost,Gang_Affiliated,No,111,0.5276108980178833
xgboost,Gang_Affiliated,No,112,0.6141834855079651
xgboost,Gang_Affiliated,No,113,0.4029190242290497
xgboost,Gang_Affiliated,No,114,0.1999256461858749
xgboost,Gang_Affiliated,No,115,0.7243655920028687
xgboost,Gang_Affiliated,No,116,0.8209391832351685
xgboost,Gang_Affiliated,No,117,0.729479193687439
xgboost,Gang_Affiliated,No,118,0.7850563526153564
xgboost,Gang_Affiliated,No,119,0.6517094373703003
xgboost,Gang_Affiliated,No,120,0.2467553168535232
xgboost,Gang_Affiliated,No,121,0.8622862696647644
xgboost,Gang_Affiliated,No,122,0.5411602258682251
xgboost,Gang_Affiliated,No,123,0.5443488955497742
xgboost,Gang_Affiliated,No,124,0.7312508225440979
xgboost,Gang_Affiliated,No,125,0.4300971627235412
xgboost,Gang_Affiliated,No,126,0.5378407835960388
xgboost,Gang_Affiliated,No,127,0.6074421405792236
xgboost,Gang_Affiliated,No,128,0.6711077094078064
xgboost,Gang_Affiliated,No,129,0.6292893290519714
xgboost,Gang_Affiliated,No,130,0.3016075491905212
xgboost,Gang_Affiliated,No,131,0.4761524498462677
xgboost,Gang_Affiliated,No,132,0.5752708315849304
xgboost,Gang_Affiliated,No,133,0.4477765262126922
xgboost,Gang_Affiliated,No,134,0.6314611434936523
xgboost,Gang_Affiliated,No,135,0.7971586585044861
xgboost,Gang_Affiliated,No,136,0.7276118397712708
xgboost,Gang_Affiliated,No,137,0.7036710977554321
xgboost,Gang_Affiliated,No,138,0.1146300509572029
xgboost,Gang_Affiliated,No,139,0.5578767657279968
xgboost,Gang_Affiliated,No,140,0.6816774010658264
xgboost,Gang_Affiliated,No,141,0.1043535396456718
xgboost,Gang_Affiliated,No,142,0.3100495040416717
xgboost,Gang_Affiliated,No,143,0.6877027153968811
xgboost,Gang_Affiliated,No,144,0.2619200348854065
xgboost,Gang_Affiliated,No,145,0.7575593590736389
xgboost,Gang_Affiliated,No,146,0.3381780087947845
xgboost,Gang_Affiliated,No,147,0.7472147345542908
xgboost,Gang_Affiliated,No,148,0.601671040058136
xgboost,Gang_Affiliated,No,149,0.7512978315353394
xgboost,Gang_Affiliated,No,150,0.7751732468605042
xgboost,Gang_Affiliated,No,151,0.4077674746513366
xgboost,Gang_Affiliated,No,152,0.4392294585704803
xgboost,Gang_Affiliated,No,153,0.7053813934326172
xgboost,Gang_Affiliated,No,154,0.4712379276752472
xgboost,Gang_Affiliated,No,155,0.7671531438827515
xgboost,Gang_Affiliated,No,156,0.7068287134170532
xgboost,Gang_Affiliated,No,157,0.7389849424362183
xgboost,Gang_Affiliated,No,158,0.7511703968048096
xgboost,Gang_Affiliated,No,159,0.6647603511810303
xgboost,Gang_Affiliated,No,160,0.4495638608932495
xgboost,Gang_Affiliated,No,161,0.8207350373268127
xgboost,Gang_Affiliated,No,162,0.8177216053009033
xgboost,Gang_Affiliated,No,163,0.1116529777646064
xgboost,Gang_Affiliated,No,164,0.7364635467529297
xgboost,Gang_Affiliated,No,165,0.4963915348052978
xgboost,Gang_Affiliated,No,166,0.8285093903541565
xgboost,Gang_Affiliated,No,167,0.594407320022583
xgboost,Gang_Affiliated,No,168,0.7403233051300049
xgboost,Gang_Affiliated,No,169,0.5506352186203003
xgboost,Gang_Affiliated,No,170,0.8296571373939514
xgboost,Gang_Affiliated,No,171,0.8684701323509216
xgboost,Gang_Affiliated,No,172,0.5533263087272644
xgboost,Gang_Affiliated,No,173,0.372936874628067
xgboost,Gang_Affiliated,No,174,0.4235058426856994
xgboost,Gang_Affiliated,No,175,0.0803568139672279
xgboost,Gang_Affiliated,No,176,0.7006991505622864
xgboost,Gang_Affiliated,No,177,0.4095948934555053
xgboost,Gang_Affiliated,No,178,0.3937798142433166
xgboost,Gang_Affiliated,No,179,0.3483935594558716
xgboost,Gang_Affiliated,No,180,0.5573776960372925
xgboost,Gang_Affiliated,No,181,0.5884724855422974
xgboost,Gang_Affiliated,No,182,0.7473710775375366
xgboost,Gang_Affiliated,No,183,0.7965148687362671
xgboost,Gang_Affiliated,No,184,0.735877275466919
xgboost,Gang_Affiliated,No,185,0.8047993779182434
xgboost,Gang_Affiliated,No,186,0.4090326726436615
xgboost,Gang_Affiliated,No,187,0.7153183817863464
xgboost,Gang_Affiliated,No,188,0.54209965467453
xgboost,Gang_Affiliated,No,189,0.6349880695343018
xgboost,Gang_Affiliated,No,190,0.5420173406600952
xgboost,Gang_Affiliated,No,191,0.739543080329895
xgboost,Gang_Affiliated,No,192,0.7317842841148376
xgboost,Gang_Affiliated,No,193,0.2716096341609955
xgboost,Gang_Affiliated,No,194,0.6087382435798645
xgboost,Gang_Affiliated,No,195,0.7123365998268127
xgboost,Gang_Affiliated,No,196,0.47148397564888
xgboost,Gang_Affiliated,No,197,0.2937453985214233
xgboost,Gang_Affiliated,No,198,0.6398137211799622
xgboost,Gang_Affiliated,No,199,0.5839571952819824
xgboost,Gang_Affiliated,Yes,0,0.8823977112770081
xgboost,Gang_Affiliated,Yes,1,0.7825817465782166
xgboost,Gang_Affiliated,Yes,2,0.8494554758071899
xgboost,Gang_Affiliated,Yes,3,0.315190315246582
xgboost,Gang_Affiliated,Yes,4,0.5812277793884277
xgboost,Gang_Affiliated,Yes,5,0.4501159787178039
xgboost,Gang_Affiliated,Yes,6,0.7932652831077576
xgboost,Gang_Affiliated,Yes,7,0.5166411995887756
xgboost,Gang_Affiliated,Yes,8,0.579799473285675
xgboost,Gang_Affiliated,Yes,9,0.8386333584785461
xgboost,Gang_Affiliated,Yes,10,0.7921909093856812
xgboost,Gang_Affiliated,Yes,11,0.4783229529857635
xgboost,Gang_Affiliated,Yes,12,0.8872856497764587
xgboost,Gang_Affiliated,Yes,13,0.8132144808769226
xgboost,Gang_Affiliated,Yes,14,0.8280471563339233
xgboost,Gang_Affiliated,Yes,15,0.5333899259567261
xgboost,Gang_Affiliated,Yes,16,0.8834094405174255
xgboost,Gang_Affiliated,Yes,17,0.7435276508331299
xgboost,Gang_Affiliated,Yes,18,0.8391056656837463
xgboost,Gang_Affiliated,Yes,19,0.8017187714576721
xgboost,Gang_Affiliated,Yes,20,0.6381236910820007
xgboost,Gang_Affiliated,Yes,21,0.8301709294319153
xgboost,Gang_Affiliated,Yes,22,0.7947052121162415
xgboost,Gang_Affiliated,Yes,23,0.8792341947555542
xgboost,Gang_Affiliated,Yes,24,0.8795376420021057
xgboost,Gang_Affiliated,Yes,25,0.4402036070823669
xgboost,Gang_Affiliated,Yes,26,0.8309558629989624
xgboost,Gang_Affiliated,Yes,27,0.8421316146850586
xgboost,Gang_Affiliated,Yes,28,0.3774015307426452
xgboost,Gang_Affiliated,Yes,29,0.6946619153022766
xgboost,Gang_Affiliated,Yes,30,0.6077728867530823
xgboost,Gang_Affiliated,Yes,31,0.4107653200626373
xgboost,Gang_Affiliated,Yes,32,0.2650455832481384
xgboost,Gang_Affiliated,Yes,33,0.7414536476135254
xgboost,Gang_Affiliated,Yes,34,0.5312268137931824
xgboost,Gang_Affiliated,Yes,35,0.6369331479072571
xgboost,Gang_Affiliated,Yes,36,0.8535450100898743
xgboost,Gang_Affiliated,Yes,37,0.6747346520423889
xgboost,Gang_Affiliated,Yes,38,0.4820712804794311
xgboost,Gang_Affiliated,Yes,39,0.7974568605422974
xgboost,Gang_Affiliated,Yes,40,0.3116627633571625
xgboost,Gang_Affiliated,Yes,41,0.9108746647834778
xgboost,Gang_Affiliated,Yes,42,0.8666656017303467
xgboost,Gang_Affiliated,Yes,43,0.8042905926704407
xgboost,Gang_Affiliated,Yes,44,0.8557307720184326
xgboost,Gang_Affiliated,Yes,45,0.8444832563400269
xgboost,Gang_Affiliated,Yes,46,0.7906537055969238
xgboost,Gang_Affiliated,Yes,47,0.7361627817153931
xgboost,Gang_Affiliated,Yes,48,0.4690187275409698
xgboost,Gang_Affiliated,Yes,49,0.5885291695594788
xgboost,Gang_Affiliated,Yes,50,0.6874330043792725
xgboost,Gang_Affiliated,Yes,51,0.6146956086158752
xgboost,Gang_Affiliated,Yes,52,0.6044788360595703
xgboost,Gang_Affiliated,Yes,53,0.6997371315956116
xgboost,Gang_Affiliated,Yes,54,0.7074888944625854
xgboost,Gang_Affiliated,Yes,55,0.8835088014602661
xgboost,Gang_Affiliated,Yes,56,0.8215383291244507
xgboost,Gang_Affiliated,Yes,57,0.8030664324760437
xgboost,Gang_Affiliated,Yes,58,0.7149248719215393
xgboost,Gang_Affiliated,Yes,59,0.7900496125221252
xgboost,Gang_Affiliated,Yes,60,0.8655301928520203
xgboost,Gang_Affiliated,Yes,61,0.8438402414321899
xgboost,Gang_Affiliated,Yes,62,0.5661025047302246
xgboost,Gang_Affiliated,Yes,63,0.781163215637207
xgboost,Gang_Affiliated,Yes,64,0.890056848526001
xgboost,Gang_Affiliated,Yes,65,0.7381457090377808
xgboost,Gang_Affiliated,Yes,66,0.58770751953125
xgboost,Gang_Affiliated,Yes,67,0.8753840327262878
xgboost,Gang_Affiliated,Yes,68,0.717437744140625
xgboost,Gang_Affiliated,Yes,69,0.7504587769508362
xgboost,Gang_Affiliated,Yes,70,0.6173890233039856
xgboost,Gang_Affiliated,Yes,71,0.893466055393219
xgboost,Gang_Affiliated,Yes,72,0.8747252225875854
xgboost,Gang_Affiliated,Yes,73,0.7111445069313049
xgboost,Gang_Affiliated,Yes,74,0.4275947213172912
xgboost,Gang_Affiliated,Yes,75,0.8094247579574585
xgboost,Gang_Affiliated,Yes,76,0.7521636486053467
xgboost,Gang_Affiliated,Yes,77,0.7560487985610962
xgboost,Gang_Affiliated,Yes,78,0.7519608736038208
xgboost,Gang_Affiliated,Yes,79,0.6293428540229797
xgboost,Gang_Affiliated,Yes,80,0.5577296018600464
xgboost,Gang_Affiliated,Yes,81,0.8188420534133911
xgboost,Gang_Affiliated,Yes,82,0.6133050322532654
xgboost,Gang_Affiliated,Yes,83,0.6842759847640991
xgboost,Gang_Affiliated,Yes,84,0.6293979287147522
xgboost,Gang_Affiliated,Yes,85,0.7596018314361572
xgboost,Gang_Affiliated,Yes,86,0.8582817316055298
xgboost,Gang_Affiliated,Yes,87,0.8084028363227844
xgboost,Gang_Affiliated,Yes,88,0.6848499178886414
xgboost,Gang_Affiliated,Yes,89,0.8667523860931396
xgboost,Gang_Affiliated,Yes,90,0.8664854764938354
xgboost,Gang_Affiliated,Yes,91,0.6398328542709351
xgboost,Gang_Affiliated,Yes,92,0.8223178386688232
xgboost,Gang_Affiliated,Yes,93,0.8730583190917969
xgboost,Gang_Affiliated,Yes,94,0.7911982536315918
xgboost,Gang_Affiliated,Yes,95,0.8354499936103821
xgboost,Gang_Affiliated,Yes,96,0.6618314981460571
xgboost,Gang_Affiliated,Yes,97,0.3806758522987366
xgboost,Gang_Affiliated,Yes,98,0.6792279481887817
xgboost,Gang_Affiliated,Yes,99,0.6155543327331543
xgboost,Gang_Affiliated,Yes,100,0.6472604274749756
xgboost,Gang_Affiliated,Yes,101,0.6986206769943237
xgboost,Gang_Affiliated,Yes,102,0.7686300873756409
xgboost,Gang_Affiliated,Yes,103,0.9058824181556702
xgboost,Gang_Affiliated,Yes,104,0.8275550007820129
xgboost,Gang_Affiliated,Yes,105,0.5682846903800964
xgboost,Gang_Affiliated,Yes,106,0.8537605404853821
xgboost,Gang_Affiliated,Yes,107,0.4722506999969482
xgboost,Gang_Affiliated,Yes,108,0.6862485408782959
xgboost,Gang_Affiliated,Yes,109,0.788713812828064
xgboost,Gang_Affiliated,Yes,110,0.4605085551738739
xgboost,Gang_Affiliated,Yes,111,0.7178305387496948
xgboost,Gang_Affiliated,Yes,112,0.7942854166030884
xgboost,Gang_Affiliated,Yes,113,0.5908241271972656
xgboost,Gang_Affiliated,Yes,114,0.3520249426364898
xgboost,Gang_Affiliated,Yes,115,0.8764604926109314
xgboost,Gang_Affiliated,Yes,116,0.8965285420417786
xgboost,Gang_Affiliated,Yes,117,0.8686729669570923
xgboost,Gang_Affiliated,Yes,118,0.8822479844093323
xgboost,Gang_Affiliated,Yes,119,0.8035905957221985
xgboost,Gang_Affiliated,Yes,120,0.4393519759178161
xgboost,Gang_Affiliated,Yes,121,0.919062614440918
xgboost,Gang_Affiliated,Yes,122,0.7571147680282593
xgboost,Gang_Affiliated,Yes,123,0.7485166192054749
xgboost,Gang_Affiliated,Yes,124,0.8274114727973938
xgboost,Gang_Affiliated,Yes,125,0.6242721080780029
xgboost,Gang_Affiliated,Yes,126,0.7205588221549988
xgboost,Gang_Affiliated,Yes,127,0.8092085123062134
xgboost,Gang_Affiliated,Yes,128,0.7866554856300354
xgboost,Gang_Affiliated,Yes,129,0.7857349514961243
xgboost,Gang_Affiliated,Yes,130,0.454574704170227
xgboost,Gang_Affiliated,Yes,131,0.6575904488563538
xgboost,Gang_Affiliated,Yes,132,0.7647646069526672
xgboost,Gang_Affiliated,Yes,133,0.6653820872306824
xgboost,Gang_Affiliated,Yes,134,0.791359543800354
xgboost,Gang_Affiliated,Yes,135,0.8882817029953003
xgboost,Gang_Affiliated,Yes,136,0.8291013836860657
xgboost,Gang_Affiliated,Yes,137,0.8386787176132202
xgboost,Gang_Affiliated,Yes,138,0.2281104922294616
xgboost,Gang_Affiliated,Yes,139,0.7191945314407349
xgboost,Gang_Affiliated,Yes,140,0.7960770726203918
xgboost,Gang_Affiliated,Yes,141,0.1956863105297088
xgboost,Gang_Affiliated,Yes,142,0.4749129712581634
xgboost,Gang_Affiliated,Yes,143,0.8323408961296082
xgboost,Gang_Affiliated,Yes,144,0.4367155134677887
xgboost,Gang_Affiliated,Yes,145,0.8529742956161499
xgboost,Gang_Affiliated,Yes,146,0.5356336832046509
xgboost,Gang_Affiliated,Yes,147,0.8506152033805847
xgboost,Gang_Affiliated,Yes,148,0.770423948764801
xgboost,Gang_Affiliated,Yes,149,0.8563019633293152
xgboost,Gang_Affiliated,Yes,150,0.899660587310791
xgboost,Gang_Affiliated,Yes,151,0.5958532691001892
xgboost,Gang_Affiliated,Yes,152,0.5943517684936523
xgboost,Gang_Affiliated,Yes,153,0.8573189377784729
xgboost,Gang_Affiliated,Yes,154,0.6849837303161621
xgboost,Gang_Affiliated,Yes,155,0.8449486494064331
xgboost,Gang_Affiliated,Yes,156,0.8502169847488403
xgboost,Gang_Affiliated,Yes,157,0.8450029492378235
xgboost,Gang_Affiliated,Yes,158,0.8686653971672058
xgboost,Gang_Affiliated,Yes,159,0.8150308728218079
xgboost,Gang_Affiliated,Yes,160,0.6191412210464478
xgboost,Gang_Affiliated,Yes,161,0.9129260182380676
xgboost,Gang_Affiliated,Yes,162,0.8855105638504028
xgboost,Gang_Affiliated,Yes,163,0.2467483580112457
xgboost,Gang_Affiliated,Yes,164,0.8763716816902161
xgboost,Gang_Affiliated,Yes,165,0.6997301578521729
xgboost,Gang_Affiliated,Yes,166,0.9224050641059875
xgboost,Gang_Affiliated,Yes,167,0.7823463082313538
xgboost,Gang_Affiliated,Yes,168,0.8385636806488037
xgboost,Gang_Affiliated,Yes,169,0.7438327074050903
xgboost,Gang_Affiliated,Yes,170,0.9032208919525146
xgboost,Gang_Affiliated,Yes,171,0.9273729920387268
xgboost,Gang_Affiliated,Yes,172,0.7384293675422668
xgboost,Gang_Affiliated,Yes,173,0.5354496240615845
xgboost,Gang_Affiliated,Yes,174,0.6165515184402466
xgboost,Gang_Affiliated,Yes,175,0.166787177324295
xgboost,Gang_Affiliated,Yes,176,0.8374605774879456
xgboost,Gang_Affiliated,Yes,177,0.5851697325706482
xgboost,Gang_Affiliated,Yes,178,0.6090452671051025
xgboost,Gang_Affiliated,Yes,179,0.5984384417533875
xgboost,Gang_Affiliated,Yes,180,0.7756071090698242
xgboost,Gang_Affiliated,Yes,181,0.8192799091339111
xgboost,Gang_Affiliated,Yes,182,0.8629477620124817
xgboost,Gang_Affiliated,Yes,183,0.8781053423881531
xgboost,Gang_Affiliated,Yes,184,0.8423343300819397
xgboost,Gang_Affiliated,Yes,185,0.8989607095718384
xgboost,Gang_Affiliated,Yes,186,0.5952051281929016
xgboost,Gang_Affiliated,Yes,187,0.8355473279953003
xgboost,Gang_Affiliated,Yes,188,0.6756916642189026
xgboost,Gang_Affiliated,Yes,189,0.7712727785110474
xgboost,Gang_Affiliated,Yes,190,0.7859638333320618
xgboost,Gang_Affiliated,Yes,191,0.8525605797767639
xgboost,Gang_Affiliated,Yes,192,0.8532173037528992
xgboost,Gang_Affiliated,Yes,193,0.4948486387729645
xgboost,Gang_Affiliated,Yes,194,0.722522497177124
xgboost,Gang_Affiliated,Yes,195,0.8211046457290649
xgboost,Gang_Affiliated,Yes,196,0.6739580035209656
xgboost,Gang_Affiliated,Yes,197,0.4627799093723297
xgboost,Gang_Affiliated,Yes,198,0.8240141868591309
xgboost,Gang_Affiliated,Yes,199,0.7716681361198425
tabicl,Age_at_Release,18-22,0,0.9403038024902344
tabicl,Age_at_Release,18-22,1,0.7940512299537659
tabicl,Age_at_Release,18-22,2,0.9445967078208924
tabicl,Age_at_Release,18-22,3,0.3848805427551269
tabicl,Age_at_Release,18-22,4,0.8343120217323303
tabicl,Age_at_Release,18-22,5,0.7963006496429443
tabicl,Age_at_Release,18-22,6,0.7307132482528687
tabicl,Age_at_Release,18-22,7,0.6484494209289551
tabicl,Age_at_Release,18-22,8,0.8572664856910706
tabicl,Age_at_Release,18-22,9,0.82172691822052
tabicl,Age_at_Release,18-22,10,0.7138204574584961
tabicl,Age_at_Release,18-22,11,0.6218284964561462
tabicl,Age_at_Release,18-22,12,0.9768996238708496
tabicl,Age_at_Release,18-22,13,0.8684186339378357
tabicl,Age_at_Release,18-22,14,0.9549410343170166
tabicl,Age_at_Release,18-22,15,0.7313700914382935
tabicl,Age_at_Release,18-22,16,0.8998532891273499
tabicl,Age_at_Release,18-22,17,0.9326839447021484
tabicl,Age_at_Release,18-22,18,0.8630451560020447
tabicl,Age_at_Release,18-22,19,0.851467490196228
tabicl,Age_at_Release,18-22,20,0.8080015182495117
tabicl,Age_at_Release,18-22,21,0.6226677298545837
tabicl,Age_at_Release,18-22,22,0.9192667603492736
tabicl,Age_at_Release,18-22,23,0.934453010559082
tabicl,Age_at_Release,18-22,24,0.936752438545227
tabicl,Age_at_Release,18-22,25,0.7478765845298767
tabicl,Age_at_Release,18-22,26,0.7744791507720947
tabicl,Age_at_Release,18-22,27,0.930670976638794
tabicl,Age_at_Release,18-22,28,0.581994891166687
tabicl,Age_at_Release,18-22,29,0.9288473725318908
tabicl,Age_at_Release,18-22,30,0.7094717025756836
tabicl,Age_at_Release,18-22,31,0.6976209878921509
tabicl,Age_at_Release,18-22,32,0.303536593914032
tabicl,Age_at_Release,18-22,33,0.8898739814758301
tabicl,Age_at_Release,18-22,34,0.6639105081558228
tabicl,Age_at_Release,18-22,35,0.4721907377243042
tabicl,Age_at_Release,18-22,36,0.9393585920333862
tabicl,Age_at_Release,18-22,37,0.6100690364837646
tabicl,Age_at_Release,18-22,38,0.5845056176185608
tabicl,Age_at_Release,18-22,39,0.9154072403907776
tabicl,Age_at_Release,18-22,40,0.4297051131725311
tabicl,Age_at_Release,18-22,41,0.8661895990371704
tabicl,Age_at_Release,18-22,42,0.8967657089233398
tabicl,Age_at_Release,18-22,43,0.8657445311546326
tabicl,Age_at_Release,18-22,44,0.8927578330039978
tabicl,Age_at_Release,18-22,45,0.8173658847808838
tabicl,Age_at_Release,18-22,46,0.896841824054718
tabicl,Age_at_Release,18-22,47,0.7942726612091064
tabicl,Age_at_Release,18-22,48,0.6890522837638855
tabicl,Age_at_Release,18-22,49,0.8674008250236511
tabicl,Age_at_Release,18-22,50,0.7209036946296692
tabicl,Age_at_Release,18-22,51,0.7094423770904541
tabicl,Age_at_Release,18-22,52,0.8620976805686951
tabicl,Age_at_Release,18-22,53,0.7123287320137024
tabicl,Age_at_Release,18-22,54,0.7416369318962097
tabicl,Age_at_Release,18-22,55,0.9401555061340332
tabicl,Age_at_Release,18-22,56,0.8958190679550171
tabicl,Age_at_Release,18-22,57,0.8316544890403748
tabicl,Age_at_Release,18-22,58,0.8992396593093872
tabicl,Age_at_Release,18-22,59,0.9209860563278198
tabicl,Age_at_Release,18-22,60,0.953902304172516
tabicl,Age_at_Release,18-22,61,0.916394054889679
tabicl,Age_at_Release,18-22,62,0.799989640712738
tabicl,Age_at_Release,18-22,63,0.862102210521698
tabicl,Age_at_Release,18-22,64,0.9302007555961608
tabicl,Age_at_Release,18-22,65,0.7751322388648987
tabicl,Age_at_Release,18-22,66,0.7265167832374573
tabicl,Age_at_Release,18-22,67,0.9398435354232788
tabicl,Age_at_Release,18-22,68,0.6735442876815796
tabicl,Age_at_Release,18-22,69,0.8310602903366089
tabicl,Age_at_Release,18-22,70,0.8652979135513306
tabicl,Age_at_Release,18-22,71,0.9154418110847472
tabicl,Age_at_Release,18-22,72,0.8507788777351379
tabicl,Age_at_Release,18-22,73,0.6167875528335571
tabicl,Age_at_Release,18-22,74,0.7427050471305847
tabicl,Age_at_Release,18-22,75,0.8942856788635254
tabicl,Age_at_Release,18-22,76,0.810133695602417
tabicl,Age_at_Release,18-22,77,0.6280421018600464
tabicl,Age_at_Release,18-22,78,0.7503899335861206
tabicl,Age_at_Release,18-22,79,0.7915955781936646
tabicl,Age_at_Release,18-22,80,0.449908047914505
tabicl,Age_at_Release,18-22,81,0.6513953804969788
tabicl,Age_at_Release,18-22,82,0.8746232986450195
tabicl,Age_at_Release,18-22,83,0.7376536130905151
tabicl,Age_at_Release,18-22,84,0.7545970678329468
tabicl,Age_at_Release,18-22,85,0.7228974103927612
tabicl,Age_at_Release,18-22,86,0.8473199605941772
tabicl,Age_at_Release,18-22,87,0.7594993710517883
tabicl,Age_at_Release,18-22,88,0.9373435378074646
tabicl,Age_at_Release,18-22,89,0.8974956274032593
tabicl,Age_at_Release,18-22,90,0.8146940469741821
tabicl,Age_at_Release,18-22,91,0.6997379064559937
tabicl,Age_at_Release,18-22,92,0.6280287504196167
tabicl,Age_at_Release,18-22,93,0.9360344409942628
tabicl,Age_at_Release,18-22,94,0.7476823329925537
tabicl,Age_at_Release,18-22,95,0.9182579517364502
tabicl,Age_at_Release,18-22,96,0.8054460883140564
tabicl,Age_at_Release,18-22,97,0.3701213300228119
tabicl,Age_at_Release,18-22,98,0.803568959236145
tabicl,Age_at_Release,18-22,99,0.612941563129425
tabicl,Age_at_Release,18-22,100,0.739458441734314
tabicl,Age_at_Release,18-22,101,0.8786587715148926
tabicl,Age_at_Release,18-22,102,0.7241438627243042
tabicl,Age_at_Release,18-22,103,0.8927834033966064
tabicl,Age_at_Release,18-22,104,0.8972991108894348
tabicl,Age_at_Release,18-22,105,0.6603373289108276
tabicl,Age_at_Release,18-22,106,0.9544979333877563
tabicl,Age_at_Release,18-22,107,0.7768265604972839
tabicl,Age_at_Release,18-22,108,0.7253977656364441
tabicl,Age_at_Release,18-22,109,0.8180503249168396
tabicl,Age_at_Release,18-22,110,0.4820819199085235
tabicl,Age_at_Release,18-22,111,0.8890013694763184
tabicl,Age_at_Release,18-22,112,0.9175339937210084
tabicl,Age_at_Release,18-22,113,0.8338338136672974
tabicl,Age_at_Release,18-22,114,0.58870929479599
tabicl,Age_at_Release,18-22,115,0.9457418322563172
tabicl,Age_at_Release,18-22,116,0.9740575551986694
tabicl,Age_at_Release,18-22,117,0.9053542613983154
tabicl,Age_at_Release,18-22,118,0.949138879776001
tabicl,Age_at_Release,18-22,119,0.7196236252784729
tabicl,Age_at_Release,18-22,120,0.5371241569519043
tabicl,Age_at_Release,18-22,121,0.970850110054016
tabicl,Age_at_Release,18-22,122,0.7543745040893555
tabicl,Age_at_Release,18-22,123,0.7467323541641235
tabicl,Age_at_Release,18-22,124,0.9286770820617676
tabicl,Age_at_Release,18-22,125,0.8570330739021301
tabicl,Age_at_Release,18-22,126,0.7422748804092407
tabicl,Age_at_Release,18-22,127,0.8833286166191101
tabicl,Age_at_Release,18-22,128,0.872295618057251
tabicl,Age_at_Release,18-22,129,0.8667121529579163
tabicl,Age_at_Release,18-22,130,0.7913504838943481
tabicl,Age_at_Release,18-22,131,0.8433324694633484
tabicl,Age_at_Release,18-22,132,0.9018280506134032
tabicl,Age_at_Release,18-22,133,0.7734764814376831
tabicl,Age_at_Release,18-22,134,0.93086439371109
tabicl,Age_at_Release,18-22,135,0.8900810480117798
tabicl,Age_at_Release,18-22,136,0.930167019367218
tabicl,Age_at_Release,18-22,137,0.8238700032234192
tabicl,Age_at_Release,18-22,138,0.308008074760437
tabicl,Age_at_Release,18-22,139,0.9351418018341064
tabicl,Age_at_Release,18-22,140,0.954952597618103
tabicl,Age_at_Release,18-22,141,0.2233868241310119
tabicl,Age_at_Release,18-22,142,0.3605585396289825
tabicl,Age_at_Release,18-22,143,0.9437032341957092
tabicl,Age_at_Release,18-22,144,0.6552147269248962
tabicl,Age_at_Release,18-22,145,0.9561883807182312
tabicl,Age_at_Release,18-22,146,0.7884618639945984
tabicl,Age_at_Release,18-22,147,0.9514740109443665
tabicl,Age_at_Release,18-22,148,0.7719939351081848
tabicl,Age_at_Release,18-22,149,0.9571502208709716
tabicl,Age_at_Release,18-22,150,0.7699469327926636
tabicl,Age_at_Release,18-22,151,0.8748072385787964
tabicl,Age_at_Release,18-22,152,0.8844374418258667
tabicl,Age_at_Release,18-22,153,0.808817446231842
tabicl,Age_at_Release,18-22,154,0.8782758116722107
tabicl,Age_at_Release,18-22,155,0.9396483302116394
tabicl,Age_at_Release,18-22,156,0.8828513622283936
tabicl,Age_at_Release,18-22,157,0.9496829509735109
tabicl,Age_at_Release,18-22,158,0.9713176488876344
tabicl,Age_at_Release,18-22,159,0.8815175294876099
tabicl,Age_at_Release,18-22,160,0.7896137237548828
tabicl,Age_at_Release,18-22,161,0.846028208732605
tabicl,Age_at_Release,18-22,162,0.9747376441955566
tabicl,Age_at_Release,18-22,163,0.4065131247043609
tabicl,Age_at_Release,18-22,164,0.8555911779403687
tabicl,Age_at_Release,18-22,165,0.8199067115783691
tabicl,Age_at_Release,18-22,166,0.8823959231376648
tabicl,Age_at_Release,18-22,167,0.8478145003318787
tabicl,Age_at_Release,18-22,168,0.8474479913711548
tabicl,Age_at_Release,18-22,169,0.8297891020774841
tabicl,Age_at_Release,18-22,170,0.976595938205719
tabicl,Age_at_Release,18-22,171,0.9840201139450072
tabicl,Age_at_Release,18-22,172,0.8602457642555237
tabicl,Age_at_Release,18-22,173,0.8671537041664124
tabicl,Age_at_Release,18-22,174,0.8873385190963745
tabicl,Age_at_Release,18-22,175,0.2430067956447601
tabicl,Age_at_Release,18-22,176,0.7830833196640015
tabicl,Age_at_Release,18-22,177,0.8152905106544495
tabicl,Age_at_Release,18-22,178,0.6758337616920471
tabicl,Age_at_Release,18-22,179,0.7068200707435608
tabicl,Age_at_Release,18-22,180,0.6362919807434082
tabicl,Age_at_Release,18-22,181,0.8317187428474426
tabicl,Age_at_Release,18-22,182,0.925770342350006
tabicl,Age_at_Release,18-22,183,0.9285807609558104
tabicl,Age_at_Release,18-22,184,0.9287351369857788
tabicl,Age_at_Release,18-22,185,0.8203983902931213
tabicl,Age_at_Release,18-22,186,0.7456089854240417
tabicl,Age_at_Release,18-22,187,0.9377598762512208
tabicl,Age_at_Release,18-22,188,0.9355840086936952
tabicl,Age_at_Release,18-22,189,0.8958303928375244
tabicl,Age_at_Release,18-22,190,0.5425750017166138
tabicl,Age_at_Release,18-22,191,0.9666292667388916
tabicl,Age_at_Release,18-22,192,0.9275202751159668
tabicl,Age_at_Release,18-22,193,0.6145139932632446
tabicl,Age_at_Release,18-22,194,0.9142191410064696
tabicl,Age_at_Release,18-22,195,0.9348690509796144
tabicl,Age_at_Release,18-22,196,0.7051677703857422
tabicl,Age_at_Release,18-22,197,0.8023942708969116
tabicl,Age_at_Release,18-22,198,0.8959333896636963
tabicl,Age_at_Release,18-22,199,0.8289530277252197
tabicl,Age_at_Release,23-27,0,0.9009327292442322
tabicl,Age_at_Release,23-27,1,0.6979214549064636
tabicl,Age_at_Release,23-27,2,0.9155179262161256
tabicl,Age_at_Release,23-27,3,0.2800370752811432
tabicl,Age_at_Release,23-27,4,0.7507166266441345
tabicl,Age_at_Release,23-27,5,0.6787604689598083
tabicl,Age_at_Release,23-27,6,0.6130585074424744
tabicl,Age_at_Release,23-27,7,0.508520245552063
tabicl,Age_at_Release,23-27,8,0.7729516625404358
tabicl,Age_at_Release,23-27,9,0.7269515991210938
tabicl,Age_at_Release,23-27,10,0.5946197509765625
tabicl,Age_at_Release,23-27,11,0.4963636994361877
tabicl,Age_at_Release,23-27,12,0.9646995663642884
tabicl,Age_at_Release,23-27,13,0.7816799879074097
tabicl,Age_at_Release,23-27,14,0.9261270761489868
tabicl,Age_at_Release,23-27,15,0.6003755331039429
tabicl,Age_at_Release,23-27,16,0.8382272720336914
tabicl,Age_at_Release,23-27,17,0.8919612169265747
tabicl,Age_at_Release,23-27,18,0.7899503111839294
tabicl,Age_at_Release,23-27,19,0.7643616199493408
tabicl,Age_at_Release,23-27,20,0.6943781971931458
tabicl,Age_at_Release,23-27,21,0.5046199560165405
tabicl,Age_at_Release,23-27,22,0.8685280680656433
tabicl,Age_at_Release,23-27,23,0.8958028554916382
tabicl,Age_at_Release,23-27,24,0.8927503228187561
tabicl,Age_at_Release,23-27,25,0.6305214166641235
tabicl,Age_at_Release,23-27,26,0.6755296587944031
tabicl,Age_at_Release,23-27,27,0.8830690979957581
tabicl,Age_at_Release,23-27,28,0.4359209835529327
tabicl,Age_at_Release,23-27,29,0.8825319409370422
tabicl,Age_at_Release,23-27,30,0.5859151482582092
tabicl,Age_at_Release,23-27,31,0.5593960285186768
tabicl,Age_at_Release,23-27,32,0.2102054208517074
tabicl,Age_at_Release,23-27,33,0.8099279403686523
tabicl,Age_at_Release,23-27,34,0.5270341038703918
tabicl,Age_at_Release,23-27,35,0.3512046039104461
tabicl,Age_at_Release,23-27,36,0.9013048410415648
tabicl,Age_at_Release,23-27,37,0.4940445721149444
tabicl,Age_at_Release,23-27,38,0.4389011859893799
tabicl,Age_at_Release,23-27,39,0.8590114116668701
tabicl,Age_at_Release,23-27,40,0.304833322763443
tabicl,Age_at_Release,23-27,41,0.7896482348442078
tabicl,Age_at_Release,23-27,42,0.8389606475830078
tabicl,Age_at_Release,23-27,43,0.7850225567817688
tabicl,Age_at_Release,23-27,44,0.8193626999855042
tabicl,Age_at_Release,23-27,45,0.7237089276313782
tabicl,Age_at_Release,23-27,46,0.8256123661994934
tabicl,Age_at_Release,23-27,47,0.6936647295951843
tabicl,Age_at_Release,23-27,48,0.569674015045166
tabicl,Age_at_Release,23-27,49,0.7922791242599487
tabicl,Age_at_Release,23-27,50,0.6011626720428467
tabicl,Age_at_Release,23-27,51,0.5747549533843994
tabicl,Age_at_Release,23-27,52,0.7931436896324158
tabicl,Age_at_Release,23-27,53,0.582920491695404
tabicl,Age_at_Release,23-27,54,0.6229155659675598
tabicl,Age_at_Release,23-27,55,0.8988197445869446
tabicl,Age_at_Release,23-27,56,0.8320392370223999
tabicl,Age_at_Release,23-27,57,0.7336768507957458
tabicl,Age_at_Release,23-27,58,0.8348352909088135
tabicl,Age_at_Release,23-27,59,0.8720093965530396
tabicl,Age_at_Release,23-27,60,0.9244635701179504
tabicl,Age_at_Release,23-27,61,0.86565101146698
tabicl,Age_at_Release,23-27,62,0.6956880688667297
tabicl,Age_at_Release,23-27,63,0.7880190014839172
tabicl,Age_at_Release,23-27,64,0.8787798285484314
tabicl,Age_at_Release,23-27,65,0.6675838232040405
tabicl,Age_at_Release,23-27,66,0.5969669818878174
tabicl,Age_at_Release,23-27,67,0.8985689282417297
tabicl,Age_at_Release,23-27,68,0.5597037076950073
tabicl,Age_at_Release,23-27,69,0.7368426322937012
tabicl,Age_at_Release,23-27,70,0.788833498954773
tabicl,Age_at_Release,23-27,71,0.8632307648658752
tabicl,Age_at_Release,23-27,72,0.7672092318534851
tabicl,Age_at_Release,23-27,73,0.477320522069931
tabicl,Age_at_Release,23-27,74,0.6194746494293213
tabicl,Age_at_Release,23-27,75,0.8247534036636353
tabicl,Age_at_Release,23-27,76,0.7114929556846619
tabicl,Age_at_Release,23-27,77,0.5039648413658142
tabicl,Age_at_Release,23-27,78,0.6320497393608093
tabicl,Age_at_Release,23-27,79,0.6932397484779358
tabicl,Age_at_Release,23-27,80,0.3241733312606811
tabicl,Age_at_Release,23-27,81,0.5097925066947937
tabicl,Age_at_Release,23-27,82,0.8048983812332153
tabicl,Age_at_Release,23-27,83,0.6205214858055115
tabicl,Age_at_Release,23-27,84,0.6356329321861267
tabicl,Age_at_Release,23-27,85,0.5801483392715454
tabicl,Age_at_Release,23-27,86,0.7682129740715027
tabicl,Age_at_Release,23-27,87,0.6423535943031311
tabicl,Age_at_Release,23-27,88,0.8903060555458069
tabicl,Age_at_Release,23-27,89,0.8343599438667297
tabicl,Age_at_Release,23-27,90,0.7197250127792358
tabicl,Age_at_Release,23-27,91,0.5808401703834534
tabicl,Age_at_Release,23-27,92,0.4978478252887726
tabicl,Age_at_Release,23-27,93,0.8918464779853821
tabicl,Age_at_Release,23-27,94,0.6372801661491394
tabicl,Age_at_Release,23-27,95,0.8633884787559509
tabicl,Age_at_Release,23-27,96,0.7093877196311951
tabicl,Age_at_Release,23-27,97,0.2608937621116638
tabicl,Age_at_Release,23-27,98,0.7014157772064209
tabicl,Age_at_Release,23-27,99,0.4655633270740509
tabicl,Age_at_Release,23-27,100,0.6235463619232178
tabicl,Age_at_Release,23-27,101,0.809718906879425
tabicl,Age_at_Release,23-27,102,0.6047108173370361
tabicl,Age_at_Release,23-27,103,0.8281082510948181
tabicl,Age_at_Release,23-27,104,0.8266999125480652
tabicl,Age_at_Release,23-27,105,0.5209214091300964
tabicl,Age_at_Release,23-27,106,0.9234578609466552
tabicl,Age_at_Release,23-27,107,0.6701037287712097
tabicl,Age_at_Release,23-27,108,0.6098929643630981
tabicl,Age_at_Release,23-27,109,0.7258234620094299
tabicl,Age_at_Release,23-27,110,0.3761729896068573
tabicl,Age_at_Release,23-27,111,0.8322712779045105
tabicl,Age_at_Release,23-27,112,0.868293046951294
tabicl,Age_at_Release,23-27,113,0.7518612146377563
tabicl,Age_at_Release,23-27,114,0.4520048797130584
tabicl,Age_at_Release,23-27,115,0.9159871339797974
tabicl,Age_at_Release,23-27,116,0.9567299485206604
tabicl,Age_at_Release,23-27,117,0.8393087983131409
tabicl,Age_at_Release,23-27,118,0.9090754389762878
tabicl,Age_at_Release,23-27,119,0.6035074591636658
tabicl,Age_at_Release,23-27,120,0.4084852933883667
tabicl,Age_at_Release,23-27,121,0.9506595134735109
tabicl,Age_at_Release,23-27,122,0.6453750729560852
tabicl,Age_at_Release,23-27,123,0.6259111762046814
tabicl,Age_at_Release,23-27,124,0.879872739315033
tabicl,Age_at_Release,23-27,125,0.7778061032295227
tabicl,Age_at_Release,23-27,126,0.6361063718795776
tabicl,Age_at_Release,23-27,127,0.824417769908905
tabicl,Age_at_Release,23-27,128,0.7905115485191345
tabicl,Age_at_Release,23-27,129,0.7950308322906494
tabicl,Age_at_Release,23-27,130,0.6770381331443787
tabicl,Age_at_Release,23-27,131,0.7491248846054077
tabicl,Age_at_Release,23-27,132,0.8453096747398376
tabicl,Age_at_Release,23-27,133,0.6579899191856384
tabicl,Age_at_Release,23-27,134,0.8864626884460449
tabicl,Age_at_Release,23-27,135,0.8184801936149597
tabicl,Age_at_Release,23-27,136,0.8847076892852783
tabicl,Age_at_Release,23-27,137,0.7227213978767395
tabicl,Age_at_Release,23-27,138,0.2054462134838104
tabicl,Age_at_Release,23-27,139,0.8947624564170837
tabicl,Age_at_Release,23-27,140,0.927987277507782
tabicl,Age_at_Release,23-27,141,0.1404827833175659
tabicl,Age_at_Release,23-27,142,0.2658871710300445
tabicl,Age_at_Release,23-27,143,0.9001972675323486
tabicl,Age_at_Release,23-27,144,0.516223669052124
tabicl,Age_at_Release,23-27,145,0.9331594705581664
tabicl,Age_at_Release,23-27,146,0.6827090382575989
tabicl,Age_at_Release,23-27,147,0.9194359183311462
tabicl,Age_at_Release,23-27,148,0.6752650141716003
tabicl,Age_at_Release,23-27,149,0.9305636882781982
tabicl,Age_at_Release,23-27,150,0.6590981483459473
tabicl,Age_at_Release,23-27,151,0.8038277626037598
tabicl,Age_at_Release,23-27,152,0.8142911791801453
tabicl,Age_at_Release,23-27,153,0.7143981456756592
tabicl,Age_at_Release,23-27,154,0.8115519285202026
tabicl,Age_at_Release,23-27,155,0.90216326713562
tabicl,Age_at_Release,23-27,156,0.821621835231781
tabicl,Age_at_Release,23-27,157,0.9160075187683104
tabicl,Age_at_Release,23-27,158,0.9516395330429076
tabicl,Age_at_Release,23-27,159,0.8144810199737549
tabicl,Age_at_Release,23-27,160,0.6714013814926147
tabicl,Age_at_Release,23-27,161,0.7660766839981079
tabicl,Age_at_Release,23-27,162,0.9603813290596008
tabicl,Age_at_Release,23-27,163,0.2858037054538727
tabicl,Age_at_Release,23-27,164,0.7743484973907471
tabicl,Age_at_Release,23-27,165,0.7292603850364685
tabicl,Age_at_Release,23-27,166,0.8136119842529297
tabicl,Age_at_Release,23-27,167,0.7595425844192505
tabicl,Age_at_Release,23-27,168,0.7614324688911438
tabicl,Age_at_Release,23-27,169,0.7366593480110168
tabicl,Age_at_Release,23-27,170,0.9647057056427002
tabicl,Age_at_Release,23-27,171,0.9759531021118164
tabicl,Age_at_Release,23-27,172,0.7910330295562744
tabicl,Age_at_Release,23-27,173,0.7833723425865173
tabicl,Age_at_Release,23-27,174,0.8228423595428467
tabicl,Age_at_Release,23-27,175,0.157920554280281
tabicl,Age_at_Release,23-27,176,0.6896231174468994
tabicl,Age_at_Release,23-27,177,0.7137545943260193
tabicl,Age_at_Release,23-27,178,0.5392202138900757
tabicl,Age_at_Release,23-27,179,0.5940467715263367
tabicl,Age_at_Release,23-27,180,0.5054831504821777
tabicl,Age_at_Release,23-27,181,0.7388051152229309
tabicl,Age_at_Release,23-27,182,0.8835505247116089
tabicl,Age_at_Release,23-27,183,0.8791790008544922
tabicl,Age_at_Release,23-27,184,0.8815627098083496
tabicl,Age_at_Release,23-27,185,0.7315769195556641
tabicl,Age_at_Release,23-27,186,0.622323751449585
tabicl,Age_at_Release,23-27,187,0.8985149264335632
tabicl,Age_at_Release,23-27,188,0.8961008787155151
tabicl,Age_at_Release,23-27,189,0.833172619342804
tabicl,Age_at_Release,23-27,190,0.4207197427749634
tabicl,Age_at_Release,23-27,191,0.9496392607688904
tabicl,Age_at_Release,23-27,192,0.8828247785568237
tabicl,Age_at_Release,23-27,193,0.4880010187625885
tabicl,Age_at_Release,23-27,194,0.857952892780304
tabicl,Age_at_Release,23-27,195,0.8910372853279114
tabicl,Age_at_Release,23-27,196,0.5714786648750305
tabicl,Age_at_Release,23-27,197,0.6863353848457336
tabicl,Age_at_Release,23-27,198,0.8367116451263428
tabicl,Age_at_Release,23-27,199,0.7338517308235168
tabicl,Age_at_Release,28-32,0,0.8529794216156006
tabicl,Age_at_Release,28-32,1,0.6155379414558411
tabicl,Age_at_Release,28-32,2,0.8733563423156738
tabicl,Age_at_Release,28-32,3,0.2070703357458114
tabicl,Age_at_Release,28-32,4,0.6697364449501038
tabicl,Age_at_Release,28-32,5,0.5441319942474365
tabicl,Age_at_Release,28-32,6,0.5119401216506958
tabicl,Age_at_Release,28-32,7,0.3896304368972778
tabicl,Age_at_Release,28-32,8,0.6782545447349548
tabicl,Age_at_Release,28-32,9,0.6405247449874878
tabicl,Age_at_Release,28-32,10,0.4946698844432831
tabicl,Age_at_Release,28-32,11,0.3929372131824493
tabicl,Age_at_Release,28-32,12,0.9450899362564088
tabicl,Age_at_Release,28-32,13,0.6853511333465576
tabicl,Age_at_Release,28-32,14,0.887651264667511
tabicl,Age_at_Release,28-32,15,0.4858807921409607
tabicl,Age_at_Release,28-32,16,0.75820392370224
tabicl,Age_at_Release,28-32,17,0.833411693572998
tabicl,Age_at_Release,28-32,18,0.7062849998474121
tabicl,Age_at_Release,28-32,19,0.6744932532310486
tabicl,Age_at_Release,28-32,20,0.5879338383674622
tabicl,Age_at_Release,28-32,21,0.4218627512454986
tabicl,Age_at_Release,28-32,22,0.8127564787864685
tabicl,Age_at_Release,28-32,23,0.8516313433647156
tabicl,Age_at_Release,28-32,24,0.8380560874938965
tabicl,Age_at_Release,28-32,25,0.5242783427238464
tabicl,Age_at_Release,28-32,26,0.582488477230072
tabicl,Age_at_Release,28-32,27,0.8230689764022827
tabicl,Age_at_Release,28-32,28,0.3215429782867431
tabicl,Age_at_Release,28-32,29,0.8225213885307312
tabicl,Age_at_Release,28-32,30,0.485687106847763
tabicl,Age_at_Release,28-32,31,0.4445245265960693
tabicl,Age_at_Release,28-32,32,0.1587794870138168
tabicl,Age_at_Release,28-32,33,0.7129051089286804
tabicl,Age_at_Release,28-32,34,0.4195933938026428
tabicl,Age_at_Release,28-32,35,0.2695756554603576
tabicl,Age_at_Release,28-32,36,0.8549495935440063
tabicl,Age_at_Release,28-32,37,0.4107170403003692
tabicl,Age_at_Release,28-32,38,0.3289802372455597
tabicl,Age_at_Release,28-32,39,0.7944415211677551
tabicl,Age_at_Release,28-32,40,0.2220217287540435
tabicl,Age_at_Release,28-32,41,0.7141528725624084
tabicl,Age_at_Release,28-32,42,0.7752726674079895
tabicl,Age_at_Release,28-32,43,0.6942095160484314
tabicl,Age_at_Release,28-32,44,0.7378702759742737
tabicl,Age_at_Release,28-32,45,0.6323896646499634
tabicl,Age_at_Release,28-32,46,0.7426518201828003
tabicl,Age_at_Release,28-32,47,0.5958821177482605
tabicl,Age_at_Release,28-32,48,0.4750373959541321
tabicl,Age_at_Release,28-32,49,0.7083402872085571
tabicl,Age_at_Release,28-32,50,0.4982988536357879
tabicl,Age_at_Release,28-32,51,0.4650752544403076
tabicl,Age_at_Release,28-32,52,0.7056148648262024
tabicl,Age_at_Release,28-32,53,0.4840580523014068
tabicl,Age_at_Release,28-32,54,0.5087924003601074
tabicl,Age_at_Release,28-32,55,0.8439685702323914
tabicl,Age_at_Release,28-32,56,0.7582706809043884
tabicl,Age_at_Release,28-32,57,0.6346503496170044
tabicl,Age_at_Release,28-32,58,0.7656258940696716
tabicl,Age_at_Release,28-32,59,0.813900351524353
tabicl,Age_at_Release,28-32,60,0.8837709426879883
tabicl,Age_at_Release,28-32,61,0.8057225346565247
tabicl,Age_at_Release,28-32,62,0.5930210947990417
tabicl,Age_at_Release,28-32,63,0.7123613953590393
tabicl,Age_at_Release,28-32,64,0.8112434148788452
tabicl,Age_at_Release,28-32,65,0.5738806128501892
tabicl,Age_at_Release,28-32,66,0.4764716625213623
tabicl,Age_at_Release,28-32,67,0.8499875664710999
tabicl,Age_at_Release,28-32,68,0.4663784801959991
tabicl,Age_at_Release,28-32,69,0.6522602438926697
tabicl,Age_at_Release,28-32,70,0.703113853931427
tabicl,Age_at_Release,28-32,71,0.8026673197746277
tabicl,Age_at_Release,28-32,72,0.6899113059043884
tabicl,Age_at_Release,28-32,73,0.376777172088623
tabicl,Age_at_Release,28-32,74,0.5069296956062317
tabicl,Age_at_Release,28-32,75,0.7561460733413696
tabicl,Age_at_Release,28-32,76,0.621985912322998
tabicl,Age_at_Release,28-32,77,0.4167964160442352
tabicl,Age_at_Release,28-32,78,0.5256163477897644
tabicl,Age_at_Release,28-32,79,0.602082371711731
tabicl,Age_at_Release,28-32,80,0.2441441863775253
tabicl,Age_at_Release,28-32,81,0.3916172385215759
tabicl,Age_at_Release,28-32,82,0.730575680732727
tabicl,Age_at_Release,28-32,83,0.5163089632987976
tabicl,Age_at_Release,28-32,84,0.5291405320167542
tabicl,Age_at_Release,28-32,85,0.4610170125961303
tabicl,Age_at_Release,28-32,86,0.6848414540290833
tabicl,Age_at_Release,28-32,87,0.5446277856826782
tabicl,Age_at_Release,28-32,88,0.8257396221160889
tabicl,Age_at_Release,28-32,89,0.761734127998352
tabicl,Age_at_Release,28-32,90,0.6271054744720459
tabicl,Age_at_Release,28-32,91,0.484030932188034
tabicl,Age_at_Release,28-32,92,0.3967495262622833
tabicl,Age_at_Release,28-32,93,0.8394205570220947
tabicl,Age_at_Release,28-32,94,0.5450953841209412
tabicl,Age_at_Release,28-32,95,0.7987962961196899
tabicl,Age_at_Release,28-32,96,0.6125654578208923
tabicl,Age_at_Release,28-32,97,0.1906580775976181
tabicl,Age_at_Release,28-32,98,0.6067761182785034
tabicl,Age_at_Release,28-32,99,0.3478782176971435
tabicl,Age_at_Release,28-32,100,0.5191311240196228
tabicl,Age_at_Release,28-32,101,0.7239035964012146
tabicl,Age_at_Release,28-32,102,0.5118743181228638
tabicl,Age_at_Release,28-32,103,0.7555616497993469
tabicl,Age_at_Release,28-32,104,0.7456614971160889
tabicl,Age_at_Release,28-32,105,0.4116142988204956
tabicl,Age_at_Release,28-32,106,0.8822067975997925
tabicl,Age_at_Release,28-32,107,0.563176691532135
tabicl,Age_at_Release,28-32,108,0.5103227496147156
tabicl,Age_at_Release,28-32,109,0.6386570334434509
tabicl,Age_at_Release,28-32,110,0.3029617369174957
tabicl,Age_at_Release,28-32,111,0.7680957913398743
tabicl,Age_at_Release,28-32,112,0.81473308801651
tabicl,Age_at_Release,28-32,113,0.6640264987945557
tabicl,Age_at_Release,28-32,114,0.3542678952217102
tabicl,Age_at_Release,28-32,115,0.8826631307601929
tabicl,Age_at_Release,28-32,116,0.9295917749404908
tabicl,Age_at_Release,28-32,117,0.7641162276268005
tabicl,Age_at_Release,28-32,118,0.8569382429122925
tabicl,Age_at_Release,28-32,119,0.5017170906066895
tabicl,Age_at_Release,28-32,120,0.31827113032341
tabicl,Age_at_Release,28-32,121,0.9209166765213012
tabicl,Age_at_Release,28-32,122,0.5554912686347961
tabicl,Age_at_Release,28-32,123,0.5205579400062561
tabicl,Age_at_Release,28-32,124,0.811765193939209
tabicl,Age_at_Release,28-32,125,0.6975467801094055
tabicl,Age_at_Release,28-32,126,0.5438462495803833
tabicl,Age_at_Release,28-32,127,0.7634541392326355
tabicl,Age_at_Release,28-32,128,0.6916572451591492
tabicl,Age_at_Release,28-32,129,0.7136396169662476
tabicl,Age_at_Release,28-32,130,0.5565893054008484
tabicl,Age_at_Release,28-32,131,0.6446527242660522
tabicl,Age_at_Release,28-32,132,0.7836421728134155
tabicl,Age_at_Release,28-32,133,0.563526451587677
tabicl,Age_at_Release,28-32,134,0.8323913216590881
tabicl,Age_at_Release,28-32,135,0.7323226928710938
tabicl,Age_at_Release,28-32,136,0.8229161500930786
tabicl,Age_at_Release,28-32,137,0.6215043663978577
tabicl,Age_at_Release,28-32,138,0.1378532648086547
tabicl,Age_at_Release,28-32,139,0.8392367959022522
tabicl,Age_at_Release,28-32,140,0.8900675773620605
tabicl,Age_at_Release,28-32,141,0.095521867275238
tabicl,Age_at_Release,28-32,142,0.1973726898431778
tabicl,Age_at_Release,28-32,143,0.8431236743927002
tabicl,Age_at_Release,28-32,144,0.4086293280124664
tabicl,Age_at_Release,28-32,145,0.8978049159049988
tabicl,Age_at_Release,28-32,146,0.5770965218544006
tabicl,Age_at_Release,28-32,147,0.8782631754875183
tabicl,Age_at_Release,28-32,148,0.5834715366363525
tabicl,Age_at_Release,28-32,149,0.8968789577484131
tabicl,Age_at_Release,28-32,150,0.5628238320350647
tabicl,Age_at_Release,28-32,151,0.7128961086273193
tabicl,Age_at_Release,28-32,152,0.7246328592300415
tabicl,Age_at_Release,28-32,153,0.6250948905944824
tabicl,Age_at_Release,28-32,154,0.7404416799545288
tabicl,Age_at_Release,28-32,155,0.8553880453109741
tabicl,Age_at_Release,28-32,156,0.7519033551216125
tabicl,Age_at_Release,28-32,157,0.8733404278755188
tabicl,Age_at_Release,28-32,158,0.923218309879303
tabicl,Age_at_Release,28-32,159,0.7432189583778381
tabicl,Age_at_Release,28-32,160,0.5622816681861877
tabicl,Age_at_Release,28-32,161,0.692322313785553
tabicl,Age_at_Release,28-32,162,0.9392198324203492
tabicl,Age_at_Release,28-32,163,0.2001837790012359
tabicl,Age_at_Release,28-32,164,0.6894686222076416
tabicl,Age_at_Release,28-32,165,0.644126296043396
tabicl,Age_at_Release,28-32,166,0.7351142764091492
tabicl,Age_at_Release,28-32,167,0.6700310111045837
tabicl,Age_at_Release,28-32,168,0.6671189069747925
tabicl,Age_at_Release,28-32,169,0.6477216482162476
tabicl,Age_at_Release,28-32,170,0.9480743408203124
tabicl,Age_at_Release,28-32,171,0.9623555541038512
tabicl,Age_at_Release,28-32,172,0.7284573316574097
tabicl,Age_at_Release,28-32,173,0.6810855865478516
tabicl,Age_at_Release,28-32,174,0.7418784499168396
tabicl,Age_at_Release,28-32,175,0.111025370657444
tabicl,Age_at_Release,28-32,176,0.6054163575172424
tabicl,Age_at_Release,28-32,177,0.60298091173172
tabicl,Age_at_Release,28-32,178,0.4342321157455444
tabicl,Age_at_Release,28-32,179,0.5083569884300232
tabicl,Age_at_Release,28-32,180,0.4046576917171478
tabicl,Age_at_Release,28-32,181,0.6419652700424194
tabicl,Age_at_Release,28-32,182,0.8338983058929443
tabicl,Age_at_Release,28-32,183,0.8181082606315613
tabicl,Age_at_Release,28-32,184,0.8259930610656738
tabicl,Age_at_Release,28-32,185,0.6450617909431458
tabicl,Age_at_Release,28-32,186,0.5033428072929382
tabicl,Age_at_Release,28-32,187,0.8555920124053955
tabicl,Age_at_Release,28-32,188,0.8389296531677246
tabicl,Age_at_Release,28-32,189,0.757610559463501
tabicl,Age_at_Release,28-32,190,0.3284173309803009
tabicl,Age_at_Release,28-32,191,0.9280242919921876
tabicl,Age_at_Release,28-32,192,0.827462911605835
tabicl,Age_at_Release,28-32,193,0.3959085345268249
tabicl,Age_at_Release,28-32,194,0.7799971699714661
tabicl,Age_at_Release,28-32,195,0.8281289935112
tabicl,Age_at_Release,28-32,196,0.4648928046226501
tabicl,Age_at_Release,28-32,197,0.5634582042694092
tabicl,Age_at_Release,28-32,198,0.7758401036262512
tabicl,Age_at_Release,28-32,199,0.6395003795623779
tabicl,Age_at_Release,33-37,0,0.8044711947441101
tabicl,Age_at_Release,33-37,1,0.5493868589401245
tabicl,Age_at_Release,33-37,2,0.8233497738838196
tabicl,Age_at_Release,33-37,3,0.1609183251857757
tabicl,Age_at_Release,33-37,4,0.5945200324058533
tabicl,Age_at_Release,33-37,5,0.4212988018989563
tabicl,Age_at_Release,33-37,6,0.4392483830451965
tabicl,Age_at_Release,33-37,7,0.3077658414840698
tabicl,Age_at_Release,33-37,8,0.5874393582344055
tabicl,Age_at_Release,33-37,9,0.5783765316009521
tabicl,Age_at_Release,33-37,10,0.4177283942699432
tabicl,Age_at_Release,33-37,11,0.3197224140167236
tabicl,Age_at_Release,33-37,12,0.922823965549469
tabicl,Age_at_Release,33-37,13,0.5994702577590942
tabicl,Age_at_Release,33-37,14,0.845413863658905
tabicl,Age_at_Release,33-37,15,0.3952513635158539
tabicl,Age_at_Release,33-37,16,0.6817371249198914
tabicl,Age_at_Release,33-37,17,0.7715170383453369
tabicl,Age_at_Release,33-37,18,0.6282964944839478
tabicl,Age_at_Release,33-37,19,0.5984705090522766
tabicl,Age_at_Release,33-37,20,0.502736508846283
tabicl,Age_at_Release,33-37,21,0.3702164888381958
tabicl,Age_at_Release,33-37,22,0.7644050121307373
tabicl,Age_at_Release,33-37,23,0.8096153140068054
tabicl,Age_at_Release,33-37,24,0.7810654044151306
tabicl,Age_at_Release,33-37,25,0.438370943069458
tabicl,Age_at_Release,33-37,26,0.5087421536445618
tabicl,Age_at_Release,33-37,27,0.7625988721847534
tabicl,Age_at_Release,33-37,28,0.2415395230054855
tabicl,Age_at_Release,33-37,29,0.7628136873245239
tabicl,Age_at_Release,33-37,30,0.4148590266704559
tabicl,Age_at_Release,33-37,31,0.3524990677833557
tabicl,Age_at_Release,33-37,32,0.1321208477020263
tabicl,Age_at_Release,33-37,33,0.6248398423194885
tabicl,Age_at_Release,33-37,34,0.3411654531955719
tabicl,Age_at_Release,33-37,35,0.216309979557991
tabicl,Age_at_Release,33-37,36,0.805007815361023
tabicl,Age_at_Release,33-37,37,0.3549576103687286
tabicl,Age_at_Release,33-37,38,0.2564246356487274
tabicl,Age_at_Release,33-37,39,0.733328640460968
tabicl,Age_at_Release,33-37,40,0.1674193143844604
tabicl,Age_at_Release,33-37,41,0.6452286243438721
tabicl,Age_at_Release,33-37,42,0.7229310274124146
tabicl,Age_at_Release,33-37,43,0.6119908094406128
tabicl,Age_at_Release,33-37,44,0.6637270450592041
tabicl,Age_at_Release,33-37,45,0.557889997959137
tabicl,Age_at_Release,33-37,46,0.6657518744468689
tabicl,Age_at_Release,33-37,47,0.5174980163574219
tabicl,Age_at_Release,33-37,48,0.4077522754669189
tabicl,Age_at_Release,33-37,49,0.6269493699073792
tabicl,Age_at_Release,33-37,50,0.4207281172275543
tabicl,Age_at_Release,33-37,51,0.3810564577579498
tabicl,Age_at_Release,33-37,52,0.6119081974029541
tabicl,Age_at_Release,33-37,53,0.412342756986618
tabicl,Age_at_Release,33-37,54,0.4164355397224426
tabicl,Age_at_Release,33-37,55,0.791723906993866
tabicl,Age_at_Release,33-37,56,0.691120445728302
tabicl,Age_at_Release,33-37,57,0.558200478553772
tabicl,Age_at_Release,33-37,58,0.7015026807785034
tabicl,Age_at_Release,33-37,59,0.7573418021202087
tabicl,Age_at_Release,33-37,60,0.8395359516143799
tabicl,Age_at_Release,33-37,61,0.7463853359222412
tabicl,Age_at_Release,33-37,62,0.5046604871749878
tabicl,Age_at_Release,33-37,63,0.6490993499755859
tabicl,Age_at_Release,33-37,64,0.737075924873352
tabicl,Age_at_Release,33-37,65,0.4985344409942627
tabicl,Age_at_Release,33-37,66,0.376898318529129
tabicl,Age_at_Release,33-37,67,0.8019158244132996
tabicl,Age_at_Release,33-37,68,0.3968949317932129
tabicl,Age_at_Release,33-37,69,0.5869853496551514
tabicl,Age_at_Release,33-37,70,0.6220417022705078
tabicl,Age_at_Release,33-37,71,0.7423148155212402
tabicl,Age_at_Release,33-37,72,0.6232208013534546
tabicl,Age_at_Release,33-37,73,0.3071132004261017
tabicl,Age_at_Release,33-37,74,0.4216706156730652
tabicl,Age_at_Release,33-37,75,0.7000998854637146
tabicl,Age_at_Release,33-37,76,0.5509369969367981
tabicl,Age_at_Release,33-37,77,0.3581002652645111
tabicl,Age_at_Release,33-37,78,0.4428758025169372
tabicl,Age_at_Release,33-37,79,0.5315190553665161
tabicl,Age_at_Release,33-37,80,0.1918328255414962
tabicl,Age_at_Release,33-37,81,0.3104844391345978
tabicl,Age_at_Release,33-37,82,0.6614485383033752
tabicl,Age_at_Release,33-37,83,0.4358909428119659
tabicl,Age_at_Release,33-37,84,0.442979097366333
tabicl,Age_at_Release,33-37,85,0.3750338554382324
tabicl,Age_at_Release,33-37,86,0.6053391098976135
tabicl,Age_at_Release,33-37,87,0.4702650010585785
tabicl,Age_at_Release,33-37,88,0.7545037865638733
tabicl,Age_at_Release,33-37,89,0.6889623999595642
tabicl,Age_at_Release,33-37,90,0.5492515563964844
tabicl,Age_at_Release,33-37,91,0.414384514093399
tabicl,Age_at_Release,33-37,92,0.3283855617046356
tabicl,Age_at_Release,33-37,93,0.7919821739196777
tabicl,Age_at_Release,33-37,94,0.4773980677127838
tabicl,Age_at_Release,33-37,95,0.7390367388725281
tabicl,Age_at_Release,33-37,96,0.5269953608512878
tabicl,Age_at_Release,33-37,97,0.1462344825267791
tabicl,Age_at_Release,33-37,98,0.5316786170005798
tabicl,Age_at_Release,33-37,99,0.2677958309650421
tabicl,Age_at_Release,33-37,100,0.4483340382575989
tabicl,Age_at_Release,33-37,101,0.6431454420089722
tabicl,Age_at_Release,33-37,102,0.4414848685264587
tabicl,Age_at_Release,33-37,103,0.6913192868232727
tabicl,Age_at_Release,33-37,104,0.6667254567146301
tabicl,Age_at_Release,33-37,105,0.3353831768035888
tabicl,Age_at_Release,33-37,106,0.8372440934181213
tabicl,Age_at_Release,33-37,107,0.47672238945961
tabicl,Age_at_Release,33-37,108,0.4379483759403229
tabicl,Age_at_Release,33-37,109,0.5677547454833984
tabicl,Age_at_Release,33-37,110,0.2530761957168579
tabicl,Age_at_Release,33-37,111,0.7013346552848816
tabicl,Age_at_Release,33-37,112,0.7556332945823669
tabicl,Age_at_Release,33-37,113,0.5802329182624817
tabicl,Age_at_Release,33-37,114,0.2826658487319946
tabicl,Age_at_Release,33-37,115,0.8477469682693481
tabicl,Age_at_Release,33-37,116,0.9001674056053162
tabicl,Age_at_Release,33-37,117,0.696430504322052
tabicl,Age_at_Release,33-37,118,0.8074315786361694
tabicl,Age_at_Release,33-37,119,0.4316007792949676
tabicl,Age_at_Release,33-37,120,0.2591567635536194
tabicl,Age_at_Release,33-37,121,0.8870916366577148
tabicl,Age_at_Release,33-37,122,0.4866998493671417
tabicl,Age_at_Release,33-37,123,0.4421043395996094
tabicl,Age_at_Release,33-37,124,0.7448305487632751
tabicl,Age_at_Release,33-37,125,0.6224812865257263
tabicl,Age_at_Release,33-37,126,0.4671916961669922
tabicl,Age_at_Release,33-37,127,0.7048518061637878
tabicl,Age_at_Release,33-37,128,0.6060222387313843
tabicl,Age_at_Release,33-37,129,0.6393469572067261
tabicl,Age_at_Release,33-37,130,0.4561038315296173
tabicl,Age_at_Release,33-37,131,0.5560672283172607
tabicl,Age_at_Release,33-37,132,0.7251030206680298
tabicl,Age_at_Release,33-37,133,0.4973649978637695
tabicl,Age_at_Release,33-37,134,0.780036449432373
tabicl,Age_at_Release,33-37,135,0.6547574400901794
tabicl,Age_at_Release,33-37,136,0.7615620493888855
tabicl,Age_at_Release,33-37,137,0.5403286814689636
tabicl,Age_at_Release,33-37,138,0.0981798470020294
tabicl,Age_at_Release,33-37,139,0.7769288420677185
tabicl,Age_at_Release,33-37,140,0.8478118181228638
tabicl,Age_at_Release,33-37,141,0.0696602612733841
tabicl,Age_at_Release,33-37,142,0.1566029340028762
tabicl,Age_at_Release,33-37,143,0.7892173528671265
tabicl,Age_at_Release,33-37,144,0.3317093253135681
tabicl,Age_at_Release,33-37,145,0.8572235703468323
tabicl,Age_at_Release,33-37,146,0.4887101948261261
tabicl,Age_at_Release,33-37,147,0.8337646722793579
tabicl,Age_at_Release,33-37,148,0.5059425830841064
tabicl,Age_at_Release,33-37,149,0.8598216772079468
tabicl,Age_at_Release,33-37,150,0.4939639866352081
tabicl,Age_at_Release,33-37,151,0.6169126033782959
tabicl,Age_at_Release,33-37,152,0.6370548009872437
tabicl,Age_at_Release,33-37,153,0.5634774565696716
tabicl,Age_at_Release,33-37,154,0.6714722514152527
tabicl,Age_at_Release,33-37,155,0.8065791726112366
tabicl,Age_at_Release,33-37,156,0.6889748573303223
tabicl,Age_at_Release,33-37,157,0.8259474635124207
tabicl,Age_at_Release,33-37,158,0.8918105363845825
tabicl,Age_at_Release,33-37,159,0.6788328289985657
tabicl,Age_at_Release,33-37,160,0.4756088852882385
tabicl,Age_at_Release,33-37,161,0.6337279677391052
tabicl,Age_at_Release,33-37,162,0.914206564426422
tabicl,Age_at_Release,33-37,163,0.1439578831195831
tabicl,Age_at_Release,33-37,164,0.6148873567581177
tabicl,Age_at_Release,33-37,165,0.5797109007835388
tabicl,Age_at_Release,33-37,166,0.6628369688987732
tabicl,Age_at_Release,33-37,167,0.5942493677139282
tabicl,Age_at_Release,33-37,168,0.5888352990150452
tabicl,Age_at_Release,33-37,169,0.5749852657318115
tabicl,Age_at_Release,33-37,170,0.9324241876602172
tabicl,Age_at_Release,33-37,171,0.9464882612228394
tabicl,Age_at_Release,33-37,172,0.6750897169113159
tabicl,Age_at_Release,33-37,173,0.5827932357788086
tabicl,Age_at_Release,33-37,174,0.6544755697250366
tabicl,Age_at_Release,33-37,175,0.083580657839775
tabicl,Age_at_Release,33-37,176,0.538642942905426
tabicl,Age_at_Release,33-37,177,0.506048858165741
tabicl,Age_at_Release,33-37,178,0.3645917475223541
tabicl,Age_at_Release,33-37,179,0.4471681416034698
tabicl,Age_at_Release,33-37,180,0.3390244543552398
tabicl,Age_at_Release,33-37,181,0.5605404376983643
tabicl,Age_at_Release,33-37,182,0.783665120601654
tabicl,Age_at_Release,33-37,183,0.7564446926116943
tabicl,Age_at_Release,33-37,184,0.7754623889923096
tabicl,Age_at_Release,33-37,185,0.5787281394004822
tabicl,Age_at_Release,33-37,186,0.4088176190853119
tabicl,Age_at_Release,33-37,187,0.8157901167869568
tabicl,Age_at_Release,33-37,188,0.7760657668113708
tabicl,Age_at_Release,33-37,189,0.6876310110092163
tabicl,Age_at_Release,33-37,190,0.2694479823112488
tabicl,Age_at_Release,33-37,191,0.9046849608421326
tabicl,Age_at_Release,33-37,192,0.7707551121711731
tabicl,Age_at_Release,33-37,193,0.3361605405807495
tabicl,Age_at_Release,33-37,194,0.6985459923744202
tabicl,Age_at_Release,33-37,195,0.7594268918037415
tabicl,Age_at_Release,33-37,196,0.3867288529872894
tabicl,Age_at_Release,33-37,197,0.4614078104496002
tabicl,Age_at_Release,33-37,198,0.7212622165679932
tabicl,Age_at_Release,33-37,199,0.5588765144348145
tabicl,Age_at_Release,38-42,0,0.7623717188835144
tabicl,Age_at_Release,38-42,1,0.5034648776054382
tabicl,Age_at_Release,38-42,2,0.7748069167137146
tabicl,Age_at_Release,38-42,3,0.1430777609348297
tabicl,Age_at_Release,38-42,4,0.5335062146186829
tabicl,Age_at_Release,38-42,5,0.3359105885028839
tabicl,Age_at_Release,38-42,6,0.3913684785366058
tabicl,Age_at_Release,38-42,7,0.2584270536899566
tabicl,Age_at_Release,38-42,8,0.5155675411224365
tabicl,Age_at_Release,38-42,9,0.5366105437278748
tabicl,Age_at_Release,38-42,10,0.3670606315135956
tabicl,Age_at_Release,38-42,11,0.2798263728618622
tabicl,Age_at_Release,38-42,12,0.902837574481964
tabicl,Age_at_Release,38-42,13,0.5298053026199341
tabicl,Age_at_Release,38-42,14,0.8049473166465759
tabicl,Age_at_Release,38-42,15,0.3410353362560272
tabicl,Age_at_Release,38-42,16,0.6193746328353882
tabicl,Age_at_Release,38-42,17,0.7175692319869995
tabicl,Age_at_Release,38-42,18,0.5628648400306702
tabicl,Age_at_Release,38-42,19,0.5378438830375671
tabicl,Age_at_Release,38-42,20,0.438734233379364
tabicl,Age_at_Release,38-42,21,0.3401338458061218
tabicl,Age_at_Release,38-42,22,0.7285799384117126
tabicl,Age_at_Release,38-42,23,0.777241051197052
tabicl,Age_at_Release,38-42,24,0.7287554740905762
tabicl,Age_at_Release,38-42,25,0.3761320412158966
tabicl,Age_at_Release,38-42,26,0.4577206373214721
tabicl,Age_at_Release,38-42,27,0.709857165813446
tabicl,Age_at_Release,38-42,28,0.1962088048458099
tabicl,Age_at_Release,38-42,29,0.7107257843017578
tabicl,Age_at_Release,38-42,30,0.3699474930763244
tabicl,Age_at_Release,38-42,31,0.2889519929885864
tabicl,Age_at_Release,38-42,32,0.1172753274440765
tabicl,Age_at_Release,38-42,33,0.5545945763587952
tabicl,Age_at_Release,38-42,34,0.2898810505867004
tabicl,Age_at_Release,38-42,35,0.1910118162631988
tabicl,Age_at_Release,38-42,36,0.758783221244812
tabicl,Age_at_Release,38-42,37,0.3172768950462341
tabicl,Age_at_Release,38-42,38,0.2127444595098495
tabicl,Age_at_Release,38-42,39,0.6840581893920898
tabicl,Age_at_Release,38-42,40,0.1368114352226257
tabicl,Age_at_Release,38-42,41,0.5858681797981262
tabicl,Age_at_Release,38-42,42,0.6842697858810425
tabicl,Age_at_Release,38-42,43,0.5502484440803528
tabicl,Age_at_Release,38-42,44,0.6037828922271729
tabicl,Age_at_Release,38-42,45,0.5039605498313904
tabicl,Age_at_Release,38-42,46,0.6043069958686829
tabicl,Age_at_Release,38-42,47,0.4620207250118255
tabicl,Age_at_Release,38-42,48,0.3686258494853973
tabicl,Age_at_Release,38-42,49,0.5596402883529663
tabicl,Age_at_Release,38-42,50,0.3709323406219482
tabicl,Age_at_Release,38-42,51,0.3259769678115845
tabicl,Age_at_Release,38-42,52,0.5310851335525513
tabicl,Age_at_Release,38-42,53,0.3582719564437866
tabicl,Age_at_Release,38-42,54,0.3527235090732574
tabicl,Age_at_Release,38-42,55,0.7456158399581909
tabicl,Age_at_Release,38-42,56,0.6385298371315002
tabicl,Age_at_Release,38-42,57,0.505204975605011
tabicl,Age_at_Release,38-42,58,0.6523024439811707
tabicl,Age_at_Release,38-42,59,0.7072057127952576
tabicl,Age_at_Release,38-42,60,0.7968927025794983
tabicl,Age_at_Release,38-42,61,0.6965296864509583
tabicl,Age_at_Release,38-42,62,0.4369906187057495
tabicl,Age_at_Release,38-42,63,0.6024141311645508
tabicl,Age_at_Release,38-42,64,0.6705347299575806
tabicl,Age_at_Release,38-42,65,0.444102793931961
tabicl,Age_at_Release,38-42,66,0.3101199567317962
tabicl,Age_at_Release,38-42,67,0.7635170221328735
tabicl,Age_at_Release,38-42,68,0.3520453572273254
tabicl,Age_at_Release,38-42,69,0.540904700756073
tabicl,Age_at_Release,38-42,70,0.5552513003349304
tabicl,Age_at_Release,38-42,71,0.6906377673149109
tabicl,Age_at_Release,38-42,72,0.5701864361763
tabicl,Age_at_Release,38-42,73,0.2657224535942077
tabicl,Age_at_Release,38-42,74,0.3640711605548858
tabicl,Age_at_Release,38-42,75,0.6579581499099731
tabicl,Age_at_Release,38-42,76,0.50142502784729
tabicl,Age_at_Release,38-42,77,0.3239617049694061
tabicl,Age_at_Release,38-42,78,0.3853733241558075
tabicl,Age_at_Release,38-42,79,0.481836199760437
tabicl,Age_at_Release,38-42,80,0.1638973802328109
tabicl,Age_at_Release,38-42,81,0.2575230300426483
tabicl,Age_at_Release,38-42,82,0.6026687622070312
tabicl,Age_at_Release,38-42,83,0.3827040791511535
tabicl,Age_at_Release,38-42,84,0.379302054643631
tabicl,Age_at_Release,38-42,85,0.3192096948623657
tabicl,Age_at_Release,38-42,86,0.5391431450843811
tabicl,Age_at_Release,38-42,87,0.4201204180717468
tabicl,Age_at_Release,38-42,88,0.6901519894599915
tabicl,Age_at_Release,38-42,89,0.6252678632736206
tabicl,Age_at_Release,38-42,90,0.4917478859424591
tabicl,Age_at_Release,38-42,91,0.3688587248325348
tabicl,Age_at_Release,38-42,92,0.2881720066070556
tabicl,Age_at_Release,38-42,93,0.7538531422615051
tabicl,Age_at_Release,38-42,94,0.4280701875686645
tabicl,Age_at_Release,38-42,95,0.6864503026008606
tabicl,Age_at_Release,38-42,96,0.4594062864780426
tabicl,Age_at_Release,38-42,97,0.1272964477539062
tabicl,Age_at_Release,38-42,98,0.4796933829784393
tabicl,Age_at_Release,38-42,99,0.2173964083194732
tabicl,Age_at_Release,38-42,100,0.4062138199806213
tabicl,Age_at_Release,38-42,101,0.5769461393356323
tabicl,Age_at_Release,38-42,102,0.3877070844173431
tabicl,Age_at_Release,38-42,103,0.640552818775177
tabicl,Age_at_Release,38-42,104,0.6022560000419617
tabicl,Age_at_Release,38-42,105,0.2857357859611511
tabicl,Age_at_Release,38-42,106,0.7963933348655701
tabicl,Age_at_Release,38-42,107,0.4143562614917755
tabicl,Age_at_Release,38-42,108,0.3889906406402588
tabicl,Age_at_Release,38-42,109,0.5151054263114929
tabicl,Age_at_Release,38-42,110,0.2200959920883178
tabicl,Age_at_Release,38-42,111,0.6435922384262085
tabicl,Age_at_Release,38-42,112,0.7025260925292969
tabicl,Age_at_Release,38-42,113,0.5168548226356506
tabicl,Age_at_Release,38-42,114,0.2365473955869674
tabicl,Age_at_Release,38-42,115,0.8161320686340332
tabicl,Age_at_Release,38-42,116,0.8738263249397278
tabicl,Age_at_Release,38-42,117,0.6451659798622131
tabicl,Age_at_Release,38-42,118,0.7667688131332397
tabicl,Age_at_Release,38-42,119,0.3844049274921417
tabicl,Age_at_Release,38-42,120,0.2232505232095718
tabicl,Age_at_Release,38-42,121,0.8571795225143433
tabicl,Age_at_Release,38-42,122,0.4383878707885742
tabicl,Age_at_Release,38-42,123,0.3885514140129089
tabicl,Age_at_Release,38-42,124,0.6852155327796936
tabicl,Age_at_Release,38-42,125,0.5601800680160522
tabicl,Age_at_Release,38-42,126,0.4090086817741394
tabicl,Age_at_Release,38-42,127,0.6606087684631348
tabicl,Age_at_Release,38-42,128,0.541527271270752
tabicl,Age_at_Release,38-42,129,0.578773021697998
tabicl,Age_at_Release,38-42,130,0.3812811970710754
tabicl,Age_at_Release,38-42,131,0.4891924858093261
tabicl,Age_at_Release,38-42,132,0.6787203550338745
tabicl,Age_at_Release,38-42,133,0.4493803679943084
tabicl,Age_at_Release,38-42,134,0.7396421432495117
tabicl,Age_at_Release,38-42,135,0.5934790372848511
tabicl,Age_at_Release,38-42,136,0.7106212377548218
tabicl,Age_at_Release,38-42,137,0.4827646315097809
tabicl,Age_at_Release,38-42,138,0.0846726298332214
tabicl,Age_at_Release,38-42,139,0.7172811627388
tabicl,Age_at_Release,38-42,140,0.8091062307357788
tabicl,Age_at_Release,38-42,141,0.0589837655425071
tabicl,Age_at_Release,38-42,142,0.1410179436206817
tabicl,Age_at_Release,38-42,143,0.7460490465164185
tabicl,Age_at_Release,38-42,144,0.2788342237472534
tabicl,Age_at_Release,38-42,145,0.8145133256912231
tabicl,Age_at_Release,38-42,146,0.4253613650798797
tabicl,Age_at_Release,38-42,147,0.7952219247817993
tabicl,Age_at_Release,38-42,148,0.4462818801403045
tabicl,Age_at_Release,38-42,149,0.8276672959327698
tabicl,Age_at_Release,38-42,150,0.4458681046962738
tabicl,Age_at_Release,38-42,151,0.5372699499130249
tabicl,Age_at_Release,38-42,152,0.5672507882118225
tabicl,Age_at_Release,38-42,153,0.5233920216560364
tabicl,Age_at_Release,38-42,154,0.620071530342102
tabicl,Age_at_Release,38-42,155,0.7611503601074219
tabicl,Age_at_Release,38-42,156,0.6372618675231934
tabicl,Age_at_Release,38-42,157,0.7815547585487366
tabicl,Age_at_Release,38-42,158,0.8623607158660889
tabicl,Age_at_Release,38-42,159,0.6286134123802185
tabicl,Age_at_Release,38-42,160,0.411498099565506
tabicl,Age_at_Release,38-42,161,0.5924513339996338
tabicl,Age_at_Release,38-42,162,0.8871310353279114
tabicl,Age_at_Release,38-42,163,0.1202389299869537
tabicl,Age_at_Release,38-42,164,0.5610988140106201
tabicl,Age_at_Release,38-42,165,0.5287579894065857
tabicl,Age_at_Release,38-42,166,0.6021369695663452
tabicl,Age_at_Release,38-42,167,0.5419055819511414
tabicl,Age_at_Release,38-42,168,0.5328325033187866
tabicl,Age_at_Release,38-42,169,0.5198370218276978
tabicl,Age_at_Release,38-42,170,0.9202914834022522
tabicl,Age_at_Release,38-42,171,0.9306167364120485
tabicl,Age_at_Release,38-42,172,0.6372984647750854
tabicl,Age_at_Release,38-42,173,0.5083047747612
tabicl,Age_at_Release,38-42,174,0.5786063075065613
tabicl,Age_at_Release,38-42,175,0.0701944679021835
tabicl,Age_at_Release,38-42,176,0.4896638691425323
tabicl,Age_at_Release,38-42,177,0.4371844232082367
tabicl,Age_at_Release,38-42,178,0.3194673061370849
tabicl,Age_at_Release,38-42,179,0.409213662147522
tabicl,Age_at_Release,38-42,180,0.3028914630413055
tabicl,Age_at_Release,38-42,181,0.4984050095081329
tabicl,Age_at_Release,38-42,182,0.7429296970367432
tabicl,Age_at_Release,38-42,183,0.7046329379081726
tabicl,Age_at_Release,38-42,184,0.7343287467956543
tabicl,Age_at_Release,38-42,185,0.5315093398094177
tabicl,Age_at_Release,38-42,186,0.3449701368808746
tabicl,Age_at_Release,38-42,187,0.7821754217147827
tabicl,Age_at_Release,38-42,188,0.7164767384529114
tabicl,Age_at_Release,38-42,189,0.6323990225791931
tabicl,Age_at_Release,38-42,190,0.2365269213914871
tabicl,Age_at_Release,38-42,191,0.8830316662788391
tabicl,Age_at_Release,38-42,192,0.7225844264030457
tabicl,Age_at_Release,38-42,193,0.2959745824337005
tabicl,Age_at_Release,38-42,194,0.6287850141525269
tabicl,Age_at_Release,38-42,195,0.7001217603683472
tabicl,Age_at_Release,38-42,196,0.3404310345649719
tabicl,Age_at_Release,38-42,197,0.3872774839401245
tabicl,Age_at_Release,38-42,198,0.6769111752510071
tabicl,Age_at_Release,38-42,199,0.4988949298858642
tabicl,Age_at_Release,43-47,0,0.7244176268577576
tabicl,Age_at_Release,43-47,1,0.4691323935985565
tabicl,Age_at_Release,43-47,2,0.7227321267127991
tabicl,Age_at_Release,43-47,3,0.1347999423742294
tabicl,Age_at_Release,43-47,4,0.4813385903835296
tabicl,Age_at_Release,43-47,5,0.2731777131557464
tabicl,Age_at_Release,43-47,6,0.3592686355113983
tabicl,Age_at_Release,43-47,7,0.2240741997957229
tabicl,Age_at_Release,43-47,8,0.457000195980072
tabicl,Age_at_Release,43-47,9,0.5088512897491455
tabicl,Age_at_Release,43-47,10,0.3325963318347931
tabicl,Age_at_Release,43-47,11,0.2556518614292145
tabicl,Age_at_Release,43-47,12,0.8807867765426636
tabicl,Age_at_Release,43-47,13,0.4734456241130829
tabicl,Age_at_Release,43-47,14,0.7632441520690918
tabicl,Age_at_Release,43-47,15,0.3049270808696747
tabicl,Age_at_Release,43-47,16,0.5660044550895691
tabicl,Age_at_Release,43-47,17,0.66709303855896
tabicl,Age_at_Release,43-47,18,0.5060276389122009
tabicl,Age_at_Release,43-47,19,0.4861309230327606
tabicl,Age_at_Release,43-47,20,0.3882516920566559
tabicl,Age_at_Release,43-47,21,0.3244878649711609
tabicl,Age_at_Release,43-47,22,0.699642539024353
tabicl,Age_at_Release,43-47,23,0.7497733235359192
tabicl,Age_at_Release,43-47,24,0.6836000084877014
tabicl,Age_at_Release,43-47,25,0.3312342464923858
tabicl,Age_at_Release,43-47,26,0.4187475144863128
tabicl,Age_at_Release,43-47,27,0.6627054810523987
tabicl,Age_at_Release,43-47,28,0.1680656820535659
tabicl,Age_at_Release,43-47,29,0.6632801294326782
tabicl,Age_at_Release,43-47,30,0.3403783142566681
tabicl,Age_at_Release,43-47,31,0.2417955696582794
tabicl,Age_at_Release,43-47,32,0.1076295897364616
tabicl,Age_at_Release,43-47,33,0.4961083829402923
tabicl,Age_at_Release,43-47,34,0.2568159699440002
tabicl,Age_at_Release,43-47,35,0.179371029138565
tabicl,Age_at_Release,43-47,36,0.7124201655387878
tabicl,Age_at_Release,43-47,37,0.2926037907600403
tabicl,Age_at_Release,43-47,38,0.184150755405426
tabicl,Age_at_Release,43-47,39,0.6413339376449585
tabicl,Age_at_Release,43-47,40,0.1204400286078453
tabicl,Age_at_Release,43-47,41,0.5351138114929199
tabicl,Age_at_Release,43-47,42,0.6553780436515808
tabicl,Age_at_Release,43-47,43,0.5029420256614685
tabicl,Age_at_Release,43-47,44,0.5547128915786743
tabicl,Age_at_Release,43-47,45,0.4611181914806366
tabicl,Age_at_Release,43-47,46,0.5493606328964233
tabicl,Age_at_Release,43-47,47,0.4234226047992706
tabicl,Age_at_Release,43-47,48,0.3421794474124908
tabicl,Age_at_Release,43-47,49,0.501746654510498
tabicl,Age_at_Release,43-47,50,0.3382354974746704
tabicl,Age_at_Release,43-47,51,0.2870812714099884
tabicl,Age_at_Release,43-47,52,0.4612058699131012
tabicl,Age_at_Release,43-47,53,0.3169274628162384
tabicl,Age_at_Release,43-47,54,0.3056025803089142
tabicl,Age_at_Release,43-47,55,0.7046543955802917
tabicl,Age_at_Release,43-47,56,0.5935761332511902
tabicl,Age_at_Release,43-47,57,0.4669951498508453
tabicl,Age_at_Release,43-47,58,0.6132346987724304
tabicl,Age_at_Release,43-47,59,0.6605095267295837
tabicl,Age_at_Release,43-47,60,0.7546640038490295
tabicl,Age_at_Release,43-47,61,0.6528237462043762
tabicl,Age_at_Release,43-47,62,0.3818593621253967
tabicl,Age_at_Release,43-47,63,0.5681350231170654
tabicl,Age_at_Release,43-47,64,0.6107001900672913
tabicl,Age_at_Release,43-47,65,0.4043475985527038
tabicl,Age_at_Release,43-47,66,0.2620852887630462
tabicl,Age_at_Release,43-47,67,0.7307325601577759
tabicl,Age_at_Release,43-47,68,0.3216749429702759
tabicl,Age_at_Release,43-47,69,0.5044153928756714
tabicl,Age_at_Release,43-47,70,0.4977283477783203
tabicl,Age_at_Release,43-47,71,0.6447383761405945
tabicl,Age_at_Release,43-47,72,0.5274950265884399
tabicl,Age_at_Release,43-47,73,0.2417663782835006
tabicl,Age_at_Release,43-47,74,0.3202223181724548
tabicl,Age_at_Release,43-47,75,0.6216750741004944
tabicl,Age_at_Release,43-47,76,0.4617038071155548
tabicl,Age_at_Release,43-47,77,0.3019518852233886
tabicl,Age_at_Release,43-47,78,0.3450983762741089
tabicl,Age_at_Release,43-47,79,0.4429953396320343
tabicl,Age_at_Release,43-47,80,0.1397781521081924
tabicl,Age_at_Release,43-47,81,0.2214555740356445
tabicl,Age_at_Release,43-47,82,0.5491741299629211
tabicl,Age_at_Release,43-47,83,0.3434266448020935
tabicl,Age_at_Release,43-47,84,0.3342419564723968
tabicl,Age_at_Release,43-47,85,0.2807559669017792
tabicl,Age_at_Release,43-47,86,0.4825069606304168
tabicl,Age_at_Release,43-47,87,0.3836748898029327
tabicl,Age_at_Release,43-47,88,0.6288678646087646
tabicl,Age_at_Release,43-47,89,0.568918764591217
tabicl,Age_at_Release,43-47,90,0.4467349052429199
tabicl,Age_at_Release,43-47,91,0.33640918135643
tabicl,Age_at_Release,43-47,92,0.2604500949382782
tabicl,Age_at_Release,43-47,93,0.7220497727394104
tabicl,Age_at_Release,43-47,94,0.3915745615959167
tabicl,Age_at_Release,43-47,95,0.6374599933624268
tabicl,Age_at_Release,43-47,96,0.4049803018569946
tabicl,Age_at_Release,43-47,97,0.1162130981683731
tabicl,Age_at_Release,43-47,98,0.441518485546112
tabicl,Age_at_Release,43-47,99,0.1865748018026352
tabicl,Age_at_Release,43-47,100,0.3721151947975158
tabicl,Age_at_Release,43-47,101,0.5199742913246155
tabicl,Age_at_Release,43-47,102,0.3481450378894806
tabicl,Age_at_Release,43-47,103,0.6013723015785217
tabicl,Age_at_Release,43-47,104,0.5482195615768433
tabicl,Age_at_Release,43-47,105,0.2542891800403595
tabicl,Age_at_Release,43-47,106,0.7572091221809387
tabicl,Age_at_Release,43-47,107,0.3652751445770263
tabicl,Age_at_Release,43-47,108,0.3531192541122436
tabicl,Age_at_Release,43-47,109,0.4759987294673919
tabicl,Age_at_Release,43-47,110,0.1956083476543426
tabicl,Age_at_Release,43-47,111,0.5906376242637634
tabicl,Age_at_Release,43-47,112,0.6509228944778442
tabicl,Age_at_Release,43-47,113,0.4600714147090912
tabicl,Age_at_Release,43-47,114,0.2013676464557647
tabicl,Age_at_Release,43-47,115,0.7854343056678772
tabicl,Age_at_Release,43-47,116,0.8476651906967163
tabicl,Age_at_Release,43-47,117,0.6047450304031372
tabicl,Age_at_Release,43-47,118,0.7322714924812317
tabicl,Age_at_Release,43-47,119,0.3507900834083557
tabicl,Age_at_Release,43-47,120,0.2012322545051574
tabicl,Age_at_Release,43-47,121,0.8303049802780151
tabicl,Age_at_Release,43-47,122,0.4011515974998474
tabicl,Age_at_Release,43-47,123,0.3506102859973907
tabicl,Age_at_Release,43-47,124,0.6302687525749207
tabicl,Age_at_Release,43-47,125,0.5049389004707336
tabicl,Age_at_Release,43-47,126,0.3645400702953338
tabicl,Age_at_Release,43-47,127,0.6245024800300598
tabicl,Age_at_Release,43-47,128,0.4878392517566681
tabicl,Age_at_Release,43-47,129,0.5283045768737793
tabicl,Age_at_Release,43-47,130,0.3217227756977081
tabicl,Age_at_Release,43-47,131,0.4370924532413482
tabicl,Age_at_Release,43-47,132,0.6394472122192383
tabicl,Age_at_Release,43-47,133,0.4187099039554596
tabicl,Age_at_Release,43-47,134,0.7061662673950195
tabicl,Age_at_Release,43-47,135,0.5458028316497803
tabicl,Age_at_Release,43-47,136,0.6648028492927551
tabicl,Age_at_Release,43-47,137,0.4400274455547333
tabicl,Age_at_Release,43-47,138,0.0777212008833885
tabicl,Age_at_Release,43-47,139,0.6577379107475281
tabicl,Age_at_Release,43-47,140,0.7701467275619507
tabicl,Age_at_Release,43-47,141,0.0535428784787654
tabicl,Age_at_Release,43-47,142,0.1315009295940399
tabicl,Age_at_Release,43-47,143,0.7078086137771606
tabicl,Age_at_Release,43-47,144,0.236868754029274
tabicl,Age_at_Release,43-47,145,0.7712286114692688
tabicl,Age_at_Release,43-47,146,0.3750754296779632
tabicl,Age_at_Release,43-47,147,0.7593083381652832
tabicl,Age_at_Release,43-47,148,0.3988094925880432
tabicl,Age_at_Release,43-47,149,0.7973287105560303
tabicl,Age_at_Release,43-47,150,0.4100889265537262
tabicl,Age_at_Release,43-47,151,0.4688962996006012
tabicl,Age_at_Release,43-47,152,0.5089185237884521
tabicl,Age_at_Release,43-47,153,0.4962430894374847
tabicl,Age_at_Release,43-47,154,0.5769153833389282
tabicl,Age_at_Release,43-47,155,0.7158755660057068
tabicl,Age_at_Release,43-47,156,0.5926387310028076
tabicl,Age_at_Release,43-47,157,0.7380414009094238
tabicl,Age_at_Release,43-47,158,0.8330983519554138
tabicl,Age_at_Release,43-47,159,0.5896690487861633
tabicl,Age_at_Release,43-47,160,0.3581631481647491
tabicl,Age_at_Release,43-47,161,0.563387393951416
tabicl,Age_at_Release,43-47,162,0.8566428422927856
tabicl,Age_at_Release,43-47,163,0.1078938543796539
tabicl,Age_at_Release,43-47,164,0.5220520496368408
tabicl,Age_at_Release,43-47,165,0.4918797016143799
tabicl,Age_at_Release,43-47,166,0.5464403629302979
tabicl,Age_at_Release,43-47,167,0.5004453659057617
tabicl,Age_at_Release,43-47,168,0.4906870424747467
tabicl,Age_at_Release,43-47,169,0.4756264984607696
tabicl,Age_at_Release,43-47,170,0.9091984033584596
tabicl,Age_at_Release,43-47,171,0.9130207300186156
tabicl,Age_at_Release,43-47,172,0.6069979071617126
tabicl,Age_at_Release,43-47,173,0.4474022686481476
tabicl,Age_at_Release,43-47,174,0.5093663930892944
tabicl,Age_at_Release,43-47,175,0.0608732029795646
tabicl,Age_at_Release,43-47,176,0.4531644880771637
tabicl,Age_at_Release,43-47,177,0.3818462789058685
tabicl,Age_at_Release,43-47,178,0.2870826125144958
tabicl,Age_at_Release,43-47,179,0.3835285604000091
tabicl,Age_at_Release,43-47,180,0.2821803390979767
tabicl,Age_at_Release,43-47,181,0.4483604729175567
tabicl,Age_at_Release,43-47,182,0.708077609539032
tabicl,Age_at_Release,43-47,183,0.6572594046592712
tabicl,Age_at_Release,43-47,184,0.6995702385902405
tabicl,Age_at_Release,43-47,185,0.4996052086353302
tabicl,Age_at_Release,43-47,186,0.2971091270446777
tabicl,Age_at_Release,43-47,187,0.7509658932685852
tabicl,Age_at_Release,43-47,188,0.6613457798957825
tabicl,Age_at_Release,43-47,189,0.5848826169967651
tabicl,Age_at_Release,43-47,190,0.217568963766098
tabicl,Age_at_Release,43-47,191,0.859284520149231
tabicl,Age_at_Release,43-47,192,0.6794711947441101
tabicl,Age_at_Release,43-47,193,0.26674285531044
tabicl,Age_at_Release,43-47,194,0.5646483302116394
tabicl,Age_at_Release,43-47,195,0.6450024843215942
tabicl,Age_at_Release,43-47,196,0.3131142854690552
tabicl,Age_at_Release,43-47,197,0.3279160559177398
tabicl,Age_at_Release,43-47,198,0.6356455087661743
tabicl,Age_at_Release,43-47,199,0.4516777098178863
tabicl,Age_at_Release,48 or older,0,0.665036141872406
tabicl,Age_at_Release,48 or older,1,0.4177761375904083
tabicl,Age_at_Release,48 or older,2,0.6486412882804871
tabicl,Age_at_Release,48 or older,3,0.1200134381651878
tabicl,Age_at_Release,48 or older,4,0.4114989936351776
tabicl,Age_at_Release,48 or older,5,0.2115103304386139
tabicl,Age_at_Release,48 or older,6,0.3125640153884887
tabicl,Age_at_Release,48 or older,7,0.183469146490097
tabicl,Age_at_Release,48 or older,8,0.3798390328884125
tabicl,Age_at_Release,48 or older,9,0.4576624035835266
tabicl,Age_at_Release,48 or older,10,0.280269593000412
tabicl,Age_at_Release,48 or older,11,0.2189765125513076
tabicl,Age_at_Release,48 or older,12,0.8438571691513062
tabicl,Age_at_Release,48 or older,13,0.4025409519672394
tabicl,Age_at_Release,48 or older,14,0.7006428837776184
tabicl,Age_at_Release,48 or older,15,0.2556916177272796
tabicl,Age_at_Release,48 or older,16,0.4968228638172149
tabicl,Age_at_Release,48 or older,17,0.5968497395515442
tabicl,Age_at_Release,48 or older,18,0.4322801232337951
tabicl,Age_at_Release,48 or older,19,0.4131492376327514
tabicl,Age_at_Release,48 or older,20,0.3226779103279114
tabicl,Age_at_Release,48 or older,21,0.2931783497333526
tabicl,Age_at_Release,48 or older,22,0.6465277671813965
tabicl,Age_at_Release,48 or older,23,0.6991764307022095
tabicl,Age_at_Release,48 or older,24,0.6183760762214661
tabicl,Age_at_Release,48 or older,25,0.27437224984169
tabicl,Age_at_Release,48 or older,26,0.357246458530426
tabicl,Age_at_Release,48 or older,27,0.5940256714820862
tabicl,Age_at_Release,48 or older,28,0.1403032392263412
tabicl,Age_at_Release,48 or older,29,0.5939288139343262
tabicl,Age_at_Release,48 or older,30,0.2950051426887512
tabicl,Age_at_Release,48 or older,31,0.1890414953231811
tabicl,Age_at_Release,48 or older,32,0.0929153263568878
tabicl,Age_at_Release,48 or older,33,0.4186191260814667
tabicl,Age_at_Release,48 or older,34,0.2156804651021957
tabicl,Age_at_Release,48 or older,35,0.1592629849910736
tabicl,Age_at_Release,48 or older,36,0.638801634311676
tabicl,Age_at_Release,48 or older,37,0.2528528869152069
tabicl,Age_at_Release,48 or older,38,0.1504244953393936
tabicl,Age_at_Release,48 or older,39,0.5727472901344299
tabicl,Age_at_Release,48 or older,40,0.1053841188549995
tabicl,Age_at_Release,48 or older,41,0.4641457498073578
tabicl,Age_at_Release,48 or older,42,0.6094833612442017
tabicl,Age_at_Release,48 or older,43,0.4329812228679657
tabicl,Age_at_Release,48 or older,44,0.4860780239105224
tabicl,Age_at_Release,48 or older,45,0.3988513350486755
tabicl,Age_at_Release,48 or older,46,0.4715186059474945
tabicl,Age_at_Release,48 or older,47,0.3660473525524139
tabicl,Age_at_Release,48 or older,48,0.2984815835952759
tabicl,Age_at_Release,48 or older,49,0.4281698763370514
tabicl,Age_at_Release,48 or older,50,0.285262256860733
tabicl,Age_at_Release,48 or older,51,0.2349923104047775
tabicl,Age_at_Release,48 or older,52,0.379389613866806
tabicl,Age_at_Release,48 or older,53,0.2600173354148865
tabicl,Age_at_Release,48 or older,54,0.2496547698974609
tabicl,Age_at_Release,48 or older,55,0.6433384418487549
tabicl,Age_at_Release,48 or older,56,0.5248527526855469
tabicl,Age_at_Release,48 or older,57,0.4050908386707306
tabicl,Age_at_Release,48 or older,58,0.5505585074424744
tabicl,Age_at_Release,48 or older,59,0.5902730226516724
tabicl,Age_at_Release,48 or older,60,0.6915799379348755
tabicl,Age_at_Release,48 or older,61,0.5872579216957092
tabicl,Age_at_Release,48 or older,62,0.3123675584793091
tabicl,Age_at_Release,48 or older,63,0.5144413113594055
tabicl,Age_at_Release,48 or older,64,0.529185950756073
tabicl,Age_at_Release,48 or older,65,0.3455321788787842
tabicl,Age_at_Release,48 or older,66,0.2078474164009094
tabicl,Age_at_Release,48 or older,67,0.6780959367752075
tabicl,Age_at_Release,48 or older,68,0.2756461799144745
tabicl,Age_at_Release,48 or older,69,0.4434467256069183
tabicl,Age_at_Release,48 or older,70,0.4214650690555572
tabicl,Age_at_Release,48 or older,71,0.5743945240974426
tabicl,Age_at_Release,48 or older,72,0.4647594690322876
tabicl,Age_at_Release,48 or older,73,0.2056401073932647
tabicl,Age_at_Release,48 or older,74,0.2652988135814667
tabicl,Age_at_Release,48 or older,75,0.559370219707489
tabicl,Age_at_Release,48 or older,76,0.3989812135696411
tabicl,Age_at_Release,48 or older,77,0.2639395892620086
tabicl,Age_at_Release,48 or older,78,0.2915724515914917
tabicl,Age_at_Release,48 or older,79,0.3850663602352142
tabicl,Age_at_Release,48 or older,80,0.104957714676857
tabicl,Age_at_Release,48 or older,81,0.1815777719020843
tabicl,Age_at_Release,48 or older,82,0.4729045629501343
tabicl,Age_at_Release,48 or older,83,0.2879664599895477
tabicl,Age_at_Release,48 or older,84,0.2767576873302459
tabicl,Age_at_Release,48 or older,85,0.2304719388484954
tabicl,Age_at_Release,48 or older,86,0.4095697104930877
tabicl,Age_at_Release,48 or older,87,0.3291004598140716
tabicl,Age_at_Release,48 or older,88,0.5402306318283081
tabicl,Age_at_Release,48 or older,89,0.4935215711593628
tabicl,Age_at_Release,48 or older,90,0.3803743124008178
tabicl,Age_at_Release,48 or older,91,0.2913526594638824
tabicl,Age_at_Release,48 or older,92,0.2192436158657074
tabicl,Age_at_Release,48 or older,93,0.670471727848053
tabicl,Age_at_Release,48 or older,94,0.3354265093803406
tabicl,Age_at_Release,48 or older,95,0.5665518641471863
tabicl,Age_at_Release,48 or older,96,0.3356499969959259
tabicl,Age_at_Release,48 or older,97,0.0974266231060028
tabicl,Age_at_Release,48 or older,98,0.3848651945590973
tabicl,Age_at_Release,48 or older,99,0.1512692123651504
tabicl,Age_at_Release,48 or older,100,0.3225436806678772
tabicl,Age_at_Release,48 or older,101,0.4507234394550323
tabicl,Age_at_Release,48 or older,102,0.2953408658504486
tabicl,Age_at_Release,48 or older,103,0.5442647337913513
tabicl,Age_at_Release,48 or older,104,0.4739896357059479
tabicl,Age_at_Release,48 or older,105,0.212957426905632
tabicl,Age_at_Release,48 or older,106,0.695624828338623
tabicl,Age_at_Release,48 or older,107,0.3031450510025024
tabicl,Age_at_Release,48 or older,108,0.3024138212203979
tabicl,Age_at_Release,48 or older,109,0.4202784597873688
tabicl,Age_at_Release,48 or older,110,0.1637082397937774
tabicl,Age_at_Release,48 or older,111,0.5163184404373169
tabicl,Age_at_Release,48 or older,112,0.5724664926528931
tabicl,Age_at_Release,48 or older,113,0.3855255544185638
tabicl,Age_at_Release,48 or older,114,0.1590345501899719
tabicl,Age_at_Release,48 or older,115,0.7324129939079285
tabicl,Age_at_Release,48 or older,116,0.8062851428985596
tabicl,Age_at_Release,48 or older,117,0.5409402251243591
tabicl,Age_at_Release,48 or older,118,0.6776378154754639
tabicl,Age_at_Release,48 or older,119,0.2994161546230316
tabicl,Age_at_Release,48 or older,120,0.1709581762552261
tabicl,Age_at_Release,48 or older,121,0.7902982234954834
tabicl,Age_at_Release,48 or older,122,0.3478609025478363
tabicl,Age_at_Release,48 or older,123,0.2965323030948639
tabicl,Age_at_Release,48 or older,124,0.5537640452384949
tabicl,Age_at_Release,48 or older,125,0.4320137202739715
tabicl,Age_at_Release,48 or older,126,0.3058631420135498
tabicl,Age_at_Release,48 or older,127,0.5645365118980408
tabicl,Age_at_Release,48 or older,128,0.4175989329814911
tabicl,Age_at_Release,48 or older,129,0.4598475396633148
tabicl,Age_at_Release,48 or older,130,0.258470743894577
tabicl,Age_at_Release,48 or older,131,0.3663599193096161
tabicl,Age_at_Release,48 or older,132,0.5768370032310486
tabicl,Age_at_Release,48 or older,133,0.3740234076976776
tabicl,Age_at_Release,48 or older,134,0.6560915112495422
tabicl,Age_at_Release,48 or older,135,0.480054497718811
tabicl,Age_at_Release,48 or older,136,0.5958152413368225
tabicl,Age_at_Release,48 or older,137,0.3810726702213287
tabicl,Age_at_Release,48 or older,138,0.0660476684570312
tabicl,Age_at_Release,48 or older,139,0.5761104822158813
tabicl,Age_at_Release,48 or older,140,0.7149323225021362
tabicl,Age_at_Release,48 or older,141,0.0458295419812202
tabicl,Age_at_Release,48 or older,142,0.1113862991333007
tabicl,Age_at_Release,48 or older,143,0.6475991606712341
tabicl,Age_at_Release,48 or older,144,0.1891234070062637
tabicl,Age_at_Release,48 or older,145,0.7088975310325623
tabicl,Age_at_Release,48 or older,146,0.3128202259540558
tabicl,Age_at_Release,48 or older,147,0.701189398765564
tabicl,Age_at_Release,48 or older,148,0.3372928500175476
tabicl,Age_at_Release,48 or older,149,0.7465401887893677
tabicl,Age_at_Release,48 or older,150,0.3587052822113037
tabicl,Age_at_Release,48 or older,151,0.3815397620201111
tabicl,Age_at_Release,48 or older,152,0.4341070353984833
tabicl,Age_at_Release,48 or older,153,0.4444941282272339
tabicl,Age_at_Release,48 or older,154,0.5094957947731018
tabicl,Age_at_Release,48 or older,155,0.6463366150856018
tabicl,Age_at_Release,48 or older,156,0.5288121700286865
tabicl,Age_at_Release,48 or older,157,0.6733987331390381
tabicl,Age_at_Release,48 or older,158,0.787018895149231
tabicl,Age_at_Release,48 or older,159,0.5267906785011292
tabicl,Age_at_Release,48 or older,160,0.295470654964447
tabicl,Age_at_Release,48 or older,161,0.5093854665756226
tabicl,Age_at_Release,48 or older,162,0.8118360638618469
tabicl,Age_at_Release,48 or older,163,0.091066651046276
tabicl,Age_at_Release,48 or older,164,0.4622807800769806
tabicl,Age_at_Release,48 or older,165,0.4373345971107483
tabicl,Age_at_Release,48 or older,166,0.4686108231544494
tabicl,Age_at_Release,48 or older,167,0.43575119972229
tabicl,Age_at_Release,48 or older,168,0.4310725927352905
tabicl,Age_at_Release,48 or older,169,0.4119388461112976
tabicl,Age_at_Release,48 or older,170,0.8883551955223083
tabicl,Age_at_Release,48 or older,171,0.884496808052063
tabicl,Age_at_Release,48 or older,172,0.5511472225189209
tabicl,Age_at_Release,48 or older,173,0.3697761297225952
tabicl,Age_at_Release,48 or older,174,0.4219651222229004
tabicl,Age_at_Release,48 or older,175,0.0492937490344047
tabicl,Age_at_Release,48 or older,176,0.3955324292182922
tabicl,Age_at_Release,48 or older,177,0.3121426701545715
tabicl,Age_at_Release,48 or older,178,0.2444494813680648
tabicl,Age_at_Release,48 or older,179,0.3391727805137634
tabicl,Age_at_Release,48 or older,180,0.2460808455944061
tabicl,Age_at_Release,48 or older,181,0.3829947412014007
tabicl,Age_at_Release,48 or older,182,0.6514001488685608
tabicl,Age_at_Release,48 or older,183,0.5845996141433716
tabicl,Age_at_Release,48 or older,184,0.6403824687004089
tabicl,Age_at_Release,48 or older,185,0.4466125667095184
tabicl,Age_at_Release,48 or older,186,0.2401185184717178
tabicl,Age_at_Release,48 or older,187,0.697208046913147
tabicl,Age_at_Release,48 or older,188,0.5883944630622864
tabicl,Age_at_Release,48 or older,189,0.5169445872306824
tabicl,Age_at_Release,48 or older,190,0.190205842256546
tabicl,Age_at_Release,48 or older,191,0.8168826103210449
tabicl,Age_at_Release,48 or older,192,0.6130852103233337
tabicl,Age_at_Release,48 or older,193,0.2292257249355316
tabicl,Age_at_Release,48 or older,194,0.4840304255485534
tabicl,Age_at_Release,48 or older,195,0.5646314024925232
tabicl,Age_at_Release,48 or older,196,0.2713090181350708
tabicl,Age_at_Release,48 or older,197,0.2600087225437164
tabicl,Age_at_Release,48 or older,198,0.5713081955909729
tabicl,Age_at_Release,48 or older,199,0.3863898813724518
tabicl,Gang_Affiliated,No,0,0.7955617904663086
tabicl,Gang_Affiliated,No,1,0.5658637285232544
tabicl,Gang_Affiliated,No,2,0.7748069167137146
tabicl,Gang_Affiliated,No,3,0.1609183251857757
tabicl,Gang_Affiliated,No,4,0.4114989936351776
tabicl,Gang_Affiliated,No,5,0.2115103304386139
tabicl,Gang_Affiliated,No,6,0.6130585074424744
tabicl,Gang_Affiliated,No,7,0.3077658414840698
tabicl,Gang_Affiliated,No,8,0.3798390328884125
tabicl,Gang_Affiliated,No,9,0.7269515991210938
tabicl,Gang_Affiliated,No,10,0.5946197509765625
tabicl,Gang_Affiliated,No,11,0.2798263728618622
tabicl,Gang_Affiliated,No,12,0.8438571691513062
tabicl,Gang_Affiliated,No,13,0.6853511333465576
tabicl,Gang_Affiliated,No,14,0.631256103515625
tabicl,Gang_Affiliated,No,15,0.3410353362560272
tabicl,Gang_Affiliated,No,16,0.8382272720336914
tabicl,Gang_Affiliated,No,17,0.5968497395515442
tabicl,Gang_Affiliated,No,18,0.7062849998474121
tabicl,Gang_Affiliated,No,19,0.6744932532310486
tabicl,Gang_Affiliated,No,20,0.502736508846283
tabicl,Gang_Affiliated,No,21,0.6226677298545837
tabicl,Gang_Affiliated,No,22,0.6382438540458679
tabicl,Gang_Affiliated,No,23,0.7987709641456604
tabicl,Gang_Affiliated,No,24,0.7890472412109375
tabicl,Gang_Affiliated,No,25,0.27437224984169
tabicl,Gang_Affiliated,No,26,0.7744791507720947
tabicl,Gang_Affiliated,No,27,0.7625988721847534
tabicl,Gang_Affiliated,No,28,0.1680656820535659
tabicl,Gang_Affiliated,No,29,0.5939288139343262
tabicl,Gang_Affiliated,No,30,0.4148590266704559
tabicl,Gang_Affiliated,No,31,0.1890414953231811
tabicl,Gang_Affiliated,No,32,0.1172753274440765
tabicl,Gang_Affiliated,No,33,0.6248398423194885
tabicl,Gang_Affiliated,No,34,0.3411654531955719
tabicl,Gang_Affiliated,No,35,0.3512046039104461
tabicl,Gang_Affiliated,No,36,0.758783221244812
tabicl,Gang_Affiliated,No,37,0.4107170403003692
tabicl,Gang_Affiliated,No,38,0.2564246356487274
tabicl,Gang_Affiliated,No,39,0.6413339376449585
tabicl,Gang_Affiliated,No,40,0.1368114352226257
tabicl,Gang_Affiliated,No,41,0.8661895990371704
tabicl,Gang_Affiliated,No,42,0.7229310274124146
tabicl,Gang_Affiliated,No,43,0.6942095160484314
tabicl,Gang_Affiliated,No,44,0.7378702759742737
tabicl,Gang_Affiliated,No,45,0.7237089276313782
tabicl,Gang_Affiliated,No,46,0.6657518744468689
tabicl,Gang_Affiliated,No,47,0.5174980163574219
tabicl,Gang_Affiliated,No,48,0.2984815835952759
tabicl,Gang_Affiliated,No,49,0.4281698763370514
tabicl,Gang_Affiliated,No,50,0.4982988536357879
tabicl,Gang_Affiliated,No,51,0.3810564577579498
tabicl,Gang_Affiliated,No,52,0.379389613866806
tabicl,Gang_Affiliated,No,53,0.4840580523014068
tabicl,Gang_Affiliated,No,54,0.5087924003601074
tabicl,Gang_Affiliated,No,55,0.8439685702323914
tabicl,Gang_Affiliated,No,56,0.7019667625427246
tabicl,Gang_Affiliated,No,57,0.6346503496170044
tabicl,Gang_Affiliated,No,58,0.5505585074424744
tabicl,Gang_Affiliated,No,59,0.6605095267295837
tabicl,Gang_Affiliated,No,60,0.7968927025794983
tabicl,Gang_Affiliated,No,61,0.7440453171730042
tabicl,Gang_Affiliated,No,62,0.3818593621253967
tabicl,Gang_Affiliated,No,63,0.6490993499755859
tabicl,Gang_Affiliated,No,64,0.8787798285484314
tabicl,Gang_Affiliated,No,65,0.5738806128501892
tabicl,Gang_Affiliated,No,66,0.376898318529129
tabicl,Gang_Affiliated,No,67,0.8019158244132996
tabicl,Gang_Affiliated,No,68,0.5597037076950073
tabicl,Gang_Affiliated,No,69,0.6522602438926697
tabicl,Gang_Affiliated,No,70,0.4214650690555572
tabicl,Gang_Affiliated,No,71,0.81014484167099
tabicl,Gang_Affiliated,No,72,0.7672092318534851
tabicl,Gang_Affiliated,No,73,0.477320522069931
tabicl,Gang_Affiliated,No,74,0.2652988135814667
tabicl,Gang_Affiliated,No,75,0.663162350654602
tabicl,Gang_Affiliated,No,76,0.5509369969367981
tabicl,Gang_Affiliated,No,77,0.5039648413658142
tabicl,Gang_Affiliated,No,78,0.5256163477897644
tabicl,Gang_Affiliated,No,79,0.381914734840393
tabicl,Gang_Affiliated,No,80,0.3241733312606811
tabicl,Gang_Affiliated,No,81,0.6513953804969788
tabicl,Gang_Affiliated,No,82,0.4729045629501343
tabicl,Gang_Affiliated,No,83,0.5163089632987976
tabicl,Gang_Affiliated,No,84,0.442979097366333
tabicl,Gang_Affiliated,No,85,0.5801483392715454
tabicl,Gang_Affiliated,No,86,0.7682129740715027
tabicl,Gang_Affiliated,No,87,0.6423535943031311
tabicl,Gang_Affiliated,No,88,0.5402306318283081
tabicl,Gang_Affiliated,No,89,0.8343599438667297
tabicl,Gang_Affiliated,No,90,0.7197250127792358
tabicl,Gang_Affiliated,No,91,0.4414843916893005
tabicl,Gang_Affiliated,No,92,0.6280287504196167
tabicl,Gang_Affiliated,No,93,0.7538531422615051
tabicl,Gang_Affiliated,No,94,0.6372801661491394
tabicl,Gang_Affiliated,No,95,0.7390367388725281
tabicl,Gang_Affiliated,No,96,0.5269953608512878
tabicl,Gang_Affiliated,No,97,0.1906580775976181
tabicl,Gang_Affiliated,No,98,0.4716143906116485
tabicl,Gang_Affiliated,No,99,0.3478782176971435
tabicl,Gang_Affiliated,No,100,0.3792009949684143
tabicl,Gang_Affiliated,No,101,0.5199742913246155
tabicl,Gang_Affiliated,No,102,0.6047108173370361
tabicl,Gang_Affiliated,No,103,0.8281082510948181
tabicl,Gang_Affiliated,No,104,0.7456614971160889
tabicl,Gang_Affiliated,No,105,0.3353831768035888
tabicl,Gang_Affiliated,No,106,0.7656782269477844
tabicl,Gang_Affiliated,No,107,0.3031450510025024
tabicl,Gang_Affiliated,No,108,0.5103227496147156
tabicl,Gang_Affiliated,No,109,0.6386570334434509
tabicl,Gang_Affiliated,No,110,0.3029617369174957
tabicl,Gang_Affiliated,No,111,0.5163184404373169
tabicl,Gang_Affiliated,No,112,0.6509228944778442
tabicl,Gang_Affiliated,No,113,0.3855255544185638
tabicl,Gang_Affiliated,No,114,0.1590345501899719
tabicl,Gang_Affiliated,No,115,0.8100680112838745
tabicl,Gang_Affiliated,No,116,0.8476651906967163
tabicl,Gang_Affiliated,No,117,0.7641162276268005
tabicl,Gang_Affiliated,No,118,0.7667688131332397
tabicl,Gang_Affiliated,No,119,0.6035074591636658
tabicl,Gang_Affiliated,No,120,0.2232505232095718
tabicl,Gang_Affiliated,No,121,0.909051477909088
tabicl,Gang_Affiliated,No,122,0.5554912686347961
tabicl,Gang_Affiliated,No,123,0.5205579400062561
tabicl,Gang_Affiliated,No,124,0.7448305487632751
tabicl,Gang_Affiliated,No,125,0.4320137202739715
tabicl,Gang_Affiliated,No,126,0.5438462495803833
tabicl,Gang_Affiliated,No,127,0.6076538562774658
tabicl,Gang_Affiliated,No,128,0.6916572451591492
tabicl,Gang_Affiliated,No,129,0.6393469572067261
tabicl,Gang_Affiliated,No,130,0.258470743894577
tabicl,Gang_Affiliated,No,131,0.4370924532413482
tabicl,Gang_Affiliated,No,132,0.5889923572540283
tabicl,Gang_Affiliated,No,133,0.3807389438152313
tabicl,Gang_Affiliated,No,134,0.6560915112495422
tabicl,Gang_Affiliated,No,135,0.8184801936149597
tabicl,Gang_Affiliated,No,136,0.7615620493888855
tabicl,Gang_Affiliated,No,137,0.7227213978767395
tabicl,Gang_Affiliated,No,138,0.0777212008833885
tabicl,Gang_Affiliated,No,139,0.5761104822158813
tabicl,Gang_Affiliated,No,140,0.7149323225021362
tabicl,Gang_Affiliated,No,141,0.0589837655425071
tabicl,Gang_Affiliated,No,142,0.2658871710300445
tabicl,Gang_Affiliated,No,143,0.7078086137771606
tabicl,Gang_Affiliated,No,144,0.2788342237472534
tabicl,Gang_Affiliated,No,145,0.8145133256912231
tabicl,Gang_Affiliated,No,146,0.3750754296779632
tabicl,Gang_Affiliated,No,147,0.762024998664856
tabicl,Gang_Affiliated,No,148,0.5834715366363525
tabicl,Gang_Affiliated,No,149,0.8060433268547058
tabicl,Gang_Affiliated,No,150,0.7699469327926636
tabicl,Gang_Affiliated,No,151,0.3815397620201111
tabicl,Gang_Affiliated,No,152,0.4341070353984833
tabicl,Gang_Affiliated,No,153,0.7143981456756592
tabicl,Gang_Affiliated,No,154,0.5094957947731018
tabicl,Gang_Affiliated,No,155,0.8065791726112366
tabicl,Gang_Affiliated,No,156,0.6504226326942444
tabicl,Gang_Affiliated,No,157,0.7551330327987671
tabicl,Gang_Affiliated,No,158,0.7774914503097534
tabicl,Gang_Affiliated,No,159,0.6477575302124023
tabicl,Gang_Affiliated,No,160,0.4756088852882385
tabicl,Gang_Affiliated,No,161,0.846028208732605
tabicl,Gang_Affiliated,No,162,0.832095742225647
tabicl,Gang_Affiliated,No,163,0.091066651046276
tabicl,Gang_Affiliated,No,164,0.7743484973907471
tabicl,Gang_Affiliated,No,165,0.4644031524658203
tabicl,Gang_Affiliated,No,166,0.8823959231376648
tabicl,Gang_Affiliated,No,167,0.5419055819511414
tabicl,Gang_Affiliated,No,168,0.7614324688911438
tabicl,Gang_Affiliated,No,169,0.5318422317504883
tabicl,Gang_Affiliated,No,170,0.8459764719009399
tabicl,Gang_Affiliated,No,171,0.912912666797638
tabicl,Gang_Affiliated,No,172,0.5155785083770752
tabicl,Gang_Affiliated,No,173,0.3697761297225952
tabicl,Gang_Affiliated,No,174,0.4219651222229004
tabicl,Gang_Affiliated,No,175,0.0492937490344047
tabicl,Gang_Affiliated,No,176,0.6896231174468994
tabicl,Gang_Affiliated,No,177,0.3818462789058685
tabicl,Gang_Affiliated,No,178,0.3645917475223541
tabicl,Gang_Affiliated,No,179,0.3077111840248108
tabicl,Gang_Affiliated,No,180,0.5054831504821777
tabicl,Gang_Affiliated,No,181,0.6389052271842957
tabicl,Gang_Affiliated,No,182,0.7489199638366699
tabicl,Gang_Affiliated,No,183,0.8181082606315613
tabicl,Gang_Affiliated,No,184,0.6995702385902405
tabicl,Gang_Affiliated,No,185,0.8203983902931213
tabicl,Gang_Affiliated,No,186,0.4088176190853119
tabicl,Gang_Affiliated,No,187,0.8004637360572815
tabicl,Gang_Affiliated,No,188,0.5883944630622864
tabicl,Gang_Affiliated,No,189,0.6323990225791931
tabicl,Gang_Affiliated,No,190,0.5425750017166138
tabicl,Gang_Affiliated,No,191,0.7573251128196716
tabicl,Gang_Affiliated,No,192,0.7225844264030457
tabicl,Gang_Affiliated,No,193,0.2959745824337005
tabicl,Gang_Affiliated,No,194,0.6287850141525269
tabicl,Gang_Affiliated,No,195,0.7594268918037415
tabicl,Gang_Affiliated,No,196,0.4648928046226501
tabicl,Gang_Affiliated,No,197,0.2600087225437164
tabicl,Gang_Affiliated,No,198,0.6506472229957581
tabicl,Gang_Affiliated,No,199,0.6395003795623779
tabicl,Gang_Affiliated,Yes,0,0.9009327292442322
tabicl,Gang_Affiliated,Yes,1,0.7940512299537659
tabicl,Gang_Affiliated,Yes,2,0.8800681233406067
tabicl,Gang_Affiliated,Yes,3,0.3719977736473083
tabicl,Gang_Affiliated,Yes,4,0.5938487648963928
tabicl,Gang_Affiliated,Yes,5,0.443973034620285
tabicl,Gang_Affiliated,Yes,6,0.8024908900260925
tabicl,Gang_Affiliated,Yes,7,0.5449657440185547
tabicl,Gang_Affiliated,Yes,8,0.6239756345748901
tabicl,Gang_Affiliated,Yes,9,0.8748591542243958
tabicl,Gang_Affiliated,Yes,10,0.7924196720123291
tabicl,Gang_Affiliated,Yes,11,0.5380185842514038
tabicl,Gang_Affiliated,Yes,12,0.9192531704902648
tabicl,Gang_Affiliated,Yes,13,0.8308516144752502
tabicl,Gang_Affiliated,Yes,14,0.8049473166465759
tabicl,Gang_Affiliated,Yes,15,0.5983871221542358
tabicl,Gang_Affiliated,Yes,16,0.9094517230987548
tabicl,Gang_Affiliated,Yes,17,0.7920817732810974
tabicl,Gang_Affiliated,Yes,18,0.8326225876808167
tabicl,Gang_Affiliated,Yes,19,0.8430554270744324
tabicl,Gang_Affiliated,Yes,20,0.7257601022720337
tabicl,Gang_Affiliated,Yes,21,0.8250666260719299
tabicl,Gang_Affiliated,Yes,22,0.8127564787864685
tabicl,Gang_Affiliated,Yes,23,0.8958028554916382
tabicl,Gang_Affiliated,Yes,24,0.8927503228187561
tabicl,Gang_Affiliated,Yes,25,0.4696435630321502
tabicl,Gang_Affiliated,Yes,26,0.878402054309845
tabicl,Gang_Affiliated,Yes,27,0.8712689876556396
tabicl,Gang_Affiliated,Yes,28,0.4022077620029449
tabicl,Gang_Affiliated,Yes,29,0.7759067416191101
tabicl,Gang_Affiliated,Yes,30,0.6634359955787659
tabicl,Gang_Affiliated,Yes,31,0.4103383123874664
tabicl,Gang_Affiliated,Yes,32,0.2887923419475555
tabicl,Gang_Affiliated,Yes,33,0.7828423380851746
tabicl,Gang_Affiliated,Yes,34,0.5838872790336609
tabicl,Gang_Affiliated,Yes,35,0.6451901793479919
tabicl,Gang_Affiliated,Yes,36,0.8876819610595703
tabicl,Gang_Affiliated,Yes,37,0.6627973318099976
tabicl,Gang_Affiliated,Yes,38,0.509168803691864
tabicl,Gang_Affiliated,Yes,39,0.8173581957817078
tabicl,Gang_Affiliated,Yes,40,0.3535138666629791
tabicl,Gang_Affiliated,Yes,41,0.9373018741607666
tabicl,Gang_Affiliated,Yes,42,0.8690283298492432
tabicl,Gang_Affiliated,Yes,43,0.8275665044784546
tabicl,Gang_Affiliated,Yes,44,0.8880667686462402
tabicl,Gang_Affiliated,Yes,45,0.8822829127311707
tabicl,Gang_Affiliated,Yes,46,0.8247929811477661
tabicl,Gang_Affiliated,Yes,47,0.7274391651153564
tabicl,Gang_Affiliated,Yes,48,0.535223662853241
tabicl,Gang_Affiliated,Yes,49,0.6256078481674194
tabicl,Gang_Affiliated,Yes,50,0.7052587866783142
tabicl,Gang_Affiliated,Yes,51,0.6203022599220276
tabicl,Gang_Affiliated,Yes,52,0.5724338293075562
tabicl,Gang_Affiliated,Yes,53,0.7085046172142029
tabicl,Gang_Affiliated,Yes,54,0.6794220209121704
tabicl,Gang_Affiliated,Yes,55,0.9286004900932312
tabicl,Gang_Affiliated,Yes,56,0.8320392370223999
tabicl,Gang_Affiliated,Yes,57,0.8201054930686951
tabicl,Gang_Affiliated,Yes,58,0.7797519564628601
tabicl,Gang_Affiliated,Yes,59,0.816837728023529
tabicl,Gang_Affiliated,Yes,60,0.8887070417404175
tabicl,Gang_Affiliated,Yes,61,0.86565101146698
tabicl,Gang_Affiliated,Yes,62,0.5775147080421448
tabicl,Gang_Affiliated,Yes,63,0.8040400147438049
tabicl,Gang_Affiliated,Yes,64,0.9380434155464172
tabicl,Gang_Affiliated,Yes,65,0.7769607901573181
tabicl,Gang_Affiliated,Yes,66,0.6379539966583252
tabicl,Gang_Affiliated,Yes,67,0.9177086353302002
tabicl,Gang_Affiliated,Yes,68,0.7186680436134338
tabicl,Gang_Affiliated,Yes,69,0.8243755102157593
tabicl,Gang_Affiliated,Yes,70,0.649783730506897
tabicl,Gang_Affiliated,Yes,71,0.9154418110847472
tabicl,Gang_Affiliated,Yes,72,0.8948385715484619
tabicl,Gang_Affiliated,Yes,73,0.7231002449989319
tabicl,Gang_Affiliated,Yes,74,0.4501596689224243
tabicl,Gang_Affiliated,Yes,75,0.8247534036636353
tabicl,Gang_Affiliated,Yes,76,0.7557266354560852
tabicl,Gang_Affiliated,Yes,77,0.7417357563972473
tabicl,Gang_Affiliated,Yes,78,0.7706180214881897
tabicl,Gang_Affiliated,Yes,79,0.602082371711731
tabicl,Gang_Affiliated,Yes,80,0.5681390166282654
tabicl,Gang_Affiliated,Yes,81,0.8460094332695007
tabicl,Gang_Affiliated,Yes,82,0.6696262955665588
tabicl,Gang_Affiliated,Yes,83,0.7269099950790405
tabicl,Gang_Affiliated,Yes,84,0.645074725151062
tabicl,Gang_Affiliated,Yes,85,0.7793543338775635
tabicl,Gang_Affiliated,Yes,86,0.8867636919021606
tabicl,Gang_Affiliated,Yes,87,0.8364781737327576
tabicl,Gang_Affiliated,Yes,88,0.7357141971588135
tabicl,Gang_Affiliated,Yes,89,0.919704794883728
tabicl,Gang_Affiliated,Yes,90,0.8780394792556763
tabicl,Gang_Affiliated,Yes,91,0.6997379064559937
tabicl,Gang_Affiliated,Yes,92,0.8153188228607178
tabicl,Gang_Affiliated,Yes,93,0.8902491927146912
tabicl,Gang_Affiliated,Yes,94,0.8138452172279358
tabicl,Gang_Affiliated,Yes,95,0.8626094460487366
tabicl,Gang_Affiliated,Yes,96,0.6909801363945007
tabicl,Gang_Affiliated,Yes,97,0.4186813235282898
tabicl,Gang_Affiliated,Yes,98,0.7014157772064209
tabicl,Gang_Affiliated,Yes,99,0.6051473021507263
tabicl,Gang_Affiliated,Yes,100,0.6235463619232178
tabicl,Gang_Affiliated,Yes,101,0.6854119896888733
tabicl,Gang_Affiliated,Yes,102,0.7800347805023193
tabicl,Gang_Affiliated,Yes,103,0.9247393608093262
tabicl,Gang_Affiliated,Yes,104,0.8827581405639648
tabicl,Gang_Affiliated,Yes,105,0.5462044477462769
tabicl,Gang_Affiliated,Yes,106,0.8822067975997925
tabicl,Gang_Affiliated,Yes,107,0.4634966552257538
tabicl,Gang_Affiliated,Yes,108,0.6894716620445251
tabicl,Gang_Affiliated,Yes,109,0.8155274987220764
tabicl,Gang_Affiliated,Yes,110,0.5120685696601868
tabicl,Gang_Affiliated,Yes,111,0.7213214635848999
tabicl,Gang_Affiliated,Yes,112,0.8281716704368591
tabicl,Gang_Affiliated,Yes,113,0.6163271069526672
tabicl,Gang_Affiliated,Yes,114,0.364997923374176
tabicl,Gang_Affiliated,Yes,115,0.9159871339797974
tabicl,Gang_Affiliated,Yes,116,0.9294090270996094
tabicl,Gang_Affiliated,Yes,117,0.8954488635063171
tabicl,Gang_Affiliated,Yes,118,0.9024176001548768
tabicl,Gang_Affiliated,Yes,119,0.7832120656967163
tabicl,Gang_Affiliated,Yes,120,0.4083675444126129
tabicl,Gang_Affiliated,Yes,121,0.9506595134735109
tabicl,Gang_Affiliated,Yes,122,0.7681906819343567
tabicl,Gang_Affiliated,Yes,123,0.7367779016494751
tabicl,Gang_Affiliated,Yes,124,0.8623914122581482
tabicl,Gang_Affiliated,Yes,125,0.6537251472473145
tabicl,Gang_Affiliated,Yes,126,0.7624199390411377
tabicl,Gang_Affiliated,Yes,127,0.824417769908905
tabicl,Gang_Affiliated,Yes,128,0.8246508240699768
tabicl,Gang_Affiliated,Yes,129,0.803357720375061
tabicl,Gang_Affiliated,Yes,130,0.4504181444644928
tabicl,Gang_Affiliated,Yes,131,0.6320047378540039
tabicl,Gang_Affiliated,Yes,132,0.7836421728134155
tabicl,Gang_Affiliated,Yes,133,0.6579899191856384
tabicl,Gang_Affiliated,Yes,134,0.8403633832931519
tabicl,Gang_Affiliated,Yes,135,0.904012143611908
tabicl,Gang_Affiliated,Yes,136,0.8607761859893799
tabicl,Gang_Affiliated,Yes,137,0.8658808469772339
tabicl,Gang_Affiliated,Yes,138,0.227894127368927
tabicl,Gang_Affiliated,Yes,139,0.7659742832183838
tabicl,Gang_Affiliated,Yes,140,0.8519783020019531
tabicl,Gang_Affiliated,Yes,141,0.1971446573734283
tabicl,Gang_Affiliated,Yes,142,0.4987978935241699
tabicl,Gang_Affiliated,Yes,143,0.8569061160087585
tabicl,Gang_Affiliated,Yes,144,0.5032598972320557
tabicl,Gang_Affiliated,Yes,145,0.8984957337379456
tabicl,Gang_Affiliated,Yes,146,0.6066693663597107
tabicl,Gang_Affiliated,Yes,147,0.8782631754875183
tabicl,Gang_Affiliated,Yes,148,0.7504579424858093
tabicl,Gang_Affiliated,Yes,149,0.8968789577484131
tabicl,Gang_Affiliated,Yes,150,0.9110117554664612
tabicl,Gang_Affiliated,Yes,151,0.6315749883651733
tabicl,Gang_Affiliated,Yes,152,0.6186542510986328
tabicl,Gang_Affiliated,Yes,153,0.8744575381278992
tabicl,Gang_Affiliated,Yes,154,0.7217159867286682
tabicl,Gang_Affiliated,Yes,155,0.8892185688018799
tabicl,Gang_Affiliated,Yes,156,0.821621835231781
tabicl,Gang_Affiliated,Yes,157,0.8733404278755188
tabicl,Gang_Affiliated,Yes,158,0.8918105363845825
tabicl,Gang_Affiliated,Yes,159,0.8144810199737549
tabicl,Gang_Affiliated,Yes,160,0.7004575729370117
tabicl,Gang_Affiliated,Yes,161,0.9327794909477234
tabicl,Gang_Affiliated,Yes,162,0.914206564426422
tabicl,Gang_Affiliated,Yes,163,0.2474574744701385
tabicl,Gang_Affiliated,Yes,164,0.8973486423492432
tabicl,Gang_Affiliated,Yes,165,0.7292603850364685
tabicl,Gang_Affiliated,Yes,166,0.940642774105072
tabicl,Gang_Affiliated,Yes,167,0.7534085512161255
tabicl,Gang_Affiliated,Yes,168,0.865077555179596
tabicl,Gang_Affiliated,Yes,169,0.7366593480110168
tabicl,Gang_Affiliated,Yes,170,0.9202914834022522
tabicl,Gang_Affiliated,Yes,171,0.9623555541038512
tabicl,Gang_Affiliated,Yes,172,0.7284573316574097
tabicl,Gang_Affiliated,Yes,173,0.5689452290534973
tabicl,Gang_Affiliated,Yes,174,0.6647616028785706
tabicl,Gang_Affiliated,Yes,175,0.165674552321434
tabicl,Gang_Affiliated,Yes,176,0.8476725816726685
tabicl,Gang_Affiliated,Yes,177,0.5685508251190186
tabicl,Gang_Affiliated,Yes,178,0.6268405318260193
tabicl,Gang_Affiliated,Yes,179,0.5940467715263367
tabicl,Gang_Affiliated,Yes,180,0.7419034242630005
tabicl,Gang_Affiliated,Yes,181,0.8317187428474426
tabicl,Gang_Affiliated,Yes,182,0.8835505247116089
tabicl,Gang_Affiliated,Yes,183,0.9099887609481812
tabicl,Gang_Affiliated,Yes,184,0.8451843857765198
tabicl,Gang_Affiliated,Yes,185,0.9168722033500672
tabicl,Gang_Affiliated,Yes,186,0.5997599363327026
tabicl,Gang_Affiliated,Yes,187,0.8985149264335632
tabicl,Gang_Affiliated,Yes,188,0.7600316405296326
tabicl,Gang_Affiliated,Yes,189,0.7809172868728638
tabicl,Gang_Affiliated,Yes,190,0.7923486828804016
tabicl,Gang_Affiliated,Yes,191,0.8830316662788391
tabicl,Gang_Affiliated,Yes,192,0.8615165948867798
tabicl,Gang_Affiliated,Yes,193,0.5066298246383667
tabicl,Gang_Affiliated,Yes,194,0.7704833149909973
tabicl,Gang_Affiliated,Yes,195,0.8651178479194641
tabicl,Gang_Affiliated,Yes,196,0.716101348400116
tabicl,Gang_Affiliated,Yes,197,0.4522280991077423
tabicl,Gang_Affiliated,Yes,198,0.8367116451263428
tabicl,Gang_Affiliated,Yes,199,0.8081117272377014
logistic,Prior_Arrest_Episodes_Felony,0,0,0.9208783070237965
logistic,Prior_Arrest_Episodes_Felony,0,1,0.8633213530825613
logistic,Prior_Arrest_Episodes_Felony,0,2,0.7308645035996146
logistic,Prior_Arrest_Episodes_Felony,0,3,0.3680205909876013
logistic,Prior_Arrest_Episodes_Felony,0,4,0.5015103178861595
logistic,Prior_Arrest_Episodes_Felony,0,5,0.3435263200558478
logistic,Prior_Arrest_Episodes_Felony,0,6,0.7446814234068067
logistic,Prior_Arrest_Episodes_Felony,0,7,0.42961401467074356
logistic,Prior_Arrest_Episodes_Felony,0,8,0.40815871739889437
logistic,Prior_Arrest_Episodes_Felony,0,9,0.7850731480337997
logistic,Prior_Arrest_Episodes_Felony,0,10,0.6461660783131739
logistic,Prior_Arrest_Episodes_Felony,0,11,0.4535423029866202
logistic,Prior_Arrest_Episodes_Felony,0,12,0.7959776294601288
logistic,Prior_Arrest_Episodes_Felony,0,13,0.7446594732346682
logistic,Prior_Arrest_Episodes_Felony,0,14,0.8506859451763901
logistic,Prior_Arrest_Episodes_Felony,0,15,0.466708415414915
logistic,Prior_Arrest_Episodes_Felony,0,16,0.8624454388861511
logistic,Prior_Arrest_Episodes_Felony,0,17,0.6052072157819284
logistic,Prior_Arrest_Episodes_Felony,0,18,0.7072047664490932
logistic,Prior_Arrest_Episodes_Felony,0,19,0.6838983193463428
logistic,Prior_Arrest_Episodes_Felony,0,20,0.5405696439506626
logistic,Prior_Arrest_Episodes_Felony,0,21,0.8087427125552488
logistic,Prior_Arrest_Episodes_Felony,0,22,0.8649310347167762
logistic,Prior_Arrest_Episodes_Felony,0,23,0.9120844750866347
logistic,Prior_Arrest_Episodes_Felony,0,24,0.921133267113959
logistic,Prior_Arrest_Episodes_Felony,0,25,0.35506656025640754
logistic,Prior_Arrest_Episodes_Felony,0,26,0.8643766003497951
logistic,Prior_Arrest_Episodes_Felony,0,27,0.7571877586945899
logistic,Prior_Arrest_Episodes_Felony,0,28,0.2993423762042543
logistic,Prior_Arrest_Episodes_Felony,0,29,0.5736996637437091
logistic,Prior_Arrest_Episodes_Felony,0,30,0.5889250822485389
logistic,Prior_Arrest_Episodes_Felony,0,31,0.42124998883905385
logistic,Prior_Arrest_Episodes_Felony,0,32,0.2736601757943707
logistic,Prior_Arrest_Episodes_Felony,0,33,0.6478025650015632
logistic,Prior_Arrest_Episodes_Felony,0,34,0.5397979299734058
logistic,Prior_Arrest_Episodes_Felony,0,35,0.6192972539415253
logistic,Prior_Arrest_Episodes_Felony,0,36,0.729947569497988
logistic,Prior_Arrest_Episodes_Felony,0,37,0.544326801624772
logistic,Prior_Arrest_Episodes_Felony,0,38,0.39980534280381097
logistic,Prior_Arrest_Episodes_Felony,0,39,0.706831887768714
logistic,Prior_Arrest_Episodes_Felony,0,40,0.30588211615329375
logistic,Prior_Arrest_Episodes_Felony,0,41,0.8771605983520647
logistic,Prior_Arrest_Episodes_Felony,0,42,0.7963764896706192
logistic,Prior_Arrest_Episodes_Felony,0,43,0.7367950909102075
logistic,Prior_Arrest_Episodes_Felony,0,44,0.7991428107893653
logistic,Prior_Arrest_Episodes_Felony,0,45,0.7801263870682964
logistic,Prior_Arrest_Episodes_Felony,0,46,0.6244988168017932
logistic,Prior_Arrest_Episodes_Felony,0,47,0.6526336173561743
logistic,Prior_Arrest_Episodes_Felony,0,48,0.3721387429685315
logistic,Prior_Arrest_Episodes_Felony,0,49,0.5494634551238697
logistic,Prior_Arrest_Episodes_Felony,0,50,0.6304394290499223
logistic,Prior_Arrest_Episodes_Felony,0,51,0.5658245457454464
logistic,Prior_Arrest_Episodes_Felony,0,52,0.3966319357288486
logistic,Prior_Arrest_Episodes_Felony,0,53,0.5581676558081176
logistic,Prior_Arrest_Episodes_Felony,0,54,0.5692106484541104
logistic,Prior_Arrest_Episodes_Felony,0,55,0.8555562860374288
logistic,Prior_Arrest_Episodes_Felony,0,56,0.8813674552689047
logistic,Prior_Arrest_Episodes_Felony,0,57,0.7021142963065707
logistic,Prior_Arrest_Episodes_Felony,0,58,0.5428005262732329
logistic,Prior_Arrest_Episodes_Felony,0,59,0.6929879275912865
logistic,Prior_Arrest_Episodes_Felony,0,60,0.7853837901398648
logistic,Prior_Arrest_Episodes_Felony,0,61,0.8886438356627523
logistic,Prior_Arrest_Episodes_Felony,0,62,0.5607718693373959
logistic,Prior_Arrest_Episodes_Felony,0,63,0.7438834805628506
logistic,Prior_Arrest_Episodes_Felony,0,64,0.8260130766490272
logistic,Prior_Arrest_Episodes_Felony,0,65,0.657419495597202
logistic,Prior_Arrest_Episodes_Felony,0,66,0.42009793468358453
logistic,Prior_Arrest_Episodes_Felony,0,67,0.7714028311723305
logistic,Prior_Arrest_Episodes_Felony,0,68,0.6571631768966382
logistic,Prior_Arrest_Episodes_Felony,0,69,0.6784628414659651
logistic,Prior_Arrest_Episodes_Felony,0,70,0.5024063787084293
logistic,Prior_Arrest_Episodes_Felony,0,71,0.9231911392327119
logistic,Prior_Arrest_Episodes_Felony,0,72,0.8355993071513353
logistic,Prior_Arrest_Episodes_Felony,0,73,0.6427031023988958
logistic,Prior_Arrest_Episodes_Felony,0,74,0.3472963544562919
logistic,Prior_Arrest_Episodes_Felony,0,75,0.8653055628784597
logistic,Prior_Arrest_Episodes_Felony,0,76,0.6407369324695419
logistic,Prior_Arrest_Episodes_Felony,0,77,0.6508581142382681
logistic,Prior_Arrest_Episodes_Felony,0,78,0.6273595000189814
logistic,Prior_Arrest_Episodes_Felony,0,79,0.7752316666905015
logistic,Prior_Arrest_Episodes_Felony,0,80,0.509179107160491
logistic,Prior_Arrest_Episodes_Felony,0,81,0.6475162370112484
logistic,Prior_Arrest_Episodes_Felony,0,82,0.5023057019615835
logistic,Prior_Arrest_Episodes_Felony,0,83,0.5710365746781707
logistic,Prior_Arrest_Episodes_Felony,0,84,0.5224117478260252
logistic,Prior_Arrest_Episodes_Felony,0,85,0.7112553645514976
logistic,Prior_Arrest_Episodes_Felony,0,86,0.8144457243334505
logistic,Prior_Arrest_Episodes_Felony,0,87,0.7218788935910552
logistic,Prior_Arrest_Episodes_Felony,0,88,0.525857544892169
logistic,Prior_Arrest_Episodes_Felony,0,89,0.8194905229085853
logistic,Prior_Arrest_Episodes_Felony,0,90,0.808788603687864
logistic,Prior_Arrest_Episodes_Felony,0,91,0.8373192152653466
logistic,Prior_Arrest_Episodes_Felony,0,92,0.7306360456628267
logistic,Prior_Arrest_Episodes_Felony,0,93,0.7639633356526744
logistic,Prior_Arrest_Episodes_Felony,0,94,0.6865596783491561
logistic,Prior_Arrest_Episodes_Felony,0,95,0.7130729632585964
logistic,Prior_Arrest_Episodes_Felony,0,96,0.6853355217327467
logistic,Prior_Arrest_Episodes_Felony,0,97,0.4657071132260885
logistic,Prior_Arrest_Episodes_Felony,0,98,0.7650973714962467
logistic,Prior_Arrest_Episodes_Felony,0,99,0.4636498440524022
logistic,Prior_Arrest_Episodes_Felony,0,100,0.7887008365954467
logistic,Prior_Arrest_Episodes_Felony,0,101,0.621388842377397
logistic,Prior_Arrest_Episodes_Felony,0,102,0.6822670024534102
logistic,Prior_Arrest_Episodes_Felony,0,103,0.8955300903166601
logistic,Prior_Arrest_Episodes_Felony,0,104,0.7661312684479296
logistic,Prior_Arrest_Episodes_Felony,0,105,0.48286305882256986
logistic,Prior_Arrest_Episodes_Felony,0,106,0.878328199790535
logistic,Prior_Arrest_Episodes_Felony,0,107,0.4321985249419584
logistic,Prior_Arrest_Episodes_Felony,0,108,0.5893796350674573
logistic,Prior_Arrest_Episodes_Felony,0,109,0.7133233545396301
logistic,Prior_Arrest_Episodes_Felony,0,110,0.4422912351246415
logistic,Prior_Arrest_Episodes_Felony,0,111,0.510154211252585
logistic,Prior_Arrest_Episodes_Felony,0,112,0.617210416461313
logistic,Prior_Arrest_Episodes_Felony,0,113,0.44569542683723157
logistic,Prior_Arrest_Episodes_Felony,0,114,0.3336249221111788
logistic,Prior_Arrest_Episodes_Felony,0,115,0.8959876927331152
logistic,Prior_Arrest_Episodes_Felony,0,116,0.8290965240647872
logistic,Prior_Arrest_Episodes_Felony,0,117,0.7570935117254295
logistic,Prior_Arrest_Episodes_Felony,0,118,0.7872643123569294
logistic,Prior_Arrest_Episodes_Felony,0,119,0.7407499545636302
logistic,Prior_Arrest_Episodes_Felony,0,120,0.32948208868354617
logistic,Prior_Arrest_Episodes_Felony,0,121,0.9567511041372511
logistic,Prior_Arrest_Episodes_Felony,0,122,0.6210140573573371
logistic,Prior_Arrest_Episodes_Felony,0,123,0.6459187023355906
logistic,Prior_Arrest_Episodes_Felony,0,124,0.7679143859139667
logistic,Prior_Arrest_Episodes_Felony,0,125,0.5185348162423857
logistic,Prior_Arrest_Episodes_Felony,0,126,0.6181042344166648
logistic,Prior_Arrest_Episodes_Felony,0,127,0.8431363907109275
logistic,Prior_Arrest_Episodes_Felony,0,128,0.70836330325778
logistic,Prior_Arrest_Episodes_Felony,0,129,0.7277413474178138
logistic,Prior_Arrest_Episodes_Felony,0,130,0.43246331277602584
logistic,Prior_Arrest_Episodes_Felony,0,131,0.4992586071347988
logistic,Prior_Arrest_Episodes_Felony,0,132,0.8366529444403032
logistic,Prior_Arrest_Episodes_Felony,0,133,0.8175988118975712
logistic,Prior_Arrest_Episodes_Felony,0,134,0.6465618574510472
logistic,Prior_Arrest_Episodes_Felony,0,135,0.8386512191071229
logistic,Prior_Arrest_Episodes_Felony,0,136,0.7947136647444899
logistic,Prior_Arrest_Episodes_Felony,0,137,0.8127406466475031
logistic,Prior_Arrest_Episodes_Felony,0,138,0.2291061334262008
logistic,Prior_Arrest_Episodes_Felony,0,139,0.6058803546552751
logistic,Prior_Arrest_Episodes_Felony,0,140,0.6635921582744798
logistic,Prior_Arrest_Episodes_Felony,0,141,0.2611836648424758
logistic,Prior_Arrest_Episodes_Felony,0,142,0.5383663280652149
logistic,Prior_Arrest_Episodes_Felony,0,143,0.7348200692780129
logistic,Prior_Arrest_Episodes_Felony,0,144,0.4292472912402902
logistic,Prior_Arrest_Episodes_Felony,0,145,0.7482442029866552
logistic,Prior_Arrest_Episodes_Felony,0,146,0.48613920284576656
logistic,Prior_Arrest_Episodes_Felony,0,147,0.8886330783892049
logistic,Prior_Arrest_Episodes_Felony,0,148,0.6416523254452321
logistic,Prior_Arrest_Episodes_Felony,0,149,0.9063590122512692
logistic,Prior_Arrest_Episodes_Felony,0,150,0.8343013576441435
logistic,Prior_Arrest_Episodes_Felony,0,151,0.4384517190958367
logistic,Prior_Arrest_Episodes_Felony,0,152,0.4718563432911405
logistic,Prior_Arrest_Episodes_Felony,0,153,0.804739228688465
logistic,Prior_Arrest_Episodes_Felony,0,154,0.4870817653480682
logistic,Prior_Arrest_Episodes_Felony,0,155,0.7436827384135779
logistic,Prior_Arrest_Episodes_Felony,0,156,0.8768597898044557
logistic,Prior_Arrest_Episodes_Felony,0,157,0.899126615021025
logistic,Prior_Arrest_Episodes_Felony,0,158,0.8726499102468518
logistic,Prior_Arrest_Episodes_Felony,0,159,0.88907500626213
logistic,Prior_Arrest_Episodes_Felony,0,160,0.573020372265022
logistic,Prior_Arrest_Episodes_Felony,0,161,0.872516240365988
logistic,Prior_Arrest_Episodes_Felony,0,162,0.8829708628603342
logistic,Prior_Arrest_Episodes_Felony,0,163,0.18710797508431498
logistic,Prior_Arrest_Episodes_Felony,0,164,0.8271027681091383
logistic,Prior_Arrest_Episodes_Felony,0,165,0.8190008240154517
logistic,Prior_Arrest_Episodes_Felony,0,166,0.8742247574359022
logistic,Prior_Arrest_Episodes_Felony,0,167,0.5731302747318575
logistic,Prior_Arrest_Episodes_Felony,0,168,0.8147973707822638
logistic,Prior_Arrest_Episodes_Felony,0,169,0.8096941972176137
logistic,Prior_Arrest_Episodes_Felony,0,170,0.9047552682391237
logistic,Prior_Arrest_Episodes_Felony,0,171,0.9364537446395986
logistic,Prior_Arrest_Episodes_Felony,0,172,0.8111710633926068
logistic,Prior_Arrest_Episodes_Felony,0,173,0.39891105559741896
logistic,Prior_Arrest_Episodes_Felony,0,174,0.43840287231939135
logistic,Prior_Arrest_Episodes_Felony,0,175,0.15427498728975356
logistic,Prior_Arrest_Episodes_Felony,0,176,0.7642511614392524
logistic,Prior_Arrest_Episodes_Felony,0,177,0.5020812352527654
logistic,Prior_Arrest_Episodes_Felony,0,178,0.4935497641309537
logistic,Prior_Arrest_Episodes_Felony,0,179,0.7159551709249821
logistic,Prior_Arrest_Episodes_Felony,0,180,0.6641196268356963
logistic,Prior_Arrest_Episodes_Felony,0,181,0.8186552387877923
logistic,Prior_Arrest_Episodes_Felony,0,182,0.8989968273134208
logistic,Prior_Arrest_Episodes_Felony,0,183,0.7673323777312985
logistic,Prior_Arrest_Episodes_Felony,0,184,0.7049628500060259
logistic,Prior_Arrest_Episodes_Felony,0,185,0.8672402688037564
logistic,Prior_Arrest_Episodes_Felony,0,186,0.46561383655216665
logistic,Prior_Arrest_Episodes_Felony,0,187,0.90430111214691
logistic,Prior_Arrest_Episodes_Felony,0,188,0.5776245734777962
logistic,Prior_Arrest_Episodes_Felony,0,189,0.658840373475378
logistic,Prior_Arrest_Episodes_Felony,0,190,0.6927448297663376
logistic,Prior_Arrest_Episodes_Felony,0,191,0.853081239736633
logistic,Prior_Arrest_Episodes_Felony,0,192,0.7187421555124104
logistic,Prior_Arrest_Episodes_Felony,0,193,0.4347138402720272
logistic,Prior_Arrest_Episodes_Felony,0,194,0.6177119328615741
logistic,Prior_Arrest_Episodes_Felony,0,195,0.6829433057812975
logistic,Prior_Arrest_Episodes_Felony,0,196,0.6253338750577017
logistic,Prior_Arrest_Episodes_Felony,0,197,0.4064607496091809
logistic,Prior_Arrest_Episodes_Felony,0,198,0.8714242948059132
logistic,Prior_Arrest_Episodes_Felony,0,199,0.7405002077943756
logistic,Prior_Arrest_Episodes_Felony,1,0,0.8300667410034399
logistic,Prior_Arrest_Episodes_Felony,1,1,0.7260978764827922
logistic,Prior_Arrest_Episodes_Felony,1,2,0.5326466525183289
logistic,Prior_Arrest_Episodes_Felony,1,3,0.19639839735384743
logistic,Prior_Arrest_Episodes_Felony,1,4,0.29688007900694274
logistic,Prior_Arrest_Episodes_Felony,1,5,0.1800720623227454
logistic,Prior_Arrest_Episodes_Felony,1,6,0.5503794520820152
logistic,Prior_Arrest_Episodes_Felony,1,7,0.24018480295817718
logistic,Prior_Arrest_Episodes_Felony,1,8,0.2244668223808567
logistic,Prior_Arrest_Episodes_Felony,1,9,0.6052140982801072
logistic,Prior_Arrest_Episodes_Felony,1,10,0.4338865104842625
logistic,Prior_Arrest_Episodes_Felony,1,11,0.25834106342312024
logistic,Prior_Arrest_Episodes_Felony,1,12,0.6208366680068766
logistic,Prior_Arrest_Episodes_Felony,1,13,0.5503508838334508
logistic,Prior_Arrest_Episodes_Felony,1,14,0.7051098539539579
logistic,Prior_Arrest_Episodes_Felony,1,15,0.2686261487669422
logistic,Prior_Arrest_Episodes_Felony,1,16,0.7246230639583289
logistic,Prior_Arrest_Episodes_Felony,1,17,0.39149542664241516
logistic,Prior_Arrest_Episodes_Felony,1,18,0.5034015173125822
logistic,Prior_Arrest_Episodes_Felony,1,19,0.4758949126853996
logistic,Prior_Arrest_Episodes_Felony,1,20,0.3305708435725203
logistic,Prior_Arrest_Episodes_Felony,1,21,0.6395982330323385
logistic,Prior_Arrest_Episodes_Felony,1,22,0.7288160122335566
logistic,Prior_Arrest_Episodes_Felony,1,23,0.8132269128369666
logistic,Prior_Arrest_Episodes_Felony,1,24,0.8305604872624949
logistic,Prior_Arrest_Episodes_Felony,1,25,0.18769122799812693
logistic,Prior_Arrest_Episodes_Felony,1,26,0.7278786346091084
logistic,Prior_Arrest_Episodes_Felony,1,27,0.5668675992028038
logistic,Prior_Arrest_Episodes_Felony,1,28,0.15204231863739726
logistic,Prior_Arrest_Episodes_Felony,1,29,0.36094185710063187
logistic,Prior_Arrest_Episodes_Felony,1,30,0.37549434637989815
logistic,Prior_Arrest_Episodes_Felony,1,31,0.23399577272476557
logistic,Prior_Arrest_Episodes_Felony,1,32,0.1365351205703718
logistic,Prior_Arrest_Episodes_Felony,1,33,0.4356473058392473
logistic,Prior_Arrest_Episodes_Felony,1,34,0.32988366296283433
logistic,Prior_Arrest_Episodes_Felony,1,35,0.4057232189808558
logistic,Prior_Arrest_Episodes_Felony,1,36,0.5314873047504196
logistic,Prior_Arrest_Episodes_Felony,1,37,0.33392929568918794
logistic,Prior_Arrest_Episodes_Felony,1,38,0.21848504554171816
logistic,Prior_Arrest_Episodes_Felony,1,39,0.5029515106728054
logistic,Prior_Arrest_Episodes_Felony,1,40,0.15608085841387498
logistic,Prior_Arrest_Episodes_Felony,1,41,0.7498048584774684
logistic,Prior_Arrest_Episodes_Felony,1,42,0.6214150737668792
logistic,Prior_Arrest_Episodes_Felony,1,43,0.5401971866544435
logistic,Prior_Arrest_Episodes_Felony,1,44,0.6254403854532429
logistic,Prior_Arrest_Episodes_Felony,1,45,0.5982461197270137
logistic,Prior_Arrest_Episodes_Felony,1,46,0.41106785957374625
logistic,Prior_Arrest_Episodes_Felony,1,47,0.44087673030519914
logistic,Prior_Arrest_Episodes_Felony,1,48,0.1992014276798069
logistic,Prior_Arrest_Episodes_Felony,1,49,0.3385556443949408
logistic,Prior_Arrest_Episodes_Felony,1,50,0.417234116241412
logistic,Prior_Arrest_Episodes_Felony,1,51,0.3535650352666211
logistic,Prior_Arrest_Episodes_Felony,1,52,0.21623234259495355
logistic,Prior_Arrest_Episodes_Felony,1,53,0.34648825314941356
logistic,Prior_Arrest_Episodes_Felony,1,54,0.3567245448360189
logistic,Prior_Arrest_Episodes_Felony,1,55,0.7131273253604891
logistic,Prior_Arrest_Episodes_Felony,1,56,0.757165791997919
logistic,Prior_Arrest_Episodes_Felony,1,57,0.49728649384316564
logistic,Prior_Arrest_Episodes_Felony,1,58,0.33256240862037895
logistic,Prior_Arrest_Episodes_Felony,1,59,0.48647456027515423
logistic,Prior_Arrest_Episodes_Felony,1,60,0.6056541199063599
logistic,Prior_Arrest_Episodes_Felony,1,61,0.7700727965598776
logistic,Prior_Arrest_Episodes_Felony,1,62,0.34888470215294065
logistic,Prior_Arrest_Episodes_Felony,1,63,0.5493417487493688
logistic,Prior_Arrest_Episodes_Felony,1,64,0.6658312138155502
logistic,Prior_Arrest_Episodes_Felony,1,65,0.44610400069987555
logistic,Prior_Arrest_Episodes_Felony,1,66,0.23314952592565732
logistic,Prior_Arrest_Episodes_Felony,1,67,0.5861346545104987
logistic,Prior_Arrest_Episodes_Felony,1,68,0.44582285271011424
logistic,Prior_Arrest_Episodes_Felony,1,69,0.469656365714086
logistic,Prior_Arrest_Episodes_Felony,1,70,0.29762881817695336
logistic,Prior_Arrest_Episodes_Felony,1,71,0.8345572071477385
logistic,Prior_Arrest_Episodes_Felony,1,72,0.6808328832815478
logistic,Prior_Arrest_Episodes_Felony,1,73,0.43017806944582687
logistic,Prior_Arrest_Episodes_Felony,1,74,0.18254708022936314
logistic,Prior_Arrest_Episodes_Felony,1,75,0.7294499095713457
logistic,Prior_Arrest_Episodes_Felony,1,76,0.4280830923380663
logistic,Prior_Arrest_Episodes_Felony,1,77,0.4389493416479214
logistic,Prior_Arrest_Episodes_Felony,1,78,0.41402885574611015
logistic,Prior_Arrest_Episodes_Felony,1,79,0.5914230222496915
logistic,Prior_Arrest_Episodes_Felony,1,80,0.30332378815495686
logistic,Prior_Arrest_Episodes_Felony,1,81,0.4353388414933582
logistic,Prior_Arrest_Episodes_Felony,1,82,0.2975446389224784
logistic,Prior_Arrest_Episodes_Felony,1,83,0.35843598977445856
logistic,Prior_Arrest_Episodes_Felony,1,84,0.3146360650575361
logistic,Prior_Arrest_Episodes_Felony,1,85,0.5083113283087527
logistic,Prior_Arrest_Episodes_Felony,1,86,0.648150612778709
logistic,Prior_Arrest_Episodes_Felony,1,87,0.5213770268808013
logistic,Prior_Arrest_Episodes_Felony,1,88,0.3176228290646629
logistic,Prior_Arrest_Episodes_Felony,1,89,0.6558058921146488
logistic,Prior_Arrest_Episodes_Felony,1,90,0.6396666267743378
logistic,Prior_Arrest_Episodes_Felony,1,91,0.683558749459448
logistic,Prior_Arrest_Episodes_Felony,1,92,0.5323575958529985
logistic,Prior_Arrest_Episodes_Felony,1,93,0.5759799669795973
logistic,Prior_Arrest_Episodes_Felony,1,94,0.47897333412299364
logistic,Prior_Arrest_Episodes_Felony,1,95,0.5105272747643699
logistic,Prior_Arrest_Episodes_Felony,1,96,0.4775553787282701
logistic,Prior_Arrest_Episodes_Felony,1,97,0.26783638615661937
logistic,Prior_Arrest_Episodes_Felony,1,98,0.5775177047483846
logistic,Prior_Arrest_Episodes_Felony,1,99,0.26621768508953825
logistic,Prior_Arrest_Episodes_Felony,1,100,0.6103709244133626
logistic,Prior_Arrest_Episodes_Felony,1,101,0.4078662740424928
logistic,Prior_Arrest_Episodes_Felony,1,102,0.4740157330682807
logistic,Prior_Arrest_Episodes_Felony,1,103,0.7824967999125158
logistic,Prior_Arrest_Episodes_Felony,1,104,0.5789228311105711
logistic,Prior_Arrest_Episodes_Felony,1,105,0.28154412753715297
logistic,Prior_Arrest_Episodes_Felony,1,106,0.7518405159332547
logistic,Prior_Arrest_Episodes_Felony,1,107,0.24211345121923572
logistic,Prior_Arrest_Episodes_Felony,1,108,0.37593481723296684
logistic,Prior_Arrest_Episodes_Felony,1,109,0.5108331672931132
logistic,Prior_Arrest_Episodes_Felony,1,110,0.24971950907536986
logistic,Prior_Arrest_Episodes_Felony,1,111,0.3041489588148631
logistic,Prior_Arrest_Episodes_Felony,1,112,0.40359310973564944
logistic,Prior_Arrest_Episodes_Felony,1,113,0.252312076464808
logistic,Prior_Arrest_Episodes_Felony,1,114,0.17363577239036918
logistic,Prior_Arrest_Episodes_Felony,1,115,0.7833297237724297
logistic,Prior_Arrest_Episodes_Felony,1,116,0.670621463754822
logistic,Prior_Arrest_Episodes_Felony,1,117,0.5667417492173455
logistic,Prior_Arrest_Episodes_Felony,1,118,0.6083240980839147
logistic,Prior_Arrest_Episodes_Felony,1,119,0.5452829889133225
logistic,Prior_Arrest_Episodes_Felony,1,120,0.1709699077079421
logistic,Prior_Arrest_Episodes_Felony,1,121,0.9027649612534865
logistic,Prior_Arrest_Episodes_Felony,1,122,0.4074816687480524
logistic,Prior_Arrest_Episodes_Felony,1,123,0.43362080910004824
logistic,Prior_Arrest_Episodes_Felony,1,124,0.5813533379917926
logistic,Prior_Arrest_Episodes_Felony,1,125,0.3112960270771362
logistic,Prior_Arrest_Episodes_Felony,1,126,0.4045044765888695
logistic,Prior_Arrest_Episodes_Felony,1,127,0.6928572935446128
logistic,Prior_Arrest_Episodes_Felony,1,128,0.5048018011100822
logistic,Prior_Arrest_Episodes_Felony,1,129,0.5287065662273825
logistic,Prior_Arrest_Episodes_Felony,1,130,0.24231148096549857
logistic,Prior_Arrest_Episodes_Felony,1,131,0.29500341161378024
logistic,Prior_Arrest_Episodes_Felony,1,132,0.6825015281350675
logistic,Prior_Arrest_Episodes_Felony,1,133,0.6529253020258527
logistic,Prior_Arrest_Episodes_Felony,1,134,0.43431186255025495
logistic,Prior_Arrest_Episodes_Felony,1,135,0.6856771134338218
logistic,Prior_Arrest_Episodes_Felony,1,136,0.6190070164755513
logistic,Prior_Arrest_Episodes_Felony,1,137,0.6455824076387681
logistic,Prior_Arrest_Episodes_Felony,1,138,0.11089753553896729
logistic,Prior_Arrest_Episodes_Felony,1,139,0.3921669845537437
logistic,Prior_Arrest_Episodes_Felony,1,140,0.4529156807387343
logistic,Prior_Arrest_Episodes_Felony,1,141,0.1291982862037019
logistic,Prior_Arrest_Episodes_Felony,1,142,0.3286112489494968
logistic,Prior_Arrest_Episodes_Felony,1,143,0.5376726225082358
logistic,Prior_Arrest_Episodes_Felony,1,144,0.2399117657893738
logistic,Prior_Arrest_Episodes_Felony,1,145,0.5550334748809096
logistic,Prior_Arrest_Episodes_Felony,1,146,0.2842050280349151
logistic,Prior_Arrest_Episodes_Felony,1,147,0.7700535489522078
logistic,Prior_Arrest_Episodes_Felony,1,148,0.4290575066850321
logistic,Prior_Arrest_Episodes_Felony,1,149,0.8024577671712679
logistic,Prior_Arrest_Episodes_Felony,1,150,0.6787827591989604
logistic,Prior_Arrest_Episodes_Felony,1,151,0.24681189357220024
logistic,Prior_Arrest_Episodes_Felony,1,152,0.27270645512892017
logistic,Prior_Arrest_Episodes_Felony,1,153,0.633657955693251
logistic,Prior_Arrest_Episodes_Felony,1,154,0.28497319469702687
logistic,Prior_Arrest_Episodes_Felony,1,155,0.5490809551161004
logistic,Prior_Arrest_Episodes_Felony,1,156,0.7492813230149722
logistic,Prior_Arrest_Episodes_Felony,1,157,0.7890680971347978
logistic,Prior_Arrest_Episodes_Felony,1,158,0.741993189192308
logistic,Prior_Arrest_Episodes_Felony,1,159,0.7708446835362261
logistic,Prior_Arrest_Episodes_Felony,1,160,0.36030156675632946
logistic,Prior_Arrest_Episodes_Felony,1,161,0.7417629617436179
logistic,Prior_Arrest_Episodes_Felony,1,162,0.7599907493015436
logistic,Prior_Arrest_Episodes_Felony,1,163,0.08809236012694416
logistic,Prior_Arrest_Episodes_Felony,1,164,0.667520323448126
logistic,Prior_Arrest_Episodes_Felony,1,165,0.6550590502436332
logistic,Prior_Arrest_Episodes_Felony,1,166,0.7447110991206144
logistic,Prior_Arrest_Episodes_Felony,1,167,0.36040510794843905
logistic,Prior_Arrest_Episodes_Felony,1,168,0.6486814653667702
logistic,Prior_Arrest_Episodes_Felony,1,169,0.6410176817077543
logistic,Prior_Arrest_Episodes_Felony,1,170,0.7994682632489056
logistic,Prior_Arrest_Episodes_Felony,1,171,0.8608169118339339
logistic,Prior_Arrest_Episodes_Felony,1,172,0.6432267738673806
logistic,Prior_Arrest_Episodes_Felony,1,173,0.21784912634505638
logistic,Prior_Arrest_Episodes_Felony,1,174,0.2467750144941792
logistic,Prior_Arrest_Episodes_Felony,1,175,0.07111424478674218
logistic,Prior_Arrest_Episodes_Felony,1,176,0.5763699105825272
logistic,Prior_Arrest_Episodes_Felony,1,177,0.29735700464120823
logistic,Prior_Arrest_Episodes_Felony,1,178,0.2902762315029915
logistic,Prior_Arrest_Episodes_Felony,1,179,0.5140575470400672
logistic,Prior_Arrest_Episodes_Felony,1,180,0.4535014372005798
logistic,Prior_Arrest_Episodes_Felony,1,181,0.6545324834277915
logistic,Prior_Arrest_Episodes_Felony,1,182,0.7888299614518081
logistic,Prior_Arrest_Episodes_Felony,1,183,0.5805590255605916
logistic,Prior_Arrest_Episodes_Felony,1,184,0.5007008387586471
logistic,Prior_Arrest_Episodes_Felony,1,185,0.7327332768470108
logistic,Prior_Arrest_Episodes_Felony,1,186,0.2677628795636869
logistic,Prior_Arrest_Episodes_Felony,1,187,0.7986238083012115
logistic,Prior_Arrest_Episodes_Felony,1,188,0.3646562891534305
logistic,Prior_Arrest_Episodes_Felony,1,189,0.44766497318136017
logistic,Prior_Arrest_Episodes_Felony,1,190,0.4861891828718344
logistic,Prior_Arrest_Episodes_Felony,1,191,0.7090417307804876
logistic,Prior_Arrest_Episodes_Felony,1,192,0.5174904517166729
logistic,Prior_Arrest_Episodes_Felony,1,193,0.24399789302000766
logistic,Prior_Arrest_Episodes_Felony,1,194,0.4041042912636543
logistic,Prior_Arrest_Episodes_Felony,1,195,0.4747940788932421
logistic,Prior_Arrest_Episodes_Felony,1,196,0.41193060531659087
logistic,Prior_Arrest_Episodes_Felony,1,197,0.22324477718588712
logistic,Prior_Arrest_Episodes_Felony,1,198,0.7398849461948863
logistic,Prior_Arrest_Episodes_Felony,1,199,0.5449606133087623
logistic,Prior_Arrest_Episodes_Felony,2,0,0.8603715211971673
logistic,Prior_Arrest_Episodes_Felony,2,1,0.7698018660838717
logistic,Prior_Arrest_Episodes_Felony,2,2,0.5897789007913338
logistic,Prior_Arrest_Episodes_Felony,2,3,0.23564973647635964
logistic,Prior_Arrest_Episodes_Felony,2,4,0.34752858784514135
logistic,Prior_Arrest_Episodes_Felony,2,5,0.21694135012766905
logistic,Prior_Arrest_Episodes_Felony,2,6,0.6069435946682945
logistic,Prior_Arrest_Episodes_Felony,2,7,0.2850826465725636
logistic,Prior_Arrest_Episodes_Felony,2,8,0.26746075522678464
logistic,Prior_Arrest_Episodes_Felony,2,9,0.65915198471277
logistic,Prior_Arrest_Episodes_Felony,2,10,0.49156760360640184
logistic,Prior_Arrest_Episodes_Felony,2,11,0.30526928151783495
logistic,Prior_Arrest_Episodes_Felony,2,12,0.6737905723387176
logistic,Prior_Arrest_Episodes_Felony,2,13,0.6069160535671414
logistic,Prior_Arrest_Episodes_Felony,2,14,0.7510143496997078
logistic,Prior_Arrest_Episodes_Felony,2,15,0.3166250669184573
logistic,Prior_Arrest_Episodes_Felony,2,16,0.7684873443127261
logistic,Prior_Arrest_Episodes_Felony,2,17,0.44800074232715165
logistic,Prior_Arrest_Episodes_Felony,2,18,0.5611634165082904
logistic,Prior_Arrest_Episodes_Felony,2,19,0.533893847384084
logistic,Prior_Arrest_Episodes_Felony,2,20,0.3838294278413246
logistic,Prior_Arrest_Episodes_Felony,2,21,0.6912350403739328
logistic,Prior_Arrest_Episodes_Felony,2,22,0.7722223488955147
logistic,Prior_Arrest_Episodes_Felony,2,23,0.8459775584094612
logistic,Prior_Arrest_Episodes_Felony,2,24,0.8607919828424887
logistic,Prior_Arrest_Episodes_Felony,2,25,0.2256911176764035
logistic,Prior_Arrest_Episodes_Felony,2,26,0.7713879465301299
logistic,Prior_Arrest_Episodes_Felony,2,27,0.6227791392722017
logistic,Prior_Arrest_Episodes_Felony,2,28,0.1844637276116358
logistic,Prior_Arrest_Episodes_Felony,2,29,0.4160524644511526
logistic,Prior_Arrest_Episodes_Felony,2,30,0.4313272178137745
logistic,Prior_Arrest_Episodes_Felony,2,31,0.2781602336977575
logistic,Prior_Arrest_Episodes_Felony,2,32,0.1662982908356997
logistic,Prior_Arrest_Episodes_Felony,2,33,0.4933584822702562
logistic,Prior_Arrest_Episodes_Felony,2,34,0.3830948923598464
logistic,Prior_Arrest_Episodes_Felony,2,35,0.46272051339267395
logistic,Prior_Arrest_Episodes_Felony,2,36,0.5886518279933188
logistic,Prior_Arrest_Episodes_Felony,2,37,0.3874158245265213
logistic,Prior_Arrest_Episodes_Felony,2,38,0.2607184142687214
logistic,Prior_Arrest_Episodes_Felony,2,39,0.56072007708858
logistic,Prior_Arrest_Episodes_Felony,2,40,0.1891713229482706
logistic,Prior_Arrest_Episodes_Felony,2,41,0.7908159190305258
logistic,Prior_Arrest_Episodes_Felony,2,42,0.6743305724539842
logistic,Prior_Arrest_Episodes_Felony,2,43,0.5971045885210335
logistic,Prior_Arrest_Episodes_Felony,2,44,0.6780847190163307
logistic,Prior_Arrest_Episodes_Felony,2,45,0.6525895325182918
logistic,Prior_Arrest_Episodes_Felony,2,46,0.4682244134053566
logistic,Prior_Arrest_Episodes_Felony,2,47,0.498668535282463
logistic,Prior_Arrest_Episodes_Felony,2,48,0.23884646527581258
logistic,Prior_Arrest_Episodes_Felony,2,49,0.39234669673317857
logistic,Prior_Arrest_Episodes_Felony,2,50,0.47455717987843826
logistic,Prior_Arrest_Episodes_Felony,2,51,0.4082688786514479
logistic,Prior_Arrest_Episodes_Felony,2,52,0.2581741128321257
logistic,Prior_Arrest_Episodes_Felony,2,53,0.40077600188635004
logistic,Prior_Arrest_Episodes_Felony,2,54,0.4116059686444487
logistic,Prior_Arrest_Episodes_Felony,2,55,0.7582117374898054
logistic,Prior_Arrest_Episodes_Felony,2,56,0.7972964636921376
logistic,Prior_Arrest_Episodes_Felony,2,57,0.55513109534
logistic,Prior_Arrest_Episodes_Felony,2,58,0.38595686351016106
logistic,Prior_Arrest_Episodes_Felony,2,59,0.5444235085875267
logistic,Prior_Arrest_Episodes_Felony,2,60,0.659565704741379
logistic,Prior_Arrest_Episodes_Felony,2,61,0.8086096268050735
logistic,Prior_Arrest_Episodes_Felony,2,62,0.40331620083384484
logistic,Prior_Arrest_Episodes_Felony,2,63,0.6059429702776827
logistic,Prior_Arrest_Episodes_Felony,2,64,0.7153820080321284
logistic,Prior_Arrest_Episodes_Felony,2,65,0.5039634045844003
logistic,Prior_Arrest_Episodes_Felony,2,66,0.27721206792864095
logistic,Prior_Arrest_Episodes_Felony,2,67,0.6411335948833384
logistic,Prior_Arrest_Episodes_Felony,2,68,0.5036789506484829
logistic,Prior_Arrest_Episodes_Felony,2,69,0.5276604581466898
logistic,Prior_Arrest_Episodes_Felony,2,70,0.34834178008560707
logistic,Prior_Arrest_Episodes_Felony,2,71,0.8641922066075851
logistic,Prior_Arrest_Episodes_Felony,2,72,0.7290643808192573
logistic,Prior_Arrest_Episodes_Felony,2,73,0.4877909550978841
logistic,Prior_Arrest_Episodes_Felony,2,74,0.2197872827968351
logistic,Prior_Arrest_Episodes_Felony,2,75,0.772786414995004
logistic,Prior_Arrest_Episodes_Felony,2,76,0.48565453459038455
logistic,Prior_Arrest_Episodes_Felony,2,77,0.4967129454470285
logistic,Prior_Arrest_Episodes_Felony,2,78,0.4712676661224847
logistic,Prior_Arrest_Episodes_Felony,2,79,0.6461434609540871
logistic,Prior_Arrest_Episodes_Felony,2,80,0.35451732992529733
logistic,Prior_Arrest_Episodes_Felony,2,81,0.49304485475296145
logistic,Prior_Arrest_Episodes_Felony,2,82,0.3482503692403991
logistic,Prior_Arrest_Episodes_Felony,2,83,0.41341150049213277
logistic,Prior_Arrest_Episodes_Felony,2,84,0.3667338097019313
logistic,Prior_Arrest_Episodes_Felony,2,85,0.5659945010155331
logistic,Prior_Arrest_Episodes_Felony,2,86,0.6991384653307201
logistic,Prior_Arrest_Episodes_Felony,2,87,0.5787975213692421
logistic,Prior_Arrest_Episodes_Felony,2,88,0.3699481743457855
logistic,Prior_Arrest_Episodes_Felony,2,89,0.7061872700695393
logistic,Prior_Arrest_Episodes_Felony,2,90,0.6912983645137293
logistic,Prior_Arrest_Episodes_Felony,2,91,0.7315407487483643
logistic,Prior_Arrest_Episodes_Felony,2,92,0.5894979472785371
logistic,Prior_Arrest_Episodes_Felony,2,93,0.6314799242940318
logistic,Prior_Arrest_Episodes_Felony,2,94,0.5369630645102397
logistic,Prior_Arrest_Episodes_Felony,2,95,0.5681713317451762
logistic,Prior_Arrest_Episodes_Felony,2,96,0.5355498943755513
logistic,Prior_Arrest_Episodes_Felony,2,97,0.31575511149946817
logistic,Prior_Arrest_Episodes_Felony,2,98,0.6329446540043425
logistic,Prior_Arrest_Episodes_Felony,2,99,0.3139709970841452
logistic,Prior_Arrest_Episodes_Felony,2,100,0.6639954129029623
logistic,Prior_Arrest_Episodes_Felony,2,101,0.46492909655859227
logistic,Prior_Arrest_Episodes_Felony,2,102,0.5320181255850268
logistic,Prior_Arrest_Episodes_Felony,2,103,0.8194395567348076
logistic,Prior_Arrest_Episodes_Felony,2,104,0.6342821738985333
logistic,Prior_Arrest_Episodes_Felony,2,105,0.33080723772294224
logistic,Prior_Arrest_Episodes_Felony,2,106,0.7926101914693549
logistic,Prior_Arrest_Episodes_Felony,2,107,0.2872355281013493
logistic,Prior_Arrest_Episodes_Felony,2,108,0.43178789972667797
logistic,Prior_Arrest_Episodes_Felony,2,109,0.5684716498865839
logistic,Prior_Arrest_Episodes_Felony,2,110,0.2957060306721095
logistic,Prior_Arrest_Episodes_Felony,2,111,0.355410720924613
logistic,Prior_Arrest_Episodes_Felony,2,112,0.46052305324985104
logistic,Prior_Arrest_Episodes_Felony,2,113,0.2985860261834056
logistic,Prior_Arrest_Episodes_Felony,2,114,0.20952400000896804
logistic,Prior_Arrest_Episodes_Felony,2,115,0.8201635226298781
logistic,Prior_Arrest_Episodes_Felony,2,116,0.7197609123119888
logistic,Prior_Arrest_Episodes_Felony,2,117,0.6226587208125537
logistic,Prior_Arrest_Episodes_Felony,2,118,0.6620743279488436
logistic,Prior_Arrest_Episodes_Felony,2,119,0.6020246724157983
logistic,Prior_Arrest_Episodes_Felony,2,120,0.20644478845519862
logistic,Prior_Arrest_Episodes_Felony,2,121,0.9213338775025358
logistic,Prior_Arrest_Episodes_Felony,2,122,0.4645328958994137
logistic,Prior_Arrest_Episodes_Felony,2,123,0.49129723408494935
logistic,Prior_Arrest_Episodes_Felony,2,124,0.6365937248632701
logistic,Prior_Arrest_Episodes_Felony,2,125,0.36313375169578377
logistic,Prior_Arrest_Episodes_Felony,2,126,0.46146350711979645
logistic,Prior_Arrest_Episodes_Felony,2,127,0.7399657124865957
logistic,Prior_Arrest_Episodes_Felony,2,128,0.5625423643488139
logistic,Prior_Arrest_Episodes_Felony,2,129,0.5859460554063382
logistic,Prior_Arrest_Episodes_Felony,2,130,0.287456466074748
logistic,Prior_Arrest_Episodes_Felony,2,131,0.34548907393142964
logistic,Prior_Arrest_Episodes_Felony,2,132,0.7305806503740432
logistic,Prior_Arrest_Episodes_Felony,2,133,0.7035377175910293
logistic,Prior_Arrest_Episodes_Felony,2,134,0.49200035849833534
logistic,Prior_Arrest_Episodes_Felony,2,135,0.7334631520834641
logistic,Prior_Arrest_Episodes_Felony,2,136,0.6720814823961996
logistic,Prior_Arrest_Episodes_Felony,2,137,0.6967683128699795
logistic,Prior_Arrest_Episodes_Felony,2,138,0.135951930420364
logistic,Prior_Arrest_Episodes_Felony,2,139,0.4486977554985991
logistic,Prior_Arrest_Episodes_Felony,2,140,0.5108437534551862
logistic,Prior_Arrest_Episodes_Felony,2,141,0.15765412076659524
logistic,Prior_Arrest_Episodes_Felony,2,142,0.3817341522271293
logistic,Prior_Arrest_Episodes_Felony,2,143,0.5946580251576723
logistic,Prior_Arrest_Episodes_Felony,2,144,0.2847776997827366
logistic,Prior_Arrest_Episodes_Felony,2,145,0.6114254888293397
logistic,Prior_Arrest_Episodes_Felony,2,146,0.33371746529016316
logistic,Prior_Arrest_Episodes_Felony,2,147,0.8085928033406209
logistic,Prior_Arrest_Episodes_Felony,2,148,0.4866484868420959
logistic,Prior_Arrest_Episodes_Felony,2,149,0.8367176286620472
logistic,Prior_Arrest_Episodes_Felony,2,150,0.7271999291228638
logistic,Prior_Arrest_Episodes_Felony,2,151,0.2924716953026705
logistic,Prior_Arrest_Episodes_Felony,2,152,0.32111434677063205
logistic,Prior_Arrest_Episodes_Felony,2,153,0.6857276660153743
logistic,Prior_Arrest_Episodes_Felony,2,154,0.33455690832903984
logistic,Prior_Arrest_Episodes_Felony,2,155,0.6056914205921495
logistic,Prior_Arrest_Episodes_Felony,2,156,0.790354205368736
logistic,Prior_Arrest_Episodes_Felony,2,157,0.8251441331694754
logistic,Prior_Arrest_Episodes_Felony,2,158,0.7839156972420417
logistic,Prior_Arrest_Episodes_Felony,2,159,0.8092841821938856
logistic,Prior_Arrest_Episodes_Felony,2,160,0.4153779555218906
logistic,Prior_Arrest_Episodes_Felony,2,161,0.7837119740428219
logistic,Prior_Arrest_Episodes_Felony,2,162,0.7997780221339091
logistic,Prior_Arrest_Episodes_Felony,2,163,0.10862398442353884
logistic,Prior_Arrest_Episodes_Felony,2,164,0.7169271373555907
logistic,Prior_Arrest_Episodes_Felony,2,165,0.7055006558302668
logistic,Prior_Arrest_Episodes_Felony,2,166,0.7863191641253643
logistic,Prior_Arrest_Episodes_Felony,2,167,0.4154870441825566
logistic,Prior_Arrest_Episodes_Felony,2,168,0.699628040660117
logistic,Prior_Arrest_Episodes_Felony,2,169,0.6925488765338486
logistic,Prior_Arrest_Episodes_Felony,2,170,0.8341394328860002
logistic,Prior_Arrest_Episodes_Felony,2,171,0.8863884760571644
logistic,Prior_Arrest_Episodes_Felony,2,172,0.6945919429679878
logistic,Prior_Arrest_Episodes_Felony,2,173,0.2600004665233198
logistic,Prior_Arrest_Episodes_Felony,2,174,0.2924306425660815
logistic,Prior_Arrest_Episodes_Felony,2,175,0.08807096155943359
logistic,Prior_Arrest_Episodes_Felony,2,176,0.6318514511934638
logistic,Prior_Arrest_Episodes_Felony,2,177,0.34804660241671675
logistic,Prior_Arrest_Episodes_Felony,2,178,0.3403434510120166
logistic,Prior_Arrest_Episodes_Felony,2,179,0.5716346947747857
logistic,Prior_Arrest_Episodes_Felony,2,180,0.5114343918655305
logistic,Prior_Arrest_Episodes_Felony,2,181,0.705016415354145
logistic,Prior_Arrest_Episodes_Felony,2,182,0.8249376901688259
logistic,Prior_Arrest_Episodes_Felony,2,183,0.6358385689357269
logistic,Prior_Arrest_Episodes_Felony,2,184,0.5585013662308345
logistic,Prior_Arrest_Episodes_Felony,2,185,0.7757055694220796
logistic,Prior_Arrest_Episodes_Felony,2,186,0.3156741239371331
logistic,Prior_Arrest_Episodes_Felony,2,187,0.8334105575408179
logistic,Prior_Arrest_Episodes_Felony,2,188,0.4199613366957805
logistic,Prior_Arrest_Episodes_Felony,2,189,0.5055420511450495
logistic,Prior_Arrest_Episodes_Felony,2,190,0.5441401578087967
logistic,Prior_Arrest_Episodes_Felony,2,191,0.7545472273161887
logistic,Prior_Arrest_Episodes_Felony,2,192,0.5749971346769828
logistic,Prior_Arrest_Episodes_Felony,2,193,0.2893370920524459
logistic,Prior_Arrest_Episodes_Felony,2,194,0.4610505994743101
logistic,Prior_Arrest_Episodes_Felony,2,195,0.5327952381289864
logistic,Prior_Arrest_Episodes_Felony,2,196,0.4691115654221832
logistic,Prior_Arrest_Episodes_Felony,2,197,0.2660849505324494
logistic,Prior_Arrest_Episodes_Felony,2,198,0.7820493918684066
logistic,Prior_Arrest_Episodes_Felony,2,199,0.6017131412514148
logistic,Prior_Arrest_Episodes_Felony,3,0,0.8747817689616119
logistic,Prior_Arrest_Episodes_Felony,3,1,0.7912918560473711
logistic,Prior_Arrest_Episodes_Felony,3,2,0.6197739101850581
logistic,Prior_Arrest_Episodes_Felony,3,3,0.25900579877547375
logistic,Prior_Arrest_Episodes_Felony,3,4,0.3765111696570195
logistic,Prior_Arrest_Episodes_Felony,3,5,0.23902301023731493
logistic,Prior_Arrest_Episodes_Felony,3,6,0.6364571668201308
logistic,Prior_Arrest_Episodes_Felony,3,7,0.3113424780477149
logistic,Prior_Arrest_Episodes_Felony,3,8,0.2927620912864988
logistic,Prior_Arrest_Episodes_Felony,3,9,0.6867684984848405
logistic,Prior_Arrest_Episodes_Felony,3,10,0.5229350131429139
logistic,Prior_Arrest_Episodes_Felony,3,11,0.332523693461135
logistic,Prior_Arrest_Episodes_Felony,3,12,0.7007594704144996
logistic,Prior_Arrest_Episodes_Felony,3,13,0.6364304549473164
logistic,Prior_Arrest_Episodes_Felony,3,14,0.7737427370151172
logistic,Prior_Arrest_Episodes_Felony,3,15,0.3443907415307672
logistic,Prior_Arrest_Episodes_Felony,3,16,0.7900665844833636
logistic,Prior_Arrest_Episodes_Felony,3,17,0.47920835852144295
logistic,Prior_Arrest_Episodes_Felony,3,18,0.5918026167018074
logistic,Prior_Arrest_Episodes_Felony,3,19,0.5649609675754061
logistic,Prior_Arrest_Episodes_Felony,3,20,0.41391885209342155
logistic,Prior_Arrest_Episodes_Felony,3,21,0.7173666966565345
logistic,Prior_Arrest_Episodes_Felony,3,22,0.7935469771834318
logistic,Prior_Arrest_Episodes_Felony,3,23,0.8616344217896551
logistic,Prior_Arrest_Episodes_Felony,3,24,0.8751651333224583
logistic,Prior_Arrest_Episodes_Felony,3,25,0.2483808899997504
logistic,Prior_Arrest_Episodes_Felony,3,26,0.7927697287190042
logistic,Prior_Arrest_Episodes_Felony,3,27,0.6517858404630461
logistic,Prior_Arrest_Episodes_Felony,3,28,0.20410124855279807
logistic,Prior_Arrest_Episodes_Felony,3,29,0.446836091758096
logistic,Prior_Arrest_Episodes_Felony,3,30,0.46234619308156055
logistic,Prior_Arrest_Episodes_Felony,3,31,0.3040536101906014
logistic,Prior_Arrest_Episodes_Felony,3,32,0.18443932002880836
logistic,Prior_Arrest_Episodes_Felony,3,33,0.5247222304250597
logistic,Prior_Arrest_Episodes_Felony,3,34,0.41316534541838323
logistic,Prior_Arrest_Episodes_Felony,3,35,0.4940358005765196
logistic,Prior_Arrest_Episodes_Felony,3,36,0.6186759650594711
logistic,Prior_Arrest_Episodes_Felony,3,37,0.41759585477358835
logistic,Prior_Arrest_Episodes_Felony,3,38,0.28563063178496323
logistic,Prior_Arrest_Episodes_Felony,3,39,0.591367690846434
logistic,Prior_Arrest_Episodes_Felony,3,40,0.20918145719034698
logistic,Prior_Arrest_Episodes_Felony,3,41,0.8108262442216095
logistic,Prior_Arrest_Episodes_Felony,3,42,0.7012746196151423
logistic,Prior_Arrest_Episodes_Felony,3,43,0.6269028036570696
logistic,Prior_Arrest_Episodes_Felony,3,44,0.7048541135988248
logistic,Prior_Arrest_Episodes_Felony,3,45,0.680480012670797
logistic,Prior_Arrest_Episodes_Felony,3,46,0.49956584665636594
logistic,Prior_Arrest_Episodes_Felony,3,47,0.5300167087760572
logistic,Prior_Arrest_Episodes_Felony,3,48,0.2624105918716362
logistic,Prior_Arrest_Episodes_Felony,3,49,0.4226458273047302
logistic,Prior_Arrest_Episodes_Felony,3,50,0.5059192240460187
logistic,Prior_Arrest_Episodes_Felony,3,51,0.4389094652693092
logistic,Prior_Arrest_Episodes_Felony,3,52,0.28293626066666744
logistic,Prior_Arrest_Episodes_Felony,3,53,0.43126409168257274
logistic,Prior_Arrest_Episodes_Felony,3,54,0.44230979745037396
logistic,Prior_Arrest_Episodes_Felony,3,55,0.7804751647204137
logistic,Prior_Arrest_Episodes_Felony,3,56,0.8168304538434333
logistic,Prior_Arrest_Episodes_Felony,3,57,0.5858806569406912
logistic,Prior_Arrest_Episodes_Felony,3,58,0.4161004396190414
logistic,Prior_Arrest_Episodes_Felony,3,59,0.5753470266725472
logistic,Prior_Arrest_Episodes_Felony,3,60,0.6871646067694303
logistic,Prior_Arrest_Episodes_Felony,3,61,0.8272895614189
logistic,Prior_Arrest_Episodes_Felony,3,62,0.4338576185026507
logistic,Prior_Arrest_Episodes_Felony,3,63,0.6354865531400389
logistic,Prior_Arrest_Episodes_Felony,3,64,0.7402380203774902
logistic,Prior_Arrest_Episodes_Felony,3,65,0.5352890322011897
logistic,Prior_Arrest_Episodes_Felony,3,66,0.3030542374869134
logistic,Prior_Arrest_Episodes_Felony,3,67,0.6694779649446965
logistic,Prior_Arrest_Episodes_Felony,3,68,0.5350059673297818
logistic,Prior_Arrest_Episodes_Felony,3,69,0.5587997115131982
logistic,Prior_Arrest_Episodes_Felony,3,70,0.37735295741734415
logistic,Prior_Arrest_Episodes_Felony,3,71,0.8782639355304012
logistic,Prior_Arrest_Episodes_Felony,3,72,0.7531378280320425
logistic,Prior_Arrest_Episodes_Felony,3,73,0.5191634510419932
logistic,Prior_Arrest_Episodes_Felony,3,74,0.24206907125476881
logistic,Prior_Arrest_Episodes_Felony,3,75,0.7940723174770772
logistic,Prior_Arrest_Episodes_Felony,3,76,0.5170283233508659
logistic,Prior_Arrest_Episodes_Felony,3,77,0.528067675151813
logistic,Prior_Arrest_Episodes_Felony,3,78,0.5026202678058019
logistic,Prior_Arrest_Episodes_Felony,3,79,0.6742931560485297
logistic,Prior_Arrest_Episodes_Felony,3,80,0.3837399622042815
logistic,Prior_Arrest_Episodes_Felony,3,81,0.5244093021248287
logistic,Prior_Arrest_Episodes_Felony,3,82,0.37725834088193827
logistic,Prior_Arrest_Episodes_Felony,3,83,0.44414834728523167
logistic,Prior_Arrest_Episodes_Felony,3,84,0.39634511335709294
logistic,Prior_Arrest_Episodes_Felony,3,85,0.5965389100173606
logistic,Prior_Arrest_Episodes_Felony,3,86,0.7248674705466747
logistic,Prior_Arrest_Episodes_Felony,3,87,0.6090632425149924
logistic,Prior_Arrest_Episodes_Felony,3,88,0.3996552213575616
logistic,Prior_Arrest_Episodes_Felony,3,89,0.731544939546483
logistic,Prior_Arrest_Episodes_Felony,3,90,0.7174268523480352
logistic,Prior_Arrest_Episodes_Felony,3,91,0.7554679633474257
logistic,Prior_Arrest_Episodes_Felony,3,92,0.6195002462471112
logistic,Prior_Arrest_Episodes_Felony,3,93,0.6601826386353868
logistic,Prior_Arrest_Episodes_Felony,3,94,0.5679911456661068
logistic,Prior_Arrest_Episodes_Felony,3,95,0.5986711697847994
logistic,Prior_Arrest_Episodes_Felony,3,96,0.5665962387972643
logistic,Prior_Arrest_Episodes_Felony,3,97,0.3434828422134941
logistic,Prior_Arrest_Episodes_Felony,3,98,0.6615944218081813
logistic,Prior_Arrest_Episodes_Felony,3,99,0.3416202776743114
logistic,Prior_Arrest_Episodes_Felony,3,100,0.691403222177836
logistic,Prior_Arrest_Episodes_Felony,3,101,0.49625579637586587
logistic,Prior_Arrest_Episodes_Felony,3,102,0.5631079606068582
logistic,Prior_Arrest_Episodes_Felony,3,103,0.837275190787961
logistic,Prior_Arrest_Episodes_Felony,3,104,0.6628831480807623
logistic,Prior_Arrest_Episodes_Felony,3,105,0.35916294447988656
logistic,Prior_Arrest_Episodes_Felony,3,106,0.8124895756225697
logistic,Prior_Arrest_Episodes_Felony,3,107,0.3136066777721718
logistic,Prior_Arrest_Episodes_Felony,3,108,0.46281304222416564
logistic,Prior_Arrest_Episodes_Felony,3,109,0.5989652482820278
logistic,Prior_Arrest_Episodes_Felony,3,110,0.3225029843432416
logistic,Prior_Arrest_Episodes_Felony,3,111,0.3846631095090575
logistic,Prior_Arrest_Episodes_Felony,3,112,0.49182575906477527
logistic,Prior_Arrest_Episodes_Felony,3,113,0.32552333856907245
logistic,Prior_Arrest_Episodes_Felony,3,114,0.23107346450330574
logistic,Prior_Arrest_Episodes_Felony,3,115,0.8379417867294695
logistic,Prior_Arrest_Episodes_Felony,3,116,0.744371158955814
logistic,Prior_Arrest_Episodes_Felony,3,117,0.651669502591285
logistic,Prior_Arrest_Episodes_Felony,3,118,0.6895655773495195
logistic,Prior_Arrest_Episodes_Felony,3,119,0.631683458472174
logistic,Prior_Arrest_Episodes_Felony,3,120,0.22776881033683835
logistic,Prior_Arrest_Episodes_Felony,3,121,0.9299646947997214
logistic,Prior_Arrest_Episodes_Felony,3,122,0.49585763928461946
logistic,Prior_Arrest_Episodes_Felony,3,123,0.5226651265780936
logistic,Prior_Arrest_Episodes_Felony,3,124,0.6651093703327808
logistic,Prior_Arrest_Episodes_Felony,3,125,0.39263460110538717
logistic,Prior_Arrest_Episodes_Felony,3,126,0.4927717472047216
logistic,Prior_Arrest_Episodes_Felony,3,127,0.7633849042284588
logistic,Prior_Arrest_Episodes_Felony,3,128,0.5931550886202004
logistic,Prior_Arrest_Episodes_Felony,3,129,0.6160388663954838
logistic,Prior_Arrest_Episodes_Felony,3,130,0.3138389686512726
logistic,Prior_Arrest_Episodes_Felony,3,131,0.37439916720168215
logistic,Prior_Arrest_Episodes_Felony,3,132,0.7545647268898468
logistic,Prior_Arrest_Episodes_Felony,3,133,0.7290363171789147
logistic,Prior_Arrest_Episodes_Felony,3,134,0.5233669568933539
logistic,Prior_Arrest_Episodes_Felony,3,135,0.7572758771643002
logistic,Prior_Arrest_Episodes_Felony,3,136,0.6991285831047231
logistic,Prior_Arrest_Episodes_Felony,3,137,0.7226195917150993
logistic,Prior_Arrest_Episodes_Felony,3,138,0.15138366074628887
logistic,Prior_Arrest_Episodes_Felony,3,139,0.4799117125007084
logistic,Prior_Arrest_Episodes_Felony,3,140,0.542129640608951
logistic,Prior_Arrest_Episodes_Felony,3,141,0.17505017366078401
logistic,Prior_Arrest_Episodes_Felony,3,142,0.41176908860580846
logistic,Prior_Arrest_Episodes_Felony,3,143,0.6245234030638365
logistic,Prior_Arrest_Episodes_Felony,3,144,0.3110216619275683
logistic,Prior_Arrest_Episodes_Felony,3,145,0.6408016929841676
logistic,Prior_Arrest_Episodes_Felony,3,146,0.3621876144179813
logistic,Prior_Arrest_Episodes_Felony,3,147,0.8272740292018246
logistic,Prior_Arrest_Episodes_Felony,3,148,0.518021816650728
logistic,Prior_Arrest_Episodes_Felony,3,149,0.8531523987554711
logistic,Prior_Arrest_Episodes_Felony,3,150,0.7513825462211663
logistic,Prior_Arrest_Episodes_Felony,3,151,0.3191083516074923
logistic,Prior_Arrest_Episodes_Felony,3,152,0.3490726052800415
logistic,Prior_Arrest_Episodes_Felony,3,153,0.7121313151261438
logistic,Prior_Arrest_Episodes_Felony,3,154,0.36305964904961047
logistic,Prior_Arrest_Episodes_Felony,3,155,0.6352425101235644
logistic,Prior_Arrest_Episodes_Felony,3,156,0.810398108336948
logistic,Prior_Arrest_Episodes_Felony,3,157,0.8425245623845173
logistic,Prior_Arrest_Episodes_Felony,3,158,0.8044228484967959
logistic,Prior_Arrest_Episodes_Felony,3,159,0.8279122908503309
logistic,Prior_Arrest_Episodes_Felony,3,160,0.4461498060199092
logistic,Prior_Arrest_Episodes_Felony,3,161,0.8042336310695973
logistic,Prior_Arrest_Episodes_Felony,3,162,0.8191271222282279
logistic,Prior_Arrest_Episodes_Felony,3,163,0.12138954680493913
logistic,Prior_Arrest_Episodes_Felony,3,164,0.7416969338457918
logistic,Prior_Arrest_Episodes_Felony,3,165,0.7308950023947558
logistic,Prior_Arrest_Episodes_Felony,3,166,0.8066544761151561
logistic,Prior_Arrest_Episodes_Felony,3,167,0.4462608073020531
logistic,Prior_Arrest_Episodes_Felony,3,168,0.7253316268005167
logistic,Prior_Arrest_Episodes_Felony,3,169,0.7186146034418773
logistic,Prior_Arrest_Episodes_Felony,3,170,0.8507874275281831
logistic,Prior_Arrest_Episodes_Felony,3,171,0.898430643442593
logistic,Prior_Arrest_Episodes_Felony,3,172,0.7205543498746965
logistic,Prior_Arrest_Episodes_Felony,3,173,0.2848705170564582
logistic,Prior_Arrest_Episodes_Felony,3,174,0.3190652460839258
logistic,Prior_Arrest_Episodes_Felony,3,175,0.09868854024498103
logistic,Prior_Arrest_Episodes_Felony,3,176,0.6605407839921872
logistic,Prior_Arrest_Episodes_Felony,3,177,0.37704742019535714
logistic,Prior_Arrest_Episodes_Felony,3,178,0.3690657601359003
logistic,Prior_Arrest_Episodes_Felony,3,179,0.6020612423576321
logistic,Prior_Arrest_Episodes_Felony,3,180,0.5427163182858104
logistic,Prior_Arrest_Episodes_Felony,3,181,0.7304365631436134
logistic,Prior_Arrest_Episodes_Felony,3,182,0.8423347186216322
logistic,Prior_Arrest_Episodes_Felony,3,183,0.6643822298078021
logistic,Prior_Arrest_Episodes_Felony,3,184,0.5891903648779848
logistic,Prior_Arrest_Episodes_Felony,3,185,0.7967899105371824
logistic,Prior_Arrest_Episodes_Felony,3,186,0.34339831198980625
logistic,Prior_Arrest_Episodes_Felony,3,187,0.8501185662795013
logistic,Prior_Arrest_Episodes_Felony,3,188,0.4508109036934561
logistic,Prior_Arrest_Episodes_Felony,3,189,0.5368596031215054
logistic,Prior_Arrest_Episodes_Felony,3,190,0.5750678972480973
logistic,Prior_Arrest_Episodes_Felony,3,191,0.7770488577005631
logistic,Prior_Arrest_Episodes_Felony,3,192,0.6053497371590048
logistic,Prior_Arrest_Episodes_Felony,3,193,0.3158156955634006
logistic,Prior_Arrest_Episodes_Felony,3,194,0.4923564373350737
logistic,Prior_Arrest_Episodes_Felony,3,195,0.5638757676912444
logistic,Prior_Arrest_Episodes_Felony,3,196,0.5004564960593747
logistic,Prior_Arrest_Episodes_Felony,3,197,0.29130789388868283
logistic,Prior_Arrest_Episodes_Felony,3,198,0.8026890813199554
logistic,Prior_Arrest_Episodes_Felony,3,199,0.6313809284102196
logistic,Prior_Arrest_Episodes_Felony,4,0,0.885234389754613
logistic,Prior_Arrest_Episodes_Felony,4,1,0.8071776109184872
logistic,Prior_Arrest_Episodes_Felony,4,2,0.6428218382326598
logistic,Prior_Arrest_Episodes_Felony,4,3,0.27846306215467226
logistic,Prior_Arrest_Episodes_Felony,4,4,0.400030280450812
logistic,Prior_Arrest_Episodes_Felony,4,5,0.25750077432155377
logistic,Prior_Arrest_Episodes_Felony,4,6,0.6590501405944248
logistic,Prior_Arrest_Episodes_Felony,4,7,0.33296472776076014
logistic,Prior_Arrest_Episodes_Felony,4,8,0.3136817263663406
logistic,Prior_Arrest_Episodes_Felony,4,9,0.7076708969064525
logistic,Prior_Arrest_Episodes_Felony,4,10,0.547567874218925
logistic,Prior_Arrest_Episodes_Felony,4,11,0.3548589514241751
logistic,Prior_Arrest_Episodes_Felony,4,12,0.7211073756344887
logistic,Prior_Arrest_Episodes_Felony,4,13,0.6590241994175416
logistic,Prior_Arrest_Episodes_Felony,4,14,0.7906107766475418
logistic,Prior_Arrest_Episodes_Felony,4,15,0.3670847255979666
logistic,Prior_Arrest_Episodes_Felony,4,16,0.8060227384769514
logistic,Prior_Arrest_Episodes_Felony,4,17,0.5039573282166893
logistic,Prior_Arrest_Episodes_Felony,4,18,0.6154941687672397
logistic,Prior_Arrest_Episodes_Felony,4,19,0.5891288076109014
logistic,Prior_Arrest_Episodes_Felony,4,20,0.43813263882488046
logistic,Prior_Arrest_Episodes_Felony,4,21,0.7370091424547498
logistic,Prior_Arrest_Episodes_Felony,4,22,0.8093024505242468
logistic,Prior_Arrest_Episodes_Felony,4,23,0.8730252212617624
logistic,Prior_Arrest_Episodes_Felony,4,24,0.8855899380568576
logistic,Prior_Arrest_Episodes_Felony,4,25,0.2673279361428199
logistic,Prior_Arrest_Episodes_Felony,4,26,0.8085702088938096
logistic,Prior_Arrest_Episodes_Felony,4,27,0.6739142615867246
logistic,Prior_Arrest_Episodes_Felony,4,28,0.22066219327946435
logistic,Prior_Arrest_Episodes_Felony,4,29,0.4714265861936105
logistic,Prior_Arrest_Episodes_Felony,4,30,0.48703872194260694
logistic,Prior_Arrest_Episodes_Felony,4,31,0.32540885249343915
logistic,Prior_Arrest_Episodes_Felony,4,32,0.19980539100538341
logistic,Prior_Arrest_Episodes_Felony,4,33,0.5493423368327589
logistic,Prior_Arrest_Episodes_Felony,4,34,0.4373679473973428
logistic,Prior_Arrest_Episodes_Felony,4,35,0.5187877168389968
logistic,Prior_Arrest_Episodes_Felony,4,36,0.6417519766569918
logistic,Prior_Arrest_Episodes_Felony,4,37,0.4418625718718523
logistic,Prior_Arrest_Episodes_Felony,4,38,0.30626135116936054
logistic,Prior_Arrest_Episodes_Felony,4,39,0.6150680668121381
logistic,Prior_Arrest_Episodes_Felony,4,40,0.22603754476572188
logistic,Prior_Arrest_Episodes_Felony,4,41,0.825552934924774
logistic,Prior_Arrest_Episodes_Felony,4,42,0.7216014119767589
logistic,Prior_Arrest_Episodes_Felony,4,43,0.649762801435232
logistic,Prior_Arrest_Episodes_Felony,4,44,0.7250328406994895
logistic,Prior_Arrest_Episodes_Felony,4,45,0.7016197300692226
logistic,Prior_Arrest_Episodes_Felony,4,46,0.5243077181022006
logistic,Prior_Arrest_Episodes_Felony,4,47,0.5545953574426078
logistic,Prior_Arrest_Episodes_Felony,4,48,0.28202628273159264
logistic,Prior_Arrest_Episodes_Felony,4,49,0.4469807803160591
logistic,Prior_Arrest_Episodes_Felony,4,50,0.5306421013908251
logistic,Prior_Arrest_Episodes_Felony,4,51,0.4634291954314488
logistic,Prior_Arrest_Episodes_Felony,4,52,0.30345503743044916
logistic,Prior_Arrest_Episodes_Felony,4,53,0.45570359988213566
logistic,Prior_Arrest_Episodes_Felony,4,54,0.46686142934074254
logistic,Prior_Arrest_Episodes_Felony,4,55,0.7969729867753934
logistic,Prior_Arrest_Episodes_Felony,4,56,0.8311870468796102
logistic,Prior_Arrest_Episodes_Felony,4,57,0.6096892314996769
logistic,Prior_Arrest_Episodes_Felony,4,58,0.4403459604967919
logistic,Prior_Arrest_Episodes_Felony,4,59,0.5993470633105122
logistic,Prior_Arrest_Episodes_Felony,4,60,0.708051809035463
logistic,Prior_Arrest_Episodes_Felony,4,61,0.8409859696243058
logistic,Prior_Arrest_Episodes_Felony,4,62,0.4583256591247984
logistic,Prior_Arrest_Episodes_Felony,4,63,0.6581074443553568
logistic,Prior_Arrest_Episodes_Felony,4,64,0.7588253398783029
logistic,Prior_Arrest_Episodes_Felony,4,65,0.5598209454133507
logistic,Prior_Arrest_Episodes_Felony,4,66,0.3243720039127725
logistic,Prior_Arrest_Episodes_Felony,4,67,0.6910150681625854
logistic,Prior_Arrest_Episodes_Felony,4,68,0.5595405277608971
logistic,Prior_Arrest_Episodes_Felony,4,69,0.5830572274048604
logistic,Prior_Arrest_Episodes_Felony,4,70,0.40089084140646913
logistic,Prior_Arrest_Episodes_Felony,4,71,0.8884629434740685
logistic,Prior_Arrest_Episodes_Felony,4,72,0.7710875442677046
logistic,Prior_Arrest_Episodes_Felony,4,73,0.5438211721891736
logistic,Prior_Arrest_Episodes_Felony,4,74,0.26070164065987245
logistic,Prior_Arrest_Episodes_Felony,4,75,0.8097973088161142
logistic,Prior_Arrest_Episodes_Felony,4,76,0.5416988803231823
logistic,Prior_Arrest_Episodes_Felony,4,77,0.5526622239315457
logistic,Prior_Arrest_Episodes_Felony,4,78,0.5273540016881099
logistic,Prior_Arrest_Episodes_Felony,4,79,0.6956591316623364
logistic,Prior_Arrest_Episodes_Felony,4,80,0.4074155610414209
logistic,Prior_Arrest_Episodes_Felony,4,81,0.549031687000322
logistic,Prior_Arrest_Episodes_Felony,4,82,0.40079412201318426
logistic,Prior_Arrest_Episodes_Felony,4,83,0.4687162608485503
logistic,Prior_Arrest_Episodes_Felony,4,84,0.42026804761659137
logistic,Prior_Arrest_Episodes_Felony,4,85,0.6201320186062725
logistic,Prior_Arrest_Episodes_Felony,4,86,0.7441745282903991
logistic,Prior_Arrest_Episodes_Felony,4,87,0.6323753085454101
logistic,Prior_Arrest_Episodes_Felony,4,88,0.42363773668231663
logistic,Prior_Arrest_Episodes_Felony,4,89,0.7505446724285989
logistic,Prior_Arrest_Episodes_Felony,4,90,0.7370666497806757
logistic,Prior_Arrest_Episodes_Felony,4,91,0.7732992510928289
logistic,Prior_Arrest_Episodes_Felony,4,92,0.6425551956465634
logistic,Prior_Arrest_Episodes_Felony,4,93,0.6820377659218388
logistic,Prior_Arrest_Episodes_Felony,4,94,0.5921121840390514
logistic,Prior_Arrest_Episodes_Felony,4,95,0.6222185540042399
logistic,Prior_Arrest_Episodes_Felony,4,96,0.5907390425640464
logistic,Prior_Arrest_Episodes_Felony,4,97,0.36615041200437665
logistic,Prior_Arrest_Episodes_Felony,4,98,0.6834022943098454
logistic,Prior_Arrest_Episodes_Felony,4,99,0.3642331244202147
logistic,Prior_Arrest_Episodes_Felony,4,100,0.7121259809508064
logistic,Prior_Arrest_Episodes_Felony,4,101,0.5210044063815464
logistic,Prior_Arrest_Episodes_Felony,4,102,0.587303544504451
logistic,Prior_Arrest_Episodes_Felony,4,103,0.8503229833187594
logistic,Prior_Arrest_Episodes_Felony,4,104,0.6846475571165519
logistic,Prior_Arrest_Episodes_Felony,4,105,0.38226278545308273
logistic,Prior_Arrest_Episodes_Felony,4,106,0.8271143894696756
logistic,Prior_Arrest_Episodes_Felony,4,107,0.33530960945053706
logistic,Prior_Arrest_Episodes_Felony,4,108,0.4875078965386304
logistic,Prior_Arrest_Episodes_Felony,4,109,0.6225062578265894
logistic,Prior_Arrest_Episodes_Felony,4,110,0.3445125670650934
logistic,Prior_Arrest_Episodes_Felony,4,111,0.40835792287997835
logistic,Prior_Arrest_Episodes_Felony,4,112,0.5165799985119534
logistic,Prior_Arrest_Episodes_Felony,4,113,0.3476332818645436
logistic,Prior_Arrest_Episodes_Felony,4,114,0.2491378823783667
logistic,Prior_Arrest_Episodes_Felony,4,115,0.8509456447762423
logistic,Prior_Arrest_Episodes_Felony,4,116,0.7627575164819864
logistic,Prior_Arrest_Episodes_Felony,4,117,0.6738016167876895
logistic,Prior_Arrest_Episodes_Felony,4,118,0.710360042302352
logistic,Prior_Arrest_Episodes_Felony,4,119,0.6544120143038598
logistic,Prior_Arrest_Episodes_Felony,4,120,0.24565741959126886
logistic,Prior_Arrest_Episodes_Felony,4,121,0.9361471431319319
logistic,Prior_Arrest_Episodes_Felony,4,122,0.5206069139770061
logistic,Prior_Arrest_Episodes_Felony,4,123,0.547299859299872
logistic,Prior_Arrest_Episodes_Felony,4,124,0.6867979617516946
logistic,Prior_Arrest_Episodes_Felony,4,125,0.4164880945377857
logistic,Prior_Arrest_Episodes_Felony,4,126,0.5175251105323693
logistic,Prior_Arrest_Episodes_Felony,4,127,0.780806388797862
logistic,Prior_Arrest_Episodes_Felony,4,128,0.6168189691083782
logistic,Prior_Arrest_Episodes_Felony,4,129,0.6391813914053414
logistic,Prior_Arrest_Episodes_Felony,4,130,0.33555011717812766
logistic,Prior_Arrest_Episodes_Felony,4,131,0.39787053792206123
logistic,Prior_Arrest_Episodes_Felony,4,132,0.7724420394703302
logistic,Prior_Arrest_Episodes_Felony,4,133,0.7481524727312283
logistic,Prior_Arrest_Episodes_Felony,4,134,0.5479967927435018
logistic,Prior_Arrest_Episodes_Felony,4,135,0.7750145928935235
logistic,Prior_Arrest_Episodes_Felony,4,136,0.7195430028069204
logistic,Prior_Arrest_Episodes_Felony,4,137,0.7420282528813594
logistic,Prior_Arrest_Episodes_Felony,4,138,0.16455143647227907
logistic,Prior_Arrest_Episodes_Felony,4,139,0.5046618072479311
logistic,Prior_Arrest_Episodes_Felony,4,140,0.5665928229692987
logistic,Prior_Arrest_Episodes_Felony,4,141,0.18981607189348335
logistic,Prior_Arrest_Episodes_Felony,4,142,0.43595066099047775
logistic,Prior_Arrest_Episodes_Felony,4,143,0.6474472017008156
logistic,Prior_Arrest_Episodes_Felony,4,144,0.33263239313760795
logistic,Prior_Arrest_Episodes_Felony,4,145,0.6632675175800998
logistic,Prior_Arrest_Episodes_Felony,4,146,0.3853650070748111
logistic,Prior_Arrest_Episodes_Felony,4,147,0.8409714323775446
logistic,Prior_Arrest_Episodes_Felony,4,148,0.5426865123744545
logistic,Prior_Arrest_Episodes_Felony,4,149,0.8651321741065972
logistic,Prior_Arrest_Episodes_Felony,4,150,0.769420816922997
logistic,Prior_Arrest_Episodes_Felony,4,151,0.3410028699253227
logistic,Prior_Arrest_Episodes_Felony,4,152,0.3719000970523938
logistic,Prior_Arrest_Episodes_Felony,4,153,0.732001680622881
logistic,Prior_Arrest_Episodes_Felony,4,154,0.3862590507842996
logistic,Prior_Arrest_Episodes_Felony,4,155,0.6578703925521664
logistic,Prior_Arrest_Episodes_Felony,4,156,0.8251509410905818
logistic,Prior_Arrest_Episodes_Felony,4,157,0.8552242246534523
logistic,Prior_Arrest_Episodes_Felony,4,158,0.8195370802942888
logistic,Prior_Arrest_Episodes_Felony,4,159,0.841568772293458
logistic,Prior_Arrest_Episodes_Felony,4,160,0.4707346724899142
logistic,Prior_Arrest_Episodes_Felony,4,161,0.8193592019406045
logistic,Prior_Arrest_Episodes_Felony,4,162,0.8333404331405992
logistic,Prior_Arrest_Episodes_Felony,4,163,0.13235526116502586
logistic,Prior_Arrest_Episodes_Felony,4,164,0.7602136766233603
logistic,Prior_Arrest_Episodes_Felony,4,165,0.7499250096694764
logistic,Prior_Arrest_Episodes_Felony,4,166,0.8216344872432222
logistic,Prior_Arrest_Episodes_Felony,4,167,0.47084659045632105
logistic,Prior_Arrest_Episodes_Felony,4,168,0.7446175884757856
logistic,Prior_Arrest_Episodes_Felony,4,169,0.7382019726539742
logistic,Prior_Arrest_Episodes_Felony,4,170,0.862929138928441
logistic,Prior_Arrest_Episodes_Felony,4,171,0.9071187714099207
logistic,Prior_Arrest_Episodes_Felony,4,172,0.7400555356228593
logistic,Prior_Arrest_Episodes_Felony,4,173,0.3054698109148571
logistic,Prior_Arrest_Episodes_Felony,4,174,0.340958287859333
logistic,Prior_Arrest_Episodes_Felony,4,175,0.10785529742664009
logistic,Prior_Arrest_Episodes_Felony,4,176,0.6823839590740847
logistic,Prior_Arrest_Episodes_Felony,4,177,0.40057850700270226
logistic,Prior_Arrest_Episodes_Felony,4,178,0.39241250223059226
logistic,Prior_Arrest_Episodes_Felony,4,179,0.6255341347124243
logistic,Prior_Arrest_Episodes_Felony,4,180,0.5671731809207804
logistic,Prior_Arrest_Episodes_Felony,4,181,0.7494878778701468
logistic,Prior_Arrest_Episodes_Felony,4,182,0.8550470568813074
logistic,Prior_Arrest_Episodes_Felony,4,183,0.6860956877115082
logistic,Prior_Arrest_Episodes_Felony,4,184,0.6129343684250118
logistic,Prior_Arrest_Episodes_Felony,4,185,0.8123564199193816
logistic,Prior_Arrest_Episodes_Felony,4,186,0.36606341379390217
logistic,Prior_Arrest_Episodes_Felony,4,187,0.8623058956365846
logistic,Prior_Arrest_Episodes_Felony,4,188,0.4754321364634629
logistic,Prior_Arrest_Episodes_Felony,4,189,0.5613765439982381
logistic,Prior_Arrest_Episodes_Felony,4,190,0.5990727163215978
logistic,Prior_Arrest_Episodes_Felony,4,191,0.7937361241980528
logistic,Prior_Arrest_Episodes_Felony,4,192,0.6287482658887739
logistic,Prior_Arrest_Episodes_Felony,4,193,0.33759631132053375
logistic,Prior_Arrest_Episodes_Felony,4,194,0.5171102071061201
logistic,Prior_Arrest_Episodes_Felony,4,195,0.5880599364290495
logistic,Prior_Arrest_Episodes_Felony,4,196,0.5251961848460727
logistic,Prior_Arrest_Episodes_Felony,4,197,0.3121694833535226
logistic,Prior_Arrest_Episodes_Felony,4,198,0.8179069692380168
logistic,Prior_Arrest_Episodes_Felony,4,199,0.6541179308819149
logistic,Prior_Arrest_Episodes_Felony,5,0,0.885234389754613
logistic,Prior_Arrest_Episodes_Felony,5,1,0.8071776109184872
logistic,Prior_Arrest_Episodes_Felony,5,2,0.6428218382326598
logistic,Prior_Arrest_Episodes_Felony,5,3,0.27846306215467226
logistic,Prior_Arrest_Episodes_Felony,5,4,0.400030280450812
logistic,Prior_Arrest_Episodes_Felony,5,5,0.25750077432155377
logistic,Prior_Arrest_Episodes_Felony,5,6,0.6590501405944248
logistic,Prior_Arrest_Episodes_Felony,5,7,0.33296472776076014
logistic,Prior_Arrest_Episodes_Felony,5,8,0.3136817263663406
logistic,Prior_Arrest_Episodes_Felony,5,9,0.7076708969064525
logistic,Prior_Arrest_Episodes_Felony,5,10,0.547567874218925
logistic,Prior_Arrest_Episodes_Felony,5,11,0.3548589514241751
logistic,Prior_Arrest_Episodes_Felony,5,12,0.7211073756344887
logistic,Prior_Arrest_Episodes_Felony,5,13,0.6590241994175416
logistic,Prior_Arrest_Episodes_Felony,5,14,0.7906107766475418
logistic,Prior_Arrest_Episodes_Felony,5,15,0.3670847255979666
logistic,Prior_Arrest_Episodes_Felony,5,16,0.8060227384769514
logistic,Prior_Arrest_Episodes_Felony,5,17,0.5039573282166893
logistic,Prior_Arrest_Episodes_Felony,5,18,0.6154941687672397
logistic,Prior_Arrest_Episodes_Felony,5,19,0.5891288076109014
logistic,Prior_Arrest_Episodes_Felony,5,20,0.43813263882488046
logistic,Prior_Arrest_Episodes_Felony,5,21,0.7370091424547498
logistic,Prior_Arrest_Episodes_Felony,5,22,0.8093024505242468
logistic,Prior_Arrest_Episodes_Felony,5,23,0.8730252212617624
logistic,Prior_Arrest_Episodes_Felony,5,24,0.8855899380568576
logistic,Prior_Arrest_Episodes_Felony,5,25,0.2673279361428199
logistic,Prior_Arrest_Episodes_Felony,5,26,0.8085702088938096
logistic,Prior_Arrest_Episodes_Felony,5,27,0.6739142615867246
logistic,Prior_Arrest_Episodes_Felony,5,28,0.22066219327946435
logistic,Prior_Arrest_Episodes_Felony,5,29,0.4714265861936105
logistic,Prior_Arrest_Episodes_Felony,5,30,0.48703872194260694
logistic,Prior_Arrest_Episodes_Felony,5,31,0.32540885249343915
logistic,Prior_Arrest_Episodes_Felony,5,32,0.19980539100538341
logistic,Prior_Arrest_Episodes_Felony,5,33,0.5493423368327589
logistic,Prior_Arrest_Episodes_Felony,5,34,0.4373679473973428
logistic,Prior_Arrest_Episodes_Felony,5,35,0.5187877168389968
logistic,Prior_Arrest_Episodes_Felony,5,36,0.6417519766569918
logistic,Prior_Arrest_Episodes_Felony,5,37,0.4418625718718523
logistic,Prior_Arrest_Episodes_Felony,5,38,0.30626135116936054
logistic,Prior_Arrest_Episodes_Felony,5,39,0.6150680668121381
logistic,Prior_Arrest_Episodes_Felony,5,40,0.22603754476572188
logistic,Prior_Arrest_Episodes_Felony,5,41,0.825552934924774
logistic,Prior_Arrest_Episodes_Felony,5,42,0.7216014119767589
logistic,Prior_Arrest_Episodes_Felony,5,43,0.649762801435232
logistic,Prior_Arrest_Episodes_Felony,5,44,0.7250328406994895
logistic,Prior_Arrest_Episodes_Felony,5,45,0.7016197300692226
logistic,Prior_Arrest_Episodes_Felony,5,46,0.5243077181022006
logistic,Prior_Arrest_Episodes_Felony,5,47,0.5545953574426078
logistic,Prior_Arrest_Episodes_Felony,5,48,0.28202628273159264
logistic,Prior_Arrest_Episodes_Felony,5,49,0.4469807803160591
logistic,Prior_Arrest_Episodes_Felony,5,50,0.5306421013908251
logistic,Prior_Arrest_Episodes_Felony,5,51,0.4634291954314488
logistic,Prior_Arrest_Episodes_Felony,5,52,0.30345503743044916
logistic,Prior_Arrest_Episodes_Felony,5,53,0.45570359988213566
logistic,Prior_Arrest_Episodes_Felony,5,54,0.46686142934074254
logistic,Prior_Arrest_Episodes_Felony,5,55,0.7969729867753934
logistic,Prior_Arrest_Episodes_Felony,5,56,0.8311870468796102
logistic,Prior_Arrest_Episodes_Felony,5,57,0.6096892314996769
logistic,Prior_Arrest_Episodes_Felony,5,58,0.4403459604967919
logistic,Prior_Arrest_Episodes_Felony,5,59,0.5993470633105122
logistic,Prior_Arrest_Episodes_Felony,5,60,0.708051809035463
logistic,Prior_Arrest_Episodes_Felony,5,61,0.8409859696243058
logistic,Prior_Arrest_Episodes_Felony,5,62,0.4583256591247984
logistic,Prior_Arrest_Episodes_Felony,5,63,0.6581074443553568
logistic,Prior_Arrest_Episodes_Felony,5,64,0.7588253398783029
logistic,Prior_Arrest_Episodes_Felony,5,65,0.5598209454133507
logistic,Prior_Arrest_Episodes_Felony,5,66,0.3243720039127725
logistic,Prior_Arrest_Episodes_Felony,5,67,0.6910150681625854
logistic,Prior_Arrest_Episodes_Felony,5,68,0.5595405277608971
logistic,Prior_Arrest_Episodes_Felony,5,69,0.5830572274048604
logistic,Prior_Arrest_Episodes_Felony,5,70,0.40089084140646913
logistic,Prior_Arrest_Episodes_Felony,5,71,0.8884629434740685
logistic,Prior_Arrest_Episodes_Felony,5,72,0.7710875442677046
logistic,Prior_Arrest_Episodes_Felony,5,73,0.5438211721891736
logistic,Prior_Arrest_Episodes_Felony,5,74,0.26070164065987245
logistic,Prior_Arrest_Episodes_Felony,5,75,0.8097973088161142
logistic,Prior_Arrest_Episodes_Felony,5,76,0.5416988803231823
logistic,Prior_Arrest_Episodes_Felony,5,77,0.5526622239315457
logistic,Prior_Arrest_Episodes_Felony,5,78,0.5273540016881099
logistic,Prior_Arrest_Episodes_Felony,5,79,0.6956591316623364
logistic,Prior_Arrest_Episodes_Felony,5,80,0.4074155610414209
logistic,Prior_Arrest_Episodes_Felony,5,81,0.549031687000322
logistic,Prior_Arrest_Episodes_Felony,5,82,0.40079412201318426
logistic,Prior_Arrest_Episodes_Felony,5,83,0.4687162608485503
logistic,Prior_Arrest_Episodes_Felony,5,84,0.42026804761659137
logistic,Prior_Arrest_Episodes_Felony,5,85,0.6201320186062725
logistic,Prior_Arrest_Episodes_Felony,5,86,0.7441745282903991
logistic,Prior_Arrest_Episodes_Felony,5,87,0.6323753085454101
logistic,Prior_Arrest_Episodes_Felony,5,88,0.42363773668231663
logistic,Prior_Arrest_Episodes_Felony,5,89,0.7505446724285989
logistic,Prior_Arrest_Episodes_Felony,5,90,0.7370666497806757
logistic,Prior_Arrest_Episodes_Felony,5,91,0.7732992510928289
logistic,Prior_Arrest_Episodes_Felony,5,92,0.6425551956465634
logistic,Prior_Arrest_Episodes_Felony,5,93,0.6820377659218388
logistic,Prior_Arrest_Episodes_Felony,5,94,0.5921121840390514
logistic,Prior_Arrest_Episodes_Felony,5,95,0.6222185540042399
logistic,Prior_Arrest_Episodes_Felony,5,96,0.5907390425640464
logistic,Prior_Arrest_Episodes_Felony,5,97,0.36615041200437665
logistic,Prior_Arrest_Episodes_Felony,5,98,0.6834022943098454
logistic,Prior_Arrest_Episodes_Felony,5,99,0.3642331244202147
logistic,Prior_Arrest_Episodes_Felony,5,100,0.7121259809508064
logistic,Prior_Arrest_Episodes_Felony,5,101,0.5210044063815464
logistic,Prior_Arrest_Episodes_Felony,5,102,0.587303544504451
logistic,Prior_Arrest_Episodes_Felony,5,103,0.8503229833187594
logistic,Prior_Arrest_Episodes_Felony,5,104,0.6846475571165519
logistic,Prior_Arrest_Episodes_Felony,5,105,0.38226278545308273
logistic,Prior_Arrest_Episodes_Felony,5,106,0.8271143894696756
logistic,Prior_Arrest_Episodes_Felony,5,107,0.33530960945053706
logistic,Prior_Arrest_Episodes_Felony,5,108,0.4875078965386304
logistic,Prior_Arrest_Episodes_Felony,5,109,0.6225062578265894
logistic,Prior_Arrest_Episodes_Felony,5,110,0.3445125670650934
logistic,Prior_Arrest_Episodes_Felony,5,111,0.40835792287997835
logistic,Prior_Arrest_Episodes_Felony,5,112,0.5165799985119534
logistic,Prior_Arrest_Episodes_Felony,5,113,0.3476332818645436
logistic,Prior_Arrest_Episodes_Felony,5,114,0.2491378823783667
logistic,Prior_Arrest_Episodes_Felony,5,115,0.8509456447762423
logistic,Prior_Arrest_Episodes_Felony,5,116,0.7627575164819864
logistic,Prior_Arrest_Episodes_Felony,5,117,0.6738016167876895
logistic,Prior_Arrest_Episodes_Felony,5,118,0.710360042302352
logistic,Prior_Arrest_Episodes_Felony,5,119,0.6544120143038598
logistic,Prior_Arrest_Episodes_Felony,5,120,0.24565741959126886
logistic,Prior_Arrest_Episodes_Felony,5,121,0.9361471431319319
logistic,Prior_Arrest_Episodes_Felony,5,122,0.5206069139770061
logistic,Prior_Arrest_Episodes_Felony,5,123,0.547299859299872
logistic,Prior_Arrest_Episodes_Felony,5,124,0.6867979617516946
logistic,Prior_Arrest_Episodes_Felony,5,125,0.4164880945377857
logistic,Prior_Arrest_Episodes_Felony,5,126,0.5175251105323693
logistic,Prior_Arrest_Episodes_Felony,5,127,0.780806388797862
logistic,Prior_Arrest_Episodes_Felony,5,128,0.6168189691083782
logistic,Prior_Arrest_Episodes_Felony,5,129,0.6391813914053414
logistic,Prior_Arrest_Episodes_Felony,5,130,0.33555011717812766
logistic,Prior_Arrest_Episodes_Felony,5,131,0.39787053792206123
logistic,Prior_Arrest_Episodes_Felony,5,132,0.7724420394703302
logistic,Prior_Arrest_Episodes_Felony,5,133,0.7481524727312283
logistic,Prior_Arrest_Episodes_Felony,5,134,0.5479967927435018
logistic,Prior_Arrest_Episodes_Felony,5,135,0.7750145928935235
logistic,Prior_Arrest_Episodes_Felony,5,136,0.7195430028069204
logistic,Prior_Arrest_Episodes_Felony,5,137,0.7420282528813594
logistic,Prior_Arrest_Episodes_Felony,5,138,0.16455143647227907
logistic,Prior_Arrest_Episodes_Felony,5,139,0.5046618072479311
logistic,Prior_Arrest_Episodes_Felony,5,140,0.5665928229692987
logistic,Prior_Arrest_Episodes_Felony,5,141,0.18981607189348335
logistic,Prior_Arrest_Episodes_Felony,5,142,0.43595066099047775
logistic,Prior_Arrest_Episodes_Felony,5,143,0.6474472017008156
logistic,Prior_Arrest_Episodes_Felony,5,144,0.33263239313760795
logistic,Prior_Arrest_Episodes_Felony,5,145,0.6632675175800998
logistic,Prior_Arrest_Episodes_Felony,5,146,0.3853650070748111
logistic,Prior_Arrest_Episodes_Felony,5,147,0.8409714323775446
logistic,Prior_Arrest_Episodes_Felony,5,148,0.5426865123744545
logistic,Prior_Arrest_Episodes_Felony,5,149,0.8651321741065972
logistic,Prior_Arrest_Episodes_Felony,5,150,0.769420816922997
logistic,Prior_Arrest_Episodes_Felony,5,151,0.3410028699253227
logistic,Prior_Arrest_Episodes_Felony,5,152,0.3719000970523938
logistic,Prior_Arrest_Episodes_Felony,5,153,0.732001680622881
logistic,Prior_Arrest_Episodes_Felony,5,154,0.3862590507842996
logistic,Prior_Arrest_Episodes_Felony,5,155,0.6578703925521664
logistic,Prior_Arrest_Episodes_Felony,5,156,0.8251509410905818
logistic,Prior_Arrest_Episodes_Felony,5,157,0.8552242246534523
logistic,Prior_Arrest_Episodes_Felony,5,158,0.8195370802942888
logistic,Prior_Arrest_Episodes_Felony,5,159,0.841568772293458
logistic,Prior_Arrest_Episodes_Felony,5,160,0.4707346724899142
logistic,Prior_Arrest_Episodes_Felony,5,161,0.8193592019406045
logistic,Prior_Arrest_Episodes_Felony,5,162,0.8333404331405992
logistic,Prior_Arrest_Episodes_Felony,5,163,0.13235526116502586
logistic,Prior_Arrest_Episodes_Felony,5,164,0.7602136766233603
logistic,Prior_Arrest_Episodes_Felony,5,165,0.7499250096694764
logistic,Prior_Arrest_Episodes_Felony,5,166,0.8216344872432222
logistic,Prior_Arrest_Episodes_Felony,5,167,0.47084659045632105
logistic,Prior_Arrest_Episodes_Felony,5,168,0.7446175884757856
logistic,Prior_Arrest_Episodes_Felony,5,169,0.7382019726539742
logistic,Prior_Arrest_Episodes_Felony,5,170,0.862929138928441
logistic,Prior_Arrest_Episodes_Felony,5,171,0.9071187714099207
logistic,Prior_Arrest_Episodes_Felony,5,172,0.7400555356228593
logistic,Prior_Arrest_Episodes_Felony,5,173,0.3054698109148571
logistic,Prior_Arrest_Episodes_Felony,5,174,0.340958287859333
logistic,Prior_Arrest_Episodes_Felony,5,175,0.10785529742664009
logistic,Prior_Arrest_Episodes_Felony,5,176,0.6823839590740847
logistic,Prior_Arrest_Episodes_Felony,5,177,0.40057850700270226
logistic,Prior_Arrest_Episodes_Felony,5,178,0.39241250223059226
logistic,Prior_Arrest_Episodes_Felony,5,179,0.6255341347124243
logistic,Prior_Arrest_Episodes_Felony,5,180,0.5671731809207804
logistic,Prior_Arrest_Episodes_Felony,5,181,0.7494878778701468
logistic,Prior_Arrest_Episodes_Felony,5,182,0.8550470568813074
logistic,Prior_Arrest_Episodes_Felony,5,183,0.6860956877115082
logistic,Prior_Arrest_Episodes_Felony,5,184,0.6129343684250118
logistic,Prior_Arrest_Episodes_Felony,5,185,0.8123564199193816
logistic,Prior_Arrest_Episodes_Felony,5,186,0.36606341379390217
logistic,Prior_Arrest_Episodes_Felony,5,187,0.8623058956365846
logistic,Prior_Arrest_Episodes_Felony,5,188,0.4754321364634629
logistic,Prior_Arrest_Episodes_Felony,5,189,0.5613765439982381
logistic,Prior_Arrest_Episodes_Felony,5,190,0.5990727163215978
logistic,Prior_Arrest_Episodes_Felony,5,191,0.7937361241980528
logistic,Prior_Arrest_Episodes_Felony,5,192,0.6287482658887739
logistic,Prior_Arrest_Episodes_Felony,5,193,0.33759631132053375
logistic,Prior_Arrest_Episodes_Felony,5,194,0.5171102071061201
logistic,Prior_Arrest_Episodes_Felony,5,195,0.5880599364290495
logistic,Prior_Arrest_Episodes_Felony,5,196,0.5251961848460727
logistic,Prior_Arrest_Episodes_Felony,5,197,0.3121694833535226
logistic,Prior_Arrest_Episodes_Felony,5,198,0.8179069692380168
logistic,Prior_Arrest_Episodes_Felony,5,199,0.6541179308819149
logistic,Prior_Arrest_Episodes_Felony,6,0,0.8946976766331454
logistic,Prior_Arrest_Episodes_Felony,6,1,0.8217814732935905
logistic,Prior_Arrest_Episodes_Felony,6,2,0.664702796079775
logistic,Prior_Arrest_Episodes_Felony,6,3,0.29829956529910595
logistic,Prior_Arrest_Episodes_Felony,6,4,0.423444503887937
logistic,Prior_Arrest_Episodes_Felony,6,5,0.2764160739580986
logistic,Prior_Arrest_Episodes_Felony,6,6,0.6804311715743633
logistic,Prior_Arrest_Episodes_Felony,6,7,0.3547747136093629
logistic,Prior_Arrest_Episodes_Felony,6,8,0.3348627178806523
logistic,Prior_Arrest_Episodes_Felony,6,9,0.7272646883653422
logistic,Prior_Arrest_Episodes_Felony,6,10,0.5713934050088608
logistic,Prior_Arrest_Episodes_Felony,6,11,0.3772918847599875
logistic,Prior_Arrest_Episodes_Felony,6,12,0.740131282699855
logistic,Prior_Arrest_Episodes_Felony,6,13,0.6804060682992384
logistic,Prior_Arrest_Episodes_Felony,6,14,0.8061680628447963
logistic,Prior_Arrest_Episodes_Felony,6,15,0.3898235259288183
logistic,Prior_Arrest_Episodes_Felony,6,16,0.8206946380581408
logistic,Prior_Arrest_Episodes_Felony,6,17,0.5281002214401047
logistic,Prior_Arrest_Episodes_Felony,6,18,0.6381067529782377
logistic,Prior_Arrest_Episodes_Felony,6,19,0.6123152819916157
logistic,Prior_Arrest_Episodes_Felony,6,20,0.4620594944647796
logistic,Prior_Arrest_Episodes_Felony,6,21,0.7553164086634215
logistic,Prior_Arrest_Episodes_Felony,6,22,0.8237805166025108
logistic,Prior_Arrest_Episodes_Felony,6,23,0.8833625992930837
logistic,Prior_Arrest_Episodes_Felony,6,24,0.8950273838412491
logistic,Prior_Arrest_Episodes_Felony,6,25,0.2866863884191642
logistic,Prior_Arrest_Episodes_Felony,6,26,0.8230917156763987
logistic,Prior_Arrest_Episodes_Felony,6,27,0.6947948296201963
logistic,Prior_Arrest_Episodes_Felony,6,28,0.237737874839365
logistic,Prior_Arrest_Episodes_Felony,6,29,0.49556798808343816
logistic,Prior_Arrest_Episodes_Felony,6,30,0.5112063920598018
logistic,Prior_Arrest_Episodes_Felony,6,31,0.3469813642317947
logistic,Prior_Arrest_Episodes_Felony,6,32,0.2157138288174427
logistic,Prior_Arrest_Episodes_Felony,6,33,0.5731472670264767
logistic,Prior_Arrest_Episodes_Felony,6,34,0.4612873274689066
logistic,Prior_Arrest_Episodes_Felony,6,35,0.54286354928384
logistic,Prior_Arrest_Episodes_Felony,6,36,0.6636641829965839
logistic,Prior_Arrest_Episodes_Felony,6,37,0.46582424628696445
logistic,Prior_Arrest_Episodes_Felony,6,38,0.3271801510210565
logistic,Prior_Arrest_Episodes_Felony,6,39,0.6376909590381475
logistic,Prior_Arrest_Episodes_Felony,6,40,0.24339927913525594
logistic,Prior_Arrest_Episodes_Felony,6,41,0.839042613815718
logistic,Prior_Arrest_Episodes_Felony,6,42,0.7406037419965532
logistic,Prior_Arrest_Episodes_Felony,6,43,0.6714358870337956
logistic,Prior_Arrest_Episodes_Felony,6,44,0.7438840849395726
logistic,Prior_Arrest_Episodes_Felony,6,45,0.7214594696250352
logistic,Prior_Arrest_Episodes_Felony,6,46,0.5483478112085983
logistic,Prior_Arrest_Episodes_Felony,6,47,0.5783357961020198
logistic,Prior_Arrest_Episodes_Felony,6,48,0.30201037050510954
logistic,Prior_Arrest_Episodes_Felony,6,49,0.47098579407216346
logistic,Prior_Arrest_Episodes_Felony,6,50,0.5546339958688195
logistic,Prior_Arrest_Episodes_Felony,6,51,0.48753880357317203
logistic,Prior_Arrest_Episodes_Felony,6,52,0.3242717526342971
logistic,Prior_Arrest_Episodes_Felony,6,53,0.4797706617904274
logistic,Prior_Arrest_Episodes_Felony,6,54,0.4909862071032664
logistic,Prior_Arrest_Episodes_Felony,6,55,0.8121698735416676
logistic,Prior_Arrest_Episodes_Felony,6,56,0.8443232065739592
logistic,Prior_Arrest_Episodes_Felony,6,57,0.6324393326090276
logistic,Prior_Arrest_Episodes_Felony,6,58,0.46429380664135
logistic,Prior_Arrest_Episodes_Felony,6,59,0.6223265644246642
logistic,Prior_Arrest_Episodes_Felony,6,60,0.7276298958049529
logistic,Prior_Arrest_Episodes_Felony,6,61,0.8534940267892895
logistic,Prior_Arrest_Episodes_Felony,6,62,0.4824084664308551
logistic,Prior_Arrest_Episodes_Felony,6,63,0.6795188449034694
logistic,Prior_Arrest_Episodes_Felony,6,64,0.7760753555395034
logistic,Prior_Arrest_Episodes_Felony,6,65,0.5834920339939509
logistic,Prior_Arrest_Episodes_Felony,6,66,0.34591102531625745
logistic,Prior_Arrest_Episodes_Felony,6,67,0.711269756718911
logistic,Prior_Arrest_Episodes_Felony,6,68,0.5832154692764663
logistic,Prior_Arrest_Episodes_Felony,6,69,0.6063573955412633
logistic,Prior_Arrest_Episodes_Felony,6,70,0.42431981128144663
logistic,Prior_Arrest_Episodes_Felony,6,71,0.8976907795201382
logistic,Prior_Arrest_Episodes_Felony,6,72,0.7877058764522906
logistic,Prior_Arrest_Episodes_Felony,6,73,0.5676882332049557
logistic,Prior_Arrest_Episodes_Felony,6,74,0.27976347458989237
logistic,Prior_Arrest_Episodes_Felony,6,75,0.8242459635249283
logistic,Prior_Arrest_Episodes_Felony,6,76,0.5655882805413174
logistic,Prior_Arrest_Episodes_Felony,6,77,0.5764270050835003
logistic,Prior_Arrest_Episodes_Felony,6,78,0.5513718733187003
logistic,Prior_Arrest_Episodes_Felony,6,79,0.715734625116698
logistic,Prior_Arrest_Episodes_Felony,6,80,0.43095155942006413
logistic,Prior_Arrest_Episodes_Felony,6,81,0.572840266897512
logistic,Prior_Arrest_Episodes_Felony,6,82,0.4242214418500632
logistic,Prior_Arrest_Episodes_Felony,6,83,0.4928482819710074
logistic,Prior_Arrest_Episodes_Felony,6,84,0.4439902263372993
logistic,Prior_Arrest_Episodes_Felony,6,85,0.6426302178257894
logistic,Prior_Arrest_Episodes_Felony,6,86,0.7621439760685079
logistic,Prior_Arrest_Episodes_Felony,6,87,0.6545523170797141
logistic,Prior_Arrest_Episodes_Felony,6,88,0.44740333088039247
logistic,Prior_Arrest_Episodes_Felony,6,89,0.7682060440694873
logistic,Prior_Arrest_Episodes_Felony,6,90,0.7553712415430208
logistic,Prior_Arrest_Episodes_Felony,6,91,0.7898007898807693
logistic,Prior_Arrest_Episodes_Felony,6,92,0.6644439613991292
logistic,Prior_Arrest_Episodes_Felony,6,93,0.7026276890989345
logistic,Prior_Arrest_Episodes_Felony,6,94,0.615240254503343
logistic,Prior_Arrest_Episodes_Felony,6,95,0.644663985531904
logistic,Prior_Arrest_Episodes_Felony,6,96,0.6138942018827744
logistic,Prior_Arrest_Episodes_Felony,6,97,0.38886689592935286
logistic,Prior_Arrest_Episodes_Felony,6,98,0.7039422119476374
logistic,Prior_Arrest_Episodes_Felony,6,99,0.3869032652329939
logistic,Prior_Arrest_Episodes_Felony,6,100,0.7315344454474049
logistic,Prior_Arrest_Episodes_Felony,6,101,0.5450665882817808
logistic,Prior_Arrest_Episodes_Felony,6,102,0.6105249266207748
logistic,Prior_Arrest_Episodes_Felony,6,103,0.8622169189816951
logistic,Prior_Arrest_Episodes_Felony,6,104,0.7051415427345192
logistic,Prior_Arrest_Episodes_Felony,6,105,0.4053396488016583
logistic,Prior_Arrest_Episodes_Felony,6,106,0.8405066512042607
logistic,Prior_Arrest_Episodes_Felony,6,107,0.35719094182720174
logistic,Prior_Arrest_Episodes_Felony,6,108,0.5116756250063793
logistic,Prior_Arrest_Episodes_Felony,6,109,0.6449443498594942
logistic,Prior_Arrest_Episodes_Felony,6,110,0.3666631717634296
logistic,Prior_Arrest_Episodes_Felony,6,111,0.4319086821578349
logistic,Prior_Arrest_Episodes_Felony,6,112,0.5406684898513876
logistic,Prior_Arrest_Episodes_Felony,6,113,0.36987131504544574
logistic,Prior_Arrest_Episodes_Felony,6,114,0.2676603187126596
logistic,Prior_Arrest_Episodes_Felony,6,115,0.8627980848629273
logistic,Prior_Arrest_Episodes_Felony,6,116,0.7798078946284183
logistic,Prior_Arrest_Episodes_Felony,6,117,0.6946861300554017
logistic,Prior_Arrest_Episodes_Felony,6,118,0.7298423990141787
logistic,Prior_Arrest_Episodes_Felony,6,119,0.6759408864617453
logistic,Prior_Arrest_Episodes_Felony,6,120,0.26401207972667
logistic,Prior_Arrest_Episodes_Felony,6,121,0.9416888260925552
logistic,Prior_Arrest_Episodes_Felony,6,122,0.5446716129614628
logistic,Prior_Arrest_Episodes_Felony,6,123,0.5711284495684613
logistic,Prior_Arrest_Episodes_Felony,6,124,0.7072119614113218
logistic,Prior_Arrest_Episodes_Felony,6,125,0.4401589056991799
logistic,Prior_Arrest_Episodes_Felony,6,126,0.5416082971046933
logistic,Prior_Arrest_Episodes_Felony,6,127,0.7969049983946056
logistic,Prior_Arrest_Episodes_Felony,6,128,0.6393992882619238
logistic,Prior_Arrest_Episodes_Felony,6,129,0.6611678132674577
logistic,Prior_Arrest_Episodes_Felony,6,130,0.3574387044588394
logistic,Prior_Arrest_Episodes_Felony,6,131,0.4212471049374482
logistic,Prior_Arrest_Episodes_Felony,6,132,0.7889889484819381
logistic,Prior_Arrest_Episodes_Felony,6,133,0.7659303915839893
logistic,Prior_Arrest_Episodes_Felony,6,134,0.5718173988677923
logistic,Prior_Arrest_Episodes_Felony,6,135,0.7914249492916997
logistic,Prior_Arrest_Episodes_Felony,6,136,0.7386349425389495
logistic,Prior_Arrest_Episodes_Felony,6,137,0.7600998577476233
logistic,Prior_Arrest_Episodes_Felony,6,138,0.17827832776643823
logistic,Prior_Arrest_Episodes_Felony,6,139,0.5288024715957926
logistic,Prior_Arrest_Episodes_Felony,6,140,0.5901663444785938
logistic,Prior_Arrest_Episodes_Felony,6,141,0.20513305363769654
logistic,Prior_Arrest_Episodes_Felony,6,142,0.45985588219347423
logistic,Prior_Arrest_Episodes_Felony,6,143,0.6691906260088152
logistic,Prior_Arrest_Episodes_Felony,6,144,0.35443217717652664
logistic,Prior_Arrest_Episodes_Felony,6,145,0.6845106798459171
logistic,Prior_Arrest_Episodes_Felony,6,146,0.40850530290996456
logistic,Prior_Arrest_Episodes_Felony,6,147,0.8534804338187738
logistic,Prior_Arrest_Episodes_Felony,6,148,0.5665656234862598
logistic,Prior_Arrest_Episodes_Felony,6,149,0.8760208920028687
logistic,Prior_Arrest_Episodes_Felony,6,150,0.786126587266834
logistic,Prior_Arrest_Episodes_Felony,6,151,0.3630528012568631
logistic,Prior_Arrest_Episodes_Felony,6,152,0.39475114104085607
logistic,Prior_Arrest_Episodes_Felony,6,153,0.7505395395582294
logistic,Prior_Arrest_Episodes_Felony,6,154,0.4094172713634518
logistic,Prior_Arrest_Episodes_Felony,6,155,0.6792894041211495
logistic,Prior_Arrest_Episodes_Felony,6,156,0.838665630541826
logistic,Prior_Arrest_Episodes_Felony,6,157,0.8667897021671376
logistic,Prior_Arrest_Episodes_Felony,6,158,0.8333980750285491
logistic,Prior_Arrest_Episodes_Felony,6,159,0.8540389426898495
logistic,Prior_Arrest_Episodes_Felony,6,160,0.49487381536139624
logistic,Prior_Arrest_Episodes_Felony,6,161,0.8332310789543201
logistic,Prior_Arrest_Episodes_Felony,6,162,0.8463400048608605
logistic,Prior_Arrest_Episodes_Felony,6,163,0.1438588240118136
logistic,Prior_Arrest_Episodes_Felony,6,164,0.7773935220548432
logistic,Prior_Arrest_Episodes_Felony,6,165,0.7676166696526501
logistic,Prior_Arrest_Episodes_Felony,6,166,0.8353667465612461
logistic,Prior_Arrest_Episodes_Felony,6,167,0.4949861050367257
logistic,Prior_Arrest_Episodes_Felony,6,168,0.7625658446231437
logistic,Prior_Arrest_Episodes_Felony,6,169,0.7564536429323366
logistic,Prior_Arrest_Episodes_Felony,6,170,0.8739698106811823
logistic,Prior_Arrest_Episodes_Felony,6,171,0.914950897396727
logistic,Prior_Arrest_Episodes_Felony,6,172,0.7582203059262538
logistic,Prior_Arrest_Episodes_Felony,6,173,0.32635997982549286
logistic,Prior_Arrest_Episodes_Felony,6,174,0.3630069243893109
logistic,Prior_Arrest_Episodes_Felony,6,175,0.11751787895856523
logistic,Prior_Arrest_Episodes_Felony,6,176,0.7029612276392733
logistic,Prior_Arrest_Episodes_Felony,6,177,0.4240021417542116
logistic,Prior_Arrest_Episodes_Felony,6,178,0.41568977506210436
logistic,Prior_Arrest_Episodes_Felony,6,179,0.6478940499540502
logistic,Prior_Arrest_Episodes_Felony,6,180,0.5907379371282306
logistic,Prior_Arrest_Episodes_Felony,6,181,0.7672008628588887
logistic,Prior_Arrest_Episodes_Felony,6,182,0.8666244802869022
logistic,Prior_Arrest_Episodes_Felony,6,183,0.7065359019254767
logistic,Prior_Arrest_Episodes_Felony,6,184,0.6356083684932117
logistic,Prior_Arrest_Episodes_Felony,6,185,0.8266522872135579
logistic,Prior_Arrest_Episodes_Felony,6,186,0.3887778108315992
logistic,Prior_Arrest_Episodes_Felony,6,187,0.8733894023697052
logistic,Prior_Arrest_Episodes_Felony,6,188,0.4995847878454379
logistic,Prior_Arrest_Episodes_Felony,6,189,0.5850259881286248
logistic,Prior_Arrest_Episodes_Felony,6,190,0.6220580301863482
logistic,Prior_Arrest_Episodes_Felony,6,191,0.8091172657436122
logistic,Prior_Arrest_Episodes_Felony,6,192,0.6510233303410032
logistic,Prior_Arrest_Episodes_Felony,6,193,0.35954614882627245
logistic,Prior_Arrest_Episodes_Felony,6,194,0.5411957435666043
logistic,Prior_Arrest_Episodes_Felony,6,195,0.6112669286956499
logistic,Prior_Arrest_Episodes_Felony,6,196,0.5492299803535307
logistic,Prior_Arrest_Episodes_Felony,6,197,0.3332979514719046
logistic,Prior_Arrest_Episodes_Felony,6,198,0.831867482925758
logistic,Prior_Arrest_Episodes_Felony,6,199,0.6756560433259325
logistic,Prior_Arrest_Episodes_Felony,7,0,0.8794366961511466
logistic,Prior_Arrest_Episodes_Felony,7,1,0.7983349794725937
logistic,Prior_Arrest_Episodes_Felony,7,2,0.629897926510313
logistic,Prior_Arrest_Episodes_Felony,7,3,0.26738081778146616
logistic,Prior_Arrest_Episodes_Felony,7,4,0.3867028741352036
logistic,Prior_Arrest_Episodes_Felony,7,5,0.24696723662696654
logistic,Prior_Arrest_Episodes_Felony,7,6,0.6463904139240398
logistic,Prior_Arrest_Episodes_Felony,7,7,0.3206774376959247
logistic,Prior_Arrest_Episodes_Felony,7,8,0.30178408690061165
logistic,Prior_Arrest_Episodes_Felony,7,9,0.6959837087920983
logistic,Prior_Arrest_Episodes_Felony,7,10,0.5336975208063953
logistic,Prior_Arrest_Episodes_Felony,7,11,0.3421781738118899
logistic,Prior_Arrest_Episodes_Felony,7,12,0.7097370368648105
logistic,Prior_Arrest_Episodes_Felony,7,13,0.6463640263779672
logistic,Prior_Arrest_Episodes_Felony,7,14,0.7812143346774183
logistic,Prior_Arrest_Episodes_Felony,7,15,0.35420692972961426
logistic,Prior_Arrest_Episodes_Felony,7,16,0.7971404559936958
logistic,Prior_Arrest_Episodes_Felony,7,17,0.48999525788602066
logistic,Prior_Arrest_Episodes_Felony,7,18,0.6021933674944406
logistic,Prior_Arrest_Episodes_Felony,7,19,0.5755449278209941
logistic,Prior_Arrest_Episodes_Felony,7,20,0.4244338330955364
logistic,Prior_Arrest_Episodes_Felony,7,21,0.7260408103854853
logistic,Prior_Arrest_Episodes_Felony,7,22,0.8005331822435019
logistic,Prior_Arrest_Episodes_Felony,7,23,0.8667036216978911
logistic,Prior_Arrest_Episodes_Felony,7,24,0.8798077672221907
logistic,Prior_Arrest_Episodes_Felony,7,25,0.2565312896126952
logistic,Prior_Arrest_Episodes_Felony,7,26,0.7997755989709253
logistic,Prior_Arrest_Episodes_Felony,7,27,0.661522996232507
logistic,Prior_Arrest_Episodes_Felony,7,28,0.21120694690001504
logistic,Prior_Arrest_Episodes_Felony,7,29,0.45753448138814035
logistic,Prior_Arrest_Episodes_Felony,7,30,0.4730983325045435
logistic,Prior_Arrest_Episodes_Felony,7,31,0.31326944253135053
logistic,Prior_Arrest_Episodes_Felony,7,32,0.19102478970372064
logistic,Prior_Arrest_Episodes_Felony,7,33,0.5354802341569656
logistic,Prior_Arrest_Episodes_Felony,7,34,0.42367502215756925
logistic,Prior_Arrest_Episodes_Felony,7,35,0.5048329275088109
logistic,Prior_Arrest_Episodes_Felony,7,36,0.6288117069628704
logistic,Prior_Arrest_Episodes_Felony,7,37,0.4281360088202593
logistic,Prior_Arrest_Episodes_Felony,7,38,0.2945243797640067
logistic,Prior_Arrest_Episodes_Felony,7,39,0.6017620627445038
logistic,Prior_Arrest_Episodes_Felony,7,40,0.21641592871071108
logistic,Prior_Arrest_Episodes_Felony,7,41,0.8173623073366328
logistic,Prior_Arrest_Episodes_Felony,7,42,0.7102431215033466
logistic,Prior_Arrest_Episodes_Felony,7,43,0.6369481945542808
logistic,Prior_Arrest_Episodes_Felony,7,44,0.713759014392495
logistic,Prior_Arrest_Episodes_Felony,7,45,0.6897966644816557
logistic,Prior_Arrest_Episodes_Felony,7,46,0.5103619231113237
logistic,Prior_Arrest_Episodes_Felony,7,47,0.5407597570486857
logistic,Prior_Arrest_Episodes_Felony,7,48,0.27085546278473555
logistic,Prior_Arrest_Episodes_Felony,7,49,0.43321863126170207
logistic,Prior_Arrest_Episodes_Felony,7,50,0.5167108347265169
logistic,Prior_Arrest_Episodes_Felony,7,51,0.44957231393226826
logistic,Prior_Arrest_Episodes_Felony,7,52,0.2917803799564862
logistic,Prior_Arrest_Episodes_Felony,7,53,0.44188748085717466
logistic,Prior_Arrest_Episodes_Felony,7,54,0.45298856161464685
logistic,Prior_Arrest_Episodes_Felony,7,55,0.7877854166078582
logistic,Prior_Arrest_Episodes_Felony,7,56,0.8232043009984531
logistic,Prior_Arrest_Episodes_Felony,7,57,0.5963193264015559
logistic,Prior_Arrest_Episodes_Felony,7,58,0.4266304982992869
logistic,Prior_Arrest_Episodes_Felony,7,59,0.5858635303551714
logistic,Prior_Arrest_Episodes_Felony,7,60,0.6963733157359292
logistic,Prior_Arrest_Episodes_Felony,7,61,0.8333737003496712
logistic,Prior_Arrest_Episodes_Felony,7,62,0.44449496379520315
logistic,Prior_Arrest_Episodes_Felony,7,63,0.645431546259341
logistic,Prior_Arrest_Episodes_Felony,7,64,0.7484563356755982
logistic,Prior_Arrest_Episodes_Felony,7,65,0.5460147922189645
logistic,Prior_Arrest_Episodes_Felony,7,66,0.3122533696920963
logistic,Prior_Arrest_Episodes_Felony,7,67,0.6789640705604707
logistic,Prior_Arrest_Episodes_Felony,7,68,0.5457327162293828
logistic,Prior_Arrest_Episodes_Felony,7,69,0.5694193256039676
logistic,Prior_Arrest_Episodes_Felony,7,70,0.3875532844562838
logistic,Prior_Arrest_Episodes_Felony,7,71,0.8828067568031439
logistic,Prior_Arrest_Episodes_Felony,7,72,0.7610797470730348
logistic,Prior_Arrest_Episodes_Felony,7,73,0.5299345610193446
logistic,Prior_Arrest_Episodes_Felony,7,74,0.2500812667008905
logistic,Prior_Arrest_Episodes_Felony,7,75,0.8010452024414008
logistic,Prior_Arrest_Episodes_Felony,7,76,0.5278037602346655
logistic,Prior_Arrest_Episodes_Felony,7,77,0.5388165093514946
logistic,Prior_Arrest_Episodes_Felony,7,78,0.5134146320946398
logistic,Prior_Arrest_Episodes_Felony,7,79,0.6837063551738674
logistic,Prior_Arrest_Episodes_Felony,7,80,0.3940036879258368
logistic,Prior_Arrest_Episodes_Felony,7,81,0.5351681143127176
logistic,Prior_Arrest_Episodes_Felony,7,82,0.3874577018497909
logistic,Prior_Arrest_Episodes_Felony,7,83,0.45483529801673434
logistic,Prior_Arrest_Episodes_Felony,7,84,0.4067234726654414
logistic,Prior_Arrest_Episodes_Felony,7,85,0.6068891828734825
logistic,Prior_Arrest_Episodes_Felony,7,86,0.7333969352508509
logistic,Prior_Arrest_Episodes_Felony,7,87,0.6192972661124297
logistic,Prior_Arrest_Episodes_Felony,7,88,0.41006137776204366
logistic,Prior_Arrest_Episodes_Felony,7,89,0.7399416624336135
logistic,Prior_Arrest_Episodes_Felony,7,90,0.7260998247814217
logistic,Prior_Arrest_Episodes_Felony,7,91,0.7633584727196476
logistic,Prior_Arrest_Episodes_Felony,7,92,0.6296271947722916
logistic,Prior_Arrest_Episodes_Felony,7,93,0.6698039442206741
logistic,Prior_Arrest_Episodes_Felony,7,94,0.5785563786585693
logistic,Prior_Arrest_Episodes_Felony,7,95,0.6090025952599027
logistic,Prior_Arrest_Episodes_Felony,7,96,0.5771701902749229
logistic,Prior_Arrest_Episodes_Felony,7,97,0.35328709729245733
logistic,Prior_Arrest_Episodes_Felony,7,98,0.6711956634444465
logistic,Prior_Arrest_Episodes_Felony,7,99,0.3513998245205342
logistic,Prior_Arrest_Episodes_Felony,7,100,0.7005415350156272
logistic,Prior_Arrest_Episodes_Felony,7,101,0.5070528189183112
logistic,Prior_Arrest_Episodes_Felony,7,102,0.5737029856166054
logistic,Prior_Arrest_Episodes_Felony,7,103,0.8430742876118233
logistic,Prior_Arrest_Episodes_Felony,7,104,0.6724659275079453
logistic,Prior_Arrest_Episodes_Felony,7,105,0.3691630974236014
logistic,Prior_Arrest_Episodes_Felony,7,106,0.8189809997854094
logistic,Prior_Arrest_Episodes_Felony,7,107,0.32297768586397185
logistic,Prior_Arrest_Episodes_Felony,7,108,0.4735664757644033
logistic,Prior_Arrest_Episodes_Felony,7,109,0.6092940439402375
logistic,Prior_Arrest_Episodes_Felony,7,110,0.3320112415193583
logistic,Prior_Arrest_Episodes_Felony,7,111,0.3949357027914606
logistic,Prior_Arrest_Episodes_Felony,7,112,0.502622566998226
logistic,Prior_Arrest_Episodes_Felony,7,113,0.3350766024609167
logistic,Prior_Arrest_Episodes_Felony,7,114,0.23883640244078322
logistic,Prior_Arrest_Episodes_Felony,7,115,0.8437215618205217
logistic,Prior_Arrest_Episodes_Felony,7,116,0.7525024312220269
logistic,Prior_Arrest_Episodes_Felony,7,117,0.6614082215638305
logistic,Prior_Arrest_Episodes_Felony,7,118,0.6987345961602545
logistic,Prior_Arrest_Episodes_Felony,7,119,0.6416737051422275
logistic,Prior_Arrest_Episodes_Felony,7,120,0.23545472381057783
logistic,Prior_Arrest_Episodes_Felony,7,121,0.932725983690671
logistic,Prior_Arrest_Episodes_Felony,7,122,0.5066547118779362
logistic,Prior_Arrest_Episodes_Felony,7,123,0.5334282904864354
logistic,Prior_Arrest_Episodes_Felony,7,124,0.6746599263295897
logistic,Prior_Arrest_Episodes_Felony,7,125,0.4029806612008516
logistic,Prior_Arrest_Episodes_Felony,7,126,0.5035687433442781
logistic,Prior_Arrest_Episodes_Felony,7,127,0.7710973550327768
logistic,Prior_Arrest_Episodes_Felony,7,128,0.6035344758947491
logistic,Prior_Arrest_Episodes_Felony,7,129,0.6262023526665236
logistic,Prior_Arrest_Episodes_Felony,7,130,0.32321364941091246
logistic,Prior_Arrest_Episodes_Felony,7,131,0.38456896447543054
logistic,Prior_Arrest_Episodes_Felony,7,132,0.7624752181630143
logistic,Prior_Arrest_Episodes_Felony,7,133,0.7374833474276549
logistic,Prior_Arrest_Episodes_Felony,7,134,0.5341284012143708
logistic,Prior_Arrest_Episodes_Felony,7,135,0.7651261861499091
logistic,Prior_Arrest_Episodes_Felony,7,136,0.7081346994233639
logistic,Prior_Arrest_Episodes_Felony,7,137,0.7311929010542971
logistic,Prior_Arrest_Episodes_Felony,7,138,0.15701609735869618
logistic,Prior_Arrest_Episodes_Felony,7,139,0.49069952668369615
logistic,Prior_Arrest_Episodes_Felony,7,140,0.5528294099044624
logistic,Prior_Arrest_Episodes_Felony,7,141,0.1813749562402731
logistic,Prior_Arrest_Episodes_Felony,7,142,0.42226880545049655
logistic,Prior_Arrest_Episodes_Felony,7,143,0.6345955167088327
logistic,Prior_Arrest_Episodes_Felony,7,144,0.32035147716308904
logistic,Prior_Arrest_Episodes_Felony,7,145,0.6506813850424795
logistic,Prior_Arrest_Episodes_Felony,7,146,0.3722230673139169
logistic,Prior_Arrest_Episodes_Felony,7,147,0.8333586050774977
logistic,Prior_Arrest_Episodes_Felony,7,148,0.5287952890294529
logistic,Prior_Arrest_Episodes_Felony,7,149,0.858481309494508
logistic,Prior_Arrest_Episodes_Felony,7,150,0.7593628923772398
logistic,Prior_Arrest_Episodes_Felony,7,151,0.3285650629780291
logistic,Prior_Arrest_Episodes_Felony,7,152,0.3589491778033309
logistic,Prior_Arrest_Episodes_Felony,7,153,0.7209035925582677
logistic,Prior_Arrest_Episodes_Felony,7,154,0.3731051298459467
logistic,Prior_Arrest_Episodes_Felony,7,155,0.6451904439906173
logistic,Prior_Arrest_Episodes_Felony,7,156,0.816945624235033
logistic,Prior_Arrest_Episodes_Felony,7,157,0.8481705085955327
logistic,Prior_Arrest_Episodes_Felony,7,158,0.8111286174419703
logistic,Prior_Arrest_Episodes_Felony,7,159,0.8339788950064265
logistic,Prior_Arrest_Episodes_Felony,7,160,0.45684533456109405
logistic,Prior_Arrest_Episodes_Felony,7,161,0.8109443629837001
logistic,Prior_Arrest_Episodes_Felony,7,162,0.8254381300706269
logistic,Prior_Arrest_Episodes_Felony,7,163,0.1260718018980813
logistic,Prior_Arrest_Episodes_Felony,7,164,0.7498846879592916
logistic,Prior_Arrest_Episodes_Felony,7,165,0.739304809594789
logistic,Prior_Arrest_Episodes_Felony,7,166,0.8133014876684653
logistic,Prior_Arrest_Episodes_Felony,7,167,0.4569568013772199
logistic,Prior_Arrest_Episodes_Felony,7,168,0.7338519854009933
logistic,Prior_Arrest_Episodes_Felony,7,169,0.7272649792262422
logistic,Prior_Arrest_Episodes_Felony,7,170,0.8561876934201468
logistic,Prior_Arrest_Episodes_Felony,7,171,0.9023046167624509
logistic,Prior_Arrest_Episodes_Felony,7,172,0.7291675679319402
logistic,Prior_Arrest_Episodes_Felony,7,173,0.29375032944780516
logistic,Prior_Arrest_Episodes_Felony,7,174,0.32852129637107935
logistic,Prior_Arrest_Episodes_Felony,7,175,0.10259741781573659
logistic,Prior_Arrest_Episodes_Felony,7,176,0.6701570156485284
logistic,Prior_Arrest_Episodes_Felony,7,177,0.38724462475582133
logistic,Prior_Arrest_Episodes_Felony,7,178,0.37917849305471846
logistic,Prior_Arrest_Episodes_Felony,7,179,0.6123619046641673
logistic,Prior_Arrest_Episodes_Felony,7,180,0.5534136714052081
logistic,Prior_Arrest_Episodes_Felony,7,181,0.7388555781972095
logistic,Prior_Arrest_Episodes_Felony,7,182,0.8479862432134047
logistic,Prior_Arrest_Episodes_Felony,7,183,0.6739433568560047
logistic,Prior_Arrest_Episodes_Felony,7,184,0.5996026221188473
logistic,Prior_Arrest_Episodes_Felony,7,185,0.8036935242185003
logistic,Prior_Arrest_Episodes_Felony,7,186,0.3532014523369711
logistic,Prior_Arrest_Episodes_Felony,7,187,0.855538929119516
logistic,Prior_Arrest_Episodes_Felony,7,188,0.46152505899749074
logistic,Prior_Arrest_Episodes_Felony,7,189,0.547579751298719
logistic,Prior_Arrest_Episodes_Felony,7,190,0.5855863344968864
logistic,Prior_Arrest_Episodes_Felony,7,191,0.7844416944420313
logistic,Prior_Arrest_Episodes_Felony,7,192,0.615619622510269
logistic,Prior_Arrest_Episodes_Felony,7,193,0.32522143656046004
logistic,Prior_Arrest_Episodes_Felony,7,194,0.503153360370467
logistic,Prior_Arrest_Episodes_Felony,7,195,0.5744662436027905
logistic,Prior_Arrest_Episodes_Felony,7,196,0.5112521564311595
logistic,Prior_Arrest_Episodes_Felony,7,197,0.3003041043700651
logistic,Prior_Arrest_Episodes_Felony,7,198,0.8094402139525775
logistic,Prior_Arrest_Episodes_Felony,7,199,0.6413747222274779
logistic,Prior_Arrest_Episodes_Felony,8,0,0.8997019726848247
logistic,Prior_Arrest_Episodes_Felony,8,1,0.8295909734028715
logistic,Prior_Arrest_Episodes_Felony,8,2,0.6766874197893568
logistic,Prior_Arrest_Episodes_Felony,8,3,0.3097814593520312
logistic,Prior_Arrest_Episodes_Felony,8,4,0.4367452396215243
logistic,Prior_Arrest_Episodes_Felony,8,5,0.28740064277684507
logistic,Prior_Arrest_Episodes_Felony,8,6,0.692114011334972
logistic,Prior_Arrest_Episodes_Felony,8,7,0.36729256777655694
logistic,Prior_Arrest_Episodes_Felony,8,8,0.3470559009038866
logistic,Prior_Arrest_Episodes_Felony,8,9,0.7378949083618636
logistic,Prior_Arrest_Episodes_Felony,8,10,0.5846290655625612
logistic,Prior_Arrest_Episodes_Felony,8,11,0.39012385674510347
logistic,Prior_Arrest_Episodes_Felony,8,12,0.7504321021520907
logistic,Prior_Arrest_Episodes_Felony,8,13,0.6920894104955206
logistic,Prior_Arrest_Episodes_Felony,8,14,0.8145073069976245
logistic,Prior_Arrest_Episodes_Felony,8,15,0.40280600909127906
logistic,Prior_Arrest_Episodes_Felony,8,16,0.8285418265122004
logistic,Prior_Arrest_Episodes_Felony,8,17,0.5416002599042691
logistic,Prior_Arrest_Episodes_Felony,8,18,0.6505422268518647
logistic,Prior_Arrest_Episodes_Felony,8,19,0.6251163410784664
logistic,Prior_Arrest_Episodes_Felony,8,20,0.4755726727407222
logistic,Prior_Arrest_Episodes_Felony,8,21,0.7652062592004664
logistic,Prior_Arrest_Episodes_Felony,8,22,0.8315203780956545
logistic,Prior_Arrest_Episodes_Felony,8,23,0.8888386458272254
logistic,Prior_Arrest_Episodes_Felony,8,24,0.9000177621495888
logistic,Prior_Arrest_Episodes_Felony,8,25,0.29791105633209886
logistic,Prior_Arrest_Episodes_Felony,8,26,0.830855618663173
logistic,Prior_Arrest_Episodes_Felony,8,27,0.7061793108286525
logistic,Prior_Arrest_Episodes_Felony,8,28,0.24771159180645846
logistic,Prior_Arrest_Episodes_Felony,8,29,0.5091336442303144
logistic,Prior_Arrest_Episodes_Felony,8,30,0.5247548013217862
logistic,Prior_Arrest_Episodes_Felony,8,31,0.35937739660600815
logistic,Prior_Arrest_Episodes_Felony,8,32,0.22503635497100705
logistic,Prior_Arrest_Episodes_Felony,8,33,0.5863679739145841
logistic,Prior_Arrest_Episodes_Felony,8,34,0.474797855052016
logistic,Prior_Arrest_Episodes_Felony,8,35,0.5562960919676144
logistic,Prior_Arrest_Episodes_Felony,8,36,0.6756678162988008
logistic,Prior_Arrest_Episodes_Felony,8,37,0.4793494166088216
logistic,Prior_Arrest_Episodes_Felony,8,38,0.3392362676259935
logistic,Prior_Arrest_Episodes_Felony,8,39,0.6501328867842734
logistic,Prior_Arrest_Episodes_Felony,8,40,0.2535315096429673
logistic,Prior_Arrest_Episodes_Felony,8,41,0.8462372596886567
logistic,Prior_Arrest_Episodes_Felony,8,42,0.7508921370432813
logistic,Prior_Arrest_Episodes_Felony,8,43,0.6832945145761653
logistic,Prior_Arrest_Episodes_Felony,8,44,0.7540855739779408
logistic,Prior_Arrest_Episodes_Felony,8,45,0.7322326481165379
logistic,Prior_Arrest_Episodes_Felony,8,46,0.5617492993658625
logistic,Prior_Arrest_Episodes_Felony,8,47,0.5915103354827933
logistic,Prior_Arrest_Episodes_Felony,8,48,0.3135712693810716
logistic,Prior_Arrest_Episodes_Felony,8,49,0.48452489414027555
logistic,Prior_Arrest_Episodes_Felony,8,50,0.5679959088483439
logistic,Prior_Arrest_Episodes_Felony,8,51,0.5011030092107855
logistic,Prior_Arrest_Episodes_Felony,8,52,0.33627426248769554
logistic,Prior_Arrest_Episodes_Felony,8,53,0.4933267977510023
logistic,Prior_Arrest_Episodes_Felony,8,54,0.5045518930572694
logistic,Prior_Arrest_Episodes_Felony,8,55,0.8203084567485246
logistic,Prior_Arrest_Episodes_Felony,8,56,0.8513236401506642
logistic,Prior_Arrest_Episodes_Felony,8,57,0.6449611967156872
logistic,Prior_Arrest_Episodes_Felony,8,58,0.4778142884519392
logistic,Prior_Arrest_Episodes_Felony,8,59,0.634994110852159
logistic,Prior_Arrest_Episodes_Felony,8,60,0.7382510044600215
logistic,Prior_Arrest_Episodes_Felony,8,61,0.8601503757729559
logistic,Prior_Arrest_Episodes_Felony,8,62,0.4959680782601674
logistic,Prior_Arrest_Episodes_Felony,8,63,0.6912199020295602
logistic,Prior_Arrest_Episodes_Felony,8,64,0.7853645824923468
logistic,Prior_Arrest_Episodes_Felony,8,65,0.596617837973491
logistic,Prior_Arrest_Episodes_Felony,8,66,0.35828979951336665
logistic,Prior_Arrest_Episodes_Felony,8,67,0.7222853386354358
logistic,Prior_Arrest_Episodes_Felony,8,68,0.5963439594728246
logistic,Prior_Arrest_Episodes_Felony,8,69,0.6192328465225769
logistic,Prior_Arrest_Episodes_Felony,8,70,0.4376271720693233
logistic,Prior_Arrest_Episodes_Felony,8,71,0.9025683239219021
logistic,Prior_Arrest_Episodes_Felony,8,72,0.7966390533446109
logistic,Prior_Arrest_Episodes_Felony,8,73,0.5809544005197599
logistic,Prior_Arrest_Episodes_Felony,8,74,0.2908276010550921
logistic,Prior_Arrest_Episodes_Felony,8,75,0.8319695516946223
logistic,Prior_Arrest_Episodes_Felony,8,76,0.5788710843368257
logistic,Prior_Arrest_Episodes_Felony,8,77,0.5896188641127575
logistic,Prior_Arrest_Episodes_Felony,8,78,0.5647548536103418
logistic,Prior_Arrest_Episodes_Felony,8,79,0.7266453302411088
logistic,Prior_Arrest_Episodes_Felony,8,80,0.444306383094055
logistic,Prior_Arrest_Episodes_Felony,8,81,0.5860636151097015
logistic,Prior_Arrest_Episodes_Felony,8,82,0.43752806229136193
logistic,Prior_Arrest_Episodes_Felony,8,83,0.5064142306735264
logistic,Prior_Arrest_Episodes_Felony,8,84,0.45742430958755304
logistic,Prior_Arrest_Episodes_Felony,8,85,0.6549942951684431
logistic,Prior_Arrest_Episodes_Felony,8,86,0.7718412238670401
logistic,Prior_Arrest_Episodes_Felony,8,87,0.6667178384900037
logistic,Prior_Arrest_Episodes_Felony,8,88,0.46085508801338554
logistic,Prior_Arrest_Episodes_Felony,8,89,0.7777282229349979
logistic,Prior_Arrest_Episodes_Felony,8,90,0.7652595645803567
logistic,Prior_Arrest_Episodes_Felony,8,91,0.7986683454736638
logistic,Prior_Arrest_Episodes_Felony,8,92,0.6764333331790996
logistic,Prior_Arrest_Episodes_Felony,8,93,0.7138403316588313
logistic,Prior_Arrest_Episodes_Felony,8,94,0.6280034081574739
logistic,Prior_Arrest_Episodes_Felony,8,95,0.6569952561536861
logistic,Prior_Arrest_Episodes_Felony,8,96,0.6266749124743252
logistic,Prior_Arrest_Episodes_Felony,8,97,0.40183850115093855
logistic,Prior_Arrest_Episodes_Felony,8,98,0.7151253851964378
logistic,Prior_Arrest_Episodes_Felony,8,99,0.3998522252135599
logistic,Prior_Arrest_Episodes_Felony,8,100,0.7420572708492911
logistic,Prior_Arrest_Episodes_Felony,8,101,0.5584870453108676
logistic,Prior_Arrest_Episodes_Felony,8,102,0.6233487379731083
logistic,Prior_Arrest_Episodes_Felony,8,103,0.8685379960079553
logistic,Prior_Arrest_Episodes_Felony,8,104,0.7162976709324029
logistic,Prior_Arrest_Episodes_Felony,8,105,0.41848447044237586
logistic,Prior_Arrest_Episodes_Felony,8,106,0.847647738675683
logistic,Prior_Arrest_Episodes_Felony,8,107,0.3697451953772431
logistic,Prior_Arrest_Episodes_Felony,8,108,0.5252231074210066
logistic,Prior_Arrest_Episodes_Felony,8,109,0.6572710635605068
logistic,Prior_Arrest_Episodes_Felony,8,110,0.3793538734008469
logistic,Prior_Arrest_Episodes_Felony,8,111,0.44526995751829346
logistic,Prior_Arrest_Episodes_Felony,8,112,0.5541125546635755
logistic,Prior_Arrest_Episodes_Felony,8,113,0.38260597541262376
logistic,Prior_Arrest_Episodes_Felony,8,114,0.27843082836889915
logistic,Prior_Arrest_Episodes_Felony,8,115,0.8690965476318067
logistic,Prior_Arrest_Episodes_Felony,8,116,0.7889843830126435
logistic,Prior_Arrest_Episodes_Felony,8,117,0.7060729506059571
logistic,Prior_Arrest_Episodes_Felony,8,118,0.7404080112684089
logistic,Prior_Arrest_Episodes_Felony,8,119,0.6877125422029619
logistic,Prior_Arrest_Episodes_Felony,8,120,0.2746908501013909
logistic,Prior_Arrest_Episodes_Felony,8,121,0.9445982384841966
logistic,Prior_Arrest_Episodes_Felony,8,122,0.5580942752253599
logistic,Prior_Arrest_Episodes_Felony,8,123,0.5843663405060449
logistic,Prior_Arrest_Episodes_Felony,8,124,0.7183210464118971
logistic,Prior_Arrest_Episodes_Felony,8,125,0.4535716308602975
logistic,Prior_Arrest_Episodes_Felony,8,126,0.5550474922802993
logistic,Prior_Arrest_Episodes_Felony,8,127,0.8055466408641297
logistic,Prior_Arrest_Episodes_Felony,8,128,0.6518145826029211
logistic,Prior_Arrest_Episodes_Felony,8,129,0.6732166713492346
logistic,Prior_Arrest_Episodes_Felony,8,130,0.36999665380826774
logistic,Prior_Arrest_Episodes_Felony,8,131,0.43453083825211725
logistic,Prior_Arrest_Episodes_Felony,8,132,0.7978819881826741
logistic,Prior_Arrest_Episodes_Felony,8,133,0.7755187374697247
logistic,Prior_Arrest_Episodes_Felony,8,134,0.5850494746051109
logistic,Prior_Arrest_Episodes_Felony,8,135,0.8002413170291968
logistic,Prior_Arrest_Episodes_Felony,8,136,0.7489749580633194
logistic,Prior_Arrest_Episodes_Felony,8,137,0.7698552775964679
logistic,Prior_Arrest_Episodes_Felony,8,138,0.18636744560849605
logistic,Prior_Arrest_Episodes_Felony,8,139,0.542299831917249
logistic,Prior_Arrest_Episodes_Felony,8,140,0.6032248418587122
logistic,Prior_Arrest_Episodes_Felony,8,141,0.21412315179042804
logistic,Prior_Arrest_Episodes_Felony,8,142,0.4733613238170877
logistic,Prior_Arrest_Episodes_Felony,8,143,0.6810918006373354
logistic,Prior_Arrest_Episodes_Felony,8,144,0.3669448187323659
logistic,Prior_Arrest_Episodes_Felony,8,145,0.6961109878220522
logistic,Prior_Arrest_Episodes_Felony,8,146,0.42167998710103577
logistic,Prior_Arrest_Episodes_Felony,8,147,0.8601372991814095
logistic,Prior_Arrest_Episodes_Felony,8,148,0.5798407433076392
logistic,Prior_Arrest_Episodes_Felony,8,149,0.8817955032904784
logistic,Prior_Arrest_Episodes_Felony,8,150,0.7951089336958824
logistic,Prior_Arrest_Episodes_Felony,8,151,0.3756926687315547
logistic,Prior_Arrest_Episodes_Felony,8,152,0.40778805650474104
logistic,Prior_Arrest_Episodes_Felony,8,153,0.760561260103152
logistic,Prior_Arrest_Episodes_Felony,8,154,0.4226003537616097
logistic,Prior_Arrest_Episodes_Felony,8,155,0.6909950289326645
logistic,Prior_Arrest_Episodes_Felony,8,156,0.8458740318487122
logistic,Prior_Arrest_Episodes_Felony,8,157,0.8729319104194431
logistic,Prior_Arrest_Episodes_Felony,8,158,0.8407971532037541
logistic,Prior_Arrest_Episodes_Felony,8,159,0.8606745754542396
logistic,Prior_Arrest_Episodes_Felony,8,160,0.5084396224773414
logistic,Prior_Arrest_Episodes_Felony,8,161,0.8406361555005079
logistic,Prior_Arrest_Episodes_Felony,8,162,0.8532655086941086
logistic,Prior_Arrest_Episodes_Felony,8,163,0.15067257016155983
logistic,Prior_Arrest_Episodes_Felony,8,164,0.7866430997353033
logistic,Prior_Arrest_Episodes_Felony,8,165,0.7771560368102893
logistic,Prior_Arrest_Episodes_Felony,8,166,0.8426948955808363
logistic,Prior_Arrest_Episodes_Felony,8,167,0.5085518912769599
logistic,Prior_Arrest_Episodes_Felony,8,168,0.7722510327116453
logistic,Prior_Arrest_Episodes_Felony,8,169,0.7663117490836734
logistic,Prior_Arrest_Episodes_Felony,8,170,0.879826850390506
logistic,Prior_Arrest_Episodes_Felony,8,171,0.9190797492551822
logistic,Prior_Arrest_Episodes_Felony,8,172,0.7680288311980856
logistic,Prior_Arrest_Episodes_Felony,8,173,0.3384010748073877
logistic,Prior_Arrest_Episodes_Felony,8,174,0.37564613661822877
logistic,Prior_Arrest_Episodes_Felony,8,175,0.12326363599982501
logistic,Prior_Arrest_Episodes_Felony,8,176,0.7141664100111177
logistic,Prior_Arrest_Episodes_Felony,8,177,0.43730710787852833
logistic,Prior_Arrest_Episodes_Felony,8,178,0.4289281414049838
logistic,Prior_Arrest_Episodes_Felony,8,179,0.6601723160368752
logistic,Prior_Arrest_Episodes_Felony,8,180,0.6037904489760563
logistic,Prior_Arrest_Episodes_Felony,8,181,0.7767523347481714
logistic,Prior_Arrest_Episodes_Felony,8,182,0.8727731885737753
logistic,Prior_Arrest_Episodes_Felony,8,183,0.7176603974977608
logistic,Prior_Arrest_Episodes_Felony,8,184,0.6480823459264135
logistic,Prior_Arrest_Episodes_Felony,8,185,0.8342913880833738
logistic,Prior_Arrest_Episodes_Felony,8,186,0.4017483979144561
logistic,Prior_Arrest_Episodes_Felony,8,187,0.8792696894506485
logistic,Prior_Arrest_Episodes_Felony,8,188,0.5131485439694183
logistic,Prior_Arrest_Episodes_Felony,8,189,0.5981367445958399
logistic,Prior_Arrest_Episodes_Felony,8,190,0.6347292969733072
logistic,Prior_Arrest_Episodes_Felony,8,191,0.8173583723294988
logistic,Prior_Arrest_Episodes_Felony,8,192,0.6632491924119474
logistic,Prior_Arrest_Episodes_Felony,8,193,0.3721352588760052
logistic,Prior_Arrest_Episodes_Felony,8,194,0.5546370881134597
logistic,Prior_Arrest_Episodes_Felony,8,195,0.6240813519242913
logistic,Prior_Arrest_Episodes_Felony,8,196,0.5626261710734604
logistic,Prior_Arrest_Episodes_Felony,8,197,0.3454637506016645
logistic,Prior_Arrest_Episodes_Felony,8,198,0.8393214315604473
logistic,Prior_Arrest_Episodes_Felony,8,199,0.6874332614948718
logistic,Prior_Arrest_Episodes_Felony,9,0,0.901022306139607
logistic,Prior_Arrest_Episodes_Felony,9,1,0.8316615672619201
logistic,Prior_Arrest_Episodes_Felony,9,2,0.6798990291729979
logistic,Prior_Arrest_Episodes_Felony,9,3,0.3129371868115043
logistic,Prior_Arrest_Episodes_Felony,9,4,0.44036915002229454
logistic,Prior_Arrest_Episodes_Felony,9,5,0.2904243106610415
logistic,Prior_Arrest_Episodes_Felony,9,6,0.6952413955634799
logistic,Prior_Arrest_Episodes_Felony,9,7,0.3707194884128176
logistic,Prior_Arrest_Episodes_Felony,9,8,0.35039857492574045
logistic,Prior_Arrest_Episodes_Felony,9,9,0.7407314681780408
logistic,Prior_Arrest_Episodes_Felony,9,10,0.5881986347927286
logistic,Prior_Arrest_Episodes_Felony,9,11,0.39363126992968217
logistic,Prior_Arrest_Episodes_Felony,9,12,0.7531783659472678
logistic,Prior_Arrest_Episodes_Felony,9,13,0.6952169345686596
logistic,Prior_Arrest_Episodes_Felony,9,14,0.8167206873797435
logistic,Prior_Arrest_Episodes_Felony,9,15,0.40635147211311157
logistic,Prior_Arrest_Episodes_Felony,9,16,0.8306225655343158
logistic,Prior_Arrest_Episodes_Felony,9,17,0.5452519785287167
logistic,Prior_Arrest_Episodes_Felony,9,18,0.6538807079594443
logistic,Prior_Arrest_Episodes_Felony,9,19,0.6285590339184691
logistic,Prior_Arrest_Episodes_Felony,9,20,0.47924463550028046
logistic,Prior_Arrest_Episodes_Felony,9,21,0.7678402428743131
logistic,Prior_Arrest_Episodes_Felony,9,22,0.8335722314164531
logistic,Prior_Arrest_Episodes_Felony,9,23,0.8902845461583191
logistic,Prior_Arrest_Episodes_Felony,9,24,0.901334394405387
logistic,Prior_Arrest_Episodes_Felony,9,25,0.3009985942141426
logistic,Prior_Arrest_Episodes_Felony,9,26,0.8329139410651369
logistic,Prior_Arrest_Episodes_Felony,9,27,0.7092238488196011
logistic,Prior_Arrest_Episodes_Felony,9,28,0.2504644648409427
logistic,Prior_Arrest_Episodes_Felony,9,29,0.5128113466538079
logistic,Prior_Arrest_Episodes_Felony,9,30,0.5284238701524114
logistic,Prior_Arrest_Episodes_Felony,9,31,0.3627728101828037
logistic,Prior_Arrest_Episodes_Felony,9,32,0.22761347707717333
logistic,Prior_Arrest_Episodes_Felony,9,33,0.5899330811806657
logistic,Prior_Arrest_Episodes_Felony,9,34,0.47846929353913364
logistic,Prior_Arrest_Episodes_Felony,9,35,0.5599258650622285
logistic,Prior_Arrest_Episodes_Felony,9,36,0.6788847476360523
logistic,Prior_Arrest_Episodes_Felony,9,37,0.4830236816167716
logistic,Prior_Arrest_Episodes_Felony,9,38,0.34254313793746977
logistic,Prior_Arrest_Episodes_Felony,9,39,0.6534731953969549
logistic,Prior_Arrest_Episodes_Felony,9,40,0.25632702297233606
logistic,Prior_Arrest_Episodes_Felony,9,41,0.8481426137417143
logistic,Prior_Arrest_Episodes_Felony,9,42,0.753635000507003
logistic,Prior_Arrest_Episodes_Felony,9,43,0.6864709015918776
logistic,Prior_Arrest_Episodes_Felony,9,44,0.7568046634575971
logistic,Prior_Arrest_Episodes_Felony,9,45,0.7351084883471039
logistic,Prior_Arrest_Episodes_Felony,9,46,0.5653693158414828
logistic,Prior_Arrest_Episodes_Felony,9,47,0.595061728905014
logistic,Prior_Arrest_Episodes_Felony,9,48,0.31674788650044705
logistic,Prior_Arrest_Episodes_Felony,9,49,0.48820163157258817
logistic,Prior_Arrest_Episodes_Felony,9,50,0.5716036765546171
logistic,Prior_Arrest_Episodes_Felony,9,51,0.5047823561795909
logistic,Prior_Arrest_Episodes_Felony,9,52,0.33956709737689816
logistic,Prior_Arrest_Episodes_Felony,9,53,0.49700592829512347
logistic,Prior_Arrest_Episodes_Felony,9,54,0.5082307662547549
logistic,Prior_Arrest_Episodes_Felony,9,55,0.8224677030536844
logistic,Prior_Arrest_Episodes_Felony,9,56,0.853176901643998
logistic,Prior_Arrest_Episodes_Felony,9,57,0.6483241724138418
logistic,Prior_Arrest_Episodes_Felony,9,58,0.48148766836147616
logistic,Prior_Arrest_Episodes_Felony,9,59,0.6383985648265218
logistic,Prior_Arrest_Episodes_Felony,9,60,0.7410850627414304
logistic,Prior_Arrest_Episodes_Felony,9,61,0.8619114580705002
logistic,Prior_Arrest_Episodes_Felony,9,62,0.49964748194594477
logistic,Prior_Arrest_Episodes_Felony,9,63,0.6943523575194614
logistic,Prior_Arrest_Episodes_Felony,9,64,0.7878351255138506
logistic,Prior_Arrest_Episodes_Felony,9,65,0.6001548431720151
logistic,Prior_Arrest_Episodes_Felony,9,66,0.361680738828259
logistic,Prior_Arrest_Episodes_Felony,9,67,0.7252279236513521
logistic,Prior_Arrest_Episodes_Felony,9,68,0.5998817556092241
logistic,Prior_Arrest_Episodes_Felony,9,69,0.6226969584459112
logistic,Prior_Arrest_Episodes_Felony,9,70,0.4412526675348242
logistic,Prior_Arrest_Episodes_Felony,9,71,0.9038549567000153
logistic,Prior_Arrest_Episodes_Felony,9,72,0.7990130336524478
logistic,Prior_Arrest_Episodes_Felony,9,73,0.5845331071010746
logistic,Prior_Arrest_Episodes_Felony,9,74,0.2938724545314489
logistic,Prior_Arrest_Episodes_Felony,9,75,0.8340170266427331
logistic,Prior_Arrest_Episodes_Felony,9,76,0.5824547953461044
logistic,Prior_Arrest_Episodes_Felony,9,77,0.5931753919205836
logistic,Prior_Arrest_Episodes_Felony,9,78,0.5683691195445328
logistic,Prior_Arrest_Episodes_Felony,9,79,0.7295590153846535
logistic,Prior_Arrest_Episodes_Felony,9,80,0.44794313763283194
logistic,Prior_Arrest_Episodes_Felony,9,81,0.5896295097488056
logistic,Prior_Arrest_Episodes_Felony,9,82,0.44115338077548977
logistic,Prior_Arrest_Episodes_Felony,9,83,0.5100927024994457
logistic,Prior_Arrest_Episodes_Felony,9,84,0.4610793458806929
logistic,Prior_Arrest_Episodes_Felony,9,85,0.6583125835517285
logistic,Prior_Arrest_Episodes_Felony,9,86,0.7744227168938925
logistic,Prior_Arrest_Episodes_Felony,9,87,0.669980182233811
logistic,Prior_Arrest_Episodes_Felony,9,88,0.46451406835607545
logistic,Prior_Arrest_Episodes_Felony,9,89,0.780262070656677
logistic,Prior_Arrest_Episodes_Felony,9,90,0.7678931316465167
logistic,Prior_Arrest_Episodes_Felony,9,91,0.8010245532477948
logistic,Prior_Arrest_Episodes_Felony,9,92,0.6796462716413807
logistic,Prior_Arrest_Episodes_Felony,9,93,0.7168373177231464
logistic,Prior_Arrest_Episodes_Felony,9,94,0.6314352199062767
logistic,Prior_Arrest_Episodes_Felony,9,95,0.6603042802721233
logistic,Prior_Arrest_Episodes_Felony,9,96,0.6301117615040532
logistic,Prior_Arrest_Episodes_Felony,9,97,0.4053812289441819
logistic,Prior_Arrest_Episodes_Felony,9,98,0.7181142273219496
logistic,Prior_Arrest_Episodes_Felony,9,99,0.4033892509118986
logistic,Prior_Arrest_Episodes_Felony,9,100,0.7448643598268566
logistic,Prior_Arrest_Episodes_Felony,9,101,0.562113003371536
logistic,Prior_Arrest_Episodes_Felony,9,102,0.6267979723307143
logistic,Prior_Arrest_Episodes_Felony,9,103,0.8702093933564393
logistic,Prior_Arrest_Episodes_Felony,9,104,0.7192790417823807
logistic,Prior_Arrest_Episodes_Felony,9,105,0.42207040127220224
logistic,Prior_Arrest_Episodes_Felony,9,106,0.8495387223409451
logistic,Prior_Arrest_Episodes_Felony,9,107,0.37318150246277176
logistic,Prior_Arrest_Episodes_Felony,9,108,0.5288918066330629
logistic,Prior_Arrest_Episodes_Felony,9,109,0.6605788015381437
logistic,Prior_Arrest_Episodes_Felony,9,110,0.3828252385962251
logistic,Prior_Arrest_Episodes_Felony,9,111,0.4489082276868432
logistic,Prior_Arrest_Episodes_Felony,9,112,0.5577459896538538
logistic,Prior_Arrest_Episodes_Felony,9,113,0.38608858731263473
logistic,Prior_Arrest_Episodes_Felony,9,114,0.2813973924393556
logistic,Prior_Arrest_Episodes_Felony,9,115,0.8707619002823691
logistic,Prior_Arrest_Episodes_Felony,9,116,0.7914243260458765
logistic,Prior_Arrest_Episodes_Felony,9,117,0.7091181367275186
logistic,Prior_Arrest_Episodes_Felony,9,118,0.7432268378795934
logistic,Prior_Arrest_Episodes_Felony,9,119,0.6908646656473263
logistic,Prior_Arrest_Episodes_Felony,9,120,0.27763289825421816
logistic,Prior_Arrest_Episodes_Felony,9,121,0.9453634439645427
logistic,Prior_Arrest_Episodes_Felony,9,122,0.5617209275712143
logistic,Prior_Arrest_Episodes_Felony,9,123,0.5879365761671156
logistic,Prior_Arrest_Episodes_Felony,9,124,0.7212894275190648
logistic,Prior_Arrest_Episodes_Felony,9,125,0.45722182433582925
logistic,Prior_Arrest_Episodes_Felony,9,126,0.5586793764740289
logistic,Prior_Arrest_Episodes_Felony,9,127,0.807841718710199
logistic,Prior_Arrest_Episodes_Felony,9,128,0.6551473519772537
logistic,Prior_Arrest_Episodes_Felony,9,129,0.6764462725200233
logistic,Prior_Arrest_Episodes_Felony,9,130,0.3734339131850899
logistic,Prior_Arrest_Episodes_Felony,9,131,0.438150667599654
logistic,Prior_Arrest_Episodes_Felony,9,132,0.8002450970680602
logistic,Prior_Arrest_Episodes_Felony,9,133,0.7780705853814522
logistic,Prior_Arrest_Episodes_Felony,9,134,0.588617973210793
logistic,Prior_Arrest_Episodes_Felony,9,135,0.8025836664234434
logistic,Prior_Arrest_Episodes_Felony,9,136,0.7517319516244002
logistic,Prior_Arrest_Episodes_Felony,9,137,0.7724526161515352
logistic,Prior_Arrest_Episodes_Felony,9,138,0.18860950747148403
logistic,Prior_Arrest_Episodes_Felony,9,139,0.5459506496612332
logistic,Prior_Arrest_Episodes_Felony,9,140,0.6067421004386049
logistic,Prior_Arrest_Episodes_Felony,9,141,0.2166102283163281
logistic,Prior_Arrest_Episodes_Felony,9,142,0.4770317434867992
logistic,Prior_Arrest_Episodes_Felony,9,143,0.6842800719493082
logistic,Prior_Arrest_Episodes_Felony,9,144,0.37037039408292516
logistic,Prior_Arrest_Episodes_Felony,9,145,0.6992154164966639
logistic,Prior_Arrest_Episodes_Felony,9,146,0.42527327493207695
logistic,Prior_Arrest_Episodes_Felony,9,147,0.8618985197098521
logistic,Prior_Arrest_Episodes_Felony,9,148,0.5834221408916586
logistic,Prior_Arrest_Episodes_Felony,9,149,0.8833209893456758
logistic,Prior_Arrest_Episodes_Felony,9,150,0.7974962356747498
logistic,Prior_Arrest_Episodes_Felony,9,151,0.37915099793403956
logistic,Prior_Arrest_Episodes_Felony,9,152,0.4113471661306631
logistic,Prior_Arrest_Episodes_Felony,9,153,0.7632312292572903
logistic,Prior_Arrest_Episodes_Felony,9,154,0.4261957045976966
logistic,Prior_Arrest_Episodes_Felony,9,155,0.6941287561988613
logistic,Prior_Arrest_Episodes_Felony,9,156,0.8477830772393099
logistic,Prior_Arrest_Episodes_Felony,9,157,0.8745555124121555
logistic,Prior_Arrest_Episodes_Felony,9,158,0.8427573925118093
logistic,Prior_Arrest_Episodes_Felony,9,159,0.8624301124275144
logistic,Prior_Arrest_Episodes_Felony,9,160,0.5121175419398359
logistic,Prior_Arrest_Episodes_Felony,9,161,0.8425980060425364
logistic,Prior_Arrest_Episodes_Felony,9,162,0.8550986846095473
logistic,Prior_Arrest_Episodes_Felony,9,163,0.15256573243880378
logistic,Prior_Arrest_Episodes_Felony,9,164,0.7891028783092745
logistic,Prior_Arrest_Episodes_Felony,9,165,0.7796945596261813
logistic,Prior_Arrest_Episodes_Felony,9,166,0.8446360860087757
logistic,Prior_Arrest_Episodes_Felony,9,167,0.5122297765908556
logistic,Prior_Arrest_Episodes_Felony,9,168,0.7748292416659249
logistic,Prior_Arrest_Episodes_Felony,9,169,0.7689370758926974
logistic,Prior_Arrest_Episodes_Felony,9,170,0.8813743250015665
logistic,Prior_Arrest_Episodes_Felony,9,171,0.9201676264261021
logistic,Prior_Arrest_Episodes_Felony,9,172,0.7706406413948435
logistic,Prior_Arrest_Episodes_Felony,9,173,0.34170401389823396
logistic,Prior_Arrest_Episodes_Felony,9,174,0.3791042975867051
logistic,Prior_Arrest_Episodes_Felony,9,175,0.1248630416416795
logistic,Prior_Arrest_Episodes_Felony,9,176,0.7171613341349069
logistic,Prior_Arrest_Episodes_Felony,9,177,0.44093203075838533
logistic,Prior_Arrest_Episodes_Felony,9,178,0.4325369987534147
logistic,Prior_Arrest_Episodes_Felony,9,179,0.663466390229666
logistic,Prior_Arrest_Episodes_Felony,9,180,0.6073059576644892
logistic,Prior_Arrest_Episodes_Felony,9,181,0.7792941503176636
logistic,Prior_Arrest_Episodes_Felony,9,182,0.874398526815777
logistic,Prior_Arrest_Episodes_Felony,9,183,0.7206330329869415
logistic,Prior_Arrest_Episodes_Felony,9,184,0.6514317354654793
logistic,Prior_Arrest_Episodes_Felony,9,185,0.8363161373480548
logistic,Prior_Arrest_Episodes_Felony,9,186,0.40529086956954746
logistic,Prior_Arrest_Episodes_Felony,9,187,0.8808233668153606
logistic,Prior_Arrest_Episodes_Felony,9,188,0.5168247127175974
logistic,Prior_Arrest_Episodes_Felony,9,189,0.6016693234169007
logistic,Prior_Arrest_Episodes_Felony,9,190,0.638134813343445
logistic,Prior_Arrest_Episodes_Felony,9,191,0.8195452697405383
logistic,Prior_Arrest_Episodes_Felony,9,192,0.666528506902772
logistic,Prior_Arrest_Episodes_Felony,9,193,0.375580541649796
logistic,Prior_Arrest_Episodes_Felony,9,194,0.558269656211888
logistic,Prior_Arrest_Episodes_Felony,9,195,0.6275278861338703
logistic,Prior_Arrest_Episodes_Felony,9,196,0.5662445372201862
logistic,Prior_Arrest_Episodes_Felony,9,197,0.3487992815836166
logistic,Prior_Arrest_Episodes_Felony,9,198,0.8412964114776452
logistic,Prior_Arrest_Episodes_Felony,9,199,0.6905869356057506
logistic,Prior_Arrest_Episodes_Felony,10 or more,0,0.9218324227194824
logistic,Prior_Arrest_Episodes_Felony,10 or more,1,0.8648676889623549
logistic,Prior_Arrest_Episodes_Felony,10 or more,2,0.7334467224243073
logistic,Prior_Arrest_Episodes_Felony,10 or more,3,0.3710884390197016
logistic,Prior_Arrest_Episodes_Felony,10 or more,4,0.5048020979800226
logistic,Prior_Arrest_Episodes_Felony,10 or more,5,0.34650193321343786
logistic,Prior_Arrest_Episodes_Felony,10 or more,6,0.7471769336717085
logistic,Prior_Arrest_Episodes_Felony,10 or more,7,0.43284364924626495
logistic,Prior_Arrest_Episodes_Felony,10 or more,8,0.41134337874021026
logistic,Prior_Arrest_Episodes_Felony,10 or more,9,0.7872866353953318
logistic,Prior_Arrest_Episodes_Felony,10 or more,10,0.6491708533899518
logistic,Prior_Arrest_Episodes_Felony,10 or more,11,0.4568077565099543
logistic,Prior_Arrest_Episodes_Felony,10 or more,12,0.7981076940698821
logistic,Prior_Arrest_Episodes_Felony,10 or more,13,0.7471551251980378
logistic,Prior_Arrest_Episodes_Felony,10 or more,14,0.8523507853417589
logistic,Prior_Arrest_Episodes_Felony,10 or more,15,0.46998713435820405
logistic,Prior_Arrest_Episodes_Felony,10 or more,16,0.8640001234621186
logistic,Prior_Arrest_Episodes_Felony,10 or more,17,0.6083489937524656
logistic,Prior_Arrest_Episodes_Felony,10 or more,18,0.7099238921497402
logistic,Prior_Arrest_Episodes_Felony,10 or more,19,0.6867380122873814
logistic,Prior_Arrest_Episodes_Felony,10 or more,20,0.5438381011920285
logistic,Prior_Arrest_Episodes_Felony,10 or more,21,0.8107711881592145
logistic,Prior_Arrest_Episodes_Felony,10 or more,22,0.8664619761313483
logistic,Prior_Arrest_Episodes_Felony,10 or more,23,0.9131346312300064
logistic,Prior_Arrest_Episodes_Felony,10 or more,24,0.9220845684222372
logistic,Prior_Arrest_Episodes_Felony,10 or more,25,0.3580876086229296
logistic,Prior_Arrest_Episodes_Felony,10 or more,26,0.8659128517858642
logistic,Prior_Arrest_Episodes_Felony,10 or more,27,0.759600491920507
logistic,Prior_Arrest_Episodes_Felony,10 or more,28,0.302111398502527
logistic,Prior_Arrest_Episodes_Felony,10 or more,29,0.5769168960665684
logistic,Prior_Arrest_Episodes_Felony,10 or more,30,0.5921091053352039
logistic,Prior_Arrest_Episodes_Felony,10 or more,31,0.42446353758100924
logistic,Prior_Arrest_Episodes_Felony,10 or more,32,0.27628530774067284
logistic,Prior_Arrest_Episodes_Felony,10 or more,33,0.6508009531938485
logistic,Prior_Arrest_Episodes_Felony,10 or more,34,0.5430672366409859
logistic,Prior_Arrest_Episodes_Felony,10 or more,35,0.6223968628058608
logistic,Prior_Arrest_Episodes_Felony,10 or more,36,0.7325353663318612
logistic,Prior_Arrest_Episodes_Felony,10 or more,37,0.5475908996826729
logistic,Prior_Arrest_Episodes_Felony,10 or more,38,0.40296920436995987
logistic,Prior_Arrest_Episodes_Felony,10 or more,39,0.7095530541329441
logistic,Prior_Arrest_Episodes_Felony,10 or more,40,0.308684981434505
logistic,Prior_Arrest_Episodes_Felony,10 or more,41,0.8785723838946251
logistic,Prior_Arrest_Episodes_Felony,10 or more,42,0.7985034441909806
logistic,Prior_Arrest_Episodes_Felony,10 or more,43,0.739340702213126
logistic,Prior_Arrest_Episodes_Felony,10 or more,44,0.8012480811353941
logistic,Prior_Arrest_Episodes_Felony,10 or more,45,0.7823766978949152
logistic,Prior_Arrest_Episodes_Felony,10 or more,46,0.6275815430644417
logistic,Prior_Arrest_Episodes_Felony,10 or more,47,0.6556127419136049
logistic,Prior_Arrest_Episodes_Felony,10 or more,48,0.3752205381876123
logistic,Prior_Arrest_Episodes_Felony,10 or more,49,0.5527209929990704
logistic,Prior_Arrest_Episodes_Felony,10 or more,50,0.6335020067378062
logistic,Prior_Arrest_Episodes_Felony,10 or more,51,0.5690565669145907
logistic,Prior_Arrest_Episodes_Felony,10 or more,52,0.39978741204610424
logistic,Prior_Arrest_Episodes_Felony,10 or more,53,0.5614124941756746
logistic,Prior_Arrest_Episodes_Felony,10 or more,54,0.5724365103830283
logistic,Prior_Arrest_Episodes_Felony,10 or more,55,0.8571759395176254
logistic,Prior_Arrest_Episodes_Felony,10 or more,56,0.8827373551923922
logistic,Prior_Arrest_Episodes_Felony,10 or more,57,0.7048609671164378
logistic,Prior_Arrest_Episodes_Felony,10 or more,58,0.546066439925576
logistic,Prior_Arrest_Episodes_Felony,10 or more,59,0.695782287306768
logistic,Prior_Arrest_Episodes_Felony,10 or more,60,0.7875949438308066
logistic,Prior_Arrest_Episodes_Felony,10 or more,61,0.8899402044927726
logistic,Prior_Arrest_Episodes_Felony,10 or more,62,0.5640125212325034
logistic,Prior_Arrest_Episodes_Felony,10 or more,63,0.7463841338414907
logistic,Prior_Arrest_Episodes_Felony,10 or more,64,0.827897361675081
logistic,Prior_Arrest_Episodes_Felony,10 or more,65,0.6603789342746519
logistic,Prior_Arrest_Episodes_Felony,10 or more,66,0.42330912299002366
logistic,Prior_Arrest_Episodes_Felony,10 or more,67,0.7737165267196139
logistic,Prior_Arrest_Episodes_Felony,10 or more,68,0.6601236850898895
logistic,Prior_Arrest_Episodes_Felony,10 or more,69,0.6813286111631977
logistic,Prior_Arrest_Episodes_Felony,10 or more,70,0.5056980737530141
logistic,Prior_Arrest_Episodes_Felony,10 or more,71,0.9241196629995966
logistic,Prior_Arrest_Episodes_Felony,10 or more,72,0.8374002096416742
logistic,Prior_Arrest_Episodes_Felony,10 or more,73,0.6457211615998937
logistic,Prior_Arrest_Episodes_Felony,10 or more,74,0.35028719868547653
logistic,Prior_Arrest_Episodes_Felony,10 or more,75,0.8668329127836424
logistic,Prior_Arrest_Episodes_Felony,10 or more,76,0.6437623942228226
logistic,Prior_Arrest_Episodes_Felony,10 or more,77,0.6538443895554776
logistic,Prior_Arrest_Episodes_Felony,10 or more,78,0.6304326392264469
logistic,Prior_Arrest_Episodes_Felony,10 or more,79,0.777517786293803
logistic,Prior_Arrest_Episodes_Felony,10 or more,80,0.5124694756196412
logistic,Prior_Arrest_Episodes_Felony,10 or more,81,0.6505157477458615
logistic,Prior_Arrest_Episodes_Felony,10 or more,82,0.505597407616142
logistic,Prior_Arrest_Episodes_Felony,10 or more,83,0.574258990323354
logistic,Prior_Arrest_Episodes_Felony,10 or more,84,0.5256960403449928
logistic,Prior_Arrest_Episodes_Felony,10 or more,85,0.7139520884409879
logistic,Prior_Arrest_Episodes_Felony,10 or more,86,0.8164274432297927
logistic,Prior_Arrest_Episodes_Felony,10 or more,87,0.7245148287136652
logistic,Prior_Arrest_Episodes_Felony,10 or more,88,0.5291394990901239
logistic,Prior_Arrest_Episodes_Felony,10 or more,89,0.8214301763942409
logistic,Prior_Arrest_Episodes_Felony,10 or more,90,0.8108167064255094
logistic,Prior_Arrest_Episodes_Felony,10 or more,91,0.8391049050259161
logistic,Prior_Arrest_Episodes_Felony,10 or more,92,0.7332196563239125
logistic,Prior_Arrest_Episodes_Felony,10 or more,93,0.7663295196546119
logistic,Prior_Arrest_Episodes_Felony,10 or more,94,0.6893863217074943
logistic,Prior_Arrest_Episodes_Felony,10 or more,95,0.7157594956507085
logistic,Prior_Arrest_Episodes_Felony,10 or more,96,0.6881681905597987
logistic,Prior_Arrest_Episodes_Felony,10 or more,97,0.4689849839375861
logistic,Prior_Arrest_Episodes_Felony,10 or more,98,0.7674556476126461
logistic,Prior_Arrest_Episodes_Felony,10 or more,99,0.46692588902836746
logistic,Prior_Arrest_Episodes_Felony,10 or more,100,0.7908869146148702
logistic,Prior_Arrest_Episodes_Felony,10 or more,101,0.6244817478552868
logistic,Prior_Arrest_Episodes_Felony,10 or more,102,0.6851146027806149
logistic,Prior_Arrest_Episodes_Felony,10 or more,103,0.896755605819105
logistic,Prior_Arrest_Episodes_Felony,10 or more,104,0.7684823057639385
logistic,Prior_Arrest_Episodes_Felony,10 or more,105,0.4861518095622495
logistic,Prior_Arrest_Episodes_Felony,10 or more,106,0.8797284061281638
logistic,Prior_Arrest_Episodes_Felony,10 or more,107,0.43543275644484686
logistic,Prior_Arrest_Episodes_Felony,10 or more,108,0.592562573161903
logistic,Prior_Arrest_Episodes_Felony,10 or more,109,0.7160084761963272
logistic,Prior_Arrest_Episodes_Felony,10 or more,110,0.445541728951113
logistic,Prior_Arrest_Episodes_Felony,10 or more,111,0.5134442892695459
logistic,Prior_Arrest_Episodes_Felony,10 or more,112,0.6203165992133601
logistic,Prior_Arrest_Episodes_Felony,10 or more,113,0.4489507994144117
logistic,Prior_Arrest_Episodes_Felony,10 or more,114,0.3365587397064534
logistic,Prior_Arrest_Episodes_Felony,10 or more,115,0.8972084563530697
logistic,Prior_Arrest_Episodes_Felony,10 or more,116,0.8309542493775302
logistic,Prior_Arrest_Episodes_Felony,10 or more,117,0.7595068840037823
logistic,Prior_Arrest_Episodes_Felony,10 or more,118,0.7894612851490109
logistic,Prior_Arrest_Episodes_Felony,10 or more,119,0.7432706438255465
logistic,Prior_Arrest_Episodes_Felony,10 or more,120,0.3323976475529698
logistic,Prior_Arrest_Episodes_Felony,10 or more,121,0.9572926974088185
logistic,Prior_Arrest_Episodes_Felony,10 or more,122,0.6241081724253391
logistic,Prior_Arrest_Episodes_Felony,10 or more,123,0.6489244367712957
logistic,Prior_Arrest_Episodes_Felony,10 or more,124,0.7702528733359673
logistic,Prior_Arrest_Episodes_Felony,10 or more,125,0.5218213661737868
logistic,Prior_Arrest_Episodes_Felony,10 or more,126,0.6212076154674931
logistic,Prior_Arrest_Episodes_Felony,10 or more,127,0.8448700574299138
logistic,Prior_Arrest_Episodes_Felony,10 or more,128,0.7110760654312549
logistic,Prior_Arrest_Episodes_Felony,10 or more,129,0.7303424755126209
logistic,Prior_Arrest_Episodes_Felony,10 or more,130,0.43569800528170904
logistic,Prior_Arrest_Episodes_Felony,10 or more,131,0.5025505076273346
logistic,Prior_Arrest_Episodes_Felony,10 or more,132,0.838444536543017
logistic,Prior_Arrest_Episodes_Felony,10 or more,133,0.819554316736008
logistic,Prior_Arrest_Episodes_Felony,10 or more,134,0.6495650943081902
logistic,Prior_Arrest_Episodes_Felony,10 or more,135,0.8404250743643564
logistic,Prior_Arrest_Episodes_Felony,10 or more,136,0.7968535576930269
logistic,Prior_Arrest_Episodes_Felony,10 or more,137,0.8147364334514127
logistic,Prior_Arrest_Episodes_Felony,10 or more,138,0.23144005687602534
logistic,Prior_Arrest_Episodes_Felony,10 or more,139,0.6090202364352495
logistic,Prior_Arrest_Episodes_Felony,10 or more,140,0.6665253216507653
logistic,Prior_Arrest_Episodes_Felony,10 or more,141,0.2637325704133667
logistic,Prior_Arrest_Episodes_Felony,10 or more,142,0.5416371690309925
logistic,Prior_Arrest_Episodes_Felony,10 or more,143,0.7373779736442588
logistic,Prior_Arrest_Episodes_Felony,10 or more,144,0.4324762592551892
logistic,Prior_Arrest_Episodes_Felony,10 or more,145,0.7507165473288168
logistic,Prior_Arrest_Episodes_Felony,10 or more,146,0.4894291491315278
logistic,Prior_Arrest_Episodes_Felony,10 or more,147,0.889929556939871
logistic,Prior_Arrest_Episodes_Felony,10 or more,148,0.6446743533743419
logistic,Prior_Arrest_Episodes_Felony,10 or more,149,0.9074706212399124
logistic,Prior_Arrest_Episodes_Felony,10 or more,150,0.8361136897082057
logistic,Prior_Arrest_Episodes_Felony,10 or more,151,0.4416963432410289
logistic,Prior_Arrest_Episodes_Felony,10 or more,152,0.47513900585623325
logistic,Prior_Arrest_Episodes_Felony,10 or more,153,0.8068000217888022
logistic,Prior_Arrest_Episodes_Felony,10 or more,154,0.4903720032110239
logistic,Prior_Arrest_Episodes_Felony,10 or more,155,0.7461846829294322
logistic,Prior_Arrest_Episodes_Felony,10 or more,156,0.8782745527614169
logistic,Prior_Arrest_Episodes_Felony,10 or more,157,0.9003146367804787
logistic,Prior_Arrest_Episodes_Felony,10 or more,158,0.8741060963912924
logistic,Prior_Arrest_Episodes_Felony,10 or more,159,0.8903669748233366
logistic,Prior_Arrest_Episodes_Felony,10 or more,160,0.5762389444243499
logistic,Prior_Arrest_Episodes_Felony,10 or more,161,0.8739737342247832
logistic,Prior_Arrest_Episodes_Felony,10 or more,162,0.8843246775971464
logistic,Prior_Arrest_Episodes_Felony,10 or more,163,0.18911901902154393
logistic,Prior_Arrest_Episodes_Felony,10 or more,164,0.8289776951620514
logistic,Prior_Arrest_Episodes_Felony,10 or more,165,0.8209445897980291
logistic,Prior_Arrest_Episodes_Felony,10 or more,166,0.8756655016816068
logistic,Prior_Arrest_Episodes_Felony,10 or more,167,0.576348630940813
logistic,Prior_Arrest_Episodes_Felony,10 or more,168,0.816776178980032
logistic,Prior_Arrest_Episodes_Felony,10 or more,169,0.8117149307827081
logistic,Prior_Arrest_Episodes_Felony,10 or more,170,0.9058839383189876
logistic,Prior_Arrest_Episodes_Felony,10 or more,171,0.9372328405978424
logistic,Prior_Arrest_Episodes_Felony,10 or more,172,0.8131797333474988
logistic,Prior_Arrest_Episodes_Felony,10 or more,173,0.40207258108931804
logistic,Prior_Arrest_Episodes_Felony,10 or more,174,0.4416474192829922
logistic,Prior_Arrest_Episodes_Felony,10 or more,175,0.15600086360036375
logistic,Prior_Arrest_Episodes_Felony,10 or more,176,0.7666153415412991
logistic,Prior_Arrest_Episodes_Felony,10 or more,177,0.505372963602205
logistic,Prior_Arrest_Episodes_Felony,10 or more,178,0.4968413714513229
logistic,Prior_Arrest_Episodes_Felony,10 or more,179,0.71862536556603
logistic,Prior_Arrest_Episodes_Felony,10 or more,180,0.66705049868825
logistic,Prior_Arrest_Episodes_Felony,10 or more,181,0.8206019029046454
logistic,Prior_Arrest_Episodes_Felony,10 or more,182,0.9001862079409292
logistic,Prior_Arrest_Episodes_Felony,10 or more,183,0.7696749705371118
logistic,Prior_Arrest_Episodes_Felony,10 or more,184,0.7076941903803307
logistic,Prior_Arrest_Episodes_Felony,10 or more,185,0.8687490080094777
logistic,Prior_Arrest_Episodes_Felony,10 or more,186,0.46889162690018654
logistic,Prior_Arrest_Episodes_Felony,10 or more,187,0.905434601559176
logistic,Prior_Arrest_Episodes_Felony,10 or more,188,0.5808338270583044
logistic,Prior_Arrest_Episodes_Felony,10 or more,189,0.6617938522124145
logistic,Prior_Arrest_Episodes_Felony,10 or more,190,0.695540430005288
logistic,Prior_Arrest_Episodes_Felony,10 or more,191,0.854723933505891
logistic,Prior_Arrest_Episodes_Felony,10 or more,192,0.7213963459005244
logistic,Prior_Arrest_Episodes_Felony,10 or more,193,0.437952376274634
logistic,Prior_Arrest_Episodes_Felony,10 or more,194,0.6208165461728157
logistic,Prior_Arrest_Episodes_Felony,10 or more,195,0.6857876363463156
logistic,Prior_Arrest_Episodes_Felony,10 or more,196,0.6284138249375539
logistic,Prior_Arrest_Episodes_Felony,10 or more,197,0.40964133239265577
logistic,Prior_Arrest_Episodes_Felony,10 or more,198,0.8728924539822941
logistic,Prior_Arrest_Episodes_Felony,10 or more,199,0.743022482934519
xgboost,Prior_Arrest_Episodes_Felony,0,0,0.7983989715576172
xgboost,Prior_Arrest_Episodes_Felony,0,1,0.7573092579841614
xgboost,Prior_Arrest_Episodes_Felony,0,2,0.6162585616111755
xgboost,Prior_Arrest_Episodes_Felony,0,3,0.23495952785015106
xgboost,Prior_Arrest_Episodes_Felony,0,4,0.3966505527496338
xgboost,Prior_Arrest_Episodes_Felony,0,5,0.25866633653640747
xgboost,Prior_Arrest_Episodes_Felony,0,6,0.6072953343391418
xgboost,Prior_Arrest_Episodes_Felony,0,7,0.33145394921302795
xgboost,Prior_Arrest_Episodes_Felony,0,8,0.2945771813392639
xgboost,Prior_Arrest_Episodes_Felony,0,9,0.6282891631126404
xgboost,Prior_Arrest_Episodes_Felony,0,10,0.5886582136154175
xgboost,Prior_Arrest_Episodes_Felony,0,11,0.3124898374080658
xgboost,Prior_Arrest_Episodes_Felony,0,12,0.7237181067466736
xgboost,Prior_Arrest_Episodes_Felony,0,13,0.5934321880340576
xgboost,Prior_Arrest_Episodes_Felony,0,14,0.8177543878555298
xgboost,Prior_Arrest_Episodes_Felony,0,15,0.43791496753692627
xgboost,Prior_Arrest_Episodes_Felony,0,16,0.7365039587020874
xgboost,Prior_Arrest_Episodes_Felony,0,17,0.483849436044693
xgboost,Prior_Arrest_Episodes_Felony,0,18,0.6629409193992615
xgboost,Prior_Arrest_Episodes_Felony,0,19,0.5526024699211121
xgboost,Prior_Arrest_Episodes_Felony,0,20,0.4031775891780853
xgboost,Prior_Arrest_Episodes_Felony,0,21,0.6414815783500671
xgboost,Prior_Arrest_Episodes_Felony,0,22,0.7139607071876526
xgboost,Prior_Arrest_Episodes_Felony,0,23,0.7845646739006042
xgboost,Prior_Arrest_Episodes_Felony,0,24,0.8124297261238098
xgboost,Prior_Arrest_Episodes_Felony,0,25,0.288961261510849
xgboost,Prior_Arrest_Episodes_Felony,0,26,0.7655150890350342
xgboost,Prior_Arrest_Episodes_Felony,0,27,0.6526616811752319
xgboost,Prior_Arrest_Episodes_Felony,0,28,0.2446468025445938
xgboost,Prior_Arrest_Episodes_Felony,0,29,0.4644307792186737
xgboost,Prior_Arrest_Episodes_Felony,0,30,0.4347602128982544
xgboost,Prior_Arrest_Episodes_Felony,0,31,0.25615987181663513
xgboost,Prior_Arrest_Episodes_Felony,0,32,0.24777880311012268
xgboost,Prior_Arrest_Episodes_Felony,0,33,0.5226023197174072
xgboost,Prior_Arrest_Episodes_Felony,0,34,0.3945286273956299
xgboost,Prior_Arrest_Episodes_Felony,0,35,0.5153805613517761
xgboost,Prior_Arrest_Episodes_Felony,0,36,0.5914081931114197
xgboost,Prior_Arrest_Episodes_Felony,0,37,0.45647627115249634
xgboost,Prior_Arrest_Episodes_Felony,0,38,0.34663400053977966
xgboost,Prior_Arrest_Episodes_Felony,0,39,0.5801191926002502
xgboost,Prior_Arrest_Episodes_Felony,0,40,0.2622546851634979
xgboost,Prior_Arrest_Episodes_Felony,0,41,0.7353605628013611
xgboost,Prior_Arrest_Episodes_Felony,0,42,0.7309258580207825
xgboost,Prior_Arrest_Episodes_Felony,0,43,0.634668231010437
xgboost,Prior_Arrest_Episodes_Felony,0,44,0.6729900240898132
xgboost,Prior_Arrest_Episodes_Felony,0,45,0.6720402836799622
xgboost,Prior_Arrest_Episodes_Felony,0,46,0.5196152925491333
xgboost,Prior_Arrest_Episodes_Felony,0,47,0.5124741792678833
xgboost,Prior_Arrest_Episodes_Felony,0,48,0.3441384434700012
xgboost,Prior_Arrest_Episodes_Felony,0,49,0.3813891112804413
xgboost,Prior_Arrest_Episodes_Felony,0,50,0.4841728210449219
xgboost,Prior_Arrest_Episodes_Felony,0,51,0.4110359251499176
xgboost,Prior_Arrest_Episodes_Felony,0,52,0.4515466094017029
xgboost,Prior_Arrest_Episodes_Felony,0,53,0.43223705887794495
xgboost,Prior_Arrest_Episodes_Felony,0,54,0.5427669286727905
xgboost,Prior_Arrest_Episodes_Felony,0,55,0.7372236251831055
xgboost,Prior_Arrest_Episodes_Felony,0,56,0.7548143267631531
xgboost,Prior_Arrest_Episodes_Felony,0,57,0.6074802875518799
xgboost,Prior_Arrest_Episodes_Felony,0,58,0.4674249291419983
xgboost,Prior_Arrest_Episodes_Felony,0,59,0.5896742343902588
xgboost,Prior_Arrest_Episodes_Felony,0,60,0.6500705480575562
xgboost,Prior_Arrest_Episodes_Felony,0,61,0.7555980682373047
xgboost,Prior_Arrest_Episodes_Felony,0,62,0.36854270100593567
xgboost,Prior_Arrest_Episodes_Felony,0,63,0.6116983890533447
xgboost,Prior_Arrest_Episodes_Felony,0,64,0.6933291554450989
xgboost,Prior_Arrest_Episodes_Felony,0,65,0.4919666051864624
xgboost,Prior_Arrest_Episodes_Felony,0,66,0.3516400456428528
xgboost,Prior_Arrest_Episodes_Felony,0,67,0.6699055433273315
xgboost,Prior_Arrest_Episodes_Felony,0,68,0.48150938749313354
xgboost,Prior_Arrest_Episodes_Felony,0,69,0.47542575001716614
xgboost,Prior_Arrest_Episodes_Felony,0,70,0.3740478456020355
xgboost,Prior_Arrest_Episodes_Felony,0,71,0.8048505783081055
xgboost,Prior_Arrest_Episodes_Felony,0,72,0.6893143057823181
xgboost,Prior_Arrest_Episodes_Felony,0,73,0.48805174231529236
xgboost,Prior_Arrest_Episodes_Felony,0,74,0.24312065541744232
xgboost,Prior_Arrest_Episodes_Felony,0,75,0.743714451789856
xgboost,Prior_Arrest_Episodes_Felony,0,76,0.540410041809082
xgboost,Prior_Arrest_Episodes_Felony,0,77,0.549904465675354
xgboost,Prior_Arrest_Episodes_Felony,0,78,0.5370517373085022
xgboost,Prior_Arrest_Episodes_Felony,0,79,0.6736788153648376
xgboost,Prior_Arrest_Episodes_Felony,0,80,0.4766087830066681
xgboost,Prior_Arrest_Episodes_Felony,0,81,0.6265521049499512
xgboost,Prior_Arrest_Episodes_Felony,0,82,0.3955926299095154
xgboost,Prior_Arrest_Episodes_Felony,0,83,0.5206307768821716
xgboost,Prior_Arrest_Episodes_Felony,0,84,0.44888967275619507
xgboost,Prior_Arrest_Episodes_Felony,0,85,0.5529430508613586
xgboost,Prior_Arrest_Episodes_Felony,0,86,0.6619689464569092
xgboost,Prior_Arrest_Episodes_Felony,0,87,0.5581821203231812
xgboost,Prior_Arrest_Episodes_Felony,0,88,0.42574062943458557
xgboost,Prior_Arrest_Episodes_Felony,0,89,0.7047789692878723
xgboost,Prior_Arrest_Episodes_Felony,0,90,0.6593038439750671
xgboost,Prior_Arrest_Episodes_Felony,0,91,0.7448800206184387
xgboost,Prior_Arrest_Episodes_Felony,0,92,0.5935102701187134
xgboost,Prior_Arrest_Episodes_Felony,0,93,0.6790645122528076
xgboost,Prior_Arrest_Episodes_Felony,0,94,0.5995408892631531
xgboost,Prior_Arrest_Episodes_Felony,0,95,0.6468967795372009
xgboost,Prior_Arrest_Episodes_Felony,0,96,0.5399947762489319
xgboost,Prior_Arrest_Episodes_Felony,0,97,0.3264821767807007
xgboost,Prior_Arrest_Episodes_Felony,0,98,0.6809300184249878
xgboost,Prior_Arrest_Episodes_Felony,0,99,0.40381553769111633
xgboost,Prior_Arrest_Episodes_Felony,0,100,0.7534992694854736
xgboost,Prior_Arrest_Episodes_Felony,0,101,0.45631855726242065
xgboost,Prior_Arrest_Episodes_Felony,0,102,0.5419157147407532
xgboost,Prior_Arrest_Episodes_Felony,0,103,0.776691734790802
xgboost,Prior_Arrest_Episodes_Felony,0,104,0.6205443739891052
xgboost,Prior_Arrest_Episodes_Felony,0,105,0.4245087206363678
xgboost,Prior_Arrest_Episodes_Felony,0,106,0.7282224297523499
xgboost,Prior_Arrest_Episodes_Felony,0,107,0.33035704493522644
xgboost,Prior_Arrest_Episodes_Felony,0,108,0.44028353691101074
xgboost,Prior_Arrest_Episodes_Felony,0,109,0.5517659783363342
xgboost,Prior_Arrest_Episodes_Felony,0,110,0.3552943766117096
xgboost,Prior_Arrest_Episodes_Felony,0,111,0.5047953724861145
xgboost,Prior_Arrest_Episodes_Felony,0,112,0.5743785500526428
xgboost,Prior_Arrest_Episodes_Felony,0,113,0.39145851135253906
xgboost,Prior_Arrest_Episodes_Felony,0,114,0.19118571281433105
xgboost,Prior_Arrest_Episodes_Felony,0,115,0.8268270492553711
xgboost,Prior_Arrest_Episodes_Felony,0,116,0.7032377123832703
xgboost,Prior_Arrest_Episodes_Felony,0,117,0.6581417918205261
xgboost,Prior_Arrest_Episodes_Felony,0,118,0.6765902638435364
xgboost,Prior_Arrest_Episodes_Felony,0,119,0.594302237033844
xgboost,Prior_Arrest_Episodes_Felony,0,120,0.3877933621406555
xgboost,Prior_Arrest_Episodes_Felony,0,121,0.8535347580909729
xgboost,Prior_Arrest_Episodes_Felony,0,122,0.5051293969154358
xgboost,Prior_Arrest_Episodes_Felony,0,123,0.5804036855697632
xgboost,Prior_Arrest_Episodes_Felony,0,124,0.6198670864105225
xgboost,Prior_Arrest_Episodes_Felony,0,125,0.39108145236968994
xgboost,Prior_Arrest_Episodes_Felony,0,126,0.4555771052837372
xgboost,Prior_Arrest_Episodes_Felony,0,127,0.7832940220832825
xgboost,Prior_Arrest_Episodes_Felony,0,128,0.5734686851501465
xgboost,Prior_Arrest_Episodes_Felony,0,129,0.657077431678772
xgboost,Prior_Arrest_Episodes_Felony,0,130,0.2890395522117615
xgboost,Prior_Arrest_Episodes_Felony,0,131,0.4023600220680237
xgboost,Prior_Arrest_Episodes_Felony,0,132,0.7332400679588318
xgboost,Prior_Arrest_Episodes_Felony,0,133,0.70131915807724
xgboost,Prior_Arrest_Episodes_Felony,0,134,0.5648641586303711
xgboost,Prior_Arrest_Episodes_Felony,0,135,0.704698920249939
xgboost,Prior_Arrest_Episodes_Felony,0,136,0.6404898166656494
xgboost,Prior_Arrest_Episodes_Felony,0,137,0.6429425477981567
xgboost,Prior_Arrest_Episodes_Felony,0,138,0.2231529802083969
xgboost,Prior_Arrest_Episodes_Felony,0,139,0.4548622965812683
xgboost,Prior_Arrest_Episodes_Felony,0,140,0.5792953372001648
xgboost,Prior_Arrest_Episodes_Felony,0,141,0.19461670517921448
xgboost,Prior_Arrest_Episodes_Felony,0,142,0.45587530732154846
xgboost,Prior_Arrest_Episodes_Felony,0,143,0.6296168565750122
xgboost,Prior_Arrest_Episodes_Felony,0,144,0.29480019211769104
xgboost,Prior_Arrest_Episodes_Felony,0,145,0.6438114047050476
xgboost,Prior_Arrest_Episodes_Felony,0,146,0.3360651433467865
xgboost,Prior_Arrest_Episodes_Felony,0,147,0.7565920948982239
xgboost,Prior_Arrest_Episodes_Felony,0,148,0.5661044120788574
xgboost,Prior_Arrest_Episodes_Felony,0,149,0.8046237230300903
xgboost,Prior_Arrest_Episodes_Felony,0,150,0.7200880646705627
xgboost,Prior_Arrest_Episodes_Felony,0,151,0.3209872245788574
xgboost,Prior_Arrest_Episodes_Felony,0,152,0.33879223465919495
xgboost,Prior_Arrest_Episodes_Felony,0,153,0.6349500417709351
xgboost,Prior_Arrest_Episodes_Felony,0,154,0.4743148386478424
xgboost,Prior_Arrest_Episodes_Felony,0,155,0.6151674389839172
xgboost,Prior_Arrest_Episodes_Felony,0,156,0.8502169847488403
xgboost,Prior_Arrest_Episodes_Felony,0,157,0.7667930126190186
xgboost,Prior_Arrest_Episodes_Felony,0,158,0.7857478857040405
xgboost,Prior_Arrest_Episodes_Felony,0,159,0.7384251952171326
xgboost,Prior_Arrest_Episodes_Felony,0,160,0.3978930711746216
xgboost,Prior_Arrest_Episodes_Felony,0,161,0.6873278617858887
xgboost,Prior_Arrest_Episodes_Felony,0,162,0.7557124495506287
xgboost,Prior_Arrest_Episodes_Felony,0,163,0.21848388016223907
xgboost,Prior_Arrest_Episodes_Felony,0,164,0.7092932462692261
xgboost,Prior_Arrest_Episodes_Felony,0,165,0.668879508972168
xgboost,Prior_Arrest_Episodes_Felony,0,166,0.7573971152305603
xgboost,Prior_Arrest_Episodes_Felony,0,167,0.5661019682884216
xgboost,Prior_Arrest_Episodes_Felony,0,168,0.6625472903251648
xgboost,Prior_Arrest_Episodes_Felony,0,169,0.6661319136619568
xgboost,Prior_Arrest_Episodes_Felony,0,170,0.8288529515266418
xgboost,Prior_Arrest_Episodes_Felony,0,171,0.844974160194397
xgboost,Prior_Arrest_Episodes_Felony,0,172,0.720197319984436
xgboost,Prior_Arrest_Episodes_Felony,0,173,0.33272838592529297
xgboost,Prior_Arrest_Episodes_Felony,0,174,0.39579060673713684
xgboost,Prior_Arrest_Episodes_Felony,0,175,0.170501708984375
xgboost,Prior_Arrest_Episodes_Felony,0,176,0.5876030325889587
xgboost,Prior_Arrest_Episodes_Felony,0,177,0.3713985085487366
xgboost,Prior_Arrest_Episodes_Felony,0,178,0.41708192229270935
xgboost,Prior_Arrest_Episodes_Felony,0,179,0.6045807600021362
xgboost,Prior_Arrest_Episodes_Felony,0,180,0.552428662776947
xgboost,Prior_Arrest_Episodes_Felony,0,181,0.8185967803001404
xgboost,Prior_Arrest_Episodes_Felony,0,182,0.7850064635276794
xgboost,Prior_Arrest_Episodes_Felony,0,183,0.7064228057861328
xgboost,Prior_Arrest_Episodes_Felony,0,184,0.604851245880127
xgboost,Prior_Arrest_Episodes_Felony,0,185,0.7016739845275879
xgboost,Prior_Arrest_Episodes_Felony,0,186,0.4636664092540741
xgboost,Prior_Arrest_Episodes_Felony,0,187,0.7542341351509094
xgboost,Prior_Arrest_Episodes_Felony,0,188,0.42642712593078613
xgboost,Prior_Arrest_Episodes_Felony,0,189,0.5381004810333252
xgboost,Prior_Arrest_Episodes_Felony,0,190,0.6175549626350403
xgboost,Prior_Arrest_Episodes_Felony,0,191,0.7287134528160095
xgboost,Prior_Arrest_Episodes_Felony,0,192,0.6411399245262146
xgboost,Prior_Arrest_Episodes_Felony,0,193,0.317470908164978
xgboost,Prior_Arrest_Episodes_Felony,0,194,0.5036504864692688
xgboost,Prior_Arrest_Episodes_Felony,0,195,0.5966876745223999
xgboost,Prior_Arrest_Episodes_Felony,0,196,0.49618858098983765
xgboost,Prior_Arrest_Episodes_Felony,0,197,0.3282999098300934
xgboost,Prior_Arrest_Episodes_Felony,0,198,0.7898955941200256
xgboost,Prior_Arrest_Episodes_Felony,0,199,0.6040866374969482
xgboost,Prior_Arrest_Episodes_Felony,1,0,0.7974253296852112
xgboost,Prior_Arrest_Episodes_Felony,1,1,0.6267387866973877
xgboost,Prior_Arrest_Episodes_Felony,1,2,0.5682470798492432
xgboost,Prior_Arrest_Episodes_Felony,1,3,0.18037746846675873
xgboost,Prior_Arrest_Episodes_Felony,1,4,0.3560735881328583
xgboost,Prior_Arrest_Episodes_Felony,1,5,0.1764601320028305
xgboost,Prior_Arrest_Episodes_Felony,1,6,0.5277454853057861
xgboost,Prior_Arrest_Episodes_Felony,1,7,0.283603310585022
xgboost,Prior_Arrest_Episodes_Felony,1,8,0.24962618947029114
xgboost,Prior_Arrest_Episodes_Felony,1,9,0.5856634974479675
xgboost,Prior_Arrest_Episodes_Felony,1,10,0.5147225856781006
xgboost,Prior_Arrest_Episodes_Felony,1,11,0.25816580653190613
xgboost,Prior_Arrest_Episodes_Felony,1,12,0.6871177554130554
xgboost,Prior_Arrest_Episodes_Felony,1,13,0.5943571329116821
xgboost,Prior_Arrest_Episodes_Felony,1,14,0.7342091202735901
xgboost,Prior_Arrest_Episodes_Felony,1,15,0.2669651508331299
xgboost,Prior_Arrest_Episodes_Felony,1,16,0.7313701510429382
xgboost,Prior_Arrest_Episodes_Felony,1,17,0.45032793283462524
xgboost,Prior_Arrest_Episodes_Felony,1,18,0.6005938053131104
xgboost,Prior_Arrest_Episodes_Felony,1,19,0.5092677474021912
xgboost,Prior_Arrest_Episodes_Felony,1,20,0.3408997356891632
xgboost,Prior_Arrest_Episodes_Felony,1,21,0.5435054898262024
xgboost,Prior_Arrest_Episodes_Felony,1,22,0.6868590712547302
xgboost,Prior_Arrest_Episodes_Felony,1,23,0.7787326574325562
xgboost,Prior_Arrest_Episodes_Felony,1,24,0.802858829498291
xgboost,Prior_Arrest_Episodes_Felony,1,25,0.20827341079711914
xgboost,Prior_Arrest_Episodes_Felony,1,26,0.7114089727401733
xgboost,Prior_Arrest_Episodes_Felony,1,27,0.626503050327301
xgboost,Prior_Arrest_Episodes_Felony,1,28,0.1624586433172226
xgboost,Prior_Arrest_Episodes_Felony,1,29,0.4085730314254761
xgboost,Prior_Arrest_Episodes_Felony,1,30,0.34652063250541687
xgboost,Prior_Arrest_Episodes_Felony,1,31,0.2186855971813202
xgboost,Prior_Arrest_Episodes_Felony,1,32,0.13402612507343292
xgboost,Prior_Arrest_Episodes_Felony,1,33,0.4995713233947754
xgboost,Prior_Arrest_Episodes_Felony,1,34,0.30667799711227417
xgboost,Prior_Arrest_Episodes_Felony,1,35,0.3577573001384735
xgboost,Prior_Arrest_Episodes_Felony,1,36,0.5650315880775452
xgboost,Prior_Arrest_Episodes_Felony,1,37,0.350154846906662
xgboost,Prior_Arrest_Episodes_Felony,1,38,0.22220419347286224
xgboost,Prior_Arrest_Episodes_Felony,1,39,0.5328030586242676
xgboost,Prior_Arrest_Episodes_Felony,1,40,0.14998191595077515
xgboost,Prior_Arrest_Episodes_Felony,1,41,0.688745379447937
xgboost,Prior_Arrest_Episodes_Felony,1,42,0.6655334234237671
xgboost,Prior_Arrest_Episodes_Felony,1,43,0.5887258648872375
xgboost,Prior_Arrest_Episodes_Felony,1,44,0.6376132965087891
xgboost,Prior_Arrest_Episodes_Felony,1,45,0.5850659608840942
xgboost,Prior_Arrest_Episodes_Felony,1,46,0.4573722183704376
xgboost,Prior_Arrest_Episodes_Felony,1,47,0.4955374002456665
xgboost,Prior_Arrest_Episodes_Felony,1,48,0.2332324981689453
xgboost,Prior_Arrest_Episodes_Felony,1,49,0.364504337310791
xgboost,Prior_Arrest_Episodes_Felony,1,50,0.4303486943244934
xgboost,Prior_Arrest_Episodes_Felony,1,51,0.3302726745605469
xgboost,Prior_Arrest_Episodes_Felony,1,52,0.3218137323856354
xgboost,Prior_Arrest_Episodes_Felony,1,53,0.40038228034973145
xgboost,Prior_Arrest_Episodes_Felony,1,54,0.45139920711517334
xgboost,Prior_Arrest_Episodes_Felony,1,55,0.7065671682357788
xgboost,Prior_Arrest_Episodes_Felony,1,56,0.7300413250923157
xgboost,Prior_Arrest_Episodes_Felony,1,57,0.5212538838386536
xgboost,Prior_Arrest_Episodes_Felony,1,58,0.37588590383529663
xgboost,Prior_Arrest_Episodes_Felony,1,59,0.5553081631660461
xgboost,Prior_Arrest_Episodes_Felony,1,60,0.6029370427131653
xgboost,Prior_Arrest_Episodes_Felony,1,61,0.7502365112304688
xgboost,Prior_Arrest_Episodes_Felony,1,62,0.3454752564430237
xgboost,Prior_Arrest_Episodes_Felony,1,63,0.5652869939804077
xgboost,Prior_Arrest_Episodes_Felony,1,64,0.6676212549209595
xgboost,Prior_Arrest_Episodes_Felony,1,65,0.4716449975967407
xgboost,Prior_Arrest_Episodes_Felony,1,66,0.2653898596763611
xgboost,Prior_Arrest_Episodes_Felony,1,67,0.6106669902801514
xgboost,Prior_Arrest_Episodes_Felony,1,68,0.4180135726928711
xgboost,Prior_Arrest_Episodes_Felony,1,69,0.4438037574291229
xgboost,Prior_Arrest_Episodes_Felony,1,70,0.3397066295146942
xgboost,Prior_Arrest_Episodes_Felony,1,71,0.7999848127365112
xgboost,Prior_Arrest_Episodes_Felony,1,72,0.6665477156639099
xgboost,Prior_Arrest_Episodes_Felony,1,73,0.4018763303756714
xgboost,Prior_Arrest_Episodes_Felony,1,74,0.2096651941537857
xgboost,Prior_Arrest_Episodes_Felony,1,75,0.7062957286834717
xgboost,Prior_Arrest_Episodes_Felony,1,76,0.45796674489974976
xgboost,Prior_Arrest_Episodes_Felony,1,77,0.4888664484024048
xgboost,Prior_Arrest_Episodes_Felony,1,78,0.458243727684021
xgboost,Prior_Arrest_Episodes_Felony,1,79,0.6293428540229797
xgboost,Prior_Arrest_Episodes_Felony,1,80,0.38780519366264343
xgboost,Prior_Arrest_Episodes_Felony,1,81,0.48053261637687683
xgboost,Prior_Arrest_Episodes_Felony,1,82,0.3688850700855255
xgboost,Prior_Arrest_Episodes_Felony,1,83,0.36720010638237
xgboost,Prior_Arrest_Episodes_Felony,1,84,0.35491886734962463
xgboost,Prior_Arrest_Episodes_Felony,1,85,0.4657333195209503
xgboost,Prior_Arrest_Episodes_Felony,1,86,0.6653362512588501
xgboost,Prior_Arrest_Episodes_Felony,1,87,0.5038474202156067
xgboost,Prior_Arrest_Episodes_Felony,1,88,0.3753799498081207
xgboost,Prior_Arrest_Episodes_Felony,1,89,0.665065348148346
xgboost,Prior_Arrest_Episodes_Felony,1,90,0.650679349899292
xgboost,Prior_Arrest_Episodes_Felony,1,91,0.6398328542709351
xgboost,Prior_Arrest_Episodes_Felony,1,92,0.5409237742424011
xgboost,Prior_Arrest_Episodes_Felony,1,93,0.6338981986045837
xgboost,Prior_Arrest_Episodes_Felony,1,94,0.4930592179298401
xgboost,Prior_Arrest_Episodes_Felony,1,95,0.5648663640022278
xgboost,Prior_Arrest_Episodes_Felony,1,96,0.520519495010376
xgboost,Prior_Arrest_Episodes_Felony,1,97,0.2419111579656601
xgboost,Prior_Arrest_Episodes_Felony,1,98,0.5371905565261841
xgboost,Prior_Arrest_Episodes_Felony,1,99,0.3201881945133209
xgboost,Prior_Arrest_Episodes_Felony,1,100,0.6472604274749756
xgboost,Prior_Arrest_Episodes_Felony,1,101,0.4306095838546753
xgboost,Prior_Arrest_Episodes_Felony,1,102,0.4798865020275116
xgboost,Prior_Arrest_Episodes_Felony,1,103,0.7598106861114502
xgboost,Prior_Arrest_Episodes_Felony,1,104,0.6042475700378418
xgboost,Prior_Arrest_Episodes_Felony,1,105,0.3124367594718933
xgboost,Prior_Arrest_Episodes_Felony,1,106,0.711815357208252
xgboost,Prior_Arrest_Episodes_Felony,1,107,0.29253754019737244
xgboost,Prior_Arrest_Episodes_Felony,1,108,0.4068124294281006
xgboost,Prior_Arrest_Episodes_Felony,1,109,0.5302260518074036
xgboost,Prior_Arrest_Episodes_Felony,1,110,0.2659473419189453
xgboost,Prior_Arrest_Episodes_Felony,1,111,0.4024337828159332
xgboost,Prior_Arrest_Episodes_Felony,1,112,0.4785340428352356
xgboost,Prior_Arrest_Episodes_Felony,1,113,0.2766082286834717
xgboost,Prior_Arrest_Episodes_Felony,1,114,0.17361287772655487
xgboost,Prior_Arrest_Episodes_Felony,1,115,0.7791540622711182
xgboost,Prior_Arrest_Episodes_Felony,1,116,0.6941811442375183
xgboost,Prior_Arrest_Episodes_Felony,1,117,0.5878177881240845
xgboost,Prior_Arrest_Episodes_Felony,1,118,0.6365519762039185
xgboost,Prior_Arrest_Episodes_Felony,1,119,0.5522712469100952
xgboost,Prior_Arrest_Episodes_Felony,1,120,0.21124958992004395
xgboost,Prior_Arrest_Episodes_Felony,1,121,0.8532180786132812
xgboost,Prior_Arrest_Episodes_Felony,1,122,0.45255956053733826
xgboost,Prior_Arrest_Episodes_Felony,1,123,0.4600624740123749
xgboost,Prior_Arrest_Episodes_Felony,1,124,0.6037220358848572
xgboost,Prior_Arrest_Episodes_Felony,1,125,0.35957613587379456
xgboost,Prior_Arrest_Episodes_Felony,1,126,0.4442135989665985
xgboost,Prior_Arrest_Episodes_Felony,1,127,0.7229172587394714
xgboost,Prior_Arrest_Episodes_Felony,1,128,0.547577440738678
xgboost,Prior_Arrest_Episodes_Felony,1,129,0.5642831325531006
xgboost,Prior_Arrest_Episodes_Felony,1,130,0.2550058960914612
xgboost,Prior_Arrest_Episodes_Felony,1,131,0.39030978083610535
xgboost,Prior_Arrest_Episodes_Felony,1,132,0.6933923363685608
xgboost,Prior_Arrest_Episodes_Felony,1,133,0.557178258895874
xgboost,Prior_Arrest_Episodes_Felony,1,134,0.5008212327957153
xgboost,Prior_Arrest_Episodes_Felony,1,135,0.7041718363761902
xgboost,Prior_Arrest_Episodes_Felony,1,136,0.6352026462554932
xgboost,Prior_Arrest_Episodes_Felony,1,137,0.6187097430229187
xgboost,Prior_Arrest_Episodes_Felony,1,138,0.11463005095720291
xgboost,Prior_Arrest_Episodes_Felony,1,139,0.4057232737541199
xgboost,Prior_Arrest_Episodes_Felony,1,140,0.5297552943229675
xgboost,Prior_Arrest_Episodes_Felony,1,141,0.10435353964567184
xgboost,Prior_Arrest_Episodes_Felony,1,142,0.31004950404167175
xgboost,Prior_Arrest_Episodes_Felony,1,143,0.5542027354240417
xgboost,Prior_Arrest_Episodes_Felony,1,144,0.23620519042015076
xgboost,Prior_Arrest_Episodes_Felony,1,145,0.6154935359954834
xgboost,Prior_Arrest_Episodes_Felony,1,146,0.28488612174987793
xgboost,Prior_Arrest_Episodes_Felony,1,147,0.7309556603431702
xgboost,Prior_Arrest_Episodes_Felony,1,148,0.5248730182647705
xgboost,Prior_Arrest_Episodes_Felony,1,149,0.717338502407074
xgboost,Prior_Arrest_Episodes_Felony,1,150,0.63533616065979
xgboost,Prior_Arrest_Episodes_Felony,1,151,0.26943063735961914
xgboost,Prior_Arrest_Episodes_Felony,1,152,0.30138373374938965
xgboost,Prior_Arrest_Episodes_Felony,1,153,0.6067502498626709
xgboost,Prior_Arrest_Episodes_Felony,1,154,0.3534437417984009
xgboost,Prior_Arrest_Episodes_Felony,1,155,0.5969448685646057
xgboost,Prior_Arrest_Episodes_Felony,1,156,0.7970529794692993
xgboost,Prior_Arrest_Episodes_Felony,1,157,0.7628764510154724
xgboost,Prior_Arrest_Episodes_Felony,1,158,0.7566055059432983
xgboost,Prior_Arrest_Episodes_Felony,1,159,0.7352743148803711
xgboost,Prior_Arrest_Episodes_Felony,1,160,0.3627304136753082
xgboost,Prior_Arrest_Episodes_Felony,1,161,0.6869269609451294
xgboost,Prior_Arrest_Episodes_Felony,1,162,0.752520740032196
xgboost,Prior_Arrest_Episodes_Felony,1,163,0.1105278879404068
xgboost,Prior_Arrest_Episodes_Felony,1,164,0.6669610738754272
xgboost,Prior_Arrest_Episodes_Felony,1,165,0.5949639678001404
xgboost,Prior_Arrest_Episodes_Felony,1,166,0.7304155826568604
xgboost,Prior_Arrest_Episodes_Felony,1,167,0.4334668219089508
xgboost,Prior_Arrest_Episodes_Felony,1,168,0.6458355188369751
xgboost,Prior_Arrest_Episodes_Felony,1,169,0.6383265852928162
xgboost,Prior_Arrest_Episodes_Felony,1,170,0.8009439706802368
xgboost,Prior_Arrest_Episodes_Felony,1,171,0.8381689786911011
xgboost,Prior_Arrest_Episodes_Felony,1,172,0.6535423398017883
xgboost,Prior_Arrest_Episodes_Felony,1,173,0.2576894760131836
xgboost,Prior_Arrest_Episodes_Felony,1,174,0.2936756908893585
xgboost,Prior_Arrest_Episodes_Felony,1,175,0.08035681396722794
xgboost,Prior_Arrest_Episodes_Felony,1,176,0.5861388444900513
xgboost,Prior_Arrest_Episodes_Felony,1,177,0.34300100803375244
xgboost,Prior_Arrest_Episodes_Felony,1,178,0.32849034667015076
xgboost,Prior_Arrest_Episodes_Felony,1,179,0.4870145916938782
xgboost,Prior_Arrest_Episodes_Felony,1,180,0.4914163053035736
xgboost,Prior_Arrest_Episodes_Felony,1,181,0.715391993522644
xgboost,Prior_Arrest_Episodes_Felony,1,182,0.7713325023651123
xgboost,Prior_Arrest_Episodes_Felony,1,183,0.6370792388916016
xgboost,Prior_Arrest_Episodes_Felony,1,184,0.5825044512748718
xgboost,Prior_Arrest_Episodes_Felony,1,185,0.6852746605873108
xgboost,Prior_Arrest_Episodes_Felony,1,186,0.3599001467227936
xgboost,Prior_Arrest_Episodes_Felony,1,187,0.7195610404014587
xgboost,Prior_Arrest_Episodes_Felony,1,188,0.3980214595794678
xgboost,Prior_Arrest_Episodes_Felony,1,189,0.5215734243392944
xgboost,Prior_Arrest_Episodes_Felony,1,190,0.4542185366153717
xgboost,Prior_Arrest_Episodes_Felony,1,191,0.6960585713386536
xgboost,Prior_Arrest_Episodes_Felony,1,192,0.5820783972740173
xgboost,Prior_Arrest_Episodes_Felony,1,193,0.26936137676239014
xgboost,Prior_Arrest_Episodes_Felony,1,194,0.43773773312568665
xgboost,Prior_Arrest_Episodes_Felony,1,195,0.5464814305305481
xgboost,Prior_Arrest_Episodes_Felony,1,196,0.3822970390319824
xgboost,Prior_Arrest_Episodes_Felony,1,197,0.23517711460590363
xgboost,Prior_Arrest_Episodes_Felony,1,198,0.7510949969291687
xgboost,Prior_Arrest_Episodes_Felony,1,199,0.5544498562812805
xgboost,Prior_Arrest_Episodes_Felony,2,0,0.8619720935821533
xgboost,Prior_Arrest_Episodes_Felony,2,1,0.7591819763183594
xgboost,Prior_Arrest_Episodes_Felony,2,2,0.6004933714866638
xgboost,Prior_Arrest_Episodes_Felony,2,3,0.18496842682361603
xgboost,Prior_Arrest_Episodes_Felony,2,4,0.38639160990715027
xgboost,Prior_Arrest_Episodes_Felony,2,5,0.18337002396583557
xgboost,Prior_Arrest_Episodes_Felony,2,6,0.591168999671936
xgboost,Prior_Arrest_Episodes_Felony,2,7,0.2898923456668854
xgboost,Prior_Arrest_Episodes_Felony,2,8,0.25695401430130005
xgboost,Prior_Arrest_Episodes_Felony,2,9,0.6483651399612427
xgboost,Prior_Arrest_Episodes_Felony,2,10,0.5503033399581909
xgboost,Prior_Arrest_Episodes_Felony,2,11,0.26949620246887207
xgboost,Prior_Arrest_Episodes_Felony,2,12,0.7052397727966309
xgboost,Prior_Arrest_Episodes_Felony,2,13,0.6423284411430359
xgboost,Prior_Arrest_Episodes_Felony,2,14,0.7699988484382629
xgboost,Prior_Arrest_Episodes_Felony,2,15,0.26920056343078613
xgboost,Prior_Arrest_Episodes_Felony,2,16,0.778323233127594
xgboost,Prior_Arrest_Episodes_Felony,2,17,0.4637489318847656
xgboost,Prior_Arrest_Episodes_Felony,2,18,0.6291010975837708
xgboost,Prior_Arrest_Episodes_Felony,2,19,0.5421385765075684
xgboost,Prior_Arrest_Episodes_Felony,2,20,0.35473114252090454
xgboost,Prior_Arrest_Episodes_Felony,2,21,0.6488373279571533
xgboost,Prior_Arrest_Episodes_Felony,2,22,0.7594429850578308
xgboost,Prior_Arrest_Episodes_Felony,2,23,0.848101019859314
xgboost,Prior_Arrest_Episodes_Felony,2,24,0.856744647026062
xgboost,Prior_Arrest_Episodes_Felony,2,25,0.22458837926387787
xgboost,Prior_Arrest_Episodes_Felony,2,26,0.7973721623420715
xgboost,Prior_Arrest_Episodes_Felony,2,27,0.6516115069389343
xgboost,Prior_Arrest_Episodes_Felony,2,28,0.16401489078998566
xgboost,Prior_Arrest_Episodes_Felony,2,29,0.4294315278530121
xgboost,Prior_Arrest_Episodes_Felony,2,30,0.389661580324173
xgboost,Prior_Arrest_Episodes_Felony,2,31,0.24770314991474152
xgboost,Prior_Arrest_Episodes_Felony,2,32,0.13955596089363098
xgboost,Prior_Arrest_Episodes_Felony,2,33,0.5264232158660889
xgboost,Prior_Arrest_Episodes_Felony,2,34,0.3296538293361664
xgboost,Prior_Arrest_Episodes_Felony,2,35,0.42950451374053955
xgboost,Prior_Arrest_Episodes_Felony,2,36,0.5868935585021973
xgboost,Prior_Arrest_Episodes_Felony,2,37,0.36882463097572327
xgboost,Prior_Arrest_Episodes_Felony,2,38,0.2430759072303772
xgboost,Prior_Arrest_Episodes_Felony,2,39,0.5540622472763062
xgboost,Prior_Arrest_Episodes_Felony,2,40,0.15808247029781342
xgboost,Prior_Arrest_Episodes_Felony,2,41,0.7665731906890869
xgboost,Prior_Arrest_Episodes_Felony,2,42,0.6792685985565186
xgboost,Prior_Arrest_Episodes_Felony,2,43,0.6268728375434875
xgboost,Prior_Arrest_Episodes_Felony,2,44,0.664097785949707
xgboost,Prior_Arrest_Episodes_Felony,2,45,0.6284222602844238
xgboost,Prior_Arrest_Episodes_Felony,2,46,0.4705250561237335
xgboost,Prior_Arrest_Episodes_Felony,2,47,0.5328145623207092
xgboost,Prior_Arrest_Episodes_Felony,2,48,0.2504224479198456
xgboost,Prior_Arrest_Episodes_Felony,2,49,0.40360119938850403
xgboost,Prior_Arrest_Episodes_Felony,2,50,0.49164652824401855
xgboost,Prior_Arrest_Episodes_Felony,2,51,0.3714401423931122
xgboost,Prior_Arrest_Episodes_Felony,2,52,0.3196624517440796
xgboost,Prior_Arrest_Episodes_Felony,2,53,0.4295959174633026
xgboost,Prior_Arrest_Episodes_Felony,2,54,0.4686960279941559
xgboost,Prior_Arrest_Episodes_Felony,2,55,0.7315613627433777
xgboost,Prior_Arrest_Episodes_Felony,2,56,0.7919847965240479
xgboost,Prior_Arrest_Episodes_Felony,2,57,0.5609925389289856
xgboost,Prior_Arrest_Episodes_Felony,2,58,0.39619356393814087
xgboost,Prior_Arrest_Episodes_Felony,2,59,0.5665153861045837
xgboost,Prior_Arrest_Episodes_Felony,2,60,0.6417810320854187
xgboost,Prior_Arrest_Episodes_Felony,2,61,0.8191542625427246
xgboost,Prior_Arrest_Episodes_Felony,2,62,0.38376370072364807
xgboost,Prior_Arrest_Episodes_Felony,2,63,0.5823085904121399
xgboost,Prior_Arrest_Episodes_Felony,2,64,0.6953272819519043
xgboost,Prior_Arrest_Episodes_Felony,2,65,0.5123783946037292
xgboost,Prior_Arrest_Episodes_Felony,2,66,0.27142804861068726
xgboost,Prior_Arrest_Episodes_Felony,2,67,0.6234894394874573
xgboost,Prior_Arrest_Episodes_Felony,2,68,0.48433372378349304
xgboost,Prior_Arrest_Episodes_Felony,2,69,0.4954991936683655
xgboost,Prior_Arrest_Episodes_Felony,2,70,0.3503012955188751
xgboost,Prior_Arrest_Episodes_Felony,2,71,0.8784493207931519
xgboost,Prior_Arrest_Episodes_Felony,2,72,0.7282494902610779
xgboost,Prior_Arrest_Episodes_Felony,2,73,0.4759148955345154
xgboost,Prior_Arrest_Episodes_Felony,2,74,0.22629976272583008
xgboost,Prior_Arrest_Episodes_Felony,2,75,0.7727348804473877
xgboost,Prior_Arrest_Episodes_Felony,2,76,0.46465569734573364
xgboost,Prior_Arrest_Episodes_Felony,2,77,0.523635983467102
xgboost,Prior_Arrest_Episodes_Felony,2,78,0.4882415533065796
xgboost,Prior_Arrest_Episodes_Felony,2,79,0.6819296479225159
xgboost,Prior_Arrest_Episodes_Felony,2,80,0.43673643469810486
xgboost,Prior_Arrest_Episodes_Felony,2,81,0.5594066977500916
xgboost,Prior_Arrest_Episodes_Felony,2,82,0.3812379837036133
xgboost,Prior_Arrest_Episodes_Felony,2,83,0.38682010769844055
xgboost,Prior_Arrest_Episodes_Felony,2,84,0.3789956569671631
xgboost,Prior_Arrest_Episodes_Felony,2,85,0.5408974885940552
xgboost,Prior_Arrest_Episodes_Felony,2,86,0.726502001285553
xgboost,Prior_Arrest_Episodes_Felony,2,87,0.5687925815582275
xgboost,Prior_Arrest_Episodes_Felony,2,88,0.3976140022277832
xgboost,Prior_Arrest_Episodes_Felony,2,89,0.7042874097824097
xgboost,Prior_Arrest_Episodes_Felony,2,90,0.707560122013092
xgboost,Prior_Arrest_Episodes_Felony,2,91,0.7639316916465759
xgboost,Prior_Arrest_Episodes_Felony,2,92,0.6170138120651245
xgboost,Prior_Arrest_Episodes_Felony,2,93,0.6454801559448242
xgboost,Prior_Arrest_Episodes_Felony,2,94,0.537595808506012
xgboost,Prior_Arrest_Episodes_Felony,2,95,0.5790901184082031
xgboost,Prior_Arrest_Episodes_Felony,2,96,0.545823872089386
xgboost,Prior_Arrest_Episodes_Felony,2,97,0.28279006481170654
xgboost,Prior_Arrest_Episodes_Felony,2,98,0.6305718421936035
xgboost,Prior_Arrest_Episodes_Felony,2,99,0.3451051712036133
xgboost,Prior_Arrest_Episodes_Felony,2,100,0.7194768786430359
xgboost,Prior_Arrest_Episodes_Felony,2,101,0.4647256135940552
xgboost,Prior_Arrest_Episodes_Felony,2,102,0.5244643688201904
xgboost,Prior_Arrest_Episodes_Felony,2,103,0.8036627173423767
xgboost,Prior_Arrest_Episodes_Felony,2,104,0.6408513188362122
xgboost,Prior_Arrest_Episodes_Felony,2,105,0.3293668031692505
xgboost,Prior_Arrest_Episodes_Felony,2,106,0.7661817073822021
xgboost,Prior_Arrest_Episodes_Felony,2,107,0.3114044666290283
xgboost,Prior_Arrest_Episodes_Felony,2,108,0.4399302303791046
xgboost,Prior_Arrest_Episodes_Felony,2,109,0.572536826133728
xgboost,Prior_Arrest_Episodes_Felony,2,110,0.28285303711891174
xgboost,Prior_Arrest_Episodes_Felony,2,111,0.4032282829284668
xgboost,Prior_Arrest_Episodes_Felony,2,112,0.47840163111686707
xgboost,Prior_Arrest_Episodes_Felony,2,113,0.3118024468421936
xgboost,Prior_Arrest_Episodes_Felony,2,114,0.19992564618587494
xgboost,Prior_Arrest_Episodes_Felony,2,115,0.8252108097076416
xgboost,Prior_Arrest_Episodes_Felony,2,116,0.7128507494926453
xgboost,Prior_Arrest_Episodes_Felony,2,117,0.6069875359535217
xgboost,Prior_Arrest_Episodes_Felony,2,118,0.6561369895935059
xgboost,Prior_Arrest_Episodes_Felony,2,119,0.5983059406280518
xgboost,Prior_Arrest_Episodes_Felony,2,120,0.21251212060451508
xgboost,Prior_Arrest_Episodes_Felony,2,121,0.9008105397224426
xgboost,Prior_Arrest_Episodes_Felony,2,122,0.4821719527244568
xgboost,Prior_Arrest_Episodes_Felony,2,123,0.48911386728286743
xgboost,Prior_Arrest_Episodes_Felony,2,124,0.6274527907371521
xgboost,Prior_Arrest_Episodes_Felony,2,125,0.3740159273147583
xgboost,Prior_Arrest_Episodes_Felony,2,126,0.4759046733379364
xgboost,Prior_Arrest_Episodes_Felony,2,127,0.7773506045341492
xgboost,Prior_Arrest_Episodes_Felony,2,128,0.5786243081092834
xgboost,Prior_Arrest_Episodes_Felony,2,129,0.5764180421829224
xgboost,Prior_Arrest_Episodes_Felony,2,130,0.2669970691204071
xgboost,Prior_Arrest_Episodes_Felony,2,131,0.4052027463912964
xgboost,Prior_Arrest_Episodes_Felony,2,132,0.7473874092102051
xgboost,Prior_Arrest_Episodes_Felony,2,133,0.6653820872306824
xgboost,Prior_Arrest_Episodes_Felony,2,134,0.5095483064651489
xgboost,Prior_Arrest_Episodes_Felony,2,135,0.7542818188667297
xgboost,Prior_Arrest_Episodes_Felony,2,136,0.6765502095222473
xgboost,Prior_Arrest_Episodes_Felony,2,137,0.6773847341537476
xgboost,Prior_Arrest_Episodes_Felony,2,138,0.11579149216413498
xgboost,Prior_Arrest_Episodes_Felony,2,139,0.44519054889678955
xgboost,Prior_Arrest_Episodes_Felony,2,140,0.5510362386703491
xgboost,Prior_Arrest_Episodes_Felony,2,141,0.11030957102775574
xgboost,Prior_Arrest_Episodes_Felony,2,142,0.3704562485218048
xgboost,Prior_Arrest_Episodes_Felony,2,143,0.5648012161254883
xgboost,Prior_Arrest_Episodes_Felony,2,144,0.24689258635044098
xgboost,Prior_Arrest_Episodes_Felony,2,145,0.6318370699882507
xgboost,Prior_Arrest_Episodes_Felony,2,146,0.29284512996673584
xgboost,Prior_Arrest_Episodes_Felony,2,147,0.8007488250732422
xgboost,Prior_Arrest_Episodes_Felony,2,148,0.5436465740203857
xgboost,Prior_Arrest_Episodes_Felony,2,149,0.7678413987159729
xgboost,Prior_Arrest_Episodes_Felony,2,150,0.7369332909584045
xgboost,Prior_Arrest_Episodes_Felony,2,151,0.2974478304386139
xgboost,Prior_Arrest_Episodes_Felony,2,152,0.3128925859928131
xgboost,Prior_Arrest_Episodes_Felony,2,153,0.6758818030357361
xgboost,Prior_Arrest_Episodes_Felony,2,154,0.35517337918281555
xgboost,Prior_Arrest_Episodes_Felony,2,155,0.634168267250061
xgboost,Prior_Arrest_Episodes_Felony,2,156,0.844845712184906
xgboost,Prior_Arrest_Episodes_Felony,2,157,0.8217735290527344
xgboost,Prior_Arrest_Episodes_Felony,2,158,0.7880539894104004
xgboost,Prior_Arrest_Episodes_Felony,2,159,0.8150308728218079
xgboost,Prior_Arrest_Episodes_Felony,2,160,0.3978970944881439
xgboost,Prior_Arrest_Episodes_Felony,2,161,0.7798060774803162
xgboost,Prior_Arrest_Episodes_Felony,2,162,0.8049960136413574
xgboost,Prior_Arrest_Episodes_Felony,2,163,0.11165297776460648
xgboost,Prior_Arrest_Episodes_Felony,2,164,0.6954105496406555
xgboost,Prior_Arrest_Episodes_Felony,2,165,0.6997301578521729
xgboost,Prior_Arrest_Episodes_Felony,2,166,0.7958158850669861
xgboost,Prior_Arrest_Episodes_Felony,2,167,0.4333365559577942
xgboost,Prior_Arrest_Episodes_Felony,2,168,0.6888088583946228
xgboost,Prior_Arrest_Episodes_Felony,2,169,0.7146952152252197
xgboost,Prior_Arrest_Episodes_Felony,2,170,0.8365716934204102
xgboost,Prior_Arrest_Episodes_Felony,2,171,0.8769813179969788
xgboost,Prior_Arrest_Episodes_Felony,2,172,0.7032220363616943
xgboost,Prior_Arrest_Episodes_Felony,2,173,0.25832173228263855
xgboost,Prior_Arrest_Episodes_Felony,2,174,0.31176048517227173
xgboost,Prior_Arrest_Episodes_Felony,2,175,0.08120288699865341
xgboost,Prior_Arrest_Episodes_Felony,2,176,0.6478412747383118
xgboost,Prior_Arrest_Episodes_Felony,2,177,0.3568294048309326
xgboost,Prior_Arrest_Episodes_Felony,2,178,0.3458526134490967
xgboost,Prior_Arrest_Episodes_Felony,2,179,0.5615494251251221
xgboost,Prior_Arrest_Episodes_Felony,2,180,0.5261805653572083
xgboost,Prior_Arrest_Episodes_Felony,2,181,0.801137387752533
xgboost,Prior_Arrest_Episodes_Felony,2,182,0.8260588645935059
xgboost,Prior_Arrest_Episodes_Felony,2,183,0.6836169958114624
xgboost,Prior_Arrest_Episodes_Felony,2,184,0.6041036248207092
xgboost,Prior_Arrest_Episodes_Felony,2,185,0.7716389298439026
xgboost,Prior_Arrest_Episodes_Felony,2,186,0.3624064326286316
xgboost,Prior_Arrest_Episodes_Felony,2,187,0.7964895367622375
xgboost,Prior_Arrest_Episodes_Felony,2,188,0.40930747985839844
xgboost,Prior_Arrest_Episodes_Felony,2,189,0.5350508093833923
xgboost,Prior_Arrest_Episodes_Felony,2,190,0.5420173406600952
xgboost,Prior_Arrest_Episodes_Felony,2,191,0.7588833570480347
xgboost,Prior_Arrest_Episodes_Felony,2,192,0.5801967978477478
xgboost,Prior_Arrest_Episodes_Felony,2,193,0.2716096341609955
xgboost,Prior_Arrest_Episodes_Felony,2,194,0.4483610689640045
xgboost,Prior_Arrest_Episodes_Felony,2,195,0.5520911812782288
xgboost,Prior_Arrest_Episodes_Felony,2,196,0.44111666083335876
xgboost,Prior_Arrest_Episodes_Felony,2,197,0.2524632215499878
xgboost,Prior_Arrest_Episodes_Felony,2,198,0.8009020686149597
xgboost,Prior_Arrest_Episodes_Felony,2,199,0.5839571952819824
xgboost,Prior_Arrest_Episodes_Felony,3,0,0.8775604367256165
xgboost,Prior_Arrest_Episodes_Felony,3,1,0.7825817465782166
xgboost,Prior_Arrest_Episodes_Felony,3,2,0.6188939809799194
xgboost,Prior_Arrest_Episodes_Felony,3,3,0.20181697607040405
xgboost,Prior_Arrest_Episodes_Felony,3,4,0.40583908557891846
xgboost,Prior_Arrest_Episodes_Felony,3,5,0.19453036785125732
xgboost,Prior_Arrest_Episodes_Felony,3,6,0.6240018606185913
xgboost,Prior_Arrest_Episodes_Felony,3,7,0.3106836974620819
xgboost,Prior_Arrest_Episodes_Felony,3,8,0.27009525895118713
xgboost,Prior_Arrest_Episodes_Felony,3,9,0.6791804432868958
xgboost,Prior_Arrest_Episodes_Felony,3,10,0.5814806222915649
xgboost,Prior_Arrest_Episodes_Felony,3,11,0.2880425453186035
xgboost,Prior_Arrest_Episodes_Felony,3,12,0.72732013463974
xgboost,Prior_Arrest_Episodes_Felony,3,13,0.6686576008796692
xgboost,Prior_Arrest_Episodes_Felony,3,14,0.78241366147995
xgboost,Prior_Arrest_Episodes_Felony,3,15,0.2866681218147278
xgboost,Prior_Arrest_Episodes_Felony,3,16,0.8010417222976685
xgboost,Prior_Arrest_Episodes_Felony,3,17,0.48259276151657104
xgboost,Prior_Arrest_Episodes_Felony,3,18,0.6597909927368164
xgboost,Prior_Arrest_Episodes_Felony,3,19,0.5682219862937927
xgboost,Prior_Arrest_Episodes_Felony,3,20,0.38090676069259644
xgboost,Prior_Arrest_Episodes_Felony,3,21,0.6836304664611816
xgboost,Prior_Arrest_Episodes_Felony,3,22,0.7827597856521606
xgboost,Prior_Arrest_Episodes_Felony,3,23,0.8654889464378357
xgboost,Prior_Arrest_Episodes_Felony,3,24,0.8714876174926758
xgboost,Prior_Arrest_Episodes_Felony,3,25,0.24214360117912292
xgboost,Prior_Arrest_Episodes_Felony,3,26,0.8195061683654785
xgboost,Prior_Arrest_Episodes_Felony,3,27,0.6771212816238403
xgboost,Prior_Arrest_Episodes_Felony,3,28,0.17747138440608978
xgboost,Prior_Arrest_Episodes_Felony,3,29,0.4481659531593323
xgboost,Prior_Arrest_Episodes_Felony,3,30,0.42349356412887573
xgboost,Prior_Arrest_Episodes_Felony,3,31,0.263974130153656
xgboost,Prior_Arrest_Episodes_Felony,3,32,0.15327617526054382
xgboost,Prior_Arrest_Episodes_Felony,3,33,0.5497412085533142
xgboost,Prior_Arrest_Episodes_Felony,3,34,0.3597967028617859
xgboost,Prior_Arrest_Episodes_Felony,3,35,0.4658060371875763
xgboost,Prior_Arrest_Episodes_Felony,3,36,0.6100143790245056
xgboost,Prior_Arrest_Episodes_Felony,3,37,0.39875704050064087
xgboost,Prior_Arrest_Episodes_Felony,3,38,0.2635937035083771
xgboost,Prior_Arrest_Episodes_Felony,3,39,0.5772029161453247
xgboost,Prior_Arrest_Episodes_Felony,3,40,0.17096176743507385
xgboost,Prior_Arrest_Episodes_Felony,3,41,0.7918404340744019
xgboost,Prior_Arrest_Episodes_Felony,3,42,0.6978430151939392
xgboost,Prior_Arrest_Episodes_Felony,3,43,0.6538168787956238
xgboost,Prior_Arrest_Episodes_Felony,3,44,0.6867798566818237
xgboost,Prior_Arrest_Episodes_Felony,3,45,0.6631991863250732
xgboost,Prior_Arrest_Episodes_Felony,3,46,0.49141836166381836
xgboost,Prior_Arrest_Episodes_Felony,3,47,0.5569673776626587
xgboost,Prior_Arrest_Episodes_Felony,3,48,0.26985594630241394
xgboost,Prior_Arrest_Episodes_Felony,3,49,0.4233173131942749
xgboost,Prior_Arrest_Episodes_Felony,3,50,0.5213680863380432
xgboost,Prior_Arrest_Episodes_Felony,3,51,0.39455029368400574
xgboost,Prior_Arrest_Episodes_Felony,3,52,0.3290090560913086
xgboost,Prior_Arrest_Episodes_Felony,3,53,0.4540899991989136
xgboost,Prior_Arrest_Episodes_Felony,3,54,0.4956847131252289
xgboost,Prior_Arrest_Episodes_Felony,3,55,0.7523965239524841
xgboost,Prior_Arrest_Episodes_Felony,3,56,0.8140477538108826
xgboost,Prior_Arrest_Episodes_Felony,3,57,0.587379515171051
xgboost,Prior_Arrest_Episodes_Felony,3,58,0.41538941860198975
xgboost,Prior_Arrest_Episodes_Felony,3,59,0.5935478806495667
xgboost,Prior_Arrest_Episodes_Felony,3,60,0.6634638905525208
xgboost,Prior_Arrest_Episodes_Felony,3,61,0.8361973166465759
xgboost,Prior_Arrest_Episodes_Felony,3,62,0.4031658172607422
xgboost,Prior_Arrest_Episodes_Felony,3,63,0.6127163767814636
xgboost,Prior_Arrest_Episodes_Felony,3,64,0.7250813841819763
xgboost,Prior_Arrest_Episodes_Felony,3,65,0.5447928309440613
xgboost,Prior_Arrest_Episodes_Felony,3,66,0.29324227571487427
xgboost,Prior_Arrest_Episodes_Felony,3,67,0.6424213647842407
xgboost,Prior_Arrest_Episodes_Felony,3,68,0.5203270316123962
xgboost,Prior_Arrest_Episodes_Felony,3,69,0.5245862007141113
xgboost,Prior_Arrest_Episodes_Felony,3,70,0.37300676107406616
xgboost,Prior_Arrest_Episodes_Felony,3,71,0.8897068500518799
xgboost,Prior_Arrest_Episodes_Felony,3,72,0.757291853427887
xgboost,Prior_Arrest_Episodes_Felony,3,73,0.5109197497367859
xgboost,Prior_Arrest_Episodes_Felony,3,74,0.24111413955688477
xgboost,Prior_Arrest_Episodes_Felony,3,75,0.799474835395813
xgboost,Prior_Arrest_Episodes_Felony,3,76,0.49467921257019043
xgboost,Prior_Arrest_Episodes_Felony,3,77,0.5567893981933594
xgboost,Prior_Arrest_Episodes_Felony,3,78,0.5145760774612427
xgboost,Prior_Arrest_Episodes_Felony,3,79,0.7024555802345276
xgboost,Prior_Arrest_Episodes_Felony,3,80,0.4637899696826935
xgboost,Prior_Arrest_Episodes_Felony,3,81,0.5893388390541077
xgboost,Prior_Arrest_Episodes_Felony,3,82,0.40188345313072205
xgboost,Prior_Arrest_Episodes_Felony,3,83,0.41224828362464905
xgboost,Prior_Arrest_Episodes_Felony,3,84,0.4069916903972626
xgboost,Prior_Arrest_Episodes_Felony,3,85,0.5748704075813293
xgboost,Prior_Arrest_Episodes_Felony,3,86,0.7517996430397034
xgboost,Prior_Arrest_Episodes_Felony,3,87,0.605163037776947
xgboost,Prior_Arrest_Episodes_Felony,3,88,0.41698652505874634
xgboost,Prior_Arrest_Episodes_Felony,3,89,0.7337404489517212
xgboost,Prior_Arrest_Episodes_Felony,3,90,0.7316122055053711
xgboost,Prior_Arrest_Episodes_Felony,3,91,0.7897911667823792
xgboost,Prior_Arrest_Episodes_Felony,3,92,0.6428301334381104
xgboost,Prior_Arrest_Episodes_Felony,3,93,0.662474513053894
xgboost,Prior_Arrest_Episodes_Felony,3,94,0.5692559480667114
xgboost,Prior_Arrest_Episodes_Felony,3,95,0.5983339548110962
xgboost,Prior_Arrest_Episodes_Felony,3,96,0.576827883720398
xgboost,Prior_Arrest_Episodes_Felony,3,97,0.30867651104927063
xgboost,Prior_Arrest_Episodes_Felony,3,98,0.6672008633613586
xgboost,Prior_Arrest_Episodes_Felony,3,99,0.36568835377693176
xgboost,Prior_Arrest_Episodes_Felony,3,100,0.7430331707000732
xgboost,Prior_Arrest_Episodes_Felony,3,101,0.4854644238948822
xgboost,Prior_Arrest_Episodes_Felony,3,102,0.559800922870636
xgboost,Prior_Arrest_Episodes_Felony,3,103,0.8221583366394043
xgboost,Prior_Arrest_Episodes_Felony,3,104,0.6689910292625427
xgboost,Prior_Arrest_Episodes_Felony,3,105,0.3585278391838074
xgboost,Prior_Arrest_Episodes_Felony,3,106,0.7863852977752686
xgboost,Prior_Arrest_Episodes_Felony,3,107,0.32859179377555847
xgboost,Prior_Arrest_Episodes_Felony,3,108,0.4712183177471161
xgboost,Prior_Arrest_Episodes_Felony,3,109,0.606726884841919
xgboost,Prior_Arrest_Episodes_Felony,3,110,0.30956903100013733
xgboost,Prior_Arrest_Episodes_Felony,3,111,0.42116305232048035
xgboost,Prior_Arrest_Episodes_Felony,3,112,0.49928611516952515
xgboost,Prior_Arrest_Episodes_Felony,3,113,0.32863369584083557
xgboost,Prior_Arrest_Episodes_Felony,3,114,0.21290244162082672
xgboost,Prior_Arrest_Episodes_Felony,3,115,0.8438725471496582
xgboost,Prior_Arrest_Episodes_Felony,3,116,0.7277829647064209
xgboost,Prior_Arrest_Episodes_Felony,3,117,0.6299508810043335
xgboost,Prior_Arrest_Episodes_Felony,3,118,0.6733630895614624
xgboost,Prior_Arrest_Episodes_Felony,3,119,0.6284961104393005
xgboost,Prior_Arrest_Episodes_Felony,3,120,0.2267698347568512
xgboost,Prior_Arrest_Episodes_Felony,3,121,0.9137755036354065
xgboost,Prior_Arrest_Episodes_Felony,3,122,0.509038507938385
xgboost,Prior_Arrest_Episodes_Felony,3,123,0.5132351517677307
xgboost,Prior_Arrest_Episodes_Felony,3,124,0.6532779335975647
xgboost,Prior_Arrest_Episodes_Felony,3,125,0.3989439606666565
xgboost,Prior_Arrest_Episodes_Felony,3,126,0.5084174275398254
xgboost,Prior_Arrest_Episodes_Felony,3,127,0.8006426095962524
xgboost,Prior_Arrest_Episodes_Felony,3,128,0.6084710359573364
xgboost,Prior_Arrest_Episodes_Felony,3,129,0.5997804999351501
xgboost,Prior_Arrest_Episodes_Felony,3,130,0.28287172317504883
xgboost,Prior_Arrest_Episodes_Felony,3,131,0.42352649569511414
xgboost,Prior_Arrest_Episodes_Felony,3,132,0.7647646069526672
xgboost,Prior_Arrest_Episodes_Felony,3,133,0.7008442282676697
xgboost,Prior_Arrest_Episodes_Felony,3,134,0.5247761011123657
xgboost,Prior_Arrest_Episodes_Felony,3,135,0.7817025780677795
xgboost,Prior_Arrest_Episodes_Felony,3,136,0.7034780979156494
xgboost,Prior_Arrest_Episodes_Felony,3,137,0.7036710977554321
xgboost,Prior_Arrest_Episodes_Felony,3,138,0.12560050189495087
xgboost,Prior_Arrest_Episodes_Felony,3,139,0.46437370777130127
xgboost,Prior_Arrest_Episodes_Felony,3,140,0.5718052387237549
xgboost,Prior_Arrest_Episodes_Felony,3,141,0.12078841775655746
xgboost,Prior_Arrest_Episodes_Felony,3,142,0.4046269655227661
xgboost,Prior_Arrest_Episodes_Felony,3,143,0.580683171749115
xgboost,Prior_Arrest_Episodes_Felony,3,144,0.2619200348854065
xgboost,Prior_Arrest_Episodes_Felony,3,145,0.6456682085990906
xgboost,Prior_Arrest_Episodes_Felony,3,146,0.30982935428619385
xgboost,Prior_Arrest_Episodes_Felony,3,147,0.8165550231933594
xgboost,Prior_Arrest_Episodes_Felony,3,148,0.5720939040184021
xgboost,Prior_Arrest_Episodes_Felony,3,149,0.7826757431030273
xgboost,Prior_Arrest_Episodes_Felony,3,150,0.760474443435669
xgboost,Prior_Arrest_Episodes_Felony,3,151,0.31670600175857544
xgboost,Prior_Arrest_Episodes_Felony,3,152,0.3307521939277649
xgboost,Prior_Arrest_Episodes_Felony,3,153,0.7053813934326172
xgboost,Prior_Arrest_Episodes_Felony,3,154,0.3756265342235565
xgboost,Prior_Arrest_Episodes_Felony,3,155,0.6571139693260193
xgboost,Prior_Arrest_Episodes_Felony,3,156,0.8591103553771973
xgboost,Prior_Arrest_Episodes_Felony,3,157,0.8362528681755066
xgboost,Prior_Arrest_Episodes_Felony,3,158,0.8033286333084106
xgboost,Prior_Arrest_Episodes_Felony,3,159,0.8371025323867798
xgboost,Prior_Arrest_Episodes_Felony,3,160,0.4230228662490845
xgboost,Prior_Arrest_Episodes_Felony,3,161,0.804663896560669
xgboost,Prior_Arrest_Episodes_Felony,3,162,0.8189589381217957
xgboost,Prior_Arrest_Episodes_Felony,3,163,0.12042157351970673
xgboost,Prior_Arrest_Episodes_Felony,3,164,0.7199845910072327
xgboost,Prior_Arrest_Episodes_Felony,3,165,0.7320818305015564
xgboost,Prior_Arrest_Episodes_Felony,3,166,0.8154699206352234
xgboost,Prior_Arrest_Episodes_Felony,3,167,0.4518461227416992
xgboost,Prior_Arrest_Episodes_Felony,3,168,0.7216710448265076
xgboost,Prior_Arrest_Episodes_Felony,3,169,0.7438327074050903
xgboost,Prior_Arrest_Episodes_Felony,3,170,0.8473086357116699
xgboost,Prior_Arrest_Episodes_Felony,3,171,0.8871282935142517
xgboost,Prior_Arrest_Episodes_Felony,3,172,0.7209616899490356
xgboost,Prior_Arrest_Episodes_Felony,3,173,0.2713084816932678
xgboost,Prior_Arrest_Episodes_Felony,3,174,0.3287182152271271
xgboost,Prior_Arrest_Episodes_Felony,3,175,0.08817201107740402
xgboost,Prior_Arrest_Episodes_Felony,3,176,0.6812193989753723
xgboost,Prior_Arrest_Episodes_Felony,3,177,0.3780363202095032
xgboost,Prior_Arrest_Episodes_Felony,3,178,0.3704416751861572
xgboost,Prior_Arrest_Episodes_Felony,3,179,0.5984384417533875
xgboost,Prior_Arrest_Episodes_Felony,3,180,0.5573776960372925
xgboost,Prior_Arrest_Episodes_Felony,3,181,0.8192799091339111
xgboost,Prior_Arrest_Episodes_Felony,3,182,0.8461906909942627
xgboost,Prior_Arrest_Episodes_Felony,3,183,0.7070780992507935
xgboost,Prior_Arrest_Episodes_Felony,3,184,0.6263328194618225
xgboost,Prior_Arrest_Episodes_Felony,3,185,0.7925621867179871
xgboost,Prior_Arrest_Episodes_Felony,3,186,0.3764325976371765
xgboost,Prior_Arrest_Episodes_Felony,3,187,0.8212014436721802
xgboost,Prior_Arrest_Episodes_Felony,3,188,0.4284956455230713
xgboost,Prior_Arrest_Episodes_Felony,3,189,0.5602923035621643
xgboost,Prior_Arrest_Episodes_Felony,3,190,0.5709596276283264
xgboost,Prior_Arrest_Episodes_Felony,3,191,0.7740392684936523
xgboost,Prior_Arrest_Episodes_Felony,3,192,0.600152850151062
xgboost,Prior_Arrest_Episodes_Felony,3,193,0.29324209690093994
xgboost,Prior_Arrest_Episodes_Felony,3,194,0.4654364585876465
xgboost,Prior_Arrest_Episodes_Felony,3,195,0.5762965083122253
xgboost,Prior_Arrest_Episodes_Felony,3,196,0.47148397564888
xgboost,Prior_Arrest_Episodes_Felony,3,197,0.2677091658115387
xgboost,Prior_Arrest_Episodes_Felony,3,198,0.8181180953979492
xgboost,Prior_Arrest_Episodes_Felony,3,199,0.6153054237365723
xgboost,Prior_Arrest_Episodes_Felony,4,0,0.8823977112770081
xgboost,Prior_Arrest_Episodes_Felony,4,1,0.78935307264328
xgboost,Prior_Arrest_Episodes_Felony,4,2,0.642874538898468
xgboost,Prior_Arrest_Episodes_Felony,4,3,0.2203761339187622
xgboost,Prior_Arrest_Episodes_Felony,4,4,0.42730021476745605
xgboost,Prior_Arrest_Episodes_Felony,4,5,0.20951882004737854
xgboost,Prior_Arrest_Episodes_Felony,4,6,0.6437571048736572
xgboost,Prior_Arrest_Episodes_Felony,4,7,0.33381378650665283
xgboost,Prior_Arrest_Episodes_Felony,4,8,0.2876826822757721
xgboost,Prior_Arrest_Episodes_Felony,4,9,0.6965672969818115
xgboost,Prior_Arrest_Episodes_Felony,4,10,0.6010565757751465
xgboost,Prior_Arrest_Episodes_Felony,4,11,0.3096402585506439
xgboost,Prior_Arrest_Episodes_Felony,4,12,0.7462810277938843
xgboost,Prior_Arrest_Episodes_Felony,4,13,0.6930010914802551
xgboost,Prior_Arrest_Episodes_Felony,4,14,0.7934276461601257
xgboost,Prior_Arrest_Episodes_Felony,4,15,0.30896177887916565
xgboost,Prior_Arrest_Episodes_Felony,4,16,0.814653754234314
xgboost,Prior_Arrest_Episodes_Felony,4,17,0.5037951469421387
xgboost,Prior_Arrest_Episodes_Felony,4,18,0.6853545904159546
xgboost,Prior_Arrest_Episodes_Felony,4,19,0.5960564017295837
xgboost,Prior_Arrest_Episodes_Felony,4,20,0.4100843369960785
xgboost,Prior_Arrest_Episodes_Felony,4,21,0.7023941874504089
xgboost,Prior_Arrest_Episodes_Felony,4,22,0.7947052121162415
xgboost,Prior_Arrest_Episodes_Felony,4,23,0.8711923360824585
xgboost,Prior_Arrest_Episodes_Felony,4,24,0.8773193955421448
xgboost,Prior_Arrest_Episodes_Felony,4,25,0.2610294818878174
xgboost,Prior_Arrest_Episodes_Felony,4,26,0.8325936794281006
xgboost,Prior_Arrest_Episodes_Felony,4,27,0.7029709815979004
xgboost,Prior_Arrest_Episodes_Felony,4,28,0.19223545491695404
xgboost,Prior_Arrest_Episodes_Felony,4,29,0.4704151153564453
xgboost,Prior_Arrest_Episodes_Felony,4,30,0.454019695520401
xgboost,Prior_Arrest_Episodes_Felony,4,31,0.2824842631816864
xgboost,Prior_Arrest_Episodes_Felony,4,32,0.1692385971546173
xgboost,Prior_Arrest_Episodes_Felony,4,33,0.5778302550315857
xgboost,Prior_Arrest_Episodes_Felony,4,34,0.3868826627731323
xgboost,Prior_Arrest_Episodes_Felony,4,35,0.48772093653678894
xgboost,Prior_Arrest_Episodes_Felony,4,36,0.6369982957839966
xgboost,Prior_Arrest_Episodes_Felony,4,37,0.4260082244873047
xgboost,Prior_Arrest_Episodes_Felony,4,38,0.2866312861442566
xgboost,Prior_Arrest_Episodes_Felony,4,39,0.6022502183914185
xgboost,Prior_Arrest_Episodes_Felony,4,40,0.18615347146987915
xgboost,Prior_Arrest_Episodes_Felony,4,41,0.8058919310569763
xgboost,Prior_Arrest_Episodes_Felony,4,42,0.7195005416870117
xgboost,Prior_Arrest_Episodes_Felony,4,43,0.679028332233429
xgboost,Prior_Arrest_Episodes_Felony,4,44,0.7094751000404358
xgboost,Prior_Arrest_Episodes_Felony,4,45,0.6815825700759888
xgboost,Prior_Arrest_Episodes_Felony,4,46,0.5196829438209534
xgboost,Prior_Arrest_Episodes_Felony,4,47,0.5823476314544678
xgboost,Prior_Arrest_Episodes_Felony,4,48,0.28863242268562317
xgboost,Prior_Arrest_Episodes_Felony,4,49,0.4457000494003296
xgboost,Prior_Arrest_Episodes_Felony,4,50,0.5493170619010925
xgboost,Prior_Arrest_Episodes_Felony,4,51,0.4217124581336975
xgboost,Prior_Arrest_Episodes_Felony,4,52,0.34689855575561523
xgboost,Prior_Arrest_Episodes_Felony,4,53,0.48222097754478455
xgboost,Prior_Arrest_Episodes_Felony,4,54,0.5246362686157227
xgboost,Prior_Arrest_Episodes_Felony,4,55,0.7726205587387085
xgboost,Prior_Arrest_Episodes_Felony,4,56,0.8215383291244507
xgboost,Prior_Arrest_Episodes_Felony,4,57,0.6141172051429749
xgboost,Prior_Arrest_Episodes_Felony,4,58,0.4356517195701599
xgboost,Prior_Arrest_Episodes_Felony,4,59,0.6172506213188171
xgboost,Prior_Arrest_Episodes_Felony,4,60,0.6877279877662659
xgboost,Prior_Arrest_Episodes_Felony,4,61,0.8414153456687927
xgboost,Prior_Arrest_Episodes_Felony,4,62,0.4282124936580658
xgboost,Prior_Arrest_Episodes_Felony,4,63,0.6386308670043945
xgboost,Prior_Arrest_Episodes_Felony,4,64,0.7432294487953186
xgboost,Prior_Arrest_Episodes_Felony,4,65,0.5740888118743896
xgboost,Prior_Arrest_Episodes_Felony,4,66,0.31486162543296814
xgboost,Prior_Arrest_Episodes_Felony,4,67,0.667030394077301
xgboost,Prior_Arrest_Episodes_Felony,4,68,0.5409621596336365
xgboost,Prior_Arrest_Episodes_Felony,4,69,0.5521217584609985
xgboost,Prior_Arrest_Episodes_Felony,4,70,0.3931622803211212
xgboost,Prior_Arrest_Episodes_Felony,4,71,0.893466055393219
xgboost,Prior_Arrest_Episodes_Felony,4,72,0.7742015719413757
xgboost,Prior_Arrest_Episodes_Felony,4,73,0.5326859951019287
xgboost,Prior_Arrest_Episodes_Felony,4,74,0.25883933901786804
xgboost,Prior_Arrest_Episodes_Felony,4,75,0.8076350688934326
xgboost,Prior_Arrest_Episodes_Felony,4,76,0.523749828338623
xgboost,Prior_Arrest_Episodes_Felony,4,77,0.5775811076164246
xgboost,Prior_Arrest_Episodes_Felony,4,78,0.5417413115501404
xgboost,Prior_Arrest_Episodes_Felony,4,79,0.7167230844497681
xgboost,Prior_Arrest_Episodes_Felony,4,80,0.48561742901802063
xgboost,Prior_Arrest_Episodes_Felony,4,81,0.6083711981773376
xgboost,Prior_Arrest_Episodes_Felony,4,82,0.4223968982696533
xgboost,Prior_Arrest_Episodes_Felony,4,83,0.4392786920070648
xgboost,Prior_Arrest_Episodes_Felony,4,84,0.4345836341381073
xgboost,Prior_Arrest_Episodes_Felony,4,85,0.5961714386940002
xgboost,Prior_Arrest_Episodes_Felony,4,86,0.7675936222076416
xgboost,Prior_Arrest_Episodes_Felony,4,87,0.6253140568733215
xgboost,Prior_Arrest_Episodes_Felony,4,88,0.43962299823760986
xgboost,Prior_Arrest_Episodes_Felony,4,89,0.7515813112258911
xgboost,Prior_Arrest_Episodes_Felony,4,90,0.7475684285163879
xgboost,Prior_Arrest_Episodes_Felony,4,91,0.7967750430107117
xgboost,Prior_Arrest_Episodes_Felony,4,92,0.6612470149993896
xgboost,Prior_Arrest_Episodes_Felony,4,93,0.6849561333656311
xgboost,Prior_Arrest_Episodes_Felony,4,94,0.5914875864982605
xgboost,Prior_Arrest_Episodes_Felony,4,95,0.6233416199684143
xgboost,Prior_Arrest_Episodes_Felony,4,96,0.60593581199646
xgboost,Prior_Arrest_Episodes_Felony,4,97,0.33369526267051697
xgboost,Prior_Arrest_Episodes_Felony,4,98,0.6792279481887817
xgboost,Prior_Arrest_Episodes_Felony,4,99,0.39222225546836853
xgboost,Prior_Arrest_Episodes_Felony,4,100,0.7521359920501709
xgboost,Prior_Arrest_Episodes_Felony,4,101,0.5095463395118713
xgboost,Prior_Arrest_Episodes_Felony,4,102,0.5837754607200623
xgboost,Prior_Arrest_Episodes_Felony,4,103,0.8345642685890198
xgboost,Prior_Arrest_Episodes_Felony,4,104,0.6944554448127747
xgboost,Prior_Arrest_Episodes_Felony,4,105,0.38502025604248047
xgboost,Prior_Arrest_Episodes_Felony,4,106,0.79875248670578
xgboost,Prior_Arrest_Episodes_Felony,4,107,0.34899696707725525
xgboost,Prior_Arrest_Episodes_Felony,4,108,0.5021236538887024
xgboost,Prior_Arrest_Episodes_Felony,4,109,0.6353471279144287
xgboost,Prior_Arrest_Episodes_Felony,4,110,0.33547332882881165
xgboost,Prior_Arrest_Episodes_Felony,4,111,0.44047725200653076
xgboost,Prior_Arrest_Episodes_Felony,4,112,0.5239239931106567
xgboost,Prior_Arrest_Episodes_Felony,4,113,0.3503119647502899
xgboost,Prior_Arrest_Episodes_Felony,4,114,0.22911536693572998
xgboost,Prior_Arrest_Episodes_Felony,4,115,0.8493779897689819
xgboost,Prior_Arrest_Episodes_Felony,4,116,0.7465776801109314
xgboost,Prior_Arrest_Episodes_Felony,4,117,0.6546934843063354
xgboost,Prior_Arrest_Episodes_Felony,4,118,0.6963639259338379
xgboost,Prior_Arrest_Episodes_Felony,4,119,0.6481164693832397
xgboost,Prior_Arrest_Episodes_Felony,4,120,0.24675531685352325
xgboost,Prior_Arrest_Episodes_Felony,4,121,0.9181984663009644
xgboost,Prior_Arrest_Episodes_Felony,4,122,0.5380570292472839
xgboost,Prior_Arrest_Episodes_Felony,4,123,0.5412489771842957
xgboost,Prior_Arrest_Episodes_Felony,4,124,0.6770880222320557
xgboost,Prior_Arrest_Episodes_Felony,4,125,0.42238718271255493
xgboost,Prior_Arrest_Episodes_Felony,4,126,0.5378407835960388
xgboost,Prior_Arrest_Episodes_Felony,4,127,0.8076800107955933
xgboost,Prior_Arrest_Episodes_Felony,4,128,0.6372604966163635
xgboost,Prior_Arrest_Episodes_Felony,4,129,0.6246629953384399
xgboost,Prior_Arrest_Episodes_Felony,4,130,0.30160754919052124
xgboost,Prior_Arrest_Episodes_Felony,4,131,0.44587719440460205
xgboost,Prior_Arrest_Episodes_Felony,4,132,0.777215838432312
xgboost,Prior_Arrest_Episodes_Felony,4,133,0.7121801376342773
xgboost,Prior_Arrest_Episodes_Felony,4,134,0.5460329055786133
xgboost,Prior_Arrest_Episodes_Felony,4,135,0.7971586585044861
xgboost,Prior_Arrest_Episodes_Felony,4,136,0.7276118397712708
xgboost,Prior_Arrest_Episodes_Felony,4,137,0.721009373664856
xgboost,Prior_Arrest_Episodes_Felony,4,138,0.13623790442943573
xgboost,Prior_Arrest_Episodes_Felony,4,139,0.48671776056289673
xgboost,Prior_Arrest_Episodes_Felony,4,140,0.5935898423194885
xgboost,Prior_Arrest_Episodes_Felony,4,141,0.1326507329940796
xgboost,Prior_Arrest_Episodes_Felony,4,142,0.4250847101211548
xgboost,Prior_Arrest_Episodes_Felony,4,143,0.6036618947982788
xgboost,Prior_Arrest_Episodes_Felony,4,144,0.28328463435173035
xgboost,Prior_Arrest_Episodes_Felony,4,145,0.6694709658622742
xgboost,Prior_Arrest_Episodes_Felony,4,146,0.33202823996543884
xgboost,Prior_Arrest_Episodes_Felony,4,147,0.8271499276161194
xgboost,Prior_Arrest_Episodes_Felony,4,148,0.601671040058136
xgboost,Prior_Arrest_Episodes_Felony,4,149,0.7948880791664124
xgboost,Prior_Arrest_Episodes_Felony,4,150,0.7751732468605042
xgboost,Prior_Arrest_Episodes_Felony,4,151,0.3347819745540619
xgboost,Prior_Arrest_Episodes_Felony,4,152,0.34989872574806213
xgboost,Prior_Arrest_Episodes_Felony,4,153,0.7232024073600769
xgboost,Prior_Arrest_Episodes_Felony,4,154,0.3946734666824341
xgboost,Prior_Arrest_Episodes_Felony,4,155,0.6797237396240234
xgboost,Prior_Arrest_Episodes_Felony,4,156,0.8638315796852112
xgboost,Prior_Arrest_Episodes_Felony,4,157,0.8450029492378235
xgboost,Prior_Arrest_Episodes_Felony,4,158,0.8141815662384033
xgboost,Prior_Arrest_Episodes_Felony,4,159,0.844735860824585
xgboost,Prior_Arrest_Episodes_Felony,4,160,0.4495638608932495
xgboost,Prior_Arrest_Episodes_Felony,4,161,0.818889856338501
xgboost,Prior_Arrest_Episodes_Felony,4,162,0.8279901146888733
xgboost,Prior_Arrest_Episodes_Felony,4,163,0.12977640330791473
xgboost,Prior_Arrest_Episodes_Felony,4,164,0.7364635467529297
xgboost,Prior_Arrest_Episodes_Felony,4,165,0.7429524660110474
xgboost,Prior_Arrest_Episodes_Felony,4,166,0.8285093903541565
xgboost,Prior_Arrest_Episodes_Felony,4,167,0.47916579246520996
xgboost,Prior_Arrest_Episodes_Felony,4,168,0.7403233051300049
xgboost,Prior_Arrest_Episodes_Felony,4,169,0.7533233165740967
xgboost,Prior_Arrest_Episodes_Felony,4,170,0.855466365814209
xgboost,Prior_Arrest_Episodes_Felony,4,171,0.8944289088249207
xgboost,Prior_Arrest_Episodes_Felony,4,172,0.7339675426483154
xgboost,Prior_Arrest_Episodes_Felony,4,173,0.28765037655830383
xgboost,Prior_Arrest_Episodes_Felony,4,174,0.34808287024497986
xgboost,Prior_Arrest_Episodes_Felony,4,175,0.09549036622047424
xgboost,Prior_Arrest_Episodes_Felony,4,176,0.7006991505622864
xgboost,Prior_Arrest_Episodes_Felony,4,177,0.40245354175567627
xgboost,Prior_Arrest_Episodes_Felony,4,178,0.39377981424331665
xgboost,Prior_Arrest_Episodes_Felony,4,179,0.6113405823707581
xgboost,Prior_Arrest_Episodes_Felony,4,180,0.5776046514511108
xgboost,Prior_Arrest_Episodes_Felony,4,181,0.824621319770813
xgboost,Prior_Arrest_Episodes_Felony,4,182,0.8522412180900574
xgboost,Prior_Arrest_Episodes_Felony,4,183,0.7283068895339966
xgboost,Prior_Arrest_Episodes_Felony,4,184,0.6497481465339661
xgboost,Prior_Arrest_Episodes_Felony,4,185,0.8047993779182434
xgboost,Prior_Arrest_Episodes_Felony,4,186,0.4009178876876831
xgboost,Prior_Arrest_Episodes_Felony,4,187,0.828272819519043
xgboost,Prior_Arrest_Episodes_Felony,4,188,0.4498099684715271
xgboost,Prior_Arrest_Episodes_Felony,4,189,0.5885368585586548
xgboost,Prior_Arrest_Episodes_Felony,4,190,0.5905628204345703
xgboost,Prior_Arrest_Episodes_Felony,4,191,0.7855346202850342
xgboost,Prior_Arrest_Episodes_Felony,4,192,0.6267968416213989
xgboost,Prior_Arrest_Episodes_Felony,4,193,0.31815212965011597
xgboost,Prior_Arrest_Episodes_Felony,4,194,0.492134153842926
xgboost,Prior_Arrest_Episodes_Felony,4,195,0.6030606627464294
xgboost,Prior_Arrest_Episodes_Felony,4,196,0.5010064840316772
xgboost,Prior_Arrest_Episodes_Felony,4,197,0.28609776496887207
xgboost,Prior_Arrest_Episodes_Felony,4,198,0.8237418532371521
xgboost,Prior_Arrest_Episodes_Felony,4,199,0.6445016860961914
xgboost,Prior_Arrest_Episodes_Felony,5,0,0.883418083190918
xgboost,Prior_Arrest_Episodes_Felony,5,1,0.7909896373748779
xgboost,Prior_Arrest_Episodes_Felony,5,2,0.6501839756965637
xgboost,Prior_Arrest_Episodes_Felony,5,3,0.22481681406497955
xgboost,Prior_Arrest_Episodes_Felony,5,4,0.4326311945915222
xgboost,Prior_Arrest_Episodes_Felony,5,5,0.2127266675233841
xgboost,Prior_Arrest_Episodes_Felony,5,6,0.6466165781021118
xgboost,Prior_Arrest_Episodes_Felony,5,7,0.33753150701522827
xgboost,Prior_Arrest_Episodes_Felony,5,8,0.2912965416908264
xgboost,Prior_Arrest_Episodes_Felony,5,9,0.6992009282112122
xgboost,Prior_Arrest_Episodes_Felony,5,10,0.6044522523880005
xgboost,Prior_Arrest_Episodes_Felony,5,11,0.3123167157173157
xgboost,Prior_Arrest_Episodes_Felony,5,12,0.7498772740364075
xgboost,Prior_Arrest_Episodes_Felony,5,13,0.695652186870575
xgboost,Prior_Arrest_Episodes_Felony,5,14,0.7950407266616821
xgboost,Prior_Arrest_Episodes_Felony,5,15,0.3142569661140442
xgboost,Prior_Arrest_Episodes_Felony,5,16,0.8171579241752625
xgboost,Prior_Arrest_Episodes_Felony,5,17,0.508186936378479
xgboost,Prior_Arrest_Episodes_Felony,5,18,0.6889386177062988
xgboost,Prior_Arrest_Episodes_Felony,5,19,0.5994663238525391
xgboost,Prior_Arrest_Episodes_Felony,5,20,0.4131094813346863
xgboost,Prior_Arrest_Episodes_Felony,5,21,0.7049986124038696
xgboost,Prior_Arrest_Episodes_Felony,5,22,0.7963109016418457
xgboost,Prior_Arrest_Episodes_Felony,5,23,0.8722959160804749
xgboost,Prior_Arrest_Episodes_Felony,5,24,0.8785582780838013
xgboost,Prior_Arrest_Episodes_Felony,5,25,0.264761745929718
xgboost,Prior_Arrest_Episodes_Felony,5,26,0.8345610499382019
xgboost,Prior_Arrest_Episodes_Felony,5,27,0.7059236168861389
xgboost,Prior_Arrest_Episodes_Felony,5,28,0.19444726407527924
xgboost,Prior_Arrest_Episodes_Felony,5,29,0.4725528955459595
xgboost,Prior_Arrest_Episodes_Felony,5,30,0.45815545320510864
xgboost,Prior_Arrest_Episodes_Felony,5,31,0.28691366314888
xgboost,Prior_Arrest_Episodes_Felony,5,32,0.17159557342529297
xgboost,Prior_Arrest_Episodes_Felony,5,33,0.5818918943405151
xgboost,Prior_Arrest_Episodes_Felony,5,34,0.3927542269229889
xgboost,Prior_Arrest_Episodes_Felony,5,35,0.4908422529697418
xgboost,Prior_Arrest_Episodes_Felony,5,36,0.6398817300796509
xgboost,Prior_Arrest_Episodes_Felony,5,37,0.42906540632247925
xgboost,Prior_Arrest_Episodes_Felony,5,38,0.2919072210788727
xgboost,Prior_Arrest_Episodes_Felony,5,39,0.6052384972572327
xgboost,Prior_Arrest_Episodes_Felony,5,40,0.18942998349666595
xgboost,Prior_Arrest_Episodes_Felony,5,41,0.8078384399414062
xgboost,Prior_Arrest_Episodes_Felony,5,42,0.7241178154945374
xgboost,Prior_Arrest_Episodes_Felony,5,43,0.6817446351051331
xgboost,Prior_Arrest_Episodes_Felony,5,44,0.712043046951294
xgboost,Prior_Arrest_Episodes_Felony,5,45,0.6842873096466064
xgboost,Prior_Arrest_Episodes_Felony,5,46,0.5232218503952026
xgboost,Prior_Arrest_Episodes_Felony,5,47,0.5853825211524963
xgboost,Prior_Arrest_Episodes_Felony,5,48,0.292253315448761
xgboost,Prior_Arrest_Episodes_Felony,5,49,0.45046326518058777
xgboost,Prior_Arrest_Episodes_Felony,5,50,0.5528256297111511
xgboost,Prior_Arrest_Episodes_Felony,5,51,0.4257834255695343
xgboost,Prior_Arrest_Episodes_Felony,5,52,0.35328593850135803
xgboost,Prior_Arrest_Episodes_Felony,5,53,0.4863848090171814
xgboost,Prior_Arrest_Episodes_Felony,5,54,0.5287923216819763
xgboost,Prior_Arrest_Episodes_Felony,5,55,0.7748074531555176
xgboost,Prior_Arrest_Episodes_Felony,5,56,0.8235890865325928
xgboost,Prior_Arrest_Episodes_Felony,5,57,0.617073118686676
xgboost,Prior_Arrest_Episodes_Felony,5,58,0.4377620220184326
xgboost,Prior_Arrest_Episodes_Felony,5,59,0.6201973557472229
xgboost,Prior_Arrest_Episodes_Felony,5,60,0.6926448345184326
xgboost,Prior_Arrest_Episodes_Felony,5,61,0.8427278995513916
xgboost,Prior_Arrest_Episodes_Felony,5,62,0.4345071315765381
xgboost,Prior_Arrest_Episodes_Felony,5,63,0.6415085792541504
xgboost,Prior_Arrest_Episodes_Felony,5,64,0.7459266781806946
xgboost,Prior_Arrest_Episodes_Felony,5,65,0.577140212059021
xgboost,Prior_Arrest_Episodes_Felony,5,66,0.31951412558555603
xgboost,Prior_Arrest_Episodes_Felony,5,67,0.6697988510131836
xgboost,Prior_Arrest_Episodes_Felony,5,68,0.5467106699943542
xgboost,Prior_Arrest_Episodes_Felony,5,69,0.5552085638046265
xgboost,Prior_Arrest_Episodes_Felony,5,70,0.39521101117134094
xgboost,Prior_Arrest_Episodes_Felony,5,71,0.8947961330413818
xgboost,Prior_Arrest_Episodes_Felony,5,72,0.7763776779174805
xgboost,Prior_Arrest_Episodes_Felony,5,73,0.5357941389083862
xgboost,Prior_Arrest_Episodes_Felony,5,74,0.2622242569923401
xgboost,Prior_Arrest_Episodes_Felony,5,75,0.8094247579574585
xgboost,Prior_Arrest_Episodes_Felony,5,76,0.5268646478652954
xgboost,Prior_Arrest_Episodes_Felony,5,77,0.5806257724761963
xgboost,Prior_Arrest_Episodes_Felony,5,78,0.5448406934738159
xgboost,Prior_Arrest_Episodes_Felony,5,79,0.7195671796798706
xgboost,Prior_Arrest_Episodes_Felony,5,80,0.4920297861099243
xgboost,Prior_Arrest_Episodes_Felony,5,81,0.6123361587524414
xgboost,Prior_Arrest_Episodes_Felony,5,82,0.42449143528938293
xgboost,Prior_Arrest_Episodes_Felony,5,83,0.44495031237602234
xgboost,Prior_Arrest_Episodes_Felony,5,84,0.4386846125125885
xgboost,Prior_Arrest_Episodes_Felony,5,85,0.6017376184463501
xgboost,Prior_Arrest_Episodes_Felony,5,86,0.7698144912719727
xgboost,Prior_Arrest_Episodes_Felony,5,87,0.6282361149787903
xgboost,Prior_Arrest_Episodes_Felony,5,88,0.4417376220226288
xgboost,Prior_Arrest_Episodes_Felony,5,89,0.7539061903953552
xgboost,Prior_Arrest_Episodes_Felony,5,90,0.7499184012413025
xgboost,Prior_Arrest_Episodes_Felony,5,91,0.7990407347679138
xgboost,Prior_Arrest_Episodes_Felony,5,92,0.664416491985321
xgboost,Prior_Arrest_Episodes_Felony,5,93,0.6876453757286072
xgboost,Prior_Arrest_Episodes_Felony,5,94,0.594502329826355
xgboost,Prior_Arrest_Episodes_Felony,5,95,0.6287249326705933
xgboost,Prior_Arrest_Episodes_Felony,5,96,0.6099095344543457
xgboost,Prior_Arrest_Episodes_Felony,5,97,0.33942529559135437
xgboost,Prior_Arrest_Episodes_Felony,5,98,0.6822816133499146
xgboost,Prior_Arrest_Episodes_Felony,5,99,0.3962036073207855
xgboost,Prior_Arrest_Episodes_Felony,5,100,0.7547461986541748
xgboost,Prior_Arrest_Episodes_Felony,5,101,0.5153358578681946
xgboost,Prior_Arrest_Episodes_Felony,5,102,0.5878207087516785
xgboost,Prior_Arrest_Episodes_Felony,5,103,0.8362817168235779
xgboost,Prior_Arrest_Episodes_Felony,5,104,0.697099506855011
xgboost,Prior_Arrest_Episodes_Felony,5,105,0.3889753520488739
xgboost,Prior_Arrest_Episodes_Felony,5,106,0.8003344535827637
xgboost,Prior_Arrest_Episodes_Felony,5,107,0.35395482182502747
xgboost,Prior_Arrest_Episodes_Felony,5,108,0.5062913298606873
xgboost,Prior_Arrest_Episodes_Felony,5,109,0.6382361054420471
xgboost,Prior_Arrest_Episodes_Felony,5,110,0.33920010924339294
xgboost,Prior_Arrest_Episodes_Felony,5,111,0.44481199979782104
xgboost,Prior_Arrest_Episodes_Felony,5,112,0.5270386934280396
xgboost,Prior_Arrest_Episodes_Felony,5,113,0.35432130098342896
xgboost,Prior_Arrest_Episodes_Felony,5,114,0.23297961056232452
xgboost,Prior_Arrest_Episodes_Felony,5,115,0.8506364226341248
xgboost,Prior_Arrest_Episodes_Felony,5,116,0.7509035468101501
xgboost,Prior_Arrest_Episodes_Felony,5,117,0.6575118899345398
xgboost,Prior_Arrest_Episodes_Felony,5,118,0.6989985704421997
xgboost,Prior_Arrest_Episodes_Felony,5,119,0.6509599089622498
xgboost,Prior_Arrest_Episodes_Felony,5,120,0.24940069019794464
xgboost,Prior_Arrest_Episodes_Felony,5,121,0.919062614440918
xgboost,Prior_Arrest_Episodes_Felony,5,122,0.5411602258682251
xgboost,Prior_Arrest_Episodes_Felony,5,123,0.5443488955497742
xgboost,Prior_Arrest_Episodes_Felony,5,124,0.6817668676376343
xgboost,Prior_Arrest_Episodes_Felony,5,125,0.42448168992996216
xgboost,Prior_Arrest_Episodes_Felony,5,126,0.5409442186355591
xgboost,Prior_Arrest_Episodes_Felony,5,127,0.8092085123062134
xgboost,Prior_Arrest_Episodes_Felony,5,128,0.6411055326461792
xgboost,Prior_Arrest_Episodes_Felony,5,129,0.6296859979629517
xgboost,Prior_Arrest_Episodes_Felony,5,130,0.3056800067424774
xgboost,Prior_Arrest_Episodes_Felony,5,131,0.448965460062027
xgboost,Prior_Arrest_Episodes_Felony,5,132,0.7789202332496643
xgboost,Prior_Arrest_Episodes_Felony,5,133,0.7145440578460693
xgboost,Prior_Arrest_Episodes_Felony,5,134,0.5481587052345276
xgboost,Prior_Arrest_Episodes_Felony,5,135,0.7994421720504761
xgboost,Prior_Arrest_Episodes_Felony,5,136,0.7304134368896484
xgboost,Prior_Arrest_Episodes_Felony,5,137,0.7238531112670898
xgboost,Prior_Arrest_Episodes_Felony,5,138,0.1392860859632492
xgboost,Prior_Arrest_Episodes_Felony,5,139,0.4911080598831177
xgboost,Prior_Arrest_Episodes_Felony,5,140,0.5978213548660278
xgboost,Prior_Arrest_Episodes_Felony,5,141,0.1356312483549118
xgboost,Prior_Arrest_Episodes_Felony,5,142,0.4291641414165497
xgboost,Prior_Arrest_Episodes_Felony,5,143,0.6066465377807617
xgboost,Prior_Arrest_Episodes_Felony,5,144,0.28852391242980957
xgboost,Prior_Arrest_Episodes_Felony,5,145,0.6742070317268372
xgboost,Prior_Arrest_Episodes_Felony,5,146,0.33718743920326233
xgboost,Prior_Arrest_Episodes_Felony,5,147,0.8285565376281738
xgboost,Prior_Arrest_Episodes_Felony,5,148,0.6081656813621521
xgboost,Prior_Arrest_Episodes_Felony,5,149,0.7984621524810791
xgboost,Prior_Arrest_Episodes_Felony,5,150,0.7773427367210388
xgboost,Prior_Arrest_Episodes_Felony,5,151,0.33870619535446167
xgboost,Prior_Arrest_Episodes_Felony,5,152,0.3539057970046997
xgboost,Prior_Arrest_Episodes_Felony,5,153,0.7256959080696106
xgboost,Prior_Arrest_Episodes_Felony,5,154,0.3992416262626648
xgboost,Prior_Arrest_Episodes_Felony,5,155,0.6856107115745544
xgboost,Prior_Arrest_Episodes_Felony,5,156,0.8649884462356567
xgboost,Prior_Arrest_Episodes_Felony,5,157,0.847457230091095
xgboost,Prior_Arrest_Episodes_Felony,5,158,0.8156703114509583
xgboost,Prior_Arrest_Episodes_Felony,5,159,0.846569836139679
xgboost,Prior_Arrest_Episodes_Felony,5,160,0.4553045630455017
xgboost,Prior_Arrest_Episodes_Felony,5,161,0.8207350373268127
xgboost,Prior_Arrest_Episodes_Felony,5,162,0.830659806728363
xgboost,Prior_Arrest_Episodes_Felony,5,163,0.13225263357162476
xgboost,Prior_Arrest_Episodes_Felony,5,164,0.7388807535171509
xgboost,Prior_Arrest_Episodes_Felony,5,165,0.745154082775116
xgboost,Prior_Arrest_Episodes_Felony,5,166,0.8319883346557617
xgboost,Prior_Arrest_Episodes_Felony,5,167,0.48228394985198975
xgboost,Prior_Arrest_Episodes_Felony,5,168,0.7430403232574463
xgboost,Prior_Arrest_Episodes_Felony,5,169,0.7559250593185425
xgboost,Prior_Arrest_Episodes_Felony,5,170,0.8579673171043396
xgboost,Prior_Arrest_Episodes_Felony,5,171,0.8953571915626526
xgboost,Prior_Arrest_Episodes_Felony,5,172,0.7358903288841248
xgboost,Prior_Arrest_Episodes_Felony,5,173,0.2934369742870331
xgboost,Prior_Arrest_Episodes_Felony,5,174,0.35208040475845337
xgboost,Prior_Arrest_Episodes_Felony,5,175,0.09738568216562271
xgboost,Prior_Arrest_Episodes_Felony,5,176,0.7033122777938843
xgboost,Prior_Arrest_Episodes_Felony,5,177,0.40646931529045105
xgboost,Prior_Arrest_Episodes_Felony,5,178,0.3967655599117279
xgboost,Prior_Arrest_Episodes_Felony,5,179,0.6146738529205322
xgboost,Prior_Arrest_Episodes_Felony,5,180,0.580649197101593
xgboost,Prior_Arrest_Episodes_Felony,5,181,0.826287031173706
xgboost,Prior_Arrest_Episodes_Felony,5,182,0.8534798622131348
xgboost,Prior_Arrest_Episodes_Felony,5,183,0.7307716012001038
xgboost,Prior_Arrest_Episodes_Felony,5,184,0.6549630165100098
xgboost,Prior_Arrest_Episodes_Felony,5,185,0.8067542314529419
xgboost,Prior_Arrest_Episodes_Felony,5,186,0.4090326726436615
xgboost,Prior_Arrest_Episodes_Felony,5,187,0.8296721577644348
xgboost,Prior_Arrest_Episodes_Felony,5,188,0.45416197180747986
xgboost,Prior_Arrest_Episodes_Felony,5,189,0.5945013761520386
xgboost,Prior_Arrest_Episodes_Felony,5,190,0.5935796499252319
xgboost,Prior_Arrest_Episodes_Felony,5,191,0.7886950373649597
xgboost,Prior_Arrest_Episodes_Felony,5,192,0.6297141909599304
xgboost,Prior_Arrest_Episodes_Felony,5,193,0.32123658061027527
xgboost,Prior_Arrest_Episodes_Felony,5,194,0.49750399589538574
xgboost,Prior_Arrest_Episodes_Felony,5,195,0.6089545488357544
xgboost,Prior_Arrest_Episodes_Felony,5,196,0.50412917137146
xgboost,Prior_Arrest_Episodes_Felony,5,197,0.290047824382782
xgboost,Prior_Arrest_Episodes_Felony,5,198,0.8251703381538391
xgboost,Prior_Arrest_Episodes_Felony,5,199,0.647744357585907
xgboost,Prior_Arrest_Episodes_Felony,6,0,0.8844917416572571
xgboost,Prior_Arrest_Episodes_Felony,6,1,0.7926962971687317
xgboost,Prior_Arrest_Episodes_Felony,6,2,0.6555455923080444
xgboost,Prior_Arrest_Episodes_Felony,6,3,0.2281440794467926
xgboost,Prior_Arrest_Episodes_Felony,6,4,0.4370274841785431
xgboost,Prior_Arrest_Episodes_Felony,6,5,0.21573807299137115
xgboost,Prior_Arrest_Episodes_Felony,6,6,0.650753915309906
xgboost,Prior_Arrest_Episodes_Felony,6,7,0.3411746919155121
xgboost,Prior_Arrest_Episodes_Felony,6,8,0.29381006956100464
xgboost,Prior_Arrest_Episodes_Felony,6,9,0.701947033405304
xgboost,Prior_Arrest_Episodes_Felony,6,10,0.6089841723442078
xgboost,Prior_Arrest_Episodes_Felony,6,11,0.31513524055480957
xgboost,Prior_Arrest_Episodes_Felony,6,12,0.7538282871246338
xgboost,Prior_Arrest_Episodes_Felony,6,13,0.6984166502952576
xgboost,Prior_Arrest_Episodes_Felony,6,14,0.7967409491539001
xgboost,Prior_Arrest_Episodes_Felony,6,15,0.3198472261428833
xgboost,Prior_Arrest_Episodes_Felony,6,16,0.8198388814926147
xgboost,Prior_Arrest_Episodes_Felony,6,17,0.5114977359771729
xgboost,Prior_Arrest_Episodes_Felony,6,18,0.6924103498458862
xgboost,Prior_Arrest_Episodes_Felony,6,19,0.603753924369812
xgboost,Prior_Arrest_Episodes_Felony,6,20,0.4169282615184784
xgboost,Prior_Arrest_Episodes_Felony,6,21,0.7073732018470764
xgboost,Prior_Arrest_Episodes_Felony,6,22,0.7978252172470093
xgboost,Prior_Arrest_Episodes_Felony,6,23,0.8733351826667786
xgboost,Prior_Arrest_Episodes_Felony,6,24,0.8804555535316467
xgboost,Prior_Arrest_Episodes_Felony,6,25,0.268777072429657
xgboost,Prior_Arrest_Episodes_Felony,6,26,0.8367915749549866
xgboost,Prior_Arrest_Episodes_Felony,6,27,0.7098509669303894
xgboost,Prior_Arrest_Episodes_Felony,6,28,0.19726471602916718
xgboost,Prior_Arrest_Episodes_Felony,6,29,0.47489693760871887
xgboost,Prior_Arrest_Episodes_Felony,6,30,0.46287399530410767
xgboost,Prior_Arrest_Episodes_Felony,6,31,0.2905876040458679
xgboost,Prior_Arrest_Episodes_Felony,6,32,0.17431233823299408
xgboost,Prior_Arrest_Episodes_Felony,6,33,0.5866482257843018
xgboost,Prior_Arrest_Episodes_Felony,6,34,0.3982710540294647
xgboost,Prior_Arrest_Episodes_Felony,6,35,0.4943901300430298
xgboost,Prior_Arrest_Episodes_Felony,6,36,0.6428927183151245
xgboost,Prior_Arrest_Episodes_Felony,6,37,0.43231382966041565
xgboost,Prior_Arrest_Episodes_Felony,6,38,0.2950478196144104
xgboost,Prior_Arrest_Episodes_Felony,6,39,0.6077081561088562
xgboost,Prior_Arrest_Episodes_Felony,6,40,0.1916191279888153
xgboost,Prior_Arrest_Episodes_Felony,6,41,0.8096087574958801
xgboost,Prior_Arrest_Episodes_Felony,6,42,0.7281098365783691
xgboost,Prior_Arrest_Episodes_Felony,6,43,0.6845781803131104
xgboost,Prior_Arrest_Episodes_Felony,6,44,0.7145267128944397
xgboost,Prior_Arrest_Episodes_Felony,6,45,0.68710857629776
xgboost,Prior_Arrest_Episodes_Felony,6,46,0.5283401608467102
xgboost,Prior_Arrest_Episodes_Felony,6,47,0.5885562300682068
xgboost,Prior_Arrest_Episodes_Felony,6,48,0.2951979339122772
xgboost,Prior_Arrest_Episodes_Felony,6,49,0.4548954963684082
xgboost,Prior_Arrest_Episodes_Felony,6,50,0.5572437047958374
xgboost,Prior_Arrest_Episodes_Felony,6,51,0.42993107438087463
xgboost,Prior_Arrest_Episodes_Felony,6,52,0.35870981216430664
xgboost,Prior_Arrest_Episodes_Felony,6,53,0.49085476994514465
xgboost,Prior_Arrest_Episodes_Felony,6,54,0.5328394174575806
xgboost,Prior_Arrest_Episodes_Felony,6,55,0.7770833969116211
xgboost,Prior_Arrest_Episodes_Felony,6,56,0.8256370425224304
xgboost,Prior_Arrest_Episodes_Felony,6,57,0.6195152997970581
xgboost,Prior_Arrest_Episodes_Felony,6,58,0.44098663330078125
xgboost,Prior_Arrest_Episodes_Felony,6,59,0.6241542100906372
xgboost,Prior_Arrest_Episodes_Felony,6,60,0.6963220238685608
xgboost,Prior_Arrest_Episodes_Felony,6,61,0.8438402414321899
xgboost,Prior_Arrest_Episodes_Felony,6,62,0.43890777230262756
xgboost,Prior_Arrest_Episodes_Felony,6,63,0.6445496678352356
xgboost,Prior_Arrest_Episodes_Felony,6,64,0.7493022084236145
xgboost,Prior_Arrest_Episodes_Felony,6,65,0.5801013112068176
xgboost,Prior_Arrest_Episodes_Felony,6,66,0.32260820269584656
xgboost,Prior_Arrest_Episodes_Felony,6,67,0.6721182465553284
xgboost,Prior_Arrest_Episodes_Felony,6,68,0.5517928004264832
xgboost,Prior_Arrest_Episodes_Felony,6,69,0.5577625632286072
xgboost,Prior_Arrest_Episodes_Felony,6,70,0.3986087441444397
xgboost,Prior_Arrest_Episodes_Felony,6,71,0.8958654403686523
xgboost,Prior_Arrest_Episodes_Felony,6,72,0.7786422371864319
xgboost,Prior_Arrest_Episodes_Felony,6,73,0.5383669137954712
xgboost,Prior_Arrest_Episodes_Felony,6,74,0.2647646963596344
xgboost,Prior_Arrest_Episodes_Felony,6,75,0.8115996718406677
xgboost,Prior_Arrest_Episodes_Felony,6,76,0.5304015278816223
xgboost,Prior_Arrest_Episodes_Felony,6,77,0.5840781331062317
xgboost,Prior_Arrest_Episodes_Felony,6,78,0.5483584403991699
xgboost,Prior_Arrest_Episodes_Felony,6,79,0.7224474549293518
xgboost,Prior_Arrest_Episodes_Felony,6,80,0.49650153517723083
xgboost,Prior_Arrest_Episodes_Felony,6,81,0.6161847710609436
xgboost,Prior_Arrest_Episodes_Felony,6,82,0.42833855748176575
xgboost,Prior_Arrest_Episodes_Felony,6,83,0.45080047845840454
xgboost,Prior_Arrest_Episodes_Felony,6,84,0.4435121417045593
xgboost,Prior_Arrest_Episodes_Felony,6,85,0.6060168743133545
xgboost,Prior_Arrest_Episodes_Felony,6,86,0.7718375325202942
xgboost,Prior_Arrest_Episodes_Felony,6,87,0.630649745464325
xgboost,Prior_Arrest_Episodes_Felony,6,88,0.4440574645996094
xgboost,Prior_Arrest_Episodes_Felony,6,89,0.7563268542289734
xgboost,Prior_Arrest_Episodes_Felony,6,90,0.7523654699325562
xgboost,Prior_Arrest_Episodes_Felony,6,91,0.8008667826652527
xgboost,Prior_Arrest_Episodes_Felony,6,92,0.6677836179733276
xgboost,Prior_Arrest_Episodes_Felony,6,93,0.6904838681221008
xgboost,Prior_Arrest_Episodes_Felony,6,94,0.59769207239151
xgboost,Prior_Arrest_Episodes_Felony,6,95,0.6333985328674316
xgboost,Prior_Arrest_Episodes_Felony,6,96,0.6141573190689087
xgboost,Prior_Arrest_Episodes_Felony,6,97,0.34344786405563354
xgboost,Prior_Arrest_Episodes_Felony,6,98,0.6855812668800354
xgboost,Prior_Arrest_Episodes_Felony,6,99,0.39983269572257996
xgboost,Prior_Arrest_Episodes_Felony,6,100,0.7573580145835876
xgboost,Prior_Arrest_Episodes_Felony,6,101,0.5195664763450623
xgboost,Prior_Arrest_Episodes_Felony,6,102,0.5919196009635925
xgboost,Prior_Arrest_Episodes_Felony,6,103,0.8380875587463379
xgboost,Prior_Arrest_Episodes_Felony,6,104,0.7000882625579834
xgboost,Prior_Arrest_Episodes_Felony,6,105,0.3932355046272278
xgboost,Prior_Arrest_Episodes_Felony,6,106,0.8020951747894287
xgboost,Prior_Arrest_Episodes_Felony,6,107,0.3578387498855591
xgboost,Prior_Arrest_Episodes_Felony,6,108,0.5105259418487549
xgboost,Prior_Arrest_Episodes_Felony,6,109,0.6415070295333862
xgboost,Prior_Arrest_Episodes_Felony,6,110,0.3432213366031647
xgboost,Prior_Arrest_Episodes_Felony,6,111,0.44804707169532776
xgboost,Prior_Arrest_Episodes_Felony,6,112,0.5303006172180176
xgboost,Prior_Arrest_Episodes_Felony,6,113,0.3573218584060669
xgboost,Prior_Arrest_Episodes_Felony,6,114,0.23619167506694794
xgboost,Prior_Arrest_Episodes_Felony,6,115,0.8529233932495117
xgboost,Prior_Arrest_Episodes_Felony,6,116,0.7546392679214478
xgboost,Prior_Arrest_Episodes_Felony,6,117,0.6610451936721802
xgboost,Prior_Arrest_Episodes_Felony,6,118,0.7015476226806641
xgboost,Prior_Arrest_Episodes_Felony,6,119,0.6543113589286804
xgboost,Prior_Arrest_Episodes_Felony,6,120,0.25258591771125793
xgboost,Prior_Arrest_Episodes_Felony,6,121,0.9201908707618713
xgboost,Prior_Arrest_Episodes_Felony,6,122,0.5453369617462158
xgboost,Prior_Arrest_Episodes_Felony,6,123,0.547593891620636
xgboost,Prior_Arrest_Episodes_Felony,6,124,0.6849656105041504
xgboost,Prior_Arrest_Episodes_Felony,6,125,0.43009716272354126
xgboost,Prior_Arrest_Episodes_Felony,6,126,0.5439584851264954
xgboost,Prior_Arrest_Episodes_Felony,6,127,0.8108190894126892
xgboost,Prior_Arrest_Episodes_Felony,6,128,0.644970715045929
xgboost,Prior_Arrest_Episodes_Felony,6,129,0.6331265568733215
xgboost,Prior_Arrest_Episodes_Felony,6,130,0.30893781781196594
xgboost,Prior_Arrest_Episodes_Felony,6,131,0.4515268802642822
xgboost,Prior_Arrest_Episodes_Felony,6,132,0.780555248260498
xgboost,Prior_Arrest_Episodes_Felony,6,133,0.7176473736763
xgboost,Prior_Arrest_Episodes_Felony,6,134,0.5511649250984192
xgboost,Prior_Arrest_Episodes_Felony,6,135,0.8022950887680054
xgboost,Prior_Arrest_Episodes_Felony,6,136,0.7344362735748291
xgboost,Prior_Arrest_Episodes_Felony,6,137,0.7266826033592224
xgboost,Prior_Arrest_Episodes_Felony,6,138,0.14144465327262878
xgboost,Prior_Arrest_Episodes_Felony,6,139,0.4936944842338562
xgboost,Prior_Arrest_Episodes_Felony,6,140,0.6007379293441772
xgboost,Prior_Arrest_Episodes_Felony,6,141,0.13787339627742767
xgboost,Prior_Arrest_Episodes_Felony,6,142,0.4335521459579468
xgboost,Prior_Arrest_Episodes_Felony,6,143,0.6097659468650818
xgboost,Prior_Arrest_Episodes_Felony,6,144,0.29221001267433167
xgboost,Prior_Arrest_Episodes_Felony,6,145,0.676476001739502
xgboost,Prior_Arrest_Episodes_Felony,6,146,0.3414452373981476
xgboost,Prior_Arrest_Episodes_Felony,6,147,0.8298823833465576
xgboost,Prior_Arrest_Episodes_Felony,6,148,0.6143133044242859
xgboost,Prior_Arrest_Episodes_Felony,6,149,0.8018431663513184
xgboost,Prior_Arrest_Episodes_Felony,6,150,0.7791274189949036
xgboost,Prior_Arrest_Episodes_Felony,6,151,0.3416444957256317
xgboost,Prior_Arrest_Episodes_Felony,6,152,0.35694095492362976
xgboost,Prior_Arrest_Episodes_Felony,6,153,0.7282940745353699
xgboost,Prior_Arrest_Episodes_Felony,6,154,0.40429356694221497
xgboost,Prior_Arrest_Episodes_Felony,6,155,0.6911488771438599
xgboost,Prior_Arrest_Episodes_Felony,6,156,0.8662060499191284
xgboost,Prior_Arrest_Episodes_Felony,6,157,0.8486636281013489
xgboost,Prior_Arrest_Episodes_Felony,6,158,0.8183784484863281
xgboost,Prior_Arrest_Episodes_Felony,6,159,0.8484002351760864
xgboost,Prior_Arrest_Episodes_Felony,6,160,0.46001866459846497
xgboost,Prior_Arrest_Episodes_Felony,6,161,0.8224127292633057
xgboost,Prior_Arrest_Episodes_Felony,6,162,0.8318403959274292
xgboost,Prior_Arrest_Episodes_Felony,6,163,0.1343192309141159
xgboost,Prior_Arrest_Episodes_Felony,6,164,0.7410842180252075
xgboost,Prior_Arrest_Episodes_Felony,6,165,0.7478339076042175
xgboost,Prior_Arrest_Episodes_Felony,6,166,0.8353400826454163
xgboost,Prior_Arrest_Episodes_Felony,6,167,0.4853169322013855
xgboost,Prior_Arrest_Episodes_Felony,6,168,0.7464411854743958
xgboost,Prior_Arrest_Episodes_Felony,6,169,0.7587304711341858
xgboost,Prior_Arrest_Episodes_Felony,6,170,0.8603975772857666
xgboost,Prior_Arrest_Episodes_Felony,6,171,0.8962457776069641
xgboost,Prior_Arrest_Episodes_Felony,6,172,0.7384293675422668
xgboost,Prior_Arrest_Episodes_Felony,6,173,0.2970430254936218
xgboost,Prior_Arrest_Episodes_Felony,6,174,0.35532519221305847
xgboost,Prior_Arrest_Episodes_Felony,6,175,0.09906802326440811
xgboost,Prior_Arrest_Episodes_Felony,6,176,0.7058401703834534
xgboost,Prior_Arrest_Episodes_Felony,6,177,0.4116983711719513
xgboost,Prior_Arrest_Episodes_Felony,6,178,0.39990296959877014
xgboost,Prior_Arrest_Episodes_Felony,6,179,0.6182829141616821
xgboost,Prior_Arrest_Episodes_Felony,6,180,0.5838333964347839
xgboost,Prior_Arrest_Episodes_Felony,6,181,0.8284513354301453
xgboost,Prior_Arrest_Episodes_Felony,6,182,0.8546664118766785
xgboost,Prior_Arrest_Episodes_Felony,6,183,0.7333393096923828
xgboost,Prior_Arrest_Episodes_Felony,6,184,0.6594851613044739
xgboost,Prior_Arrest_Episodes_Felony,6,185,0.8083612322807312
xgboost,Prior_Arrest_Episodes_Felony,6,186,0.4152878522872925
xgboost,Prior_Arrest_Episodes_Felony,6,187,0.8307607769966125
xgboost,Prior_Arrest_Episodes_Felony,6,188,0.45649370551109314
xgboost,Prior_Arrest_Episodes_Felony,6,189,0.6007097959518433
xgboost,Prior_Arrest_Episodes_Felony,6,190,0.5963375568389893
xgboost,Prior_Arrest_Episodes_Felony,6,191,0.7902773022651672
xgboost,Prior_Arrest_Episodes_Felony,6,192,0.6339373588562012
xgboost,Prior_Arrest_Episodes_Felony,6,193,0.3253917992115021
xgboost,Prior_Arrest_Episodes_Felony,6,194,0.4998544752597809
xgboost,Prior_Arrest_Episodes_Felony,6,195,0.614861011505127
xgboost,Prior_Arrest_Episodes_Felony,6,196,0.5074014067649841
xgboost,Prior_Arrest_Episodes_Felony,6,197,0.29374539852142334
xgboost,Prior_Arrest_Episodes_Felony,6,198,0.8265169262886047
xgboost,Prior_Arrest_Episodes_Felony,6,199,0.6520657539367676
xgboost,Prior_Arrest_Episodes_Felony,7,0,0.8833479881286621
xgboost,Prior_Arrest_Episodes_Felony,7,1,0.7903679609298706
xgboost,Prior_Arrest_Episodes_Felony,7,2,0.6529480218887329
xgboost,Prior_Arrest_Episodes_Felony,7,3,0.2257932871580124
xgboost,Prior_Arrest_Episodes_Felony,7,4,0.43409302830696106
xgboost,Prior_Arrest_Episodes_Felony,7,5,0.21392123401165009
xgboost,Prior_Arrest_Episodes_Felony,7,6,0.6486908793449402
xgboost,Prior_Arrest_Episodes_Felony,7,7,0.33612504601478577
xgboost,Prior_Arrest_Episodes_Felony,7,8,0.2902219891548157
xgboost,Prior_Arrest_Episodes_Felony,7,9,0.6985487341880798
xgboost,Prior_Arrest_Episodes_Felony,7,10,0.6057891249656677
xgboost,Prior_Arrest_Episodes_Felony,7,11,0.3116515278816223
xgboost,Prior_Arrest_Episodes_Felony,7,12,0.7515364289283752
xgboost,Prior_Arrest_Episodes_Felony,7,13,0.6955613493919373
xgboost,Prior_Arrest_Episodes_Felony,7,14,0.7949298024177551
xgboost,Prior_Arrest_Episodes_Felony,7,15,0.3166780471801758
xgboost,Prior_Arrest_Episodes_Felony,7,16,0.8176777362823486
xgboost,Prior_Arrest_Episodes_Felony,7,17,0.508421003818512
xgboost,Prior_Arrest_Episodes_Felony,7,18,0.6873372197151184
xgboost,Prior_Arrest_Episodes_Felony,7,19,0.6011742949485779
xgboost,Prior_Arrest_Episodes_Felony,7,20,0.41413936018943787
xgboost,Prior_Arrest_Episodes_Felony,7,21,0.704262375831604
xgboost,Prior_Arrest_Episodes_Felony,7,22,0.7952011823654175
xgboost,Prior_Arrest_Episodes_Felony,7,23,0.8715333938598633
xgboost,Prior_Arrest_Episodes_Felony,7,24,0.8795376420021057
xgboost,Prior_Arrest_Episodes_Felony,7,25,0.26608604192733765
xgboost,Prior_Arrest_Episodes_Felony,7,26,0.8349534869194031
xgboost,Prior_Arrest_Episodes_Felony,7,27,0.7076363563537598
xgboost,Prior_Arrest_Episodes_Felony,7,28,0.19496197998523712
xgboost,Prior_Arrest_Episodes_Felony,7,29,0.4692475497722626
xgboost,Prior_Arrest_Episodes_Felony,7,30,0.4595445990562439
xgboost,Prior_Arrest_Episodes_Felony,7,31,0.2875857651233673
xgboost,Prior_Arrest_Episodes_Felony,7,32,0.1723923236131668
xgboost,Prior_Arrest_Episodes_Felony,7,33,0.5839625000953674
xgboost,Prior_Arrest_Episodes_Felony,7,34,0.3925921618938446
xgboost,Prior_Arrest_Episodes_Felony,7,35,0.49064546823501587
xgboost,Prior_Arrest_Episodes_Felony,7,36,0.6397827863693237
xgboost,Prior_Arrest_Episodes_Felony,7,37,0.42864078283309937
xgboost,Prior_Arrest_Episodes_Felony,7,38,0.290921688079834
xgboost,Prior_Arrest_Episodes_Felony,7,39,0.6013719439506531
xgboost,Prior_Arrest_Episodes_Felony,7,40,0.18930910527706146
xgboost,Prior_Arrest_Episodes_Felony,7,41,0.8077037334442139
xgboost,Prior_Arrest_Episodes_Felony,7,42,0.7248929738998413
xgboost,Prior_Arrest_Episodes_Felony,7,43,0.6810718178749084
xgboost,Prior_Arrest_Episodes_Felony,7,44,0.7109734416007996
xgboost,Prior_Arrest_Episodes_Felony,7,45,0.6833652853965759
xgboost,Prior_Arrest_Episodes_Felony,7,46,0.5255818963050842
xgboost,Prior_Arrest_Episodes_Felony,7,47,0.5852783918380737
xgboost,Prior_Arrest_Episodes_Felony,7,48,0.2920904755592346
xgboost,Prior_Arrest_Episodes_Felony,7,49,0.4509875178337097
xgboost,Prior_Arrest_Episodes_Felony,7,50,0.5536369681358337
xgboost,Prior_Arrest_Episodes_Felony,7,51,0.42700809240341187
xgboost,Prior_Arrest_Episodes_Felony,7,52,0.3560725450515747
xgboost,Prior_Arrest_Episodes_Felony,7,53,0.4881632626056671
xgboost,Prior_Arrest_Episodes_Felony,7,54,0.5269325971603394
xgboost,Prior_Arrest_Episodes_Felony,7,55,0.77406245470047
xgboost,Prior_Arrest_Episodes_Felony,7,56,0.8239120841026306
xgboost,Prior_Arrest_Episodes_Felony,7,57,0.613524854183197
xgboost,Prior_Arrest_Episodes_Felony,7,58,0.43671277165412903
xgboost,Prior_Arrest_Episodes_Felony,7,59,0.6205639839172363
xgboost,Prior_Arrest_Episodes_Felony,7,60,0.6915073990821838
xgboost,Prior_Arrest_Episodes_Felony,7,61,0.842050313949585
xgboost,Prior_Arrest_Episodes_Felony,7,62,0.4359704256057739
xgboost,Prior_Arrest_Episodes_Felony,7,63,0.6408416032791138
xgboost,Prior_Arrest_Episodes_Felony,7,64,0.7470532655715942
xgboost,Prior_Arrest_Episodes_Felony,7,65,0.576804518699646
xgboost,Prior_Arrest_Episodes_Felony,7,66,0.32017719745635986
xgboost,Prior_Arrest_Episodes_Felony,7,67,0.6665196418762207
xgboost,Prior_Arrest_Episodes_Felony,7,68,0.5483934879302979
xgboost,Prior_Arrest_Episodes_Felony,7,69,0.5524522066116333
xgboost,Prior_Arrest_Episodes_Felony,7,70,0.394744336605072
xgboost,Prior_Arrest_Episodes_Felony,7,71,0.8947466015815735
xgboost,Prior_Arrest_Episodes_Felony,7,72,0.7763031721115112
xgboost,Prior_Arrest_Episodes_Felony,7,73,0.5330186486244202
xgboost,Prior_Arrest_Episodes_Felony,7,74,0.26236674189567566
xgboost,Prior_Arrest_Episodes_Felony,7,75,0.8093560338020325
xgboost,Prior_Arrest_Episodes_Felony,7,76,0.52666836977005
xgboost,Prior_Arrest_Episodes_Felony,7,77,0.5804340243339539
xgboost,Prior_Arrest_Episodes_Felony,7,78,0.544645369052887
xgboost,Prior_Arrest_Episodes_Felony,7,79,0.719517707824707
xgboost,Prior_Arrest_Episodes_Felony,7,80,0.49285030364990234
xgboost,Prior_Arrest_Episodes_Felony,7,81,0.6130111813545227
xgboost,Prior_Arrest_Episodes_Felony,7,82,0.4252442419528961
xgboost,Prior_Arrest_Episodes_Felony,7,83,0.44795912504196167
xgboost,Prior_Arrest_Episodes_Felony,7,84,0.44078290462493896
xgboost,Prior_Arrest_Episodes_Felony,7,85,0.6034422516822815
xgboost,Prior_Arrest_Episodes_Felony,7,86,0.7673521637916565
xgboost,Prior_Arrest_Episodes_Felony,7,87,0.6253541111946106
xgboost,Prior_Arrest_Episodes_Felony,7,88,0.43875566124916077
xgboost,Prior_Arrest_Episodes_Felony,7,89,0.7538266181945801
xgboost,Prior_Arrest_Episodes_Felony,7,90,0.7498379349708557
xgboost,Prior_Arrest_Episodes_Felony,7,91,0.7985271215438843
xgboost,Prior_Arrest_Episodes_Felony,7,92,0.6645352840423584
xgboost,Prior_Arrest_Episodes_Felony,7,93,0.6870223879814148
xgboost,Prior_Arrest_Episodes_Felony,7,94,0.5940843820571899
xgboost,Prior_Arrest_Episodes_Felony,7,95,0.6302535533905029
xgboost,Prior_Arrest_Episodes_Felony,7,96,0.6113249659538269
xgboost,Prior_Arrest_Episodes_Felony,7,97,0.3401617705821991
xgboost,Prior_Arrest_Episodes_Felony,7,98,0.6826859712600708
xgboost,Prior_Arrest_Episodes_Felony,7,99,0.3947839140892029
xgboost,Prior_Arrest_Episodes_Felony,7,100,0.7546637058258057
xgboost,Prior_Arrest_Episodes_Felony,7,101,0.5159194469451904
xgboost,Prior_Arrest_Episodes_Felony,7,102,0.5893153548240662
xgboost,Prior_Arrest_Episodes_Felony,7,103,0.8364099264144897
xgboost,Prior_Arrest_Episodes_Felony,7,104,0.6966869235038757
xgboost,Prior_Arrest_Episodes_Felony,7,105,0.39066851139068604
xgboost,Prior_Arrest_Episodes_Felony,7,106,0.8000796437263489
xgboost,Prior_Arrest_Episodes_Felony,7,107,0.3551005721092224
xgboost,Prior_Arrest_Episodes_Felony,7,108,0.5078340768814087
xgboost,Prior_Arrest_Episodes_Felony,7,109,0.638054370880127
xgboost,Prior_Arrest_Episodes_Felony,7,110,0.3399363160133362
xgboost,Prior_Arrest_Episodes_Felony,7,111,0.4437590539455414
xgboost,Prior_Arrest_Episodes_Felony,7,112,0.5259754657745361
xgboost,Prior_Arrest_Episodes_Felony,7,113,0.3544897735118866
xgboost,Prior_Arrest_Episodes_Felony,7,114,0.23425406217575073
xgboost,Prior_Arrest_Episodes_Felony,7,115,0.8529338836669922
xgboost,Prior_Arrest_Episodes_Felony,7,116,0.7521273493766785
xgboost,Prior_Arrest_Episodes_Felony,7,117,0.6576043963432312
xgboost,Prior_Arrest_Episodes_Felony,7,118,0.6979011297225952
xgboost,Prior_Arrest_Episodes_Felony,7,119,0.6517094373703003
xgboost,Prior_Arrest_Episodes_Felony,7,120,0.25055789947509766
xgboost,Prior_Arrest_Episodes_Felony,7,121,0.9191146492958069
xgboost,Prior_Arrest_Episodes_Felony,7,122,0.541836142539978
xgboost,Prior_Arrest_Episodes_Felony,7,123,0.544531524181366
xgboost,Prior_Arrest_Episodes_Felony,7,124,0.6822298169136047
xgboost,Prior_Arrest_Episodes_Felony,7,125,0.4316401481628418
xgboost,Prior_Arrest_Episodes_Felony,7,126,0.5406027436256409
xgboost,Prior_Arrest_Episodes_Felony,7,127,0.8083298802375793
xgboost,Prior_Arrest_Episodes_Felony,7,128,0.6403287649154663
xgboost,Prior_Arrest_Episodes_Felony,7,129,0.6292893290519714
xgboost,Prior_Arrest_Episodes_Felony,7,130,0.30495741963386536
xgboost,Prior_Arrest_Episodes_Felony,7,131,0.4462074041366577
xgboost,Prior_Arrest_Episodes_Felony,7,132,0.777776837348938
xgboost,Prior_Arrest_Episodes_Felony,7,133,0.7149245738983154
xgboost,Prior_Arrest_Episodes_Felony,7,134,0.546867847442627
xgboost,Prior_Arrest_Episodes_Felony,7,135,0.7997813820838928
xgboost,Prior_Arrest_Episodes_Felony,7,136,0.7315201163291931
xgboost,Prior_Arrest_Episodes_Felony,7,137,0.7217052578926086
xgboost,Prior_Arrest_Episodes_Felony,7,138,0.13968013226985931
xgboost,Prior_Arrest_Episodes_Felony,7,139,0.4880293607711792
xgboost,Prior_Arrest_Episodes_Felony,7,140,0.5965679287910461
xgboost,Prior_Arrest_Episodes_Felony,7,141,0.13628849387168884
xgboost,Prior_Arrest_Episodes_Felony,7,142,0.42996859550476074
xgboost,Prior_Arrest_Episodes_Felony,7,143,0.6068222522735596
xgboost,Prior_Arrest_Episodes_Felony,7,144,0.28998732566833496
xgboost,Prior_Arrest_Episodes_Felony,7,145,0.6714951395988464
xgboost,Prior_Arrest_Episodes_Felony,7,146,0.33817800879478455
xgboost,Prior_Arrest_Episodes_Felony,7,147,0.8279651999473572
xgboost,Prior_Arrest_Episodes_Felony,7,148,0.6088876724243164
xgboost,Prior_Arrest_Episodes_Felony,7,149,0.799939751625061
xgboost,Prior_Arrest_Episodes_Felony,7,150,0.7763286828994751
xgboost,Prior_Arrest_Episodes_Felony,7,151,0.33887115120887756
xgboost,Prior_Arrest_Episodes_Felony,7,152,0.35324323177337646
xgboost,Prior_Arrest_Episodes_Felony,7,153,0.7250785827636719
xgboost,Prior_Arrest_Episodes_Felony,7,154,0.4004004895687103
xgboost,Prior_Arrest_Episodes_Felony,7,155,0.6888449788093567
xgboost,Prior_Arrest_Episodes_Felony,7,156,0.864323616027832
xgboost,Prior_Arrest_Episodes_Felony,7,157,0.8469190001487732
xgboost,Prior_Arrest_Episodes_Felony,7,158,0.8189601302146912
xgboost,Prior_Arrest_Episodes_Felony,7,159,0.8470095992088318
xgboost,Prior_Arrest_Episodes_Felony,7,160,0.45735490322113037
xgboost,Prior_Arrest_Episodes_Felony,7,161,0.8202139735221863
xgboost,Prior_Arrest_Episodes_Felony,7,162,0.829940676689148
xgboost,Prior_Arrest_Episodes_Felony,7,163,0.132629856467247
xgboost,Prior_Arrest_Episodes_Felony,7,164,0.7369452118873596
xgboost,Prior_Arrest_Episodes_Felony,7,165,0.7450695037841797
xgboost,Prior_Arrest_Episodes_Felony,7,166,0.8340204954147339
xgboost,Prior_Arrest_Episodes_Felony,7,167,0.4819405972957611
xgboost,Prior_Arrest_Episodes_Felony,7,168,0.7443971633911133
xgboost,Prior_Arrest_Episodes_Felony,7,169,0.7569755911827087
xgboost,Prior_Arrest_Episodes_Felony,7,170,0.8585525751113892
xgboost,Prior_Arrest_Episodes_Felony,7,171,0.8950953483581543
xgboost,Prior_Arrest_Episodes_Felony,7,172,0.7354680299758911
xgboost,Prior_Arrest_Episodes_Felony,7,173,0.2923315763473511
xgboost,Prior_Arrest_Episodes_Felony,7,174,0.3525099754333496
xgboost,Prior_Arrest_Episodes_Felony,7,175,0.09787857532501221
xgboost,Prior_Arrest_Episodes_Felony,7,176,0.7022237777709961
xgboost,Prior_Arrest_Episodes_Felony,7,177,0.40959489345550537
xgboost,Prior_Arrest_Episodes_Felony,7,178,0.39602407813072205
xgboost,Prior_Arrest_Episodes_Felony,7,179,0.615115761756897
xgboost,Prior_Arrest_Episodes_Felony,7,180,0.5798944234848022
xgboost,Prior_Arrest_Episodes_Felony,7,181,0.826663613319397
xgboost,Prior_Arrest_Episodes_Felony,7,182,0.8526491522789001
xgboost,Prior_Arrest_Episodes_Felony,7,183,0.7309163808822632
xgboost,Prior_Arrest_Episodes_Felony,7,184,0.6555770635604858
xgboost,Prior_Arrest_Episodes_Felony,7,185,0.8058406710624695
xgboost,Prior_Arrest_Episodes_Felony,7,186,0.41267484426498413
xgboost,Prior_Arrest_Episodes_Felony,7,187,0.8273410797119141
xgboost,Prior_Arrest_Episodes_Felony,7,188,0.45087531208992004
xgboost,Prior_Arrest_Episodes_Felony,7,189,0.59784334897995
xgboost,Prior_Arrest_Episodes_Felony,7,190,0.5927259922027588
xgboost,Prior_Arrest_Episodes_Felony,7,191,0.7875884771347046
xgboost,Prior_Arrest_Episodes_Felony,7,192,0.631831169128418
xgboost,Prior_Arrest_Episodes_Felony,7,193,0.32245761156082153
xgboost,Prior_Arrest_Episodes_Felony,7,194,0.4941876530647278
xgboost,Prior_Arrest_Episodes_Felony,7,195,0.6120305061340332
xgboost,Prior_Arrest_Episodes_Felony,7,196,0.5033544301986694
xgboost,Prior_Arrest_Episodes_Felony,7,197,0.29151585698127747
xgboost,Prior_Arrest_Episodes_Felony,7,198,0.8240141868591309
xgboost,Prior_Arrest_Episodes_Felony,7,199,0.6490198373794556
xgboost,Prior_Arrest_Episodes_Felony,8,0,0.8908246755599976
xgboost,Prior_Arrest_Episodes_Felony,8,1,0.8019422888755798
xgboost,Prior_Arrest_Episodes_Felony,8,2,0.6938323974609375
xgboost,Prior_Arrest_Episodes_Felony,8,3,0.25874119997024536
xgboost,Prior_Arrest_Episodes_Felony,8,4,0.4689618647098541
xgboost,Prior_Arrest_Episodes_Felony,8,5,0.236683651804924
xgboost,Prior_Arrest_Episodes_Felony,8,6,0.6661382913589478
xgboost,Prior_Arrest_Episodes_Felony,8,7,0.37060993909835815
xgboost,Prior_Arrest_Episodes_Felony,8,8,0.3175148665904999
xgboost,Prior_Arrest_Episodes_Felony,8,9,0.7131392955780029
xgboost,Prior_Arrest_Episodes_Felony,8,10,0.6231551170349121
xgboost,Prior_Arrest_Episodes_Felony,8,11,0.34632769227027893
xgboost,Prior_Arrest_Episodes_Felony,8,12,0.7717018127441406
xgboost,Prior_Arrest_Episodes_Felony,8,13,0.7262256741523743
xgboost,Prior_Arrest_Episodes_Felony,8,14,0.8187193274497986
xgboost,Prior_Arrest_Episodes_Felony,8,15,0.3559195399284363
xgboost,Prior_Arrest_Episodes_Felony,8,16,0.8315612077713013
xgboost,Prior_Arrest_Episodes_Felony,8,17,0.54268878698349
xgboost,Prior_Arrest_Episodes_Felony,8,18,0.7170499563217163
xgboost,Prior_Arrest_Episodes_Felony,8,19,0.632154107093811
xgboost,Prior_Arrest_Episodes_Felony,8,20,0.45115548372268677
xgboost,Prior_Arrest_Episodes_Felony,8,21,0.7185108065605164
xgboost,Prior_Arrest_Episodes_Felony,8,22,0.8146098852157593
xgboost,Prior_Arrest_Episodes_Felony,8,23,0.8779348731040955
xgboost,Prior_Arrest_Episodes_Felony,8,24,0.8853936195373535
xgboost,Prior_Arrest_Episodes_Felony,8,25,0.29130247235298157
xgboost,Prior_Arrest_Episodes_Felony,8,26,0.8442972898483276
xgboost,Prior_Arrest_Episodes_Felony,8,27,0.7373558282852173
xgboost,Prior_Arrest_Episodes_Felony,8,28,0.21613702178001404
xgboost,Prior_Arrest_Episodes_Felony,8,29,0.4965042471885681
xgboost,Prior_Arrest_Episodes_Felony,8,30,0.49764615297317505
xgboost,Prior_Arrest_Episodes_Felony,8,31,0.314921110868454
xgboost,Prior_Arrest_Episodes_Felony,8,32,0.19716261327266693
xgboost,Prior_Arrest_Episodes_Felony,8,33,0.6185812950134277
xgboost,Prior_Arrest_Episodes_Felony,8,34,0.42730024456977844
xgboost,Prior_Arrest_Episodes_Felony,8,35,0.5122714638710022
xgboost,Prior_Arrest_Episodes_Felony,8,36,0.6751585602760315
xgboost,Prior_Arrest_Episodes_Felony,8,37,0.46250903606414795
xgboost,Prior_Arrest_Episodes_Felony,8,38,0.32717400789260864
xgboost,Prior_Arrest_Episodes_Felony,8,39,0.6328723430633545
xgboost,Prior_Arrest_Episodes_Felony,8,40,0.21951493620872498
xgboost,Prior_Arrest_Episodes_Felony,8,41,0.8175958395004272
xgboost,Prior_Arrest_Episodes_Felony,8,42,0.753679096698761
xgboost,Prior_Arrest_Episodes_Felony,8,43,0.7116861343383789
xgboost,Prior_Arrest_Episodes_Felony,8,44,0.7368798851966858
xgboost,Prior_Arrest_Episodes_Felony,8,45,0.6974411010742188
xgboost,Prior_Arrest_Episodes_Felony,8,46,0.5625198483467102
xgboost,Prior_Arrest_Episodes_Felony,8,47,0.6212322115898132
xgboost,Prior_Arrest_Episodes_Felony,8,48,0.31923502683639526
xgboost,Prior_Arrest_Episodes_Felony,8,49,0.48604798316955566
xgboost,Prior_Arrest_Episodes_Felony,8,50,0.5901738405227661
xgboost,Prior_Arrest_Episodes_Felony,8,51,0.46719685196876526
xgboost,Prior_Arrest_Episodes_Felony,8,52,0.3860730826854706
xgboost,Prior_Arrest_Episodes_Felony,8,53,0.5216991305351257
xgboost,Prior_Arrest_Episodes_Felony,8,54,0.5641076564788818
xgboost,Prior_Arrest_Episodes_Felony,8,55,0.7979348301887512
xgboost,Prior_Arrest_Episodes_Felony,8,56,0.8316113352775574
xgboost,Prior_Arrest_Episodes_Felony,8,57,0.6435800790786743
xgboost,Prior_Arrest_Episodes_Felony,8,58,0.46123477816581726
xgboost,Prior_Arrest_Episodes_Felony,8,59,0.6525123119354248
xgboost,Prior_Arrest_Episodes_Felony,8,60,0.7263106107711792
xgboost,Prior_Arrest_Episodes_Felony,8,61,0.8512401580810547
xgboost,Prior_Arrest_Episodes_Felony,8,62,0.47452691197395325
xgboost,Prior_Arrest_Episodes_Felony,8,63,0.6763131022453308
xgboost,Prior_Arrest_Episodes_Felony,8,64,0.7621943950653076
xgboost,Prior_Arrest_Episodes_Felony,8,65,0.6081083416938782
xgboost,Prior_Arrest_Episodes_Felony,8,66,0.36048492789268494
xgboost,Prior_Arrest_Episodes_Felony,8,67,0.7011996507644653
xgboost,Prior_Arrest_Episodes_Felony,8,68,0.572198748588562
xgboost,Prior_Arrest_Episodes_Felony,8,69,0.5851107239723206
xgboost,Prior_Arrest_Episodes_Felony,8,70,0.4226178228855133
xgboost,Prior_Arrest_Episodes_Felony,8,71,0.8998236656188965
xgboost,Prior_Arrest_Episodes_Felony,8,72,0.7882710099220276
xgboost,Prior_Arrest_Episodes_Felony,8,73,0.5532971620559692
xgboost,Prior_Arrest_Episodes_Felony,8,74,0.28736838698387146
xgboost,Prior_Arrest_Episodes_Felony,8,75,0.8175508379936218
xgboost,Prior_Arrest_Episodes_Felony,8,76,0.5646631717681885
xgboost,Prior_Arrest_Episodes_Felony,8,77,0.598176121711731
xgboost,Prior_Arrest_Episodes_Felony,8,78,0.5787447094917297
xgboost,Prior_Arrest_Episodes_Felony,8,79,0.7440969944000244
xgboost,Prior_Arrest_Episodes_Felony,8,80,0.5159005522727966
xgboost,Prior_Arrest_Episodes_Felony,8,81,0.629476010799408
xgboost,Prior_Arrest_Episodes_Felony,8,82,0.45575836300849915
xgboost,Prior_Arrest_Episodes_Felony,8,83,0.4818043112754822
xgboost,Prior_Arrest_Episodes_Felony,8,84,0.47616466879844666
xgboost,Prior_Arrest_Episodes_Felony,8,85,0.6263231039047241
xgboost,Prior_Arrest_Episodes_Felony,8,86,0.7796857953071594
xgboost,Prior_Arrest_Episodes_Felony,8,87,0.6411353349685669
xgboost,Prior_Arrest_Episodes_Felony,8,88,0.465323269367218
xgboost,Prior_Arrest_Episodes_Felony,8,89,0.7658435106277466
xgboost,Prior_Arrest_Episodes_Felony,8,90,0.7647615671157837
xgboost,Prior_Arrest_Episodes_Felony,8,91,0.8072458505630493
xgboost,Prior_Arrest_Episodes_Felony,8,92,0.6794171929359436
xgboost,Prior_Arrest_Episodes_Felony,8,93,0.7222008109092712
xgboost,Prior_Arrest_Episodes_Felony,8,94,0.6113003492355347
xgboost,Prior_Arrest_Episodes_Felony,8,95,0.6639332175254822
xgboost,Prior_Arrest_Episodes_Felony,8,96,0.6453737020492554
xgboost,Prior_Arrest_Episodes_Felony,8,97,0.3773808181285858
xgboost,Prior_Arrest_Episodes_Felony,8,98,0.6947905421257019
xgboost,Prior_Arrest_Episodes_Felony,8,99,0.42669087648391724
xgboost,Prior_Arrest_Episodes_Felony,8,100,0.7654237747192383
xgboost,Prior_Arrest_Episodes_Felony,8,101,0.5542457699775696
xgboost,Prior_Arrest_Episodes_Felony,8,102,0.606012761592865
xgboost,Prior_Arrest_Episodes_Felony,8,103,0.8473567962646484
xgboost,Prior_Arrest_Episodes_Felony,8,104,0.729057788848877
xgboost,Prior_Arrest_Episodes_Felony,8,105,0.4258941113948822
xgboost,Prior_Arrest_Episodes_Felony,8,106,0.8182653784751892
xgboost,Prior_Arrest_Episodes_Felony,8,107,0.38659051060676575
xgboost,Prior_Arrest_Episodes_Felony,8,108,0.5401725172996521
xgboost,Prior_Arrest_Episodes_Felony,8,109,0.6682979464530945
xgboost,Prior_Arrest_Episodes_Felony,8,110,0.37110647559165955
xgboost,Prior_Arrest_Episodes_Felony,8,111,0.47889092564582825
xgboost,Prior_Arrest_Episodes_Felony,8,112,0.5608695149421692
xgboost,Prior_Arrest_Episodes_Felony,8,113,0.3847501277923584
xgboost,Prior_Arrest_Episodes_Felony,8,114,0.2583586871623993
xgboost,Prior_Arrest_Episodes_Felony,8,115,0.8614922165870667
xgboost,Prior_Arrest_Episodes_Felony,8,116,0.7763080596923828
xgboost,Prior_Arrest_Episodes_Felony,8,117,0.6875610947608948
xgboost,Prior_Arrest_Episodes_Felony,8,118,0.7318512797355652
xgboost,Prior_Arrest_Episodes_Felony,8,119,0.6661920547485352
xgboost,Prior_Arrest_Episodes_Felony,8,120,0.2847360670566559
xgboost,Prior_Arrest_Episodes_Felony,8,121,0.9235275983810425
xgboost,Prior_Arrest_Episodes_Felony,8,122,0.5759820938110352
xgboost,Prior_Arrest_Episodes_Felony,8,123,0.5780331492424011
xgboost,Prior_Arrest_Episodes_Felony,8,124,0.7180623412132263
xgboost,Prior_Arrest_Episodes_Felony,8,125,0.45671793818473816
xgboost,Prior_Arrest_Episodes_Felony,8,126,0.5752734541893005
xgboost,Prior_Arrest_Episodes_Felony,8,127,0.8176727890968323
xgboost,Prior_Arrest_Episodes_Felony,8,128,0.6711077094078064
xgboost,Prior_Arrest_Episodes_Felony,8,129,0.671710193157196
xgboost,Prior_Arrest_Episodes_Felony,8,130,0.33190664649009705
xgboost,Prior_Arrest_Episodes_Felony,8,131,0.4761524498462677
xgboost,Prior_Arrest_Episodes_Felony,8,132,0.7986791729927063
xgboost,Prior_Arrest_Episodes_Felony,8,133,0.7271703481674194
xgboost,Prior_Arrest_Episodes_Felony,8,134,0.5748540759086609
xgboost,Prior_Arrest_Episodes_Felony,8,135,0.8107993006706238
xgboost,Prior_Arrest_Episodes_Felony,8,136,0.7599948644638062
xgboost,Prior_Arrest_Episodes_Felony,8,137,0.7348718643188477
xgboost,Prior_Arrest_Episodes_Felony,8,138,0.1595173329114914
xgboost,Prior_Arrest_Episodes_Felony,8,139,0.5199169516563416
xgboost,Prior_Arrest_Episodes_Felony,8,140,0.6285990476608276
xgboost,Prior_Arrest_Episodes_Felony,8,141,0.15970097482204437
xgboost,Prior_Arrest_Episodes_Felony,8,142,0.45068103075027466
xgboost,Prior_Arrest_Episodes_Felony,8,143,0.6373164653778076
xgboost,Prior_Arrest_Episodes_Felony,8,144,0.32918044924736023
xgboost,Prior_Arrest_Episodes_Felony,8,145,0.7124093174934387
xgboost,Prior_Arrest_Episodes_Felony,8,146,0.37452802062034607
xgboost,Prior_Arrest_Episodes_Felony,8,147,0.8466715216636658
xgboost,Prior_Arrest_Episodes_Felony,8,148,0.6404844522476196
xgboost,Prior_Arrest_Episodes_Felony,8,149,0.8204934000968933
xgboost,Prior_Arrest_Episodes_Felony,8,150,0.7877386212348938
xgboost,Prior_Arrest_Episodes_Felony,8,151,0.36855921149253845
xgboost,Prior_Arrest_Episodes_Felony,8,152,0.3826627731323242
xgboost,Prior_Arrest_Episodes_Felony,8,153,0.7388650178909302
xgboost,Prior_Arrest_Episodes_Felony,8,154,0.4290122091770172
xgboost,Prior_Arrest_Episodes_Felony,8,155,0.719731330871582
xgboost,Prior_Arrest_Episodes_Felony,8,156,0.8713713884353638
xgboost,Prior_Arrest_Episodes_Felony,8,157,0.8666447997093201
xgboost,Prior_Arrest_Episodes_Felony,8,158,0.838409960269928
xgboost,Prior_Arrest_Episodes_Felony,8,159,0.8544290065765381
xgboost,Prior_Arrest_Episodes_Felony,8,160,0.5020318031311035
xgboost,Prior_Arrest_Episodes_Felony,8,161,0.8302226662635803
xgboost,Prior_Arrest_Episodes_Felony,8,162,0.8529144525527954
xgboost,Prior_Arrest_Episodes_Felony,8,163,0.148375004529953
xgboost,Prior_Arrest_Episodes_Felony,8,164,0.7504740357398987
xgboost,Prior_Arrest_Episodes_Felony,8,165,0.7560083866119385
xgboost,Prior_Arrest_Episodes_Felony,8,166,0.8428223729133606
xgboost,Prior_Arrest_Episodes_Felony,8,167,0.524838924407959
xgboost,Prior_Arrest_Episodes_Felony,8,168,0.7567257285118103
xgboost,Prior_Arrest_Episodes_Felony,8,169,0.767212450504303
xgboost,Prior_Arrest_Episodes_Felony,8,170,0.8754145503044128
xgboost,Prior_Arrest_Episodes_Felony,8,171,0.9066346287727356
xgboost,Prior_Arrest_Episodes_Felony,8,172,0.7593753337860107
xgboost,Prior_Arrest_Episodes_Felony,8,173,0.3188154995441437
xgboost,Prior_Arrest_Episodes_Felony,8,174,0.3817894756793976
xgboost,Prior_Arrest_Episodes_Felony,8,175,0.11026255041360855
xgboost,Prior_Arrest_Episodes_Felony,8,176,0.7164221405982971
xgboost,Prior_Arrest_Episodes_Felony,8,177,0.44407525658607483
xgboost,Prior_Arrest_Episodes_Felony,8,178,0.4313907027244568
xgboost,Prior_Arrest_Episodes_Felony,8,179,0.6295607686042786
xgboost,Prior_Arrest_Episodes_Felony,8,180,0.5970522165298462
xgboost,Prior_Arrest_Episodes_Felony,8,181,0.8348358273506165
xgboost,Prior_Arrest_Episodes_Felony,8,182,0.859433114528656
xgboost,Prior_Arrest_Episodes_Felony,8,183,0.7589048743247986
xgboost,Prior_Arrest_Episodes_Felony,8,184,0.68287193775177
xgboost,Prior_Arrest_Episodes_Felony,8,185,0.8161017894744873
xgboost,Prior_Arrest_Episodes_Felony,8,186,0.45572179555892944
xgboost,Prior_Arrest_Episodes_Felony,8,187,0.8355473279953003
xgboost,Prior_Arrest_Episodes_Felony,8,188,0.48389720916748047
xgboost,Prior_Arrest_Episodes_Felony,8,189,0.6349880695343018
xgboost,Prior_Arrest_Episodes_Felony,8,190,0.6095041632652283
xgboost,Prior_Arrest_Episodes_Felony,8,191,0.8157208561897278
xgboost,Prior_Arrest_Episodes_Felony,8,192,0.6702824831008911
xgboost,Prior_Arrest_Episodes_Felony,8,193,0.35942596197128296
xgboost,Prior_Arrest_Episodes_Felony,8,194,0.5385897755622864
xgboost,Prior_Arrest_Episodes_Felony,8,195,0.6495815515518188
xgboost,Prior_Arrest_Episodes_Felony,8,196,0.5405917167663574
xgboost,Prior_Arrest_Episodes_Felony,8,197,0.3176858723163605
xgboost,Prior_Arrest_Episodes_Felony,8,198,0.8339278101921082
xgboost,Prior_Arrest_Episodes_Felony,8,199,0.6798965930938721
xgboost,Prior_Arrest_Episodes_Felony,9,0,0.8925145864486694
xgboost,Prior_Arrest_Episodes_Felony,9,1,0.803202211856842
xgboost,Prior_Arrest_Episodes_Felony,9,2,0.7070232033729553
xgboost,Prior_Arrest_Episodes_Felony,9,3,0.2673700153827667
xgboost,Prior_Arrest_Episodes_Felony,9,4,0.4879535138607025
xgboost,Prior_Arrest_Episodes_Felony,9,5,0.2512679696083069
xgboost,Prior_Arrest_Episodes_Felony,9,6,0.6719968318939209
xgboost,Prior_Arrest_Episodes_Felony,9,7,0.38136112689971924
xgboost,Prior_Arrest_Episodes_Felony,9,8,0.3365175426006317
xgboost,Prior_Arrest_Episodes_Felony,9,9,0.7156245112419128
xgboost,Prior_Arrest_Episodes_Felony,9,10,0.6273940801620483
xgboost,Prior_Arrest_Episodes_Felony,9,11,0.35938388109207153
xgboost,Prior_Arrest_Episodes_Felony,9,12,0.7882711291313171
xgboost,Prior_Arrest_Episodes_Felony,9,13,0.7319625020027161
xgboost,Prior_Arrest_Episodes_Felony,9,14,0.8280471563339233
xgboost,Prior_Arrest_Episodes_Felony,9,15,0.3702114522457123
xgboost,Prior_Arrest_Episodes_Felony,9,16,0.836492121219635
xgboost,Prior_Arrest_Episodes_Felony,9,17,0.567679762840271
xgboost,Prior_Arrest_Episodes_Felony,9,18,0.7236137390136719
xgboost,Prior_Arrest_Episodes_Felony,9,19,0.638882040977478
xgboost,Prior_Arrest_Episodes_Felony,9,20,0.4620590806007385
xgboost,Prior_Arrest_Episodes_Felony,9,21,0.720116376876831
xgboost,Prior_Arrest_Episodes_Felony,9,22,0.8186041116714478
xgboost,Prior_Arrest_Episodes_Felony,9,23,0.8792341947555542
xgboost,Prior_Arrest_Episodes_Felony,9,24,0.8871569037437439
xgboost,Prior_Arrest_Episodes_Felony,9,25,0.3060522973537445
xgboost,Prior_Arrest_Episodes_Felony,9,26,0.8455111384391785
xgboost,Prior_Arrest_Episodes_Felony,9,27,0.7478237152099609
xgboost,Prior_Arrest_Episodes_Felony,9,28,0.2294650822877884
xgboost,Prior_Arrest_Episodes_Felony,9,29,0.5203198194503784
xgboost,Prior_Arrest_Episodes_Felony,9,30,0.508773922920227
xgboost,Prior_Arrest_Episodes_Felony,9,31,0.33133405447006226
xgboost,Prior_Arrest_Episodes_Felony,9,32,0.20712518692016602
xgboost,Prior_Arrest_Episodes_Felony,9,33,0.6322211027145386
xgboost,Prior_Arrest_Episodes_Felony,9,34,0.4378259778022766
xgboost,Prior_Arrest_Episodes_Felony,9,35,0.5160489678382874
xgboost,Prior_Arrest_Episodes_Felony,9,36,0.6894292831420898
xgboost,Prior_Arrest_Episodes_Felony,9,37,0.47302353382110596
xgboost,Prior_Arrest_Episodes_Felony,9,38,0.3372912108898163
xgboost,Prior_Arrest_Episodes_Felony,9,39,0.6512450575828552
xgboost,Prior_Arrest_Episodes_Felony,9,40,0.22998911142349243
xgboost,Prior_Arrest_Episodes_Felony,9,41,0.8195703029632568
xgboost,Prior_Arrest_Episodes_Felony,9,42,0.7647850513458252
xgboost,Prior_Arrest_Episodes_Felony,9,43,0.7173938155174255
xgboost,Prior_Arrest_Episodes_Felony,9,44,0.7444273233413696
xgboost,Prior_Arrest_Episodes_Felony,9,45,0.6996567249298096
xgboost,Prior_Arrest_Episodes_Felony,9,46,0.57370924949646
xgboost,Prior_Arrest_Episodes_Felony,9,47,0.6319025158882141
xgboost,Prior_Arrest_Episodes_Felony,9,48,0.3357563018798828
xgboost,Prior_Arrest_Episodes_Felony,9,49,0.5048077702522278
xgboost,Prior_Arrest_Episodes_Felony,9,50,0.5973235964775085
xgboost,Prior_Arrest_Episodes_Felony,9,51,0.48212873935699463
xgboost,Prior_Arrest_Episodes_Felony,9,52,0.4032478332519531
xgboost,Prior_Arrest_Episodes_Felony,9,53,0.5289418697357178
xgboost,Prior_Arrest_Episodes_Felony,9,54,0.5709688663482666
xgboost,Prior_Arrest_Episodes_Felony,9,55,0.8029791116714478
xgboost,Prior_Arrest_Episodes_Felony,9,56,0.8336396217346191
xgboost,Prior_Arrest_Episodes_Felony,9,57,0.650791347026825
xgboost,Prior_Arrest_Episodes_Felony,9,58,0.47919005155563354
xgboost,Prior_Arrest_Episodes_Felony,9,59,0.6706975102424622
xgboost,Prior_Arrest_Episodes_Felony,9,60,0.7428844571113586
xgboost,Prior_Arrest_Episodes_Felony,9,61,0.8550602793693542
xgboost,Prior_Arrest_Episodes_Felony,9,62,0.4947599768638611
xgboost,Prior_Arrest_Episodes_Felony,9,63,0.6907342672348022
xgboost,Prior_Arrest_Episodes_Felony,9,64,0.7653560638427734
xgboost,Prior_Arrest_Episodes_Felony,9,65,0.6183836460113525
xgboost,Prior_Arrest_Episodes_Felony,9,66,0.372444748878479
xgboost,Prior_Arrest_Episodes_Felony,9,67,0.714373767375946
xgboost,Prior_Arrest_Episodes_Felony,9,68,0.575177788734436
xgboost,Prior_Arrest_Episodes_Felony,9,69,0.592544436454773
xgboost,Prior_Arrest_Episodes_Felony,9,70,0.4413466155529022
xgboost,Prior_Arrest_Episodes_Felony,9,71,0.900635838508606
xgboost,Prior_Arrest_Episodes_Felony,9,72,0.7906898856163025
xgboost,Prior_Arrest_Episodes_Felony,9,73,0.5568915605545044
xgboost,Prior_Arrest_Episodes_Felony,9,74,0.30285465717315674
xgboost,Prior_Arrest_Episodes_Felony,9,75,0.8191151022911072
xgboost,Prior_Arrest_Episodes_Felony,9,76,0.5751672983169556
xgboost,Prior_Arrest_Episodes_Felony,9,77,0.6014079451560974
xgboost,Prior_Arrest_Episodes_Felony,9,78,0.5855447053909302
xgboost,Prior_Arrest_Episodes_Felony,9,79,0.7520560622215271
xgboost,Prior_Arrest_Episodes_Felony,9,80,0.5174746513366699
xgboost,Prior_Arrest_Episodes_Felony,9,81,0.6316339373588562
xgboost,Prior_Arrest_Episodes_Felony,9,82,0.4742797017097473
xgboost,Prior_Arrest_Episodes_Felony,9,83,0.4894739091396332
xgboost,Prior_Arrest_Episodes_Felony,9,84,0.49111875891685486
xgboost,Prior_Arrest_Episodes_Felony,9,85,0.6301097273826599
xgboost,Prior_Arrest_Episodes_Felony,9,86,0.7824957370758057
xgboost,Prior_Arrest_Episodes_Felony,9,87,0.6448569893836975
xgboost,Prior_Arrest_Episodes_Felony,9,88,0.48745471239089966
xgboost,Prior_Arrest_Episodes_Felony,9,89,0.7687383890151978
xgboost,Prior_Arrest_Episodes_Felony,9,90,0.7673697471618652
xgboost,Prior_Arrest_Episodes_Felony,9,91,0.807766854763031
xgboost,Prior_Arrest_Episodes_Felony,9,92,0.6807925701141357
xgboost,Prior_Arrest_Episodes_Felony,9,93,0.7378293871879578
xgboost,Prior_Arrest_Episodes_Felony,9,94,0.6178717613220215
xgboost,Prior_Arrest_Episodes_Felony,9,95,0.6782340407371521
xgboost,Prior_Arrest_Episodes_Felony,9,96,0.6560367345809937
xgboost,Prior_Arrest_Episodes_Felony,9,97,0.38366803526878357
xgboost,Prior_Arrest_Episodes_Felony,9,98,0.6976380944252014
xgboost,Prior_Arrest_Episodes_Felony,9,99,0.43494802713394165
xgboost,Prior_Arrest_Episodes_Felony,9,100,0.767307698726654
xgboost,Prior_Arrest_Episodes_Felony,9,101,0.5781856775283813
xgboost,Prior_Arrest_Episodes_Felony,9,102,0.612875759601593
xgboost,Prior_Arrest_Episodes_Felony,9,103,0.8522506952285767
xgboost,Prior_Arrest_Episodes_Felony,9,104,0.7351230978965759
xgboost,Prior_Arrest_Episodes_Felony,9,105,0.43708091974258423
xgboost,Prior_Arrest_Episodes_Felony,9,106,0.8253286480903625
xgboost,Prior_Arrest_Episodes_Felony,9,107,0.4078335762023926
xgboost,Prior_Arrest_Episodes_Felony,9,108,0.5509135723114014
xgboost,Prior_Arrest_Episodes_Felony,9,109,0.6748295426368713
xgboost,Prior_Arrest_Episodes_Felony,9,110,0.37805044651031494
xgboost,Prior_Arrest_Episodes_Felony,9,111,0.49764201045036316
xgboost,Prior_Arrest_Episodes_Felony,9,112,0.5793293118476868
xgboost,Prior_Arrest_Episodes_Felony,9,113,0.4029190242290497
xgboost,Prior_Arrest_Episodes_Felony,9,114,0.27320921421051025
xgboost,Prior_Arrest_Episodes_Felony,9,115,0.86309415102005
xgboost,Prior_Arrest_Episodes_Felony,9,116,0.792955219745636
xgboost,Prior_Arrest_Episodes_Felony,9,117,0.6929091811180115
xgboost,Prior_Arrest_Episodes_Felony,9,118,0.746570885181427
xgboost,Prior_Arrest_Episodes_Felony,9,119,0.6725732088088989
xgboost,Prior_Arrest_Episodes_Felony,9,120,0.3007062077522278
xgboost,Prior_Arrest_Episodes_Felony,9,121,0.9251364469528198
xgboost,Prior_Arrest_Episodes_Felony,9,122,0.5827945470809937
xgboost,Prior_Arrest_Episodes_Felony,9,123,0.586224377155304
xgboost,Prior_Arrest_Episodes_Felony,9,124,0.7312508225440979
xgboost,Prior_Arrest_Episodes_Felony,9,125,0.47597789764404297
xgboost,Prior_Arrest_Episodes_Felony,9,126,0.5869458913803101
xgboost,Prior_Arrest_Episodes_Felony,9,127,0.8199163675308228
xgboost,Prior_Arrest_Episodes_Felony,9,128,0.6816653609275818
xgboost,Prior_Arrest_Episodes_Felony,9,129,0.6856075525283813
xgboost,Prior_Arrest_Episodes_Felony,9,130,0.3532177805900574
xgboost,Prior_Arrest_Episodes_Felony,9,131,0.4971317946910858
xgboost,Prior_Arrest_Episodes_Felony,9,132,0.8053845167160034
xgboost,Prior_Arrest_Episodes_Felony,9,133,0.7301602363586426
xgboost,Prior_Arrest_Episodes_Felony,9,134,0.5965957045555115
xgboost,Prior_Arrest_Episodes_Felony,9,135,0.8131124377250671
xgboost,Prior_Arrest_Episodes_Felony,9,136,0.768899142742157
xgboost,Prior_Arrest_Episodes_Felony,9,137,0.7396758794784546
xgboost,Prior_Arrest_Episodes_Felony,9,138,0.17011162638664246
xgboost,Prior_Arrest_Episodes_Felony,9,139,0.5388780832290649
xgboost,Prior_Arrest_Episodes_Felony,9,140,0.6496466398239136
xgboost,Prior_Arrest_Episodes_Felony,9,141,0.1681671440601349
xgboost,Prior_Arrest_Episodes_Felony,9,142,0.4536982774734497
xgboost,Prior_Arrest_Episodes_Felony,9,143,0.6565614342689514
xgboost,Prior_Arrest_Episodes_Felony,9,144,0.34321004152297974
xgboost,Prior_Arrest_Episodes_Felony,9,145,0.7255159020423889
xgboost,Prior_Arrest_Episodes_Felony,9,146,0.39414042234420776
xgboost,Prior_Arrest_Episodes_Felony,9,147,0.8506152033805847
xgboost,Prior_Arrest_Episodes_Felony,9,148,0.6508259773254395
xgboost,Prior_Arrest_Episodes_Felony,9,149,0.8277249336242676
xgboost,Prior_Arrest_Episodes_Felony,9,150,0.7885751724243164
xgboost,Prior_Arrest_Episodes_Felony,9,151,0.38714802265167236
xgboost,Prior_Arrest_Episodes_Felony,9,152,0.4042845368385315
xgboost,Prior_Arrest_Episodes_Felony,9,153,0.7412083148956299
xgboost,Prior_Arrest_Episodes_Felony,9,154,0.44675323367118835
xgboost,Prior_Arrest_Episodes_Felony,9,155,0.7294802069664001
xgboost,Prior_Arrest_Episodes_Felony,9,156,0.8732020854949951
xgboost,Prior_Arrest_Episodes_Felony,9,157,0.8699660897254944
xgboost,Prior_Arrest_Episodes_Felony,9,158,0.8453089594841003
xgboost,Prior_Arrest_Episodes_Felony,9,159,0.8564339876174927
xgboost,Prior_Arrest_Episodes_Felony,9,160,0.514164924621582
xgboost,Prior_Arrest_Episodes_Felony,9,161,0.8313405513763428
xgboost,Prior_Arrest_Episodes_Felony,9,162,0.860858678817749
xgboost,Prior_Arrest_Episodes_Felony,9,163,0.15811119973659515
xgboost,Prior_Arrest_Episodes_Felony,9,164,0.7542867064476013
xgboost,Prior_Arrest_Episodes_Felony,9,165,0.7582481503486633
xgboost,Prior_Arrest_Episodes_Felony,9,166,0.8441854119300842
xgboost,Prior_Arrest_Episodes_Felony,9,167,0.5440329909324646
xgboost,Prior_Arrest_Episodes_Felony,9,168,0.7602910995483398
xgboost,Prior_Arrest_Episodes_Felony,9,169,0.7703225612640381
xgboost,Prior_Arrest_Episodes_Felony,9,170,0.8839805722236633
xgboost,Prior_Arrest_Episodes_Felony,9,171,0.9111183285713196
xgboost,Prior_Arrest_Episodes_Felony,9,172,0.7647448182106018
xgboost,Prior_Arrest_Episodes_Felony,9,173,0.3394891917705536
xgboost,Prior_Arrest_Episodes_Felony,9,174,0.4009304344654083
xgboost,Prior_Arrest_Episodes_Felony,9,175,0.11784122884273529
xgboost,Prior_Arrest_Episodes_Felony,9,176,0.7217665910720825
xgboost,Prior_Arrest_Episodes_Felony,9,177,0.4652147889137268
xgboost,Prior_Arrest_Episodes_Felony,9,178,0.4412071108818054
xgboost,Prior_Arrest_Episodes_Felony,9,179,0.6330804824829102
xgboost,Prior_Arrest_Episodes_Felony,9,180,0.5995810031890869
xgboost,Prior_Arrest_Episodes_Felony,9,181,0.8361091017723083
xgboost,Prior_Arrest_Episodes_Felony,9,182,0.8629477620124817
xgboost,Prior_Arrest_Episodes_Felony,9,183,0.7658938765525818
xgboost,Prior_Arrest_Episodes_Felony,9,184,0.7029784321784973
xgboost,Prior_Arrest_Episodes_Felony,9,185,0.8168525099754333
xgboost,Prior_Arrest_Episodes_Felony,9,186,0.466004878282547
xgboost,Prior_Arrest_Episodes_Felony,9,187,0.8376147747039795
xgboost,Prior_Arrest_Episodes_Felony,9,188,0.5080455541610718
xgboost,Prior_Arrest_Episodes_Felony,9,189,0.6501089334487915
xgboost,Prior_Arrest_Episodes_Felony,9,190,0.6113951206207275
xgboost,Prior_Arrest_Episodes_Felony,9,191,0.8268810510635376
xgboost,Prior_Arrest_Episodes_Felony,9,192,0.6879305839538574
xgboost,Prior_Arrest_Episodes_Felony,9,193,0.37407734990119934
xgboost,Prior_Arrest_Episodes_Felony,9,194,0.5596394538879395
xgboost,Prior_Arrest_Episodes_Felony,9,195,0.6644765138626099
xgboost,Prior_Arrest_Episodes_Felony,9,196,0.5467973351478577
xgboost,Prior_Arrest_Episodes_Felony,9,197,0.33440911769866943
xgboost,Prior_Arrest_Episodes_Felony,9,198,0.8353798389434814
xgboost,Prior_Arrest_Episodes_Felony,9,199,0.6869460344314575
xgboost,Prior_Arrest_Episodes_Felony,10 or more,0,0.9040622115135193
xgboost,Prior_Arrest_Episodes_Felony,10 or more,1,0.8187189102172852
xgboost,Prior_Arrest_Episodes_Felony,10 or more,2,0.7386674284934998
xgboost,Prior_Arrest_Episodes_Felony,10 or more,3,0.3054855763912201
xgboost,Prior_Arrest_Episodes_Felony,10 or more,4,0.5148415565490723
xgboost,Prior_Arrest_Episodes_Felony,10 or more,5,0.26986369490623474
xgboost,Prior_Arrest_Episodes_Felony,10 or more,6,0.7038361430168152
xgboost,Prior_Arrest_Episodes_Felony,10 or more,7,0.42421606183052063
xgboost,Prior_Arrest_Episodes_Felony,10 or more,8,0.3630058467388153
xgboost,Prior_Arrest_Episodes_Felony,10 or more,9,0.7383993268013
xgboost,Prior_Arrest_Episodes_Felony,10 or more,10,0.6572379469871521
xgboost,Prior_Arrest_Episodes_Felony,10 or more,11,0.39640429615974426
xgboost,Prior_Arrest_Episodes_Felony,10 or more,12,0.8136797547340393
xgboost,Prior_Arrest_Episodes_Felony,10 or more,13,0.7662623524665833
xgboost,Prior_Arrest_Episodes_Felony,10 or more,14,0.8529371619224548
xgboost,Prior_Arrest_Episodes_Felony,10 or more,15,0.41060417890548706
xgboost,Prior_Arrest_Episodes_Felony,10 or more,16,0.8597999215126038
xgboost,Prior_Arrest_Episodes_Felony,10 or more,17,0.6025446057319641
xgboost,Prior_Arrest_Episodes_Felony,10 or more,18,0.7592307329177856
xgboost,Prior_Arrest_Episodes_Felony,10 or more,19,0.6761537790298462
xgboost,Prior_Arrest_Episodes_Felony,10 or more,20,0.5054394006729126
xgboost,Prior_Arrest_Episodes_Felony,10 or more,21,0.7415401935577393
xgboost,Prior_Arrest_Episodes_Felony,10 or more,22,0.8407257199287415
xgboost,Prior_Arrest_Episodes_Felony,10 or more,23,0.8901543617248535
xgboost,Prior_Arrest_Episodes_Felony,10 or more,24,0.8998500108718872
xgboost,Prior_Arrest_Episodes_Felony,10 or more,25,0.32509467005729675
xgboost,Prior_Arrest_Episodes_Felony,10 or more,26,0.8599812388420105
xgboost,Prior_Arrest_Episodes_Felony,10 or more,27,0.7817214727401733
xgboost,Prior_Arrest_Episodes_Felony,10 or more,28,0.2528350353240967
xgboost,Prior_Arrest_Episodes_Felony,10 or more,29,0.5509872436523438
xgboost,Prior_Arrest_Episodes_Felony,10 or more,30,0.5525993704795837
xgboost,Prior_Arrest_Episodes_Felony,10 or more,31,0.3508079946041107
xgboost,Prior_Arrest_Episodes_Felony,10 or more,32,0.23724302649497986
xgboost,Prior_Arrest_Episodes_Felony,10 or more,33,0.6800023317337036
xgboost,Prior_Arrest_Episodes_Felony,10 or more,34,0.47912758588790894
xgboost,Prior_Arrest_Episodes_Felony,10 or more,35,0.545711100101471
xgboost,Prior_Arrest_Episodes_Felony,10 or more,36,0.7239527702331543
xgboost,Prior_Arrest_Episodes_Felony,10 or more,37,0.5262167453765869
xgboost,Prior_Arrest_Episodes_Felony,10 or more,38,0.375251442193985
xgboost,Prior_Arrest_Episodes_Felony,10 or more,39,0.6804915070533752
xgboost,Prior_Arrest_Episodes_Felony,10 or more,40,0.2606844902038574
xgboost,Prior_Arrest_Episodes_Felony,10 or more,41,0.8360178470611572
xgboost,Prior_Arrest_Episodes_Felony,10 or more,42,0.8028330206871033
xgboost,Prior_Arrest_Episodes_Felony,10 or more,43,0.7499954700469971
xgboost,Prior_Arrest_Episodes_Felony,10 or more,44,0.7825253009796143
xgboost,Prior_Arrest_Episodes_Felony,10 or more,45,0.7222453951835632
xgboost,Prior_Arrest_Episodes_Felony,10 or more,46,0.6150801181793213
xgboost,Prior_Arrest_Episodes_Felony,10 or more,47,0.6723793745040894
xgboost,Prior_Arrest_Episodes_Felony,10 or more,48,0.3573989272117615
xgboost,Prior_Arrest_Episodes_Felony,10 or more,49,0.530584454536438
xgboost,Prior_Arrest_Episodes_Felony,10 or more,50,0.6349976062774658
xgboost,Prior_Arrest_Episodes_Felony,10 or more,51,0.5340243577957153
xgboost,Prior_Arrest_Episodes_Felony,10 or more,52,0.43030214309692383
xgboost,Prior_Arrest_Episodes_Felony,10 or more,53,0.5701857209205627
xgboost,Prior_Arrest_Episodes_Felony,10 or more,54,0.6162539124488831
xgboost,Prior_Arrest_Episodes_Felony,10 or more,55,0.8303952813148499
xgboost,Prior_Arrest_Episodes_Felony,10 or more,56,0.8497779965400696
xgboost,Prior_Arrest_Episodes_Felony,10 or more,57,0.6866580843925476
xgboost,Prior_Arrest_Episodes_Felony,10 or more,58,0.5006006956100464
xgboost,Prior_Arrest_Episodes_Felony,10 or more,59,0.7015615105628967
xgboost,Prior_Arrest_Episodes_Felony,10 or more,60,0.7823047041893005
xgboost,Prior_Arrest_Episodes_Felony,10 or more,61,0.8725661039352417
xgboost,Prior_Arrest_Episodes_Felony,10 or more,62,0.5251466631889343
xgboost,Prior_Arrest_Episodes_Felony,10 or more,63,0.7375279664993286
xgboost,Prior_Arrest_Episodes_Felony,10 or more,64,0.7888662219047546
xgboost,Prior_Arrest_Episodes_Felony,10 or more,65,0.663060188293457
xgboost,Prior_Arrest_Episodes_Felony,10 or more,66,0.4168807566165924
xgboost,Prior_Arrest_Episodes_Felony,10 or more,67,0.7593970894813538
xgboost,Prior_Arrest_Episodes_Felony,10 or more,68,0.6035911440849304
xgboost,Prior_Arrest_Episodes_Felony,10 or more,69,0.6295594573020935
xgboost,Prior_Arrest_Episodes_Felony,10 or more,70,0.46799319982528687
xgboost,Prior_Arrest_Episodes_Felony,10 or more,71,0.9091412425041199
xgboost,Prior_Arrest_Episodes_Felony,10 or more,72,0.8092524409294128
xgboost,Prior_Arrest_Episodes_Felony,10 or more,73,0.5823869705200195
xgboost,Prior_Arrest_Episodes_Felony,10 or more,74,0.3206750154495239
xgboost,Prior_Arrest_Episodes_Felony,10 or more,75,0.8344694972038269
xgboost,Prior_Arrest_Episodes_Felony,10 or more,76,0.618196427822113
xgboost,Prior_Arrest_Episodes_Felony,10 or more,77,0.6308881640434265
xgboost,Prior_Arrest_Episodes_Felony,10 or more,78,0.6272624731063843
xgboost,Prior_Arrest_Episodes_Felony,10 or more,79,0.7882862687110901
xgboost,Prior_Arrest_Episodes_Felony,10 or more,80,0.5440301299095154
xgboost,Prior_Arrest_Episodes_Felony,10 or more,81,0.6583392024040222
xgboost,Prior_Arrest_Episodes_Felony,10 or more,82,0.4993795156478882
xgboost,Prior_Arrest_Episodes_Felony,10 or more,83,0.5320279598236084
xgboost,Prior_Arrest_Episodes_Felony,10 or more,84,0.543860673904419
xgboost,Prior_Arrest_Episodes_Felony,10 or more,85,0.6554201245307922
xgboost,Prior_Arrest_Episodes_Felony,10 or more,86,0.8005925416946411
xgboost,Prior_Arrest_Episodes_Felony,10 or more,87,0.6687427163124084
xgboost,Prior_Arrest_Episodes_Felony,10 or more,88,0.5193883776664734
xgboost,Prior_Arrest_Episodes_Felony,10 or more,89,0.7894923686981201
xgboost,Prior_Arrest_Episodes_Felony,10 or more,90,0.7877628803253174
xgboost,Prior_Arrest_Episodes_Felony,10 or more,91,0.8224703073501587
xgboost,Prior_Arrest_Episodes_Felony,10 or more,92,0.7038230299949646
xgboost,Prior_Arrest_Episodes_Felony,10 or more,93,0.778468906879425
xgboost,Prior_Arrest_Episodes_Felony,10 or more,94,0.653243362903595
xgboost,Prior_Arrest_Episodes_Felony,10 or more,95,0.7278746962547302
xgboost,Prior_Arrest_Episodes_Felony,10 or more,96,0.6963415145874023
xgboost,Prior_Arrest_Episodes_Felony,10 or more,97,0.42226076126098633
xgboost,Prior_Arrest_Episodes_Felony,10 or more,98,0.7219638824462891
xgboost,Prior_Arrest_Episodes_Felony,10 or more,99,0.4749933183193207
xgboost,Prior_Arrest_Episodes_Felony,10 or more,100,0.7860910296440125
xgboost,Prior_Arrest_Episodes_Felony,10 or more,101,0.6209809184074402
xgboost,Prior_Arrest_Episodes_Felony,10 or more,102,0.6485816240310669
xgboost,Prior_Arrest_Episodes_Felony,10 or more,103,0.8736860156059265
xgboost,Prior_Arrest_Episodes_Felony,10 or more,104,0.7678490281105042
xgboost,Prior_Arrest_Episodes_Felony,10 or more,105,0.47990545630455017
xgboost,Prior_Arrest_Episodes_Felony,10 or more,106,0.8537605404853821
xgboost,Prior_Arrest_Episodes_Felony,10 or more,107,0.4419204294681549
xgboost,Prior_Arrest_Episodes_Felony,10 or more,108,0.6005521416664124
xgboost,Prior_Arrest_Episodes_Felony,10 or more,109,0.711472749710083
xgboost,Prior_Arrest_Episodes_Felony,10 or more,110,0.41867539286613464
xgboost,Prior_Arrest_Episodes_Felony,10 or more,111,0.5276108980178833
xgboost,Prior_Arrest_Episodes_Felony,10 or more,112,0.6141834855079651
xgboost,Prior_Arrest_Episodes_Felony,10 or more,113,0.42217597365379333
xgboost,Prior_Arrest_Episodes_Felony,10 or more,114,0.29081690311431885
xgboost,Prior_Arrest_Episodes_Felony,10 or more,115,0.8764604926109314
xgboost,Prior_Arrest_Episodes_Felony,10 or more,116,0.8209391832351685
xgboost,Prior_Arrest_Episodes_Felony,10 or more,117,0.729479193687439
xgboost,Prior_Arrest_Episodes_Felony,10 or more,118,0.7850563526153564
xgboost,Prior_Arrest_Episodes_Felony,10 or more,119,0.705195963382721
xgboost,Prior_Arrest_Episodes_Felony,10 or more,120,0.34454041719436646
xgboost,Prior_Arrest_Episodes_Felony,10 or more,121,0.9339789748191833
xgboost,Prior_Arrest_Episodes_Felony,10 or more,122,0.6247371435165405
xgboost,Prior_Arrest_Episodes_Felony,10 or more,123,0.6275168657302856
xgboost,Prior_Arrest_Episodes_Felony,10 or more,124,0.7735397219657898
xgboost,Prior_Arrest_Episodes_Felony,10 or more,125,0.5037046670913696
xgboost,Prior_Arrest_Episodes_Felony,10 or more,126,0.635472297668457
xgboost,Prior_Arrest_Episodes_Felony,10 or more,127,0.8372877836227417
xgboost,Prior_Arrest_Episodes_Felony,10 or more,128,0.725380003452301
xgboost,Prior_Arrest_Episodes_Felony,10 or more,129,0.7341852188110352
xgboost,Prior_Arrest_Episodes_Felony,10 or more,130,0.38568049669265747
xgboost,Prior_Arrest_Episodes_Felony,10 or more,131,0.5267400145530701
xgboost,Prior_Arrest_Episodes_Felony,10 or more,132,0.8359407782554626
xgboost,Prior_Arrest_Episodes_Felony,10 or more,133,0.752016007900238
xgboost,Prior_Arrest_Episodes_Felony,10 or more,134,0.6314611434936523
xgboost,Prior_Arrest_Episodes_Felony,10 or more,135,0.8306230902671814
xgboost,Prior_Arrest_Episodes_Felony,10 or more,136,0.8011364340782166
xgboost,Prior_Arrest_Episodes_Felony,10 or more,137,0.7676112055778503
xgboost,Prior_Arrest_Episodes_Felony,10 or more,138,0.18891870975494385
xgboost,Prior_Arrest_Episodes_Felony,10 or more,139,0.5578767657279968
xgboost,Prior_Arrest_Episodes_Felony,10 or more,140,0.6816774010658264
xgboost,Prior_Arrest_Episodes_Felony,10 or more,141,0.19308465719223022
xgboost,Prior_Arrest_Episodes_Felony,10 or more,142,0.48124176263809204
xgboost,Prior_Arrest_Episodes_Felony,10 or more,143,0.6877027153968811
xgboost,Prior_Arrest_Episodes_Felony,10 or more,144,0.3795627951622009
xgboost,Prior_Arrest_Episodes_Felony,10 or more,145,0.7575593590736389
xgboost,Prior_Arrest_Episodes_Felony,10 or more,146,0.42636018991470337
xgboost,Prior_Arrest_Episodes_Felony,10 or more,147,0.8698459267616272
xgboost,Prior_Arrest_Episodes_Felony,10 or more,148,0.6968990564346313
xgboost,Prior_Arrest_Episodes_Felony,10 or more,149,0.8563019633293152
xgboost,Prior_Arrest_Episodes_Felony,10 or more,150,0.804160475730896
xgboost,Prior_Arrest_Episodes_Felony,10 or more,151,0.40776747465133667
xgboost,Prior_Arrest_Episodes_Felony,10 or more,152,0.43922945857048035
xgboost,Prior_Arrest_Episodes_Felony,10 or more,153,0.7612089514732361
xgboost,Prior_Arrest_Episodes_Felony,10 or more,154,0.4712379276752472
xgboost,Prior_Arrest_Episodes_Felony,10 or more,155,0.7671531438827515
xgboost,Prior_Arrest_Episodes_Felony,10 or more,156,0.8861345052719116
xgboost,Prior_Arrest_Episodes_Felony,10 or more,157,0.8888970613479614
xgboost,Prior_Arrest_Episodes_Felony,10 or more,158,0.8686653971672058
xgboost,Prior_Arrest_Episodes_Felony,10 or more,159,0.8687347769737244
xgboost,Prior_Arrest_Episodes_Felony,10 or more,160,0.5594791173934937
xgboost,Prior_Arrest_Episodes_Felony,10 or more,161,0.8455808758735657
xgboost,Prior_Arrest_Episodes_Felony,10 or more,162,0.8855105638504028
xgboost,Prior_Arrest_Episodes_Felony,10 or more,163,0.17140181362628937
xgboost,Prior_Arrest_Episodes_Felony,10 or more,164,0.7791786193847656
xgboost,Prior_Arrest_Episodes_Felony,10 or more,165,0.776738703250885
xgboost,Prior_Arrest_Episodes_Felony,10 or more,166,0.8589755296707153
xgboost,Prior_Arrest_Episodes_Felony,10 or more,167,0.594407320022583
xgboost,Prior_Arrest_Episodes_Felony,10 or more,168,0.7843946218490601
xgboost,Prior_Arrest_Episodes_Felony,10 or more,169,0.7906015515327454
xgboost,Prior_Arrest_Episodes_Felony,10 or more,170,0.9032208919525146
xgboost,Prior_Arrest_Episodes_Felony,10 or more,171,0.9273729920387268
xgboost,Prior_Arrest_Episodes_Felony,10 or more,172,0.7951893210411072
xgboost,Prior_Arrest_Episodes_Felony,10 or more,173,0.372936874628067
xgboost,Prior_Arrest_Episodes_Felony,10 or more,174,0.42350584268569946
xgboost,Prior_Arrest_Episodes_Felony,10 or more,175,0.12917372584342957
xgboost,Prior_Arrest_Episodes_Felony,10 or more,176,0.749186098575592
xgboost,Prior_Arrest_Episodes_Felony,10 or more,177,0.49816012382507324
xgboost,Prior_Arrest_Episodes_Felony,10 or more,178,0.4843573272228241
xgboost,Prior_Arrest_Episodes_Felony,10 or more,179,0.6613066792488098
xgboost,Prior_Arrest_Episodes_Felony,10 or more,180,0.6278402209281921
xgboost,Prior_Arrest_Episodes_Felony,10 or more,181,0.850820004940033
xgboost,Prior_Arrest_Episodes_Felony,10 or more,182,0.8808063864707947
xgboost,Prior_Arrest_Episodes_Felony,10 or more,183,0.7965148687362671
xgboost,Prior_Arrest_Episodes_Felony,10 or more,184,0.735877275466919
xgboost,Prior_Arrest_Episodes_Felony,10 or more,185,0.8325876593589783
xgboost,Prior_Arrest_Episodes_Felony,10 or more,186,0.511875331401825
xgboost,Prior_Arrest_Episodes_Felony,10 or more,187,0.8520917296409607
xgboost,Prior_Arrest_Episodes_Felony,10 or more,188,0.54209965467453
xgboost,Prior_Arrest_Episodes_Felony,10 or more,189,0.6882631182670593
xgboost,Prior_Arrest_Episodes_Felony,10 or more,190,0.6378615498542786
xgboost,Prior_Arrest_Episodes_Felony,10 or more,191,0.8525605797767639
xgboost,Prior_Arrest_Episodes_Felony,10 or more,192,0.7317842841148376
xgboost,Prior_Arrest_Episodes_Felony,10 or more,193,0.41617387533187866
xgboost,Prior_Arrest_Episodes_Felony,10 or more,194,0.6087382435798645
xgboost,Prior_Arrest_Episodes_Felony,10 or more,195,0.7123365998268127
xgboost,Prior_Arrest_Episodes_Felony,10 or more,196,0.5856189727783203
xgboost,Prior_Arrest_Episodes_Felony,10 or more,197,0.3574164807796478
xgboost,Prior_Arrest_Episodes_Felony,10 or more,198,0.8506180644035339
xgboost,Prior_Arrest_Episodes_Felony,10 or more,199,0.7257515788078308
tabicl,Prior_Arrest_Episodes_Felony,0,0,0.8642243146896362
tabicl,Prior_Arrest_Episodes_Felony,0,1,0.749994158744812
tabicl,Prior_Arrest_Episodes_Felony,0,2,0.6655827164649963
tabicl,Prior_Arrest_Episodes_Felony,0,3,0.26292386651039124
tabicl,Prior_Arrest_Episodes_Felony,0,4,0.37186187505722046
tabicl,Prior_Arrest_Episodes_Felony,0,5,0.15351420640945435
tabicl,Prior_Arrest_Episodes_Felony,0,6,0.5391824841499329
tabicl,Prior_Arrest_Episodes_Felony,0,7,0.3037475347518921
tabicl,Prior_Arrest_Episodes_Felony,0,8,0.29348909854888916
tabicl,Prior_Arrest_Episodes_Felony,0,9,0.6519445776939392
tabicl,Prior_Arrest_Episodes_Felony,0,10,0.5515244603157043
tabicl,Prior_Arrest_Episodes_Felony,0,11,0.26296842098236084
tabicl,Prior_Arrest_Episodes_Felony,0,12,0.7587702870368958
tabicl,Prior_Arrest_Episodes_Felony,0,13,0.6252524256706238
tabicl,Prior_Arrest_Episodes_Felony,0,14,0.7452462911605835
tabicl,Prior_Arrest_Episodes_Felony,0,15,0.3066549599170685
tabicl,Prior_Arrest_Episodes_Felony,0,16,0.8011623620986938
tabicl,Prior_Arrest_Episodes_Felony,0,17,0.4768598973751068
tabicl,Prior_Arrest_Episodes_Felony,0,18,0.6083327531814575
tabicl,Prior_Arrest_Episodes_Felony,0,19,0.5832492709159851
tabicl,Prior_Arrest_Episodes_Felony,0,20,0.4439539909362793
tabicl,Prior_Arrest_Episodes_Felony,0,21,0.5903576612472534
tabicl,Prior_Arrest_Episodes_Felony,0,22,0.7510986924171448
tabicl,Prior_Arrest_Episodes_Felony,0,23,0.8316141963005066
tabicl,Prior_Arrest_Episodes_Felony,0,24,0.8654592037200928
tabicl,Prior_Arrest_Episodes_Felony,0,25,0.26313719153404236
tabicl,Prior_Arrest_Episodes_Felony,0,26,0.8048309683799744
tabicl,Prior_Arrest_Episodes_Felony,0,27,0.6951776146888733
tabicl,Prior_Arrest_Episodes_Felony,0,28,0.16905367374420166
tabicl,Prior_Arrest_Episodes_Felony,0,29,0.46536943316459656
tabicl,Prior_Arrest_Episodes_Felony,0,30,0.40516024827957153
tabicl,Prior_Arrest_Episodes_Felony,0,31,0.21167977154254913
tabicl,Prior_Arrest_Episodes_Felony,0,32,0.15769252181053162
tabicl,Prior_Arrest_Episodes_Felony,0,33,0.5306441187858582
tabicl,Prior_Arrest_Episodes_Felony,0,34,0.35546502470970154
tabicl,Prior_Arrest_Episodes_Felony,0,35,0.3569740355014801
tabicl,Prior_Arrest_Episodes_Felony,0,36,0.6331055164337158
tabicl,Prior_Arrest_Episodes_Felony,0,37,0.36674875020980835
tabicl,Prior_Arrest_Episodes_Felony,0,38,0.2315487265586853
tabicl,Prior_Arrest_Episodes_Felony,0,39,0.5740191340446472
tabicl,Prior_Arrest_Episodes_Felony,0,40,0.16269613802433014
tabicl,Prior_Arrest_Episodes_Felony,0,41,0.8298466801643372
tabicl,Prior_Arrest_Episodes_Felony,0,42,0.6650366187095642
tabicl,Prior_Arrest_Episodes_Felony,0,43,0.6619789600372314
tabicl,Prior_Arrest_Episodes_Felony,0,44,0.6932395696640015
tabicl,Prior_Arrest_Episodes_Felony,0,45,0.6459425687789917
tabicl,Prior_Arrest_Episodes_Felony,0,46,0.5184549689292908
tabicl,Prior_Arrest_Episodes_Felony,0,47,0.4770314395427704
tabicl,Prior_Arrest_Episodes_Felony,0,48,0.2989610433578491
tabicl,Prior_Arrest_Episodes_Felony,0,49,0.4119078814983368
tabicl,Prior_Arrest_Episodes_Felony,0,50,0.48532670736312866
tabicl,Prior_Arrest_Episodes_Felony,0,51,0.3365090489387512
tabicl,Prior_Arrest_Episodes_Felony,0,52,0.3007872998714447
tabicl,Prior_Arrest_Episodes_Felony,0,53,0.4148525297641754
tabicl,Prior_Arrest_Episodes_Felony,0,54,0.45403242111206055
tabicl,Prior_Arrest_Episodes_Felony,0,55,0.7975032329559326
tabicl,Prior_Arrest_Episodes_Felony,0,56,0.7662719488143921
tabicl,Prior_Arrest_Episodes_Felony,0,57,0.564538836479187
tabicl,Prior_Arrest_Episodes_Felony,0,58,0.41959571838378906
tabicl,Prior_Arrest_Episodes_Felony,0,59,0.5946211218833923
tabicl,Prior_Arrest_Episodes_Felony,0,60,0.6634841561317444
tabicl,Prior_Arrest_Episodes_Felony,0,61,0.8067042827606201
tabicl,Prior_Arrest_Episodes_Felony,0,62,0.3820250332355499
tabicl,Prior_Arrest_Episodes_Felony,0,63,0.6196246147155762
tabicl,Prior_Arrest_Episodes_Felony,0,64,0.7760375738143921
tabicl,Prior_Arrest_Episodes_Felony,0,65,0.5281774401664734
tabicl,Prior_Arrest_Episodes_Felony,0,66,0.3144075274467468
tabicl,Prior_Arrest_Episodes_Felony,0,67,0.6524168252944946
tabicl,Prior_Arrest_Episodes_Felony,0,68,0.5050137639045715
tabicl,Prior_Arrest_Episodes_Felony,0,69,0.5799450874328613
tabicl,Prior_Arrest_Episodes_Felony,0,70,0.36792340874671936
tabicl,Prior_Arrest_Episodes_Felony,0,71,0.8683541417121887
tabicl,Prior_Arrest_Episodes_Felony,0,72,0.7096202373504639
tabicl,Prior_Arrest_Episodes_Felony,0,73,0.4239517152309418
tabicl,Prior_Arrest_Episodes_Felony,0,74,0.24264156818389893
tabicl,Prior_Arrest_Episodes_Felony,0,75,0.7703644037246704
tabicl,Prior_Arrest_Episodes_Felony,0,76,0.5317651033401489
tabicl,Prior_Arrest_Episodes_Felony,0,77,0.4926441013813019
tabicl,Prior_Arrest_Episodes_Felony,0,78,0.4619450867176056
tabicl,Prior_Arrest_Episodes_Felony,0,79,0.6361809372901917
tabicl,Prior_Arrest_Episodes_Felony,0,80,0.4113937318325043
tabicl,Prior_Arrest_Episodes_Felony,0,81,0.5485532879829407
tabicl,Prior_Arrest_Episodes_Felony,0,82,0.4138847291469574
tabicl,Prior_Arrest_Episodes_Felony,0,83,0.4558104872703552
tabicl,Prior_Arrest_Episodes_Felony,0,84,0.3996693193912506
tabicl,Prior_Arrest_Episodes_Felony,0,85,0.5254111886024475
tabicl,Prior_Arrest_Episodes_Felony,0,86,0.735019326210022
tabicl,Prior_Arrest_Episodes_Felony,0,87,0.5311592817306519
tabicl,Prior_Arrest_Episodes_Felony,0,88,0.412725031375885
tabicl,Prior_Arrest_Episodes_Felony,0,89,0.7743085622787476
tabicl,Prior_Arrest_Episodes_Felony,0,90,0.6658794283866882
tabicl,Prior_Arrest_Episodes_Felony,0,91,0.7211095690727234
tabicl,Prior_Arrest_Episodes_Felony,0,92,0.5915681719779968
tabicl,Prior_Arrest_Episodes_Felony,0,93,0.6084873080253601
tabicl,Prior_Arrest_Episodes_Felony,0,94,0.582933783531189
tabicl,Prior_Arrest_Episodes_Felony,0,95,0.5938846468925476
tabicl,Prior_Arrest_Episodes_Felony,0,96,0.5595009326934814
tabicl,Prior_Arrest_Episodes_Felony,0,97,0.2623954713344574
tabicl,Prior_Arrest_Episodes_Felony,0,98,0.6383422613143921
tabicl,Prior_Arrest_Episodes_Felony,0,99,0.30511733889579773
tabicl,Prior_Arrest_Episodes_Felony,0,100,0.6498830914497375
tabicl,Prior_Arrest_Episodes_Felony,0,101,0.4691808521747589
tabicl,Prior_Arrest_Episodes_Felony,0,102,0.5266116857528687
tabicl,Prior_Arrest_Episodes_Felony,0,103,0.8050965666770935
tabicl,Prior_Arrest_Episodes_Felony,0,104,0.6761932373046875
tabicl,Prior_Arrest_Episodes_Felony,0,105,0.3013516068458557
tabicl,Prior_Arrest_Episodes_Felony,0,106,0.7922759652137756
tabicl,Prior_Arrest_Episodes_Felony,0,107,0.29685527086257935
tabicl,Prior_Arrest_Episodes_Felony,0,108,0.41660240292549133
tabicl,Prior_Arrest_Episodes_Felony,0,109,0.5770720839500427
tabicl,Prior_Arrest_Episodes_Felony,0,110,0.3256281912326813
tabicl,Prior_Arrest_Episodes_Felony,0,111,0.3944380581378937
tabicl,Prior_Arrest_Episodes_Felony,0,112,0.512661874294281
tabicl,Prior_Arrest_Episodes_Felony,0,113,0.34162992238998413
tabicl,Prior_Arrest_Episodes_Felony,0,114,0.1740824580192566
tabicl,Prior_Arrest_Episodes_Felony,0,115,0.838718593120575
tabicl,Prior_Arrest_Episodes_Felony,0,116,0.7511757612228394
tabicl,Prior_Arrest_Episodes_Felony,0,117,0.6338789463043213
tabicl,Prior_Arrest_Episodes_Felony,0,118,0.613419771194458
tabicl,Prior_Arrest_Episodes_Felony,0,119,0.5598574280738831
tabicl,Prior_Arrest_Episodes_Felony,0,120,0.22344407439231873
tabicl,Prior_Arrest_Episodes_Felony,0,121,0.9311882257461548
tabicl,Prior_Arrest_Episodes_Felony,0,122,0.4933905005455017
tabicl,Prior_Arrest_Episodes_Felony,0,123,0.47730597853660583
tabicl,Prior_Arrest_Episodes_Felony,0,124,0.6967028379440308
tabicl,Prior_Arrest_Episodes_Felony,0,125,0.3732672333717346
tabicl,Prior_Arrest_Episodes_Felony,0,126,0.48677441477775574
tabicl,Prior_Arrest_Episodes_Felony,0,127,0.7609330415725708
tabicl,Prior_Arrest_Episodes_Felony,0,128,0.6142873764038086
tabicl,Prior_Arrest_Episodes_Felony,0,129,0.6228830814361572
tabicl,Prior_Arrest_Episodes_Felony,0,130,0.2520735561847687
tabicl,Prior_Arrest_Episodes_Felony,0,131,0.3860146105289459
tabicl,Prior_Arrest_Episodes_Felony,0,132,0.7314529418945312
tabicl,Prior_Arrest_Episodes_Felony,0,133,0.6132609844207764
tabicl,Prior_Arrest_Episodes_Felony,0,134,0.5103906989097595
tabicl,Prior_Arrest_Episodes_Felony,0,135,0.7688345909118652
tabicl,Prior_Arrest_Episodes_Felony,0,136,0.7202528119087219
tabicl,Prior_Arrest_Episodes_Felony,0,137,0.6626914143562317
tabicl,Prior_Arrest_Episodes_Felony,0,138,0.1647258996963501
tabicl,Prior_Arrest_Episodes_Felony,0,139,0.4725073575973511
tabicl,Prior_Arrest_Episodes_Felony,0,140,0.580761730670929
tabicl,Prior_Arrest_Episodes_Felony,0,141,0.10581466555595398
tabicl,Prior_Arrest_Episodes_Felony,0,142,0.40028661489486694
tabicl,Prior_Arrest_Episodes_Felony,0,143,0.5813576579093933
tabicl,Prior_Arrest_Episodes_Felony,0,144,0.2666652500629425
tabicl,Prior_Arrest_Episodes_Felony,0,145,0.7151715159416199
tabicl,Prior_Arrest_Episodes_Felony,0,146,0.3613528907299042
tabicl,Prior_Arrest_Episodes_Felony,0,147,0.8218763470649719
tabicl,Prior_Arrest_Episodes_Felony,0,148,0.5286871790885925
tabicl,Prior_Arrest_Episodes_Felony,0,149,0.8108273148536682
tabicl,Prior_Arrest_Episodes_Felony,0,150,0.700980007648468
tabicl,Prior_Arrest_Episodes_Felony,0,151,0.2960982024669647
tabicl,Prior_Arrest_Episodes_Felony,0,152,0.32513266801834106
tabicl,Prior_Arrest_Episodes_Felony,0,153,0.6651625037193298
tabicl,Prior_Arrest_Episodes_Felony,0,154,0.4014109671115875
tabicl,Prior_Arrest_Episodes_Felony,0,155,0.6514859199523926
tabicl,Prior_Arrest_Episodes_Felony,0,156,0.821621835231781
tabicl,Prior_Arrest_Episodes_Felony,0,157,0.8399976491928101
tabicl,Prior_Arrest_Episodes_Felony,0,158,0.817101240158081
tabicl,Prior_Arrest_Episodes_Felony,0,159,0.7851131558418274
tabicl,Prior_Arrest_Episodes_Felony,0,160,0.42419299483299255
tabicl,Prior_Arrest_Episodes_Felony,0,161,0.7772718071937561
tabicl,Prior_Arrest_Episodes_Felony,0,162,0.8385303020477295
tabicl,Prior_Arrest_Episodes_Felony,0,163,0.151023268699646
tabicl,Prior_Arrest_Episodes_Felony,0,164,0.7458630204200745
tabicl,Prior_Arrest_Episodes_Felony,0,165,0.6804887056350708
tabicl,Prior_Arrest_Episodes_Felony,0,166,0.8317813277244568
tabicl,Prior_Arrest_Episodes_Felony,0,167,0.4030584990978241
tabicl,Prior_Arrest_Episodes_Felony,0,168,0.7258549928665161
tabicl,Prior_Arrest_Episodes_Felony,0,169,0.6618462204933167
tabicl,Prior_Arrest_Episodes_Felony,0,170,0.8595704436302185
tabicl,Prior_Arrest_Episodes_Felony,0,171,0.9238725900650024
tabicl,Prior_Arrest_Episodes_Felony,0,172,0.6659216284751892
tabicl,Prior_Arrest_Episodes_Felony,0,173,0.2710685133934021
tabicl,Prior_Arrest_Episodes_Felony,0,174,0.34210070967674255
tabicl,Prior_Arrest_Episodes_Felony,0,175,0.10237497091293335
tabicl,Prior_Arrest_Episodes_Felony,0,176,0.6401975154876709
tabicl,Prior_Arrest_Episodes_Felony,0,177,0.3532734811306
tabicl,Prior_Arrest_Episodes_Felony,0,178,0.32615992426872253
tabicl,Prior_Arrest_Episodes_Felony,0,179,0.5155618190765381
tabicl,Prior_Arrest_Episodes_Felony,0,180,0.46074166893959045
tabicl,Prior_Arrest_Episodes_Felony,0,181,0.7724646329879761
tabicl,Prior_Arrest_Episodes_Felony,0,182,0.8354796171188354
tabicl,Prior_Arrest_Episodes_Felony,0,183,0.6953554153442383
tabicl,Prior_Arrest_Episodes_Felony,0,184,0.5802624225616455
tabicl,Prior_Arrest_Episodes_Felony,0,185,0.7683742642402649
tabicl,Prior_Arrest_Episodes_Felony,0,186,0.3834816813468933
tabicl,Prior_Arrest_Episodes_Felony,0,187,0.8471083641052246
tabicl,Prior_Arrest_Episodes_Felony,0,188,0.4618017375469208
tabicl,Prior_Arrest_Episodes_Felony,0,189,0.5643045902252197
tabicl,Prior_Arrest_Episodes_Felony,0,190,0.4908910393714905
tabicl,Prior_Arrest_Episodes_Felony,0,191,0.7837733030319214
tabicl,Prior_Arrest_Episodes_Felony,0,192,0.5844085812568665
tabicl,Prior_Arrest_Episodes_Felony,0,193,0.31811535358428955
tabicl,Prior_Arrest_Episodes_Felony,0,194,0.4877377450466156
tabicl,Prior_Arrest_Episodes_Felony,0,195,0.6171113848686218
tabicl,Prior_Arrest_Episodes_Felony,0,196,0.42476382851600647
tabicl,Prior_Arrest_Episodes_Felony,0,197,0.22975942492485046
tabicl,Prior_Arrest_Episodes_Felony,0,198,0.7958405613899231
tabicl,Prior_Arrest_Episodes_Felony,0,199,0.6274205446243286
tabicl,Prior_Arrest_Episodes_Felony,1,0,0.8410810232162476
tabicl,Prior_Arrest_Episodes_Felony,1,1,0.6998417377471924
tabicl,Prior_Arrest_Episodes_Felony,1,2,0.6209361553192139
tabicl,Prior_Arrest_Episodes_Felony,1,3,0.16091832518577576
tabicl,Prior_Arrest_Episodes_Felony,1,4,0.35873162746429443
tabicl,Prior_Arrest_Episodes_Felony,1,5,0.12768585979938507
tabicl,Prior_Arrest_Episodes_Felony,1,6,0.5065287351608276
tabicl,Prior_Arrest_Episodes_Felony,1,7,0.27745959162712097
tabicl,Prior_Arrest_Episodes_Felony,1,8,0.25454533100128174
tabicl,Prior_Arrest_Episodes_Felony,1,9,0.5838022828102112
tabicl,Prior_Arrest_Episodes_Felony,1,10,0.5053663849830627
tabicl,Prior_Arrest_Episodes_Felony,1,11,0.2414979636669159
tabicl,Prior_Arrest_Episodes_Felony,1,12,0.7188679575920105
tabicl,Prior_Arrest_Episodes_Felony,1,13,0.582301139831543
tabicl,Prior_Arrest_Episodes_Felony,1,14,0.6909327507019043
tabicl,Prior_Arrest_Episodes_Felony,1,15,0.25476253032684326
tabicl,Prior_Arrest_Episodes_Felony,1,16,0.7841744422912598
tabicl,Prior_Arrest_Episodes_Felony,1,17,0.42610421776771545
tabicl,Prior_Arrest_Episodes_Felony,1,18,0.5873464345932007
tabicl,Prior_Arrest_Episodes_Felony,1,19,0.5380655527114868
tabicl,Prior_Arrest_Episodes_Felony,1,20,0.39746010303497314
tabicl,Prior_Arrest_Episodes_Felony,1,21,0.5497702360153198
tabicl,Prior_Arrest_Episodes_Felony,1,22,0.7061229944229126
tabicl,Prior_Arrest_Episodes_Felony,1,23,0.8025709390640259
tabicl,Prior_Arrest_Episodes_Felony,1,24,0.8385645151138306
tabicl,Prior_Arrest_Episodes_Felony,1,25,0.22276535630226135
tabicl,Prior_Arrest_Episodes_Felony,1,26,0.7744791507720947
tabicl,Prior_Arrest_Episodes_Felony,1,27,0.6486948132514954
tabicl,Prior_Arrest_Episodes_Felony,1,28,0.13040585815906525
tabicl,Prior_Arrest_Episodes_Felony,1,29,0.41157224774360657
tabicl,Prior_Arrest_Episodes_Felony,1,30,0.36111804842948914
tabicl,Prior_Arrest_Episodes_Felony,1,31,0.17882350087165833
tabicl,Prior_Arrest_Episodes_Felony,1,32,0.11727532744407654
tabicl,Prior_Arrest_Episodes_Felony,1,33,0.48484671115875244
tabicl,Prior_Arrest_Episodes_Felony,1,34,0.303018718957901
tabicl,Prior_Arrest_Episodes_Felony,1,35,0.28877902030944824
tabicl,Prior_Arrest_Episodes_Felony,1,36,0.5836150050163269
tabicl,Prior_Arrest_Episodes_Felony,1,37,0.3241300880908966
tabicl,Prior_Arrest_Episodes_Felony,1,38,0.1861041635274887
tabicl,Prior_Arrest_Episodes_Felony,1,39,0.5180918574333191
tabicl,Prior_Arrest_Episodes_Felony,1,40,0.12546445429325104
tabicl,Prior_Arrest_Episodes_Felony,1,41,0.7999916076660156
tabicl,Prior_Arrest_Episodes_Felony,1,42,0.6155242323875427
tabicl,Prior_Arrest_Episodes_Felony,1,43,0.6142821907997131
tabicl,Prior_Arrest_Episodes_Felony,1,44,0.6393346190452576
tabicl,Prior_Arrest_Episodes_Felony,1,45,0.6002087593078613
tabicl,Prior_Arrest_Episodes_Felony,1,46,0.4740036725997925
tabicl,Prior_Arrest_Episodes_Felony,1,47,0.4395257830619812
tabicl,Prior_Arrest_Episodes_Felony,1,48,0.2566961944103241
tabicl,Prior_Arrest_Episodes_Felony,1,49,0.3943972885608673
tabicl,Prior_Arrest_Episodes_Felony,1,50,0.44623520970344543
tabicl,Prior_Arrest_Episodes_Felony,1,51,0.29997920989990234
tabicl,Prior_Arrest_Episodes_Felony,1,52,0.2634305953979492
tabicl,Prior_Arrest_Episodes_Felony,1,53,0.38158926367759705
tabicl,Prior_Arrest_Episodes_Felony,1,54,0.4297417998313904
tabicl,Prior_Arrest_Episodes_Felony,1,55,0.7523323893547058
tabicl,Prior_Arrest_Episodes_Felony,1,56,0.7539078593254089
tabicl,Prior_Arrest_Episodes_Felony,1,57,0.5008649826049805
tabicl,Prior_Arrest_Episodes_Felony,1,58,0.3743901252746582
tabicl,Prior_Arrest_Episodes_Felony,1,59,0.5376402735710144
tabicl,Prior_Arrest_Episodes_Felony,1,60,0.6146067976951599
tabicl,Prior_Arrest_Episodes_Felony,1,61,0.7755304574966431
tabicl,Prior_Arrest_Episodes_Felony,1,62,0.3558212220668793
tabicl,Prior_Arrest_Episodes_Felony,1,63,0.5732298493385315
tabicl,Prior_Arrest_Episodes_Felony,1,64,0.7475239634513855
tabicl,Prior_Arrest_Episodes_Felony,1,65,0.4694741666316986
tabicl,Prior_Arrest_Episodes_Felony,1,66,0.266467422246933
tabicl,Prior_Arrest_Episodes_Felony,1,67,0.6124595403671265
tabicl,Prior_Arrest_Episodes_Felony,1,68,0.4598034918308258
tabicl,Prior_Arrest_Episodes_Felony,1,69,0.5218433737754822
tabicl,Prior_Arrest_Episodes_Felony,1,70,0.33511683344841003
tabicl,Prior_Arrest_Episodes_Felony,1,71,0.847404420375824
tabicl,Prior_Arrest_Episodes_Felony,1,72,0.6572280526161194
tabicl,Prior_Arrest_Episodes_Felony,1,73,0.37310996651649475
tabicl,Prior_Arrest_Episodes_Felony,1,74,0.2078486829996109
tabicl,Prior_Arrest_Episodes_Felony,1,75,0.7208634614944458
tabicl,Prior_Arrest_Episodes_Felony,1,76,0.46907371282577515
tabicl,Prior_Arrest_Episodes_Felony,1,77,0.45167461037635803
tabicl,Prior_Arrest_Episodes_Felony,1,78,0.42715004086494446
tabicl,Prior_Arrest_Episodes_Felony,1,79,0.602082371711731
tabicl,Prior_Arrest_Episodes_Felony,1,80,0.32417333126068115
tabicl,Prior_Arrest_Episodes_Felony,1,81,0.527953028678894
tabicl,Prior_Arrest_Episodes_Felony,1,82,0.36314982175827026
tabicl,Prior_Arrest_Episodes_Felony,1,83,0.4048791825771332
tabicl,Prior_Arrest_Episodes_Felony,1,84,0.34365078806877136
tabicl,Prior_Arrest_Episodes_Felony,1,85,0.47992998361587524
tabicl,Prior_Arrest_Episodes_Felony,1,86,0.7203279137611389
tabicl,Prior_Arrest_Episodes_Felony,1,87,0.4901350140571594
tabicl,Prior_Arrest_Episodes_Felony,1,88,0.3562198281288147
tabicl,Prior_Arrest_Episodes_Felony,1,89,0.7381759881973267
tabicl,Prior_Arrest_Episodes_Felony,1,90,0.6403114795684814
tabicl,Prior_Arrest_Episodes_Felony,1,91,0.6997379064559937
tabicl,Prior_Arrest_Episodes_Felony,1,92,0.570466160774231
tabicl,Prior_Arrest_Episodes_Felony,1,93,0.570360541343689
tabicl,Prior_Arrest_Episodes_Felony,1,94,0.527750551700592
tabicl,Prior_Arrest_Episodes_Felony,1,95,0.539755642414093
tabicl,Prior_Arrest_Episodes_Felony,1,96,0.5269953608512878
tabicl,Prior_Arrest_Episodes_Felony,1,97,0.1906580775976181
tabicl,Prior_Arrest_Episodes_Felony,1,98,0.574918806552887
tabicl,Prior_Arrest_Episodes_Felony,1,99,0.2726353406906128
tabicl,Prior_Arrest_Episodes_Felony,1,100,0.6235463619232178
tabicl,Prior_Arrest_Episodes_Felony,1,101,0.43899375200271606
tabicl,Prior_Arrest_Episodes_Felony,1,102,0.4788341820240021
tabicl,Prior_Arrest_Episodes_Felony,1,103,0.7712990641593933
tabicl,Prior_Arrest_Episodes_Felony,1,104,0.6379143595695496
tabicl,Prior_Arrest_Episodes_Felony,1,105,0.25226423144340515
tabicl,Prior_Arrest_Episodes_Felony,1,106,0.7427877187728882
tabicl,Prior_Arrest_Episodes_Felony,1,107,0.2812085747718811
tabicl,Prior_Arrest_Episodes_Felony,1,108,0.380556583404541
tabicl,Prior_Arrest_Episodes_Felony,1,109,0.5265380144119263
tabicl,Prior_Arrest_Episodes_Felony,1,110,0.3029617369174957
tabicl,Prior_Arrest_Episodes_Felony,1,111,0.3508740961551666
tabicl,Prior_Arrest_Episodes_Felony,1,112,0.4661746323108673
tabicl,Prior_Arrest_Episodes_Felony,1,113,0.3013012111186981
tabicl,Prior_Arrest_Episodes_Felony,1,114,0.14463451504707336
tabicl,Prior_Arrest_Episodes_Felony,1,115,0.8014213442802429
tabicl,Prior_Arrest_Episodes_Felony,1,116,0.7075361609458923
tabicl,Prior_Arrest_Episodes_Felony,1,117,0.5766169428825378
tabicl,Prior_Arrest_Episodes_Felony,1,118,0.5779294967651367
tabicl,Prior_Arrest_Episodes_Felony,1,119,0.5046442747116089
tabicl,Prior_Arrest_Episodes_Felony,1,120,0.1790531575679779
tabicl,Prior_Arrest_Episodes_Felony,1,121,0.9191027283668518
tabicl,Prior_Arrest_Episodes_Felony,1,122,0.4434664845466614
tabicl,Prior_Arrest_Episodes_Felony,1,123,0.4151982069015503
tabicl,Prior_Arrest_Episodes_Felony,1,124,0.6464811563491821
tabicl,Prior_Arrest_Episodes_Felony,1,125,0.33506688475608826
tabicl,Prior_Arrest_Episodes_Felony,1,126,0.44623643159866333
tabicl,Prior_Arrest_Episodes_Felony,1,127,0.7105220556259155
tabicl,Prior_Arrest_Episodes_Felony,1,128,0.5768958330154419
tabicl,Prior_Arrest_Episodes_Felony,1,129,0.5719709396362305
tabicl,Prior_Arrest_Episodes_Felony,1,130,0.22536517679691315
tabicl,Prior_Arrest_Episodes_Felony,1,131,0.332256019115448
tabicl,Prior_Arrest_Episodes_Felony,1,132,0.6832996010780334
tabicl,Prior_Arrest_Episodes_Felony,1,133,0.555783748626709
tabicl,Prior_Arrest_Episodes_Felony,1,134,0.4766959846019745
tabicl,Prior_Arrest_Episodes_Felony,1,135,0.7464535236358643
tabicl,Prior_Arrest_Episodes_Felony,1,136,0.6849809885025024
tabicl,Prior_Arrest_Episodes_Felony,1,137,0.6498850584030151
tabicl,Prior_Arrest_Episodes_Felony,1,138,0.07772120088338852
tabicl,Prior_Arrest_Episodes_Felony,1,139,0.42769524455070496
tabicl,Prior_Arrest_Episodes_Felony,1,140,0.5370407104492188
tabicl,Prior_Arrest_Episodes_Felony,1,141,0.05898376554250717
tabicl,Prior_Arrest_Episodes_Felony,1,142,0.26588717103004456
tabicl,Prior_Arrest_Episodes_Felony,1,143,0.53383868932724
tabicl,Prior_Arrest_Episodes_Felony,1,144,0.2371641844511032
tabicl,Prior_Arrest_Episodes_Felony,1,145,0.6742463707923889
tabicl,Prior_Arrest_Episodes_Felony,1,146,0.3203508257865906
tabicl,Prior_Arrest_Episodes_Felony,1,147,0.7870001792907715
tabicl,Prior_Arrest_Episodes_Felony,1,148,0.48541340231895447
tabicl,Prior_Arrest_Episodes_Felony,1,149,0.776548445224762
tabicl,Prior_Arrest_Episodes_Felony,1,150,0.6671654582023621
tabicl,Prior_Arrest_Episodes_Felony,1,151,0.25611528754234314
tabicl,Prior_Arrest_Episodes_Felony,1,152,0.29469501972198486
tabicl,Prior_Arrest_Episodes_Felony,1,153,0.6175835728645325
tabicl,Prior_Arrest_Episodes_Felony,1,154,0.35477879643440247
tabicl,Prior_Arrest_Episodes_Felony,1,155,0.6160196661949158
tabicl,Prior_Arrest_Episodes_Felony,1,156,0.8064531683921814
tabicl,Prior_Arrest_Episodes_Felony,1,157,0.8201555609703064
tabicl,Prior_Arrest_Episodes_Felony,1,158,0.7740769386291504
tabicl,Prior_Arrest_Episodes_Felony,1,159,0.7474173903465271
tabicl,Prior_Arrest_Episodes_Felony,1,160,0.3954451382160187
tabicl,Prior_Arrest_Episodes_Felony,1,161,0.73907870054245
tabicl,Prior_Arrest_Episodes_Felony,1,162,0.8083232641220093
tabicl,Prior_Arrest_Episodes_Felony,1,163,0.08861543983221054
tabicl,Prior_Arrest_Episodes_Felony,1,164,0.7014415264129639
tabicl,Prior_Arrest_Episodes_Felony,1,165,0.6355398893356323
tabicl,Prior_Arrest_Episodes_Felony,1,166,0.8135300874710083
tabicl,Prior_Arrest_Episodes_Felony,1,167,0.34431275725364685
tabicl,Prior_Arrest_Episodes_Felony,1,168,0.6898474097251892
tabicl,Prior_Arrest_Episodes_Felony,1,169,0.6206880807876587
tabicl,Prior_Arrest_Episodes_Felony,1,170,0.8257679343223572
tabicl,Prior_Arrest_Episodes_Felony,1,171,0.904342532157898
tabicl,Prior_Arrest_Episodes_Felony,1,172,0.6105060577392578
tabicl,Prior_Arrest_Episodes_Felony,1,173,0.23659047484397888
tabicl,Prior_Arrest_Episodes_Felony,1,174,0.28934383392333984
tabicl,Prior_Arrest_Episodes_Felony,1,175,0.049293749034404755
tabicl,Prior_Arrest_Episodes_Felony,1,176,0.5849268436431885
tabicl,Prior_Arrest_Episodes_Felony,1,177,0.3216809630393982
tabicl,Prior_Arrest_Episodes_Felony,1,178,0.29132333397865295
tabicl,Prior_Arrest_Episodes_Felony,1,179,0.4575170576572418
tabicl,Prior_Arrest_Episodes_Felony,1,180,0.41807451844215393
tabicl,Prior_Arrest_Episodes_Felony,1,181,0.7589771151542664
tabicl,Prior_Arrest_Episodes_Felony,1,182,0.7962158918380737
tabicl,Prior_Arrest_Episodes_Felony,1,183,0.6364557147026062
tabicl,Prior_Arrest_Episodes_Felony,1,184,0.5270445942878723
tabicl,Prior_Arrest_Episodes_Felony,1,185,0.7317779660224915
tabicl,Prior_Arrest_Episodes_Felony,1,186,0.34126749634742737
tabicl,Prior_Arrest_Episodes_Felony,1,187,0.8102944493293762
tabicl,Prior_Arrest_Episodes_Felony,1,188,0.40921780467033386
tabicl,Prior_Arrest_Episodes_Felony,1,189,0.5080990791320801
tabicl,Prior_Arrest_Episodes_Felony,1,190,0.4668016731739044
tabicl,Prior_Arrest_Episodes_Felony,1,191,0.7469225525856018
tabicl,Prior_Arrest_Episodes_Felony,1,192,0.5245119333267212
tabicl,Prior_Arrest_Episodes_Felony,1,193,0.2800580561161041
tabicl,Prior_Arrest_Episodes_Felony,1,194,0.4324139654636383
tabicl,Prior_Arrest_Episodes_Felony,1,195,0.5686081051826477
tabicl,Prior_Arrest_Episodes_Felony,1,196,0.36934950947761536
tabicl,Prior_Arrest_Episodes_Felony,1,197,0.20394153892993927
tabicl,Prior_Arrest_Episodes_Felony,1,198,0.76972895860672
tabicl,Prior_Arrest_Episodes_Felony,1,199,0.5876753330230713
tabicl,Prior_Arrest_Episodes_Felony,2,0,0.8791242837905884
tabicl,Prior_Arrest_Episodes_Felony,2,1,0.7620711326599121
tabicl,Prior_Arrest_Episodes_Felony,2,2,0.6627116203308105
tabicl,Prior_Arrest_Episodes_Felony,2,3,0.17785800993442535
tabicl,Prior_Arrest_Episodes_Felony,2,4,0.38331347703933716
tabicl,Prior_Arrest_Episodes_Felony,2,5,0.13582953810691833
tabicl,Prior_Arrest_Episodes_Felony,2,6,0.5585501790046692
tabicl,Prior_Arrest_Episodes_Felony,2,7,0.3077658414840698
tabicl,Prior_Arrest_Episodes_Felony,2,8,0.27184197306632996
tabicl,Prior_Arrest_Episodes_Felony,2,9,0.6401766538619995
tabicl,Prior_Arrest_Episodes_Felony,2,10,0.5597241520881653
tabicl,Prior_Arrest_Episodes_Felony,2,11,0.2798263728618622
tabicl,Prior_Arrest_Episodes_Felony,2,12,0.7411369681358337
tabicl,Prior_Arrest_Episodes_Felony,2,13,0.6245498657226562
tabicl,Prior_Arrest_Episodes_Felony,2,14,0.7359976172447205
tabicl,Prior_Arrest_Episodes_Felony,2,15,0.2705959677696228
tabicl,Prior_Arrest_Episodes_Felony,2,16,0.8117597103118896
tabicl,Prior_Arrest_Episodes_Felony,2,17,0.4412163197994232
tabicl,Prior_Arrest_Episodes_Felony,2,18,0.6221932768821716
tabicl,Prior_Arrest_Episodes_Felony,2,19,0.5919702053070068
tabicl,Prior_Arrest_Episodes_Felony,2,20,0.4403303563594818
tabicl,Prior_Arrest_Episodes_Felony,2,21,0.6226677298545837
tabicl,Prior_Arrest_Episodes_Felony,2,22,0.7644285559654236
tabicl,Prior_Arrest_Episodes_Felony,2,23,0.8490912318229675
tabicl,Prior_Arrest_Episodes_Felony,2,24,0.871362030506134
tabicl,Prior_Arrest_Episodes_Felony,2,25,0.24012179672718048
tabicl,Prior_Arrest_Episodes_Felony,2,26,0.8211407661437988
tabicl,Prior_Arrest_Episodes_Felony,2,27,0.6800054311752319
tabicl,Prior_Arrest_Episodes_Felony,2,28,0.1416405886411667
tabicl,Prior_Arrest_Episodes_Felony,2,29,0.4373205304145813
tabicl,Prior_Arrest_Episodes_Felony,2,30,0.41485902667045593
tabicl,Prior_Arrest_Episodes_Felony,2,31,0.18904149532318115
tabicl,Prior_Arrest_Episodes_Felony,2,32,0.13656847178936005
tabicl,Prior_Arrest_Episodes_Felony,2,33,0.5253838300704956
tabicl,Prior_Arrest_Episodes_Felony,2,34,0.3411654531955719
tabicl,Prior_Arrest_Episodes_Felony,2,35,0.35120460391044617
tabicl,Prior_Arrest_Episodes_Felony,2,36,0.624093770980835
tabicl,Prior_Arrest_Episodes_Felony,2,37,0.3662797510623932
tabicl,Prior_Arrest_Episodes_Felony,2,38,0.20536498725414276
tabicl,Prior_Arrest_Episodes_Felony,2,39,0.5485627055168152
tabicl,Prior_Arrest_Episodes_Felony,2,40,0.13681143522262573
tabicl,Prior_Arrest_Episodes_Felony,2,41,0.838121235370636
tabicl,Prior_Arrest_Episodes_Felony,2,42,0.6512444615364075
tabicl,Prior_Arrest_Episodes_Felony,2,43,0.6493671536445618
tabicl,Prior_Arrest_Episodes_Felony,2,44,0.6835079789161682
tabicl,Prior_Arrest_Episodes_Felony,2,45,0.6504265069961548
tabicl,Prior_Arrest_Episodes_Felony,2,46,0.513366162776947
tabicl,Prior_Arrest_Episodes_Felony,2,47,0.4822610020637512
tabicl,Prior_Arrest_Episodes_Felony,2,48,0.25802716612815857
tabicl,Prior_Arrest_Episodes_Felony,2,49,0.41336292028427124
tabicl,Prior_Arrest_Episodes_Felony,2,50,0.49829885363578796
tabicl,Prior_Arrest_Episodes_Felony,2,51,0.327821284532547
tabicl,Prior_Arrest_Episodes_Felony,2,52,0.28209707140922546
tabicl,Prior_Arrest_Episodes_Felony,2,53,0.43456605076789856
tabicl,Prior_Arrest_Episodes_Felony,2,54,0.46752071380615234
tabicl,Prior_Arrest_Episodes_Felony,2,55,0.7748594880104065
tabicl,Prior_Arrest_Episodes_Felony,2,56,0.8065778613090515
tabicl,Prior_Arrest_Episodes_Felony,2,57,0.5397255420684814
tabicl,Prior_Arrest_Episodes_Felony,2,58,0.4083279073238373
tabicl,Prior_Arrest_Episodes_Felony,2,59,0.5745497941970825
tabicl,Prior_Arrest_Episodes_Felony,2,60,0.6477422714233398
tabicl,Prior_Arrest_Episodes_Felony,2,61,0.815051257610321
tabicl,Prior_Arrest_Episodes_Felony,2,62,0.38185936212539673
tabicl,Prior_Arrest_Episodes_Felony,2,63,0.601934552192688
tabicl,Prior_Arrest_Episodes_Felony,2,64,0.785412609577179
tabicl,Prior_Arrest_Episodes_Felony,2,65,0.5298269391059875
tabicl,Prior_Arrest_Episodes_Felony,2,66,0.29688891768455505
tabicl,Prior_Arrest_Episodes_Felony,2,67,0.6508448719978333
tabicl,Prior_Arrest_Episodes_Felony,2,68,0.5115271806716919
tabicl,Prior_Arrest_Episodes_Felony,2,69,0.5730258822441101
tabicl,Prior_Arrest_Episodes_Felony,2,70,0.3583778440952301
tabicl,Prior_Arrest_Episodes_Felony,2,71,0.8883529901504517
tabicl,Prior_Arrest_Episodes_Felony,2,72,0.7183629274368286
tabicl,Prior_Arrest_Episodes_Felony,2,73,0.438409686088562
tabicl,Prior_Arrest_Episodes_Felony,2,74,0.2276773750782013
tabicl,Prior_Arrest_Episodes_Felony,2,75,0.7726258635520935
tabicl,Prior_Arrest_Episodes_Felony,2,76,0.5148807764053345
tabicl,Prior_Arrest_Episodes_Felony,2,77,0.5039648413658142
tabicl,Prior_Arrest_Episodes_Felony,2,78,0.49128788709640503
tabicl,Prior_Arrest_Episodes_Felony,2,79,0.6751142144203186
tabicl,Prior_Arrest_Episodes_Felony,2,80,0.3683468997478485
tabicl,Prior_Arrest_Episodes_Felony,2,81,0.6051491498947144
tabicl,Prior_Arrest_Episodes_Felony,2,82,0.3894267976284027
tabicl,Prior_Arrest_Episodes_Felony,2,83,0.4481005370616913
tabicl,Prior_Arrest_Episodes_Felony,2,84,0.38347670435905457
tabicl,Prior_Arrest_Episodes_Felony,2,85,0.5408585071563721
tabicl,Prior_Arrest_Episodes_Felony,2,86,0.7682129740715027
tabicl,Prior_Arrest_Episodes_Felony,2,87,0.5503588914871216
tabicl,Prior_Arrest_Episodes_Felony,2,88,0.38364556431770325
tabicl,Prior_Arrest_Episodes_Felony,2,89,0.7788842916488647
tabicl,Prior_Arrest_Episodes_Felony,2,90,0.6921376585960388
tabicl,Prior_Arrest_Episodes_Felony,2,91,0.7833715677261353
tabicl,Prior_Arrest_Episodes_Felony,2,92,0.6280287504196167
tabicl,Prior_Arrest_Episodes_Felony,2,93,0.5960908532142639
tabicl,Prior_Arrest_Episodes_Felony,2,94,0.5863003730773926
tabicl,Prior_Arrest_Episodes_Felony,2,95,0.5784249305725098
tabicl,Prior_Arrest_Episodes_Felony,2,96,0.5610595345497131
tabicl,Prior_Arrest_Episodes_Felony,2,97,0.23705187439918518
tabicl,Prior_Arrest_Episodes_Felony,2,98,0.639804482460022
tabicl,Prior_Arrest_Episodes_Felony,2,99,0.304617315530777
tabicl,Prior_Arrest_Episodes_Felony,2,100,0.7087240815162659
tabicl,Prior_Arrest_Episodes_Felony,2,101,0.46046894788742065
tabicl,Prior_Arrest_Episodes_Felony,2,102,0.5407220721244812
tabicl,Prior_Arrest_Episodes_Felony,2,103,0.8033170104026794
tabicl,Prior_Arrest_Episodes_Felony,2,104,0.6761285066604614
tabicl,Prior_Arrest_Episodes_Felony,2,105,0.29394471645355225
tabicl,Prior_Arrest_Episodes_Felony,2,106,0.7764362692832947
tabicl,Prior_Arrest_Episodes_Felony,2,107,0.30314505100250244
tabicl,Prior_Arrest_Episodes_Felony,2,108,0.4235590398311615
tabicl,Prior_Arrest_Episodes_Felony,2,109,0.5889207720756531
tabicl,Prior_Arrest_Episodes_Felony,2,110,0.34537211060523987
tabicl,Prior_Arrest_Episodes_Felony,2,111,0.37722048163414
tabicl,Prior_Arrest_Episodes_Felony,2,112,0.5075393915176392
tabicl,Prior_Arrest_Episodes_Felony,2,113,0.32773491740226746
tabicl,Prior_Arrest_Episodes_Felony,2,114,0.15903455018997192
tabicl,Prior_Arrest_Episodes_Felony,2,115,0.8427917957305908
tabicl,Prior_Arrest_Episodes_Felony,2,116,0.7200659513473511
tabicl,Prior_Arrest_Episodes_Felony,2,117,0.6137880682945251
tabicl,Prior_Arrest_Episodes_Felony,2,118,0.610730767250061
tabicl,Prior_Arrest_Episodes_Felony,2,119,0.5588459968566895
tabicl,Prior_Arrest_Episodes_Felony,2,120,0.18827472627162933
tabicl,Prior_Arrest_Episodes_Felony,2,121,0.9363222718238831
tabicl,Prior_Arrest_Episodes_Felony,2,122,0.4934147894382477
tabicl,Prior_Arrest_Episodes_Felony,2,123,0.4622485637664795
tabicl,Prior_Arrest_Episodes_Felony,2,124,0.6721965670585632
tabicl,Prior_Arrest_Episodes_Felony,2,125,0.3660385310649872
tabicl,Prior_Arrest_Episodes_Felony,2,126,0.48970654606819153
tabicl,Prior_Arrest_Episodes_Felony,2,127,0.7726615071296692
tabicl,Prior_Arrest_Episodes_Felony,2,128,0.6064119338989258
tabicl,Prior_Arrest_Episodes_Felony,2,129,0.5993010401725769
tabicl,Prior_Arrest_Episodes_Felony,2,130,0.23422323167324066
tabicl,Prior_Arrest_Episodes_Felony,2,131,0.35159802436828613
tabicl,Prior_Arrest_Episodes_Felony,2,132,0.7509990334510803
tabicl,Prior_Arrest_Episodes_Felony,2,133,0.6579899191856384
tabicl,Prior_Arrest_Episodes_Felony,2,134,0.5031461119651794
tabicl,Prior_Arrest_Episodes_Felony,2,135,0.7839597463607788
tabicl,Prior_Arrest_Episodes_Felony,2,136,0.7150028944015503
tabicl,Prior_Arrest_Episodes_Felony,2,137,0.6974191665649414
tabicl,Prior_Arrest_Episodes_Felony,2,138,0.0858825147151947
tabicl,Prior_Arrest_Episodes_Felony,2,139,0.45853856205940247
tabicl,Prior_Arrest_Episodes_Felony,2,140,0.5598118305206299
tabicl,Prior_Arrest_Episodes_Felony,2,141,0.06792832911014557
tabicl,Prior_Arrest_Episodes_Felony,2,142,0.315601646900177
tabicl,Prior_Arrest_Episodes_Felony,2,143,0.5620220303535461
tabicl,Prior_Arrest_Episodes_Felony,2,144,0.2579546868801117
tabicl,Prior_Arrest_Episodes_Felony,2,145,0.6991438865661621
tabicl,Prior_Arrest_Episodes_Felony,2,146,0.33663851022720337
tabicl,Prior_Arrest_Episodes_Felony,2,147,0.826484203338623
tabicl,Prior_Arrest_Episodes_Felony,2,148,0.5285319685935974
tabicl,Prior_Arrest_Episodes_Felony,2,149,0.8128249645233154
tabicl,Prior_Arrest_Episodes_Felony,2,150,0.7234619855880737
tabicl,Prior_Arrest_Episodes_Felony,2,151,0.2764092683792114
tabicl,Prior_Arrest_Episodes_Felony,2,152,0.31104621291160583
tabicl,Prior_Arrest_Episodes_Felony,2,153,0.6808968186378479
tabicl,Prior_Arrest_Episodes_Felony,2,154,0.3852361738681793
tabicl,Prior_Arrest_Episodes_Felony,2,155,0.6537154316902161
tabicl,Prior_Arrest_Episodes_Felony,2,156,0.855586588382721
tabicl,Prior_Arrest_Episodes_Felony,2,157,0.8490498065948486
tabicl,Prior_Arrest_Episodes_Felony,2,158,0.8031195402145386
tabicl,Prior_Arrest_Episodes_Felony,2,159,0.8144810199737549
tabicl,Prior_Arrest_Episodes_Felony,2,160,0.4286791980266571
tabicl,Prior_Arrest_Episodes_Felony,2,161,0.7956882119178772
tabicl,Prior_Arrest_Episodes_Felony,2,162,0.8349835276603699
tabicl,Prior_Arrest_Episodes_Felony,2,163,0.09106665104627609
tabicl,Prior_Arrest_Episodes_Felony,2,164,0.7383385300636292
tabicl,Prior_Arrest_Episodes_Felony,2,165,0.7292603850364685
tabicl,Prior_Arrest_Episodes_Felony,2,166,0.8515667915344238
tabicl,Prior_Arrest_Episodes_Felony,2,167,0.3781181871891022
tabicl,Prior_Arrest_Episodes_Felony,2,168,0.7255373597145081
tabicl,Prior_Arrest_Episodes_Felony,2,169,0.695257842540741
tabicl,Prior_Arrest_Episodes_Felony,2,170,0.8518471121788025
tabicl,Prior_Arrest_Episodes_Felony,2,171,0.9196747541427612
tabicl,Prior_Arrest_Episodes_Felony,2,172,0.6581029891967773
tabicl,Prior_Arrest_Episodes_Felony,2,173,0.25015369057655334
tabicl,Prior_Arrest_Episodes_Felony,2,174,0.3148268163204193
tabicl,Prior_Arrest_Episodes_Felony,2,175,0.052599042654037476
tabicl,Prior_Arrest_Episodes_Felony,2,176,0.6384096145629883
tabicl,Prior_Arrest_Episodes_Felony,2,177,0.34324175119400024
tabicl,Prior_Arrest_Episodes_Felony,2,178,0.3219074308872223
tabicl,Prior_Arrest_Episodes_Felony,2,179,0.5482634902000427
tabicl,Prior_Arrest_Episodes_Felony,2,180,0.47274723649024963
tabicl,Prior_Arrest_Episodes_Felony,2,181,0.808003842830658
tabicl,Prior_Arrest_Episodes_Felony,2,182,0.8352190852165222
tabicl,Prior_Arrest_Episodes_Felony,2,183,0.6717151999473572
tabicl,Prior_Arrest_Episodes_Felony,2,184,0.5506333112716675
tabicl,Prior_Arrest_Episodes_Felony,2,185,0.7843327522277832
tabicl,Prior_Arrest_Episodes_Felony,2,186,0.37033721804618835
tabicl,Prior_Arrest_Episodes_Felony,2,187,0.849707841873169
tabicl,Prior_Arrest_Episodes_Felony,2,188,0.42479708790779114
tabicl,Prior_Arrest_Episodes_Felony,2,189,0.5285286903381348
tabicl,Prior_Arrest_Episodes_Felony,2,190,0.5425750017166138
tabicl,Prior_Arrest_Episodes_Felony,2,191,0.7895057797431946
tabicl,Prior_Arrest_Episodes_Felony,2,192,0.5505314469337463
tabicl,Prior_Arrest_Episodes_Felony,2,193,0.29597458243370056
tabicl,Prior_Arrest_Episodes_Felony,2,194,0.4550803601741791
tabicl,Prior_Arrest_Episodes_Felony,2,195,0.6013880372047424
tabicl,Prior_Arrest_Episodes_Felony,2,196,0.42323896288871765
tabicl,Prior_Arrest_Episodes_Felony,2,197,0.21972297132015228
tabicl,Prior_Arrest_Episodes_Felony,2,198,0.8197671175003052
tabicl,Prior_Arrest_Episodes_Felony,2,199,0.6395003795623779
tabicl,Prior_Arrest_Episodes_Felony,3,0,0.8962857127189636
tabicl,Prior_Arrest_Episodes_Felony,3,1,0.7940512299537659
tabicl,Prior_Arrest_Episodes_Felony,3,2,0.6941253542900085
tabicl,Prior_Arrest_Episodes_Felony,3,3,0.20666959881782532
tabicl,Prior_Arrest_Episodes_Felony,3,4,0.40179166197776794
tabicl,Prior_Arrest_Episodes_Felony,3,5,0.15005193650722504
tabicl,Prior_Arrest_Episodes_Felony,3,6,0.5914921760559082
tabicl,Prior_Arrest_Episodes_Felony,3,7,0.33954736590385437
tabicl,Prior_Arrest_Episodes_Felony,3,8,0.29938116669654846
tabicl,Prior_Arrest_Episodes_Felony,3,9,0.6800317764282227
tabicl,Prior_Arrest_Episodes_Felony,3,10,0.5946197509765625
tabicl,Prior_Arrest_Episodes_Felony,3,11,0.3081699311733246
tabicl,Prior_Arrest_Episodes_Felony,3,12,0.7603890895843506
tabicl,Prior_Arrest_Episodes_Felony,3,13,0.6575039029121399
tabicl,Prior_Arrest_Episodes_Felony,3,14,0.7645298838615417
tabicl,Prior_Arrest_Episodes_Felony,3,15,0.2928719222545624
tabicl,Prior_Arrest_Episodes_Felony,3,16,0.829728901386261
tabicl,Prior_Arrest_Episodes_Felony,3,17,0.47130095958709717
tabicl,Prior_Arrest_Episodes_Felony,3,18,0.6517617106437683
tabicl,Prior_Arrest_Episodes_Felony,3,19,0.6283962726593018
tabicl,Prior_Arrest_Episodes_Felony,3,20,0.4761938154697418
tabicl,Prior_Arrest_Episodes_Felony,3,21,0.6678827404975891
tabicl,Prior_Arrest_Episodes_Felony,3,22,0.798396110534668
tabicl,Prior_Arrest_Episodes_Felony,3,23,0.873185932636261
tabicl,Prior_Arrest_Episodes_Felony,3,24,0.8936672806739807
tabicl,Prior_Arrest_Episodes_Felony,3,25,0.2714255452156067
tabicl,Prior_Arrest_Episodes_Felony,3,26,0.8447310328483582
tabicl,Prior_Arrest_Episodes_Felony,3,27,0.7147879004478455
tabicl,Prior_Arrest_Episodes_Felony,3,28,0.15749743580818176
tabicl,Prior_Arrest_Episodes_Felony,3,29,0.4758562445640564
tabicl,Prior_Arrest_Episodes_Felony,3,30,0.4641740322113037
tabicl,Prior_Arrest_Episodes_Felony,3,31,0.20192338526248932
tabicl,Prior_Arrest_Episodes_Felony,3,32,0.16564661264419556
tabicl,Prior_Arrest_Episodes_Felony,3,33,0.5645930171012878
tabicl,Prior_Arrest_Episodes_Felony,3,34,0.38164547085762024
tabicl,Prior_Arrest_Episodes_Felony,3,35,0.3917776644229889
tabicl,Prior_Arrest_Episodes_Felony,3,36,0.6558177471160889
tabicl,Prior_Arrest_Episodes_Felony,3,37,0.3969842195510864
tabicl,Prior_Arrest_Episodes_Felony,3,38,0.23379075527191162
tabicl,Prior_Arrest_Episodes_Felony,3,39,0.5860046744346619
tabicl,Prior_Arrest_Episodes_Felony,3,40,0.15631745755672455
tabicl,Prior_Arrest_Episodes_Felony,3,41,0.8623855113983154
tabicl,Prior_Arrest_Episodes_Felony,3,42,0.6729096174240112
tabicl,Prior_Arrest_Episodes_Felony,3,43,0.678429126739502
tabicl,Prior_Arrest_Episodes_Felony,3,44,0.7160133123397827
tabicl,Prior_Arrest_Episodes_Felony,3,45,0.6827280521392822
tabicl,Prior_Arrest_Episodes_Felony,3,46,0.549644410610199
tabicl,Prior_Arrest_Episodes_Felony,3,47,0.5174980163574219
tabicl,Prior_Arrest_Episodes_Felony,3,48,0.286100298166275
tabicl,Prior_Arrest_Episodes_Felony,3,49,0.4281698763370514
tabicl,Prior_Arrest_Episodes_Felony,3,50,0.5319602489471436
tabicl,Prior_Arrest_Episodes_Felony,3,51,0.3552614152431488
tabicl,Prior_Arrest_Episodes_Felony,3,52,0.30319923162460327
tabicl,Prior_Arrest_Episodes_Felony,3,53,0.46478793025016785
tabicl,Prior_Arrest_Episodes_Felony,3,54,0.4955960512161255
tabicl,Prior_Arrest_Episodes_Felony,3,55,0.8027499914169312
tabicl,Prior_Arrest_Episodes_Felony,3,56,0.825451135635376
tabicl,Prior_Arrest_Episodes_Felony,3,57,0.581819474697113
tabicl,Prior_Arrest_Episodes_Felony,3,58,0.4452468752861023
tabicl,Prior_Arrest_Episodes_Felony,3,59,0.6068416237831116
tabicl,Prior_Arrest_Episodes_Felony,3,60,0.6757639646530151
tabicl,Prior_Arrest_Episodes_Felony,3,61,0.8399370312690735
tabicl,Prior_Arrest_Episodes_Felony,3,62,0.40748491883277893
tabicl,Prior_Arrest_Episodes_Felony,3,63,0.633983850479126
tabicl,Prior_Arrest_Episodes_Felony,3,64,0.807924747467041
tabicl,Prior_Arrest_Episodes_Felony,3,65,0.5738806128501892
tabicl,Prior_Arrest_Episodes_Felony,3,66,0.3251151144504547
tabicl,Prior_Arrest_Episodes_Felony,3,67,0.6812902092933655
tabicl,Prior_Arrest_Episodes_Felony,3,68,0.5485532879829407
tabicl,Prior_Arrest_Episodes_Felony,3,69,0.61209636926651
tabicl,Prior_Arrest_Episodes_Felony,3,70,0.3838237524032593
tabicl,Prior_Arrest_Episodes_Felony,3,71,0.9077839255332947
tabicl,Prior_Arrest_Episodes_Felony,3,72,0.7513150572776794
tabicl,Prior_Arrest_Episodes_Felony,3,73,0.47732052206993103
tabicl,Prior_Arrest_Episodes_Felony,3,74,0.25172728300094604
tabicl,Prior_Arrest_Episodes_Felony,3,75,0.8064727783203125
tabicl,Prior_Arrest_Episodes_Felony,3,76,0.5506911873817444
tabicl,Prior_Arrest_Episodes_Felony,3,77,0.5395045280456543
tabicl,Prior_Arrest_Episodes_Felony,3,78,0.5256163477897644
tabicl,Prior_Arrest_Episodes_Felony,3,79,0.7111321091651917
tabicl,Prior_Arrest_Episodes_Felony,3,80,0.40508052706718445
tabicl,Prior_Arrest_Episodes_Felony,3,81,0.6513953804969788
tabicl,Prior_Arrest_Episodes_Felony,3,82,0.42376211285591125
tabicl,Prior_Arrest_Episodes_Felony,3,83,0.4869157373905182
tabicl,Prior_Arrest_Episodes_Felony,3,84,0.42581579089164734
tabicl,Prior_Arrest_Episodes_Felony,3,85,0.5801483392715454
tabicl,Prior_Arrest_Episodes_Felony,3,86,0.7879917621612549
tabicl,Prior_Arrest_Episodes_Felony,3,87,0.5877940654754639
tabicl,Prior_Arrest_Episodes_Felony,3,88,0.4209510087966919
tabicl,Prior_Arrest_Episodes_Felony,3,89,0.8041274547576904
tabicl,Prior_Arrest_Episodes_Felony,3,90,0.7197250127792358
tabicl,Prior_Arrest_Episodes_Felony,3,91,0.81598961353302
tabicl,Prior_Arrest_Episodes_Felony,3,92,0.6555001139640808
tabicl,Prior_Arrest_Episodes_Felony,3,93,0.6202775835990906
tabicl,Prior_Arrest_Episodes_Felony,3,94,0.6302534341812134
tabicl,Prior_Arrest_Episodes_Felony,3,95,0.6122820377349854
tabicl,Prior_Arrest_Episodes_Felony,3,96,0.5935784578323364
tabicl,Prior_Arrest_Episodes_Felony,3,97,0.272414892911911
tabicl,Prior_Arrest_Episodes_Felony,3,98,0.6845589876174927
tabicl,Prior_Arrest_Episodes_Felony,3,99,0.3313225507736206
tabicl,Prior_Arrest_Episodes_Felony,3,100,0.7470391392707825
tabicl,Prior_Arrest_Episodes_Felony,3,101,0.4831251800060272
tabicl,Prior_Arrest_Episodes_Felony,3,102,0.5806783437728882
tabicl,Prior_Arrest_Episodes_Felony,3,103,0.8251351714134216
tabicl,Prior_Arrest_Episodes_Felony,3,104,0.7024375796318054
tabicl,Prior_Arrest_Episodes_Felony,3,105,0.33538317680358887
tabicl,Prior_Arrest_Episodes_Felony,3,106,0.8009756803512573
tabicl,Prior_Arrest_Episodes_Felony,3,107,0.31770840287208557
tabicl,Prior_Arrest_Episodes_Felony,3,108,0.4603426456451416
tabicl,Prior_Arrest_Episodes_Felony,3,109,0.6258591413497925
tabicl,Prior_Arrest_Episodes_Felony,3,110,0.3794962763786316
tabicl,Prior_Arrest_Episodes_Felony,3,111,0.4073122441768646
tabicl,Prior_Arrest_Episodes_Felony,3,112,0.5379043221473694
tabicl,Prior_Arrest_Episodes_Felony,3,113,0.3563421070575714
tabicl,Prior_Arrest_Episodes_Felony,3,114,0.17064118385314941
tabicl,Prior_Arrest_Episodes_Felony,3,115,0.864189624786377
tabicl,Prior_Arrest_Episodes_Felony,3,116,0.7388400435447693
tabicl,Prior_Arrest_Episodes_Felony,3,117,0.6436605453491211
tabicl,Prior_Arrest_Episodes_Felony,3,118,0.6408950686454773
tabicl,Prior_Arrest_Episodes_Felony,3,119,0.5956382155418396
tabicl,Prior_Arrest_Episodes_Felony,3,120,0.21052005887031555
tabicl,Prior_Arrest_Episodes_Felony,3,121,0.9455862045288086
tabicl,Prior_Arrest_Episodes_Felony,3,122,0.5289055705070496
tabicl,Prior_Arrest_Episodes_Felony,3,123,0.4978329837322235
tabicl,Prior_Arrest_Episodes_Felony,3,124,0.7024218440055847
tabicl,Prior_Arrest_Episodes_Felony,3,125,0.3989558517932892
tabicl,Prior_Arrest_Episodes_Felony,3,126,0.5261397361755371
tabicl,Prior_Arrest_Episodes_Felony,3,127,0.8084696531295776
tabicl,Prior_Arrest_Episodes_Felony,3,128,0.6341042518615723
tabicl,Prior_Arrest_Episodes_Felony,3,129,0.633202314376831
tabicl,Prior_Arrest_Episodes_Felony,3,130,0.2515262961387634
tabicl,Prior_Arrest_Episodes_Felony,3,131,0.38113316893577576
tabicl,Prior_Arrest_Episodes_Felony,3,132,0.7836421728134155
tabicl,Prior_Arrest_Episodes_Felony,3,133,0.7133926153182983
tabicl,Prior_Arrest_Episodes_Felony,3,134,0.5254703760147095
tabicl,Prior_Arrest_Episodes_Felony,3,135,0.808125376701355
tabicl,Prior_Arrest_Episodes_Felony,3,136,0.7465430498123169
tabicl,Prior_Arrest_Episodes_Felony,3,137,0.7227213978767395
tabicl,Prior_Arrest_Episodes_Felony,3,138,0.09734497219324112
tabicl,Prior_Arrest_Episodes_Felony,3,139,0.4953424036502838
tabicl,Prior_Arrest_Episodes_Felony,3,140,0.5916025042533875
tabicl,Prior_Arrest_Episodes_Felony,3,141,0.08493658155202866
tabicl,Prior_Arrest_Episodes_Felony,3,142,0.3484874963760376
tabicl,Prior_Arrest_Episodes_Felony,3,143,0.5903614163398743
tabicl,Prior_Arrest_Episodes_Felony,3,144,0.2788342237472534
tabicl,Prior_Arrest_Episodes_Felony,3,145,0.7203482985496521
tabicl,Prior_Arrest_Episodes_Felony,3,146,0.36020371317863464
tabicl,Prior_Arrest_Episodes_Felony,3,147,0.8533560633659363
tabicl,Prior_Arrest_Episodes_Felony,3,148,0.564775824546814
tabicl,Prior_Arrest_Episodes_Felony,3,149,0.8360211849212646
tabicl,Prior_Arrest_Episodes_Felony,3,150,0.7525938153266907
tabicl,Prior_Arrest_Episodes_Felony,3,151,0.30406612157821655
tabicl,Prior_Arrest_Episodes_Felony,3,152,0.3310563564300537
tabicl,Prior_Arrest_Episodes_Felony,3,153,0.7143981456756592
tabicl,Prior_Arrest_Episodes_Felony,3,154,0.4195007085800171
tabicl,Prior_Arrest_Episodes_Felony,3,155,0.6854767203330994
tabicl,Prior_Arrest_Episodes_Felony,3,156,0.8729773759841919
tabicl,Prior_Arrest_Episodes_Felony,3,157,0.8663203716278076
tabicl,Prior_Arrest_Episodes_Felony,3,158,0.8234478235244751
tabicl,Prior_Arrest_Episodes_Felony,3,159,0.8440632820129395
tabicl,Prior_Arrest_Episodes_Felony,3,160,0.4586079716682434
tabicl,Prior_Arrest_Episodes_Felony,3,161,0.8244845867156982
tabicl,Prior_Arrest_Episodes_Felony,3,162,0.8526541590690613
tabicl,Prior_Arrest_Episodes_Felony,3,163,0.1050138995051384
tabicl,Prior_Arrest_Episodes_Felony,3,164,0.764470636844635
tabicl,Prior_Arrest_Episodes_Felony,3,165,0.7731125354766846
tabicl,Prior_Arrest_Episodes_Felony,3,166,0.8737902045249939
tabicl,Prior_Arrest_Episodes_Felony,3,167,0.4108472466468811
tabicl,Prior_Arrest_Episodes_Felony,3,168,0.7515532374382019
tabicl,Prior_Arrest_Episodes_Felony,3,169,0.7366593480110168
tabicl,Prior_Arrest_Episodes_Felony,3,170,0.8711548447608948
tabicl,Prior_Arrest_Episodes_Felony,3,171,0.9310058951377869
tabicl,Prior_Arrest_Episodes_Felony,3,172,0.6893154382705688
tabicl,Prior_Arrest_Episodes_Felony,3,173,0.26879966259002686
tabicl,Prior_Arrest_Episodes_Felony,3,174,0.3440929651260376
tabicl,Prior_Arrest_Episodes_Felony,3,175,0.0629337728023529
tabicl,Prior_Arrest_Episodes_Felony,3,176,0.6739674806594849
tabicl,Prior_Arrest_Episodes_Felony,3,177,0.3726297914981842
tabicl,Prior_Arrest_Episodes_Felony,3,178,0.3511728346347809
tabicl,Prior_Arrest_Episodes_Felony,3,179,0.5940467715263367
tabicl,Prior_Arrest_Episodes_Felony,3,180,0.5054831504821777
tabicl,Prior_Arrest_Episodes_Felony,3,181,0.8317187428474426
tabicl,Prior_Arrest_Episodes_Felony,3,182,0.85634845495224
tabicl,Prior_Arrest_Episodes_Felony,3,183,0.7036773562431335
tabicl,Prior_Arrest_Episodes_Felony,3,184,0.580962598323822
tabicl,Prior_Arrest_Episodes_Felony,3,185,0.8102120161056519
tabicl,Prior_Arrest_Episodes_Felony,3,186,0.3937951922416687
tabicl,Prior_Arrest_Episodes_Felony,3,187,0.874868631362915
tabicl,Prior_Arrest_Episodes_Felony,3,188,0.4465045928955078
tabicl,Prior_Arrest_Episodes_Felony,3,189,0.5597699880599976
tabicl,Prior_Arrest_Episodes_Felony,3,190,0.5861856341362
tabicl,Prior_Arrest_Episodes_Felony,3,191,0.8176406025886536
tabicl,Prior_Arrest_Episodes_Felony,3,192,0.5825657248497009
tabicl,Prior_Arrest_Episodes_Felony,3,193,0.32855868339538574
tabicl,Prior_Arrest_Episodes_Felony,3,194,0.4864625632762909
tabicl,Prior_Arrest_Episodes_Felony,3,195,0.6365097761154175
tabicl,Prior_Arrest_Episodes_Felony,3,196,0.46489280462265015
tabicl,Prior_Arrest_Episodes_Felony,3,197,0.2365923672914505
tabicl,Prior_Arrest_Episodes_Felony,3,198,0.8402221202850342
tabicl,Prior_Arrest_Episodes_Felony,3,199,0.668666660785675
tabicl,Prior_Arrest_Episodes_Felony,4,0,0.9009327292442322
tabicl,Prior_Arrest_Episodes_Felony,4,1,0.8078375458717346
tabicl,Prior_Arrest_Episodes_Felony,4,2,0.7081751227378845
tabicl,Prior_Arrest_Episodes_Felony,4,3,0.2259117066860199
tabicl,Prior_Arrest_Episodes_Felony,4,4,0.4114989936351776
tabicl,Prior_Arrest_Episodes_Felony,4,5,0.15784737467765808
tabicl,Prior_Arrest_Episodes_Felony,4,6,0.6037764549255371
tabicl,Prior_Arrest_Episodes_Felony,4,7,0.36044201254844666
tabicl,Prior_Arrest_Episodes_Felony,4,8,0.311559796333313
tabicl,Prior_Arrest_Episodes_Felony,4,9,0.6963121891021729
tabicl,Prior_Arrest_Episodes_Felony,4,10,0.6107423305511475
tabicl,Prior_Arrest_Episodes_Felony,4,11,0.3251502513885498
tabicl,Prior_Arrest_Episodes_Felony,4,12,0.7698766589164734
tabicl,Prior_Arrest_Episodes_Felony,4,13,0.6740150451660156
tabicl,Prior_Arrest_Episodes_Felony,4,14,0.7781258821487427
tabicl,Prior_Arrest_Episodes_Felony,4,15,0.30462920665740967
tabicl,Prior_Arrest_Episodes_Felony,4,16,0.8382272720336914
tabicl,Prior_Arrest_Episodes_Felony,4,17,0.48623669147491455
tabicl,Prior_Arrest_Episodes_Felony,4,18,0.6672675013542175
tabicl,Prior_Arrest_Episodes_Felony,4,19,0.6447392702102661
tabicl,Prior_Arrest_Episodes_Felony,4,20,0.49442359805107117
tabicl,Prior_Arrest_Episodes_Felony,4,21,0.6947435736656189
tabicl,Prior_Arrest_Episodes_Felony,4,22,0.8127564787864685
tabicl,Prior_Arrest_Episodes_Felony,4,23,0.8819746375083923
tabicl,Prior_Arrest_Episodes_Felony,4,24,0.9010356664657593
tabicl,Prior_Arrest_Episodes_Felony,4,25,0.28575292229652405
tabicl,Prior_Arrest_Episodes_Felony,4,26,0.8543774485588074
tabicl,Prior_Arrest_Episodes_Felony,4,27,0.7311412692070007
tabicl,Prior_Arrest_Episodes_Felony,4,28,0.16806568205356598
tabicl,Prior_Arrest_Episodes_Felony,4,29,0.492541640996933
tabicl,Prior_Arrest_Episodes_Felony,4,30,0.4906868040561676
tabicl,Prior_Arrest_Episodes_Felony,4,31,0.2127564549446106
tabicl,Prior_Arrest_Episodes_Felony,4,32,0.1821431964635849
tabicl,Prior_Arrest_Episodes_Felony,4,33,0.5874313116073608
tabicl,Prior_Arrest_Episodes_Felony,4,34,0.4087032973766327
tabicl,Prior_Arrest_Episodes_Felony,4,35,0.4197039008140564
tabicl,Prior_Arrest_Episodes_Felony,4,36,0.6712200045585632
tabicl,Prior_Arrest_Episodes_Felony,4,37,0.41071704030036926
tabicl,Prior_Arrest_Episodes_Felony,4,38,0.250558078289032
tabicl,Prior_Arrest_Episodes_Felony,4,39,0.6026050448417664
tabicl,Prior_Arrest_Episodes_Felony,4,40,0.16900289058685303
tabicl,Prior_Arrest_Episodes_Felony,4,41,0.8718748688697815
tabicl,Prior_Arrest_Episodes_Felony,4,42,0.682385265827179
tabicl,Prior_Arrest_Episodes_Felony,4,43,0.6888211369514465
tabicl,Prior_Arrest_Episodes_Felony,4,44,0.7312106490135193
tabicl,Prior_Arrest_Episodes_Felony,4,45,0.6951929926872253
tabicl,Prior_Arrest_Episodes_Felony,4,46,0.5697628855705261
tabicl,Prior_Arrest_Episodes_Felony,4,47,0.5332216024398804
tabicl,Prior_Arrest_Episodes_Felony,4,48,0.2984815835952759
tabicl,Prior_Arrest_Episodes_Felony,4,49,0.43322986364364624
tabicl,Prior_Arrest_Episodes_Felony,4,50,0.5472584962844849
tabicl,Prior_Arrest_Episodes_Felony,4,51,0.37269917130470276
tabicl,Prior_Arrest_Episodes_Felony,4,52,0.3125965893268585
tabicl,Prior_Arrest_Episodes_Felony,4,53,0.48405805230140686
tabicl,Prior_Arrest_Episodes_Felony,4,54,0.5087924003601074
tabicl,Prior_Arrest_Episodes_Felony,4,55,0.8146622180938721
tabicl,Prior_Arrest_Episodes_Felony,4,56,0.8320392370223999
tabicl,Prior_Arrest_Episodes_Felony,4,57,0.6007887125015259
tabicl,Prior_Arrest_Episodes_Felony,4,58,0.46088290214538574
tabicl,Prior_Arrest_Episodes_Felony,4,59,0.6222350001335144
tabicl,Prior_Arrest_Episodes_Felony,4,60,0.6889544129371643
tabicl,Prior_Arrest_Episodes_Felony,4,61,0.8497029542922974
tabicl,Prior_Arrest_Episodes_Felony,4,62,0.4218553304672241
tabicl,Prior_Arrest_Episodes_Felony,4,63,0.6490993499755859
tabicl,Prior_Arrest_Episodes_Felony,4,64,0.81879061460495
tabicl,Prior_Arrest_Episodes_Felony,4,65,0.5952109098434448
tabicl,Prior_Arrest_Episodes_Felony,4,66,0.33616819977760315
tabicl,Prior_Arrest_Episodes_Felony,4,67,0.695202648639679
tabicl,Prior_Arrest_Episodes_Felony,4,68,0.5626710057258606
tabicl,Prior_Arrest_Episodes_Felony,4,69,0.6265078783035278
tabicl,Prior_Arrest_Episodes_Felony,4,70,0.39432963728904724
tabicl,Prior_Arrest_Episodes_Felony,4,71,0.9154418110847473
tabicl,Prior_Arrest_Episodes_Felony,4,72,0.7672092318534851
tabicl,Prior_Arrest_Episodes_Felony,4,73,0.4976649582386017
tabicl,Prior_Arrest_Episodes_Felony,4,74,0.262912780046463
tabicl,Prior_Arrest_Episodes_Felony,4,75,0.8214812874794006
tabicl,Prior_Arrest_Episodes_Felony,4,76,0.5654257535934448
tabicl,Prior_Arrest_Episodes_Felony,4,77,0.5617734789848328
tabicl,Prior_Arrest_Episodes_Felony,4,78,0.5377722978591919
tabicl,Prior_Arrest_Episodes_Felony,4,79,0.7266533970832825
tabicl,Prior_Arrest_Episodes_Felony,4,80,0.42996665835380554
tabicl,Prior_Arrest_Episodes_Felony,4,81,0.6766077876091003
tabicl,Prior_Arrest_Episodes_Felony,4,82,0.4404974579811096
tabicl,Prior_Arrest_Episodes_Felony,4,83,0.507682204246521
tabicl,Prior_Arrest_Episodes_Felony,4,84,0.4483509957790375
tabicl,Prior_Arrest_Episodes_Felony,4,85,0.6003945469856262
tabicl,Prior_Arrest_Episodes_Felony,4,86,0.7992923259735107
tabicl,Prior_Arrest_Episodes_Felony,4,87,0.6066657304763794
tabicl,Prior_Arrest_Episodes_Felony,4,88,0.43915414810180664
tabicl,Prior_Arrest_Episodes_Felony,4,89,0.8153616189956665
tabicl,Prior_Arrest_Episodes_Felony,4,90,0.7333934903144836
tabicl,Prior_Arrest_Episodes_Felony,4,91,0.8310279250144958
tabicl,Prior_Arrest_Episodes_Felony,4,92,0.6736199855804443
tabicl,Prior_Arrest_Episodes_Felony,4,93,0.6310507655143738
tabicl,Prior_Arrest_Episodes_Felony,4,94,0.6485128402709961
tabicl,Prior_Arrest_Episodes_Felony,4,95,0.6266736388206482
tabicl,Prior_Arrest_Episodes_Felony,4,96,0.6153210401535034
tabicl,Prior_Arrest_Episodes_Felony,4,97,0.29798540472984314
tabicl,Prior_Arrest_Episodes_Felony,4,98,0.7014157772064209
tabicl,Prior_Arrest_Episodes_Felony,4,99,0.34787821769714355
tabicl,Prior_Arrest_Episodes_Felony,4,100,0.7662051916122437
tabicl,Prior_Arrest_Episodes_Felony,4,101,0.4905545115470886
tabicl,Prior_Arrest_Episodes_Felony,4,102,0.5972429513931274
tabicl,Prior_Arrest_Episodes_Felony,4,103,0.8345336318016052
tabicl,Prior_Arrest_Episodes_Felony,4,104,0.7153807282447815
tabicl,Prior_Arrest_Episodes_Felony,4,105,0.3560236394405365
tabicl,Prior_Arrest_Episodes_Felony,4,106,0.8107556104660034
tabicl,Prior_Arrest_Episodes_Felony,4,107,0.3273918926715851
tabicl,Prior_Arrest_Episodes_Felony,4,108,0.47790059447288513
tabicl,Prior_Arrest_Episodes_Felony,4,109,0.6386570334434509
tabicl,Prior_Arrest_Episodes_Felony,4,110,0.3973161578178406
tabicl,Prior_Arrest_Episodes_Felony,4,111,0.4197540581226349
tabicl,Prior_Arrest_Episodes_Felony,4,112,0.55098557472229
tabicl,Prior_Arrest_Episodes_Felony,4,113,0.36974260210990906
tabicl,Prior_Arrest_Episodes_Felony,4,114,0.1819925308227539
tabicl,Prior_Arrest_Episodes_Felony,4,115,0.8719151020050049
tabicl,Prior_Arrest_Episodes_Felony,4,116,0.7515174746513367
tabicl,Prior_Arrest_Episodes_Felony,4,117,0.6579935550689697
tabicl,Prior_Arrest_Episodes_Felony,4,118,0.6514759063720703
tabicl,Prior_Arrest_Episodes_Felony,4,119,0.6122125387191772
tabicl,Prior_Arrest_Episodes_Felony,4,120,0.22325052320957184
tabicl,Prior_Arrest_Episodes_Felony,4,121,0.948663055896759
tabicl,Prior_Arrest_Episodes_Felony,4,122,0.5459325909614563
tabicl,Prior_Arrest_Episodes_Felony,4,123,0.5143229365348816
tabicl,Prior_Arrest_Episodes_Felony,4,124,0.7161649465560913
tabicl,Prior_Arrest_Episodes_Felony,4,125,0.4118089973926544
tabicl,Prior_Arrest_Episodes_Felony,4,126,0.5438462495803833
tabicl,Prior_Arrest_Episodes_Felony,4,127,0.8194074034690857
tabicl,Prior_Arrest_Episodes_Felony,4,128,0.6495276093482971
tabicl,Prior_Arrest_Episodes_Felony,4,129,0.6469391584396362
tabicl,Prior_Arrest_Episodes_Felony,4,130,0.258470743894577
tabicl,Prior_Arrest_Episodes_Felony,4,131,0.3991813361644745
tabicl,Prior_Arrest_Episodes_Felony,4,132,0.7951518297195435
tabicl,Prior_Arrest_Episodes_Felony,4,133,0.7398586273193359
tabicl,Prior_Arrest_Episodes_Felony,4,134,0.5358145833015442
tabicl,Prior_Arrest_Episodes_Felony,4,135,0.8184801936149597
tabicl,Prior_Arrest_Episodes_Felony,4,136,0.7615620493888855
tabicl,Prior_Arrest_Episodes_Felony,4,137,0.7350113391876221
tabicl,Prior_Arrest_Episodes_Felony,4,138,0.10909029841423035
tabicl,Prior_Arrest_Episodes_Felony,4,139,0.509833037853241
tabicl,Prior_Arrest_Episodes_Felony,4,140,0.6055766940116882
tabicl,Prior_Arrest_Episodes_Felony,4,141,0.09889532625675201
tabicl,Prior_Arrest_Episodes_Felony,4,142,0.37455227971076965
tabicl,Prior_Arrest_Episodes_Felony,4,143,0.6018883585929871
tabicl,Prior_Arrest_Episodes_Felony,4,144,0.2895798087120056
tabicl,Prior_Arrest_Episodes_Felony,4,145,0.7294936776161194
tabicl,Prior_Arrest_Episodes_Felony,4,146,0.37352630496025085
tabicl,Prior_Arrest_Episodes_Felony,4,147,0.8646116852760315
tabicl,Prior_Arrest_Episodes_Felony,4,148,0.5834715366363525
tabicl,Prior_Arrest_Episodes_Felony,4,149,0.846357524394989
tabicl,Prior_Arrest_Episodes_Felony,4,150,0.7699469327926636
tabicl,Prior_Arrest_Episodes_Felony,4,151,0.31593048572540283
tabicl,Prior_Arrest_Episodes_Felony,4,152,0.339929461479187
tabicl,Prior_Arrest_Episodes_Felony,4,153,0.7278643846511841
tabicl,Prior_Arrest_Episodes_Felony,4,154,0.43414756655693054
tabicl,Prior_Arrest_Episodes_Felony,4,155,0.7010473012924194
tabicl,Prior_Arrest_Episodes_Felony,4,156,0.8767859935760498
tabicl,Prior_Arrest_Episodes_Felony,4,157,0.8733404278755188
tabicl,Prior_Arrest_Episodes_Felony,4,158,0.8313489556312561
tabicl,Prior_Arrest_Episodes_Felony,4,159,0.8563008308410645
tabicl,Prior_Arrest_Episodes_Felony,4,160,0.4756088852882385
tabicl,Prior_Arrest_Episodes_Felony,4,161,0.8377537727355957
tabicl,Prior_Arrest_Episodes_Felony,4,162,0.8611658811569214
tabicl,Prior_Arrest_Episodes_Felony,4,163,0.11114686727523804
tabicl,Prior_Arrest_Episodes_Felony,4,164,0.7743484973907471
tabicl,Prior_Arrest_Episodes_Felony,4,165,0.7923307418823242
tabicl,Prior_Arrest_Episodes_Felony,4,166,0.8823959231376648
tabicl,Prior_Arrest_Episodes_Felony,4,167,0.42558518052101135
tabicl,Prior_Arrest_Episodes_Felony,4,168,0.7614324688911438
tabicl,Prior_Arrest_Episodes_Felony,4,169,0.7507748007774353
tabicl,Prior_Arrest_Episodes_Felony,4,170,0.880760908126831
tabicl,Prior_Arrest_Episodes_Felony,4,171,0.9366347789764404
tabicl,Prior_Arrest_Episodes_Felony,4,172,0.7029271125793457
tabicl,Prior_Arrest_Episodes_Felony,4,173,0.2782544791698456
tabicl,Prior_Arrest_Episodes_Felony,4,174,0.35653331875801086
tabicl,Prior_Arrest_Episodes_Felony,4,175,0.0717567503452301
tabicl,Prior_Arrest_Episodes_Felony,4,176,0.6896231174468994
tabicl,Prior_Arrest_Episodes_Felony,4,177,0.38746827840805054
tabicl,Prior_Arrest_Episodes_Felony,4,178,0.3645917475223541
tabicl,Prior_Arrest_Episodes_Felony,4,179,0.6096165180206299
tabicl,Prior_Arrest_Episodes_Felony,4,180,0.5194423198699951
tabicl,Prior_Arrest_Episodes_Felony,4,181,0.8432698249816895
tabicl,Prior_Arrest_Episodes_Felony,4,182,0.863519012928009
tabicl,Prior_Arrest_Episodes_Felony,4,183,0.7172786593437195
tabicl,Prior_Arrest_Episodes_Felony,4,184,0.5957493782043457
tabicl,Prior_Arrest_Episodes_Felony,4,185,0.8203983902931213
tabicl,Prior_Arrest_Episodes_Felony,4,186,0.40346357226371765
tabicl,Prior_Arrest_Episodes_Felony,4,187,0.8845574855804443
tabicl,Prior_Arrest_Episodes_Felony,4,188,0.4582824110984802
tabicl,Prior_Arrest_Episodes_Felony,4,189,0.5801911354064941
tabicl,Prior_Arrest_Episodes_Felony,4,190,0.6074250936508179
tabicl,Prior_Arrest_Episodes_Felony,4,191,0.8298311233520508
tabicl,Prior_Arrest_Episodes_Felony,4,192,0.5934931039810181
tabicl,Prior_Arrest_Episodes_Felony,4,193,0.3467201292514801
tabicl,Prior_Arrest_Episodes_Felony,4,194,0.5020215511322021
tabicl,Prior_Arrest_Episodes_Felony,4,195,0.6550434231758118
tabicl,Prior_Arrest_Episodes_Felony,4,196,0.48574498295783997
tabicl,Prior_Arrest_Episodes_Felony,4,197,0.2445768415927887
tabicl,Prior_Arrest_Episodes_Felony,4,198,0.8474446535110474
tabicl,Prior_Arrest_Episodes_Felony,4,199,0.6827417016029358
tabicl,Prior_Arrest_Episodes_Felony,5,0,0.9025576114654541
tabicl,Prior_Arrest_Episodes_Felony,5,1,0.8115928769111633
tabicl,Prior_Arrest_Episodes_Felony,5,2,0.7148815989494324
tabicl,Prior_Arrest_Episodes_Felony,5,3,0.2376253306865692
tabicl,Prior_Arrest_Episodes_Felony,5,4,0.41831257939338684
tabicl,Prior_Arrest_Episodes_Felony,5,5,0.15953055024147034
tabicl,Prior_Arrest_Episodes_Felony,5,6,0.6130585074424744
tabicl,Prior_Arrest_Episodes_Felony,5,7,0.3701077699661255
tabicl,Prior_Arrest_Episodes_Felony,5,8,0.31371986865997314
tabicl,Prior_Arrest_Episodes_Felony,5,9,0.7049686908721924
tabicl,Prior_Arrest_Episodes_Felony,5,10,0.6195685863494873
tabicl,Prior_Arrest_Episodes_Felony,5,11,0.3335602581501007
tabicl,Prior_Arrest_Episodes_Felony,5,12,0.777791440486908
tabicl,Prior_Arrest_Episodes_Felony,5,13,0.6853511333465576
tabicl,Prior_Arrest_Episodes_Felony,5,14,0.7829083204269409
tabicl,Prior_Arrest_Episodes_Felony,5,15,0.3145255148410797
tabicl,Prior_Arrest_Episodes_Felony,5,16,0.844224214553833
tabicl,Prior_Arrest_Episodes_Felony,5,17,0.4943396747112274
tabicl,Prior_Arrest_Episodes_Felony,5,18,0.6768198013305664
tabicl,Prior_Arrest_Episodes_Felony,5,19,0.6492342948913574
tabicl,Prior_Arrest_Episodes_Felony,5,20,0.502736508846283
tabicl,Prior_Arrest_Episodes_Felony,5,21,0.7114048600196838
tabicl,Prior_Arrest_Episodes_Felony,5,22,0.8177921175956726
tabicl,Prior_Arrest_Episodes_Felony,5,23,0.8849124312400818
tabicl,Prior_Arrest_Episodes_Felony,5,24,0.9030671715736389
tabicl,Prior_Arrest_Episodes_Felony,5,25,0.28671425580978394
tabicl,Prior_Arrest_Episodes_Felony,5,26,0.8589561581611633
tabicl,Prior_Arrest_Episodes_Felony,5,27,0.7388590574264526
tabicl,Prior_Arrest_Episodes_Felony,5,28,0.17583295702934265
tabicl,Prior_Arrest_Episodes_Felony,5,29,0.49913573265075684
tabicl,Prior_Arrest_Episodes_Felony,5,30,0.5056326389312744
tabicl,Prior_Arrest_Episodes_Felony,5,31,0.21925930678844452
tabicl,Prior_Arrest_Episodes_Felony,5,32,0.1903020590543747
tabicl,Prior_Arrest_Episodes_Felony,5,33,0.6009646058082581
tabicl,Prior_Arrest_Episodes_Felony,5,34,0.4220772087574005
tabicl,Prior_Arrest_Episodes_Felony,5,35,0.4368249475955963
tabicl,Prior_Arrest_Episodes_Felony,5,36,0.6801417469978333
tabicl,Prior_Arrest_Episodes_Felony,5,37,0.4176056683063507
tabicl,Prior_Arrest_Episodes_Felony,5,38,0.2564246356487274
tabicl,Prior_Arrest_Episodes_Felony,5,39,0.6094415187835693
tabicl,Prior_Arrest_Episodes_Felony,5,40,0.17484642565250397
tabicl,Prior_Arrest_Episodes_Felony,5,41,0.8776235580444336
tabicl,Prior_Arrest_Episodes_Felony,5,42,0.6930383443832397
tabicl,Prior_Arrest_Episodes_Felony,5,43,0.6942095160484314
tabicl,Prior_Arrest_Episodes_Felony,5,44,0.7378702759742737
tabicl,Prior_Arrest_Episodes_Felony,5,45,0.7035699486732483
tabicl,Prior_Arrest_Episodes_Felony,5,46,0.5802795886993408
tabicl,Prior_Arrest_Episodes_Felony,5,47,0.542612612247467
tabicl,Prior_Arrest_Episodes_Felony,5,48,0.3009674549102783
tabicl,Prior_Arrest_Episodes_Felony,5,49,0.4373951554298401
tabicl,Prior_Arrest_Episodes_Felony,5,50,0.5563929677009583
tabicl,Prior_Arrest_Episodes_Felony,5,51,0.38105645775794983
tabicl,Prior_Arrest_Episodes_Felony,5,52,0.31619149446487427
tabicl,Prior_Arrest_Episodes_Felony,5,53,0.4944930076599121
tabicl,Prior_Arrest_Episodes_Felony,5,54,0.5179427862167358
tabicl,Prior_Arrest_Episodes_Felony,5,55,0.823255181312561
tabicl,Prior_Arrest_Episodes_Felony,5,56,0.835757851600647
tabicl,Prior_Arrest_Episodes_Felony,5,57,0.6070953011512756
tabicl,Prior_Arrest_Episodes_Felony,5,58,0.4633692800998688
tabicl,Prior_Arrest_Episodes_Felony,5,59,0.6315297484397888
tabicl,Prior_Arrest_Episodes_Felony,5,60,0.6981845498085022
tabicl,Prior_Arrest_Episodes_Felony,5,61,0.8547383546829224
tabicl,Prior_Arrest_Episodes_Felony,5,62,0.4282747209072113
tabicl,Prior_Arrest_Episodes_Felony,5,63,0.6590527296066284
tabicl,Prior_Arrest_Episodes_Felony,5,64,0.8272622227668762
tabicl,Prior_Arrest_Episodes_Felony,5,65,0.60402512550354
tabicl,Prior_Arrest_Episodes_Felony,5,66,0.3400525450706482
tabicl,Prior_Arrest_Episodes_Felony,5,67,0.7050115466117859
tabicl,Prior_Arrest_Episodes_Felony,5,68,0.570863664150238
tabicl,Prior_Arrest_Episodes_Felony,5,69,0.6302134394645691
tabicl,Prior_Arrest_Episodes_Felony,5,70,0.3990228474140167
tabicl,Prior_Arrest_Episodes_Felony,5,71,0.9178885817527771
tabicl,Prior_Arrest_Episodes_Felony,5,72,0.7777442932128906
tabicl,Prior_Arrest_Episodes_Felony,5,73,0.508033275604248
tabicl,Prior_Arrest_Episodes_Felony,5,74,0.2652988135814667
tabicl,Prior_Arrest_Episodes_Felony,5,75,0.8247534036636353
tabicl,Prior_Arrest_Episodes_Felony,5,76,0.5707085132598877
tabicl,Prior_Arrest_Episodes_Felony,5,77,0.5785221457481384
tabicl,Prior_Arrest_Episodes_Felony,5,78,0.5463935732841492
tabicl,Prior_Arrest_Episodes_Felony,5,79,0.7328671216964722
tabicl,Prior_Arrest_Episodes_Felony,5,80,0.4430803060531616
tabicl,Prior_Arrest_Episodes_Felony,5,81,0.6878745555877686
tabicl,Prior_Arrest_Episodes_Felony,5,82,0.4473702013492584
tabicl,Prior_Arrest_Episodes_Felony,5,83,0.5163089632987976
tabicl,Prior_Arrest_Episodes_Felony,5,84,0.4599349796772003
tabicl,Prior_Arrest_Episodes_Felony,5,85,0.6083855032920837
tabicl,Prior_Arrest_Episodes_Felony,5,86,0.8091539144515991
tabicl,Prior_Arrest_Episodes_Felony,5,87,0.6174189448356628
tabicl,Prior_Arrest_Episodes_Felony,5,88,0.4454536736011505
tabicl,Prior_Arrest_Episodes_Felony,5,89,0.8205379247665405
tabicl,Prior_Arrest_Episodes_Felony,5,90,0.7417761087417603
tabicl,Prior_Arrest_Episodes_Felony,5,91,0.8344354629516602
tabicl,Prior_Arrest_Episodes_Felony,5,92,0.6848171949386597
tabicl,Prior_Arrest_Episodes_Felony,5,93,0.6418092250823975
tabicl,Prior_Arrest_Episodes_Felony,5,94,0.6554975509643555
tabicl,Prior_Arrest_Episodes_Felony,5,95,0.6369825005531311
tabicl,Prior_Arrest_Episodes_Felony,5,96,0.6289628744125366
tabicl,Prior_Arrest_Episodes_Felony,5,97,0.31096628308296204
tabicl,Prior_Arrest_Episodes_Felony,5,98,0.7042115926742554
tabicl,Prior_Arrest_Episodes_Felony,5,99,0.35419633984565735
tabicl,Prior_Arrest_Episodes_Felony,5,100,0.7721602320671082
tabicl,Prior_Arrest_Episodes_Felony,5,101,0.4949464201927185
tabicl,Prior_Arrest_Episodes_Felony,5,102,0.6047108173370361
tabicl,Prior_Arrest_Episodes_Felony,5,103,0.841545820236206
tabicl,Prior_Arrest_Episodes_Felony,5,104,0.724198579788208
tabicl,Prior_Arrest_Episodes_Felony,5,105,0.35974231362342834
tabicl,Prior_Arrest_Episodes_Felony,5,106,0.8170260787010193
tabicl,Prior_Arrest_Episodes_Felony,5,107,0.33763638138771057
tabicl,Prior_Arrest_Episodes_Felony,5,108,0.4876340925693512
tabicl,Prior_Arrest_Episodes_Felony,5,109,0.6465772390365601
tabicl,Prior_Arrest_Episodes_Felony,5,110,0.40728411078453064
tabicl,Prior_Arrest_Episodes_Felony,5,111,0.4276221692562103
tabicl,Prior_Arrest_Episodes_Felony,5,112,0.5585170388221741
tabicl,Prior_Arrest_Episodes_Felony,5,113,0.3730011284351349
tabicl,Prior_Arrest_Episodes_Felony,5,114,0.18878111243247986
tabicl,Prior_Arrest_Episodes_Felony,5,115,0.8755557537078857
tabicl,Prior_Arrest_Episodes_Felony,5,116,0.7621567249298096
tabicl,Prior_Arrest_Episodes_Felony,5,117,0.66828453540802
tabicl,Prior_Arrest_Episodes_Felony,5,118,0.6600008010864258
tabicl,Prior_Arrest_Episodes_Felony,5,119,0.6209765672683716
tabicl,Prior_Arrest_Episodes_Felony,5,120,0.2259042114019394
tabicl,Prior_Arrest_Episodes_Felony,5,121,0.9506595134735107
tabicl,Prior_Arrest_Episodes_Felony,5,122,0.5554912686347961
tabicl,Prior_Arrest_Episodes_Felony,5,123,0.5205579400062561
tabicl,Prior_Arrest_Episodes_Felony,5,124,0.7245420813560486
tabicl,Prior_Arrest_Episodes_Felony,5,125,0.4146583378314972
tabicl,Prior_Arrest_Episodes_Felony,5,126,0.5516275763511658
tabicl,Prior_Arrest_Episodes_Felony,5,127,0.824417769908905
tabicl,Prior_Arrest_Episodes_Felony,5,128,0.6623892188072205
tabicl,Prior_Arrest_Episodes_Felony,5,129,0.6560364365577698
tabicl,Prior_Arrest_Episodes_Felony,5,130,0.26078087091445923
tabicl,Prior_Arrest_Episodes_Felony,5,131,0.4066159427165985
tabicl,Prior_Arrest_Episodes_Felony,5,132,0.8004558682441711
tabicl,Prior_Arrest_Episodes_Felony,5,133,0.7471243739128113
tabicl,Prior_Arrest_Episodes_Felony,5,134,0.5434946417808533
tabicl,Prior_Arrest_Episodes_Felony,5,135,0.8264802098274231
tabicl,Prior_Arrest_Episodes_Felony,5,136,0.7707823514938354
tabicl,Prior_Arrest_Episodes_Felony,5,137,0.7445353865623474
tabicl,Prior_Arrest_Episodes_Felony,5,138,0.11732511222362518
tabicl,Prior_Arrest_Episodes_Felony,5,139,0.5123835802078247
tabicl,Prior_Arrest_Episodes_Felony,5,140,0.6154145002365112
tabicl,Prior_Arrest_Episodes_Felony,5,141,0.10597231984138489
tabicl,Prior_Arrest_Episodes_Felony,5,142,0.38802024722099304
tabicl,Prior_Arrest_Episodes_Felony,5,143,0.6092569828033447
tabicl,Prior_Arrest_Episodes_Felony,5,144,0.2929290235042572
tabicl,Prior_Arrest_Episodes_Felony,5,145,0.7357128858566284
tabicl,Prior_Arrest_Episodes_Felony,5,146,0.37926051020622253
tabicl,Prior_Arrest_Episodes_Felony,5,147,0.8680319786071777
tabicl,Prior_Arrest_Episodes_Felony,5,148,0.5931863784790039
tabicl,Prior_Arrest_Episodes_Felony,5,149,0.8524065613746643
tabicl,Prior_Arrest_Episodes_Felony,5,150,0.778357744216919
tabicl,Prior_Arrest_Episodes_Felony,5,151,0.317764014005661
tabicl,Prior_Arrest_Episodes_Felony,5,152,0.3447912633419037
tabicl,Prior_Arrest_Episodes_Felony,5,153,0.738581657409668
tabicl,Prior_Arrest_Episodes_Felony,5,154,0.43767067790031433
tabicl,Prior_Arrest_Episodes_Felony,5,155,0.7121516466140747
tabicl,Prior_Arrest_Episodes_Felony,5,156,0.877978503704071
tabicl,Prior_Arrest_Episodes_Felony,5,157,0.8773237466812134
tabicl,Prior_Arrest_Episodes_Felony,5,158,0.8359026908874512
tabicl,Prior_Arrest_Episodes_Felony,5,159,0.8593750596046448
tabicl,Prior_Arrest_Episodes_Felony,5,160,0.48430076241493225
tabicl,Prior_Arrest_Episodes_Felony,5,161,0.846028208732605
tabicl,Prior_Arrest_Episodes_Felony,5,162,0.8662831783294678
tabicl,Prior_Arrest_Episodes_Felony,5,163,0.11461449414491653
tabicl,Prior_Arrest_Episodes_Felony,5,164,0.7809744477272034
tabicl,Prior_Arrest_Episodes_Felony,5,165,0.79715895652771
tabicl,Prior_Arrest_Episodes_Felony,5,166,0.8867905735969543
tabicl,Prior_Arrest_Episodes_Felony,5,167,0.4331704080104828
tabicl,Prior_Arrest_Episodes_Felony,5,168,0.7704037427902222
tabicl,Prior_Arrest_Episodes_Felony,5,169,0.7526565790176392
tabicl,Prior_Arrest_Episodes_Felony,5,170,0.8850312829017639
tabicl,Prior_Arrest_Episodes_Felony,5,171,0.9401243925094604
tabicl,Prior_Arrest_Episodes_Felony,5,172,0.7098734974861145
tabicl,Prior_Arrest_Episodes_Felony,5,173,0.28596824407577515
tabicl,Prior_Arrest_Episodes_Felony,5,174,0.3594133257865906
tabicl,Prior_Arrest_Episodes_Felony,5,175,0.07638184726238251
tabicl,Prior_Arrest_Episodes_Felony,5,176,0.699254035949707
tabicl,Prior_Arrest_Episodes_Felony,5,177,0.3931542932987213
tabicl,Prior_Arrest_Episodes_Felony,5,178,0.3681083917617798
tabicl,Prior_Arrest_Episodes_Felony,5,179,0.616659939289093
tabicl,Prior_Arrest_Episodes_Felony,5,180,0.5280364751815796
tabicl,Prior_Arrest_Episodes_Felony,5,181,0.84787517786026
tabicl,Prior_Arrest_Episodes_Felony,5,182,0.8680486679077148
tabicl,Prior_Arrest_Episodes_Felony,5,183,0.7262152433395386
tabicl,Prior_Arrest_Episodes_Felony,5,184,0.6046513319015503
tabicl,Prior_Arrest_Episodes_Felony,5,185,0.8291399478912354
tabicl,Prior_Arrest_Episodes_Felony,5,186,0.4088176190853119
tabicl,Prior_Arrest_Episodes_Felony,5,187,0.8870140314102173
tabicl,Prior_Arrest_Episodes_Felony,5,188,0.46787071228027344
tabicl,Prior_Arrest_Episodes_Felony,5,189,0.593586266040802
tabicl,Prior_Arrest_Episodes_Felony,5,190,0.6219325065612793
tabicl,Prior_Arrest_Episodes_Felony,5,191,0.8349881172180176
tabicl,Prior_Arrest_Episodes_Felony,5,192,0.6040182709693909
tabicl,Prior_Arrest_Episodes_Felony,5,193,0.3528955280780792
tabicl,Prior_Arrest_Episodes_Felony,5,194,0.511601984500885
tabicl,Prior_Arrest_Episodes_Felony,5,195,0.6672423481941223
tabicl,Prior_Arrest_Episodes_Felony,5,196,0.49884843826293945
tabicl,Prior_Arrest_Episodes_Felony,5,197,0.24693003296852112
tabicl,Prior_Arrest_Episodes_Felony,5,198,0.849230945110321
tabicl,Prior_Arrest_Episodes_Felony,5,199,0.6924281716346741
tabicl,Prior_Arrest_Episodes_Felony,6,0,0.9096911549568176
tabicl,Prior_Arrest_Episodes_Felony,6,1,0.8261850476264954
tabicl,Prior_Arrest_Episodes_Felony,6,2,0.7326765060424805
tabicl,Prior_Arrest_Episodes_Felony,6,3,0.25894513726234436
tabicl,Prior_Arrest_Episodes_Felony,6,4,0.4351046085357666
tabicl,Prior_Arrest_Episodes_Felony,6,5,0.17091450095176697
tabicl,Prior_Arrest_Episodes_Felony,6,6,0.6378046274185181
tabicl,Prior_Arrest_Episodes_Felony,6,7,0.3915538489818573
tabicl,Prior_Arrest_Episodes_Felony,6,8,0.3274034261703491
tabicl,Prior_Arrest_Episodes_Felony,6,9,0.7269515991210938
tabicl,Prior_Arrest_Episodes_Felony,6,10,0.6453325152397156
tabicl,Prior_Arrest_Episodes_Felony,6,11,0.3533394932746887
tabicl,Prior_Arrest_Episodes_Felony,6,12,0.7937785387039185
tabicl,Prior_Arrest_Episodes_Felony,6,13,0.7076577544212341
tabicl,Prior_Arrest_Episodes_Felony,6,14,0.7987533807754517
tabicl,Prior_Arrest_Episodes_Felony,6,15,0.3410353362560272
tabicl,Prior_Arrest_Episodes_Felony,6,16,0.8560388684272766
tabicl,Prior_Arrest_Episodes_Felony,6,17,0.5131195783615112
tabicl,Prior_Arrest_Episodes_Felony,6,18,0.6982159614562988
tabicl,Prior_Arrest_Episodes_Felony,6,19,0.6666525602340698
tabicl,Prior_Arrest_Episodes_Felony,6,20,0.5252711176872253
tabicl,Prior_Arrest_Episodes_Felony,6,21,0.7374193668365479
tabicl,Prior_Arrest_Episodes_Felony,6,22,0.8331613540649414
tabicl,Prior_Arrest_Episodes_Felony,6,23,0.894258975982666
tabicl,Prior_Arrest_Episodes_Felony,6,24,0.9100596904754639
tabicl,Prior_Arrest_Episodes_Felony,6,25,0.30047810077667236
tabicl,Prior_Arrest_Episodes_Felony,6,26,0.8723546862602234
tabicl,Prior_Arrest_Episodes_Felony,6,27,0.7574572563171387
tabicl,Prior_Arrest_Episodes_Felony,6,28,0.1950940042734146
tabicl,Prior_Arrest_Episodes_Felony,6,29,0.5186235904693604
tabicl,Prior_Arrest_Episodes_Felony,6,30,0.5347088575363159
tabicl,Prior_Arrest_Episodes_Felony,6,31,0.23684996366500854
tabicl,Prior_Arrest_Episodes_Felony,6,32,0.2072908580303192
tabicl,Prior_Arrest_Episodes_Felony,6,33,0.6248398423194885
tabicl,Prior_Arrest_Episodes_Felony,6,34,0.45039668679237366
tabicl,Prior_Arrest_Episodes_Felony,6,35,0.4653073251247406
tabicl,Prior_Arrest_Episodes_Felony,6,36,0.7032028436660767
tabicl,Prior_Arrest_Episodes_Felony,6,37,0.4415892958641052
tabicl,Prior_Arrest_Episodes_Felony,6,38,0.27502474188804626
tabicl,Prior_Arrest_Episodes_Felony,6,39,0.6326524019241333
tabicl,Prior_Arrest_Episodes_Felony,6,40,0.1872026026248932
tabicl,Prior_Arrest_Episodes_Felony,6,41,0.8885813355445862
tabicl,Prior_Arrest_Episodes_Felony,6,42,0.7144560813903809
tabicl,Prior_Arrest_Episodes_Felony,6,43,0.7126374244689941
tabicl,Prior_Arrest_Episodes_Felony,6,44,0.7568444013595581
tabicl,Prior_Arrest_Episodes_Felony,6,45,0.7237089276313782
tabicl,Prior_Arrest_Episodes_Felony,6,46,0.6035588383674622
tabicl,Prior_Arrest_Episodes_Felony,6,47,0.5649528503417969
tabicl,Prior_Arrest_Episodes_Felony,6,48,0.3169311583042145
tabicl,Prior_Arrest_Episodes_Felony,6,49,0.45424944162368774
tabicl,Prior_Arrest_Episodes_Felony,6,50,0.5852565169334412
tabicl,Prior_Arrest_Episodes_Felony,6,51,0.40350374579429626
tabicl,Prior_Arrest_Episodes_Felony,6,52,0.32918742299079895
tabicl,Prior_Arrest_Episodes_Felony,6,53,0.5180997252464294
tabicl,Prior_Arrest_Episodes_Felony,6,54,0.5397113561630249
tabicl,Prior_Arrest_Episodes_Felony,6,55,0.8380445837974548
tabicl,Prior_Arrest_Episodes_Felony,6,56,0.8482110500335693
tabicl,Prior_Arrest_Episodes_Felony,6,57,0.6278705596923828
tabicl,Prior_Arrest_Episodes_Felony,6,58,0.48173999786376953
tabicl,Prior_Arrest_Episodes_Felony,6,59,0.652927041053772
tabicl,Prior_Arrest_Episodes_Felony,6,60,0.7173446416854858
tabicl,Prior_Arrest_Episodes_Felony,6,61,0.86565101146698
tabicl,Prior_Arrest_Episodes_Felony,6,62,0.4487253725528717
tabicl,Prior_Arrest_Episodes_Felony,6,63,0.681062638759613
tabicl,Prior_Arrest_Episodes_Felony,6,64,0.841983437538147
tabicl,Prior_Arrest_Episodes_Felony,6,65,0.6284964680671692
tabicl,Prior_Arrest_Episodes_Felony,6,66,0.36141297221183777
tabicl,Prior_Arrest_Episodes_Felony,6,67,0.7264138460159302
tabicl,Prior_Arrest_Episodes_Felony,6,68,0.5973686575889587
tabicl,Prior_Arrest_Episodes_Felony,6,69,0.6522602438926697
tabicl,Prior_Arrest_Episodes_Felony,6,70,0.4164014160633087
tabicl,Prior_Arrest_Episodes_Felony,6,71,0.924318253993988
tabicl,Prior_Arrest_Episodes_Felony,6,72,0.7982169985771179
tabicl,Prior_Arrest_Episodes_Felony,6,73,0.5360991954803467
tabicl,Prior_Arrest_Episodes_Felony,6,74,0.276919424533844
tabicl,Prior_Arrest_Episodes_Felony,6,75,0.8399664163589478
tabicl,Prior_Arrest_Episodes_Felony,6,76,0.5934889316558838
tabicl,Prior_Arrest_Episodes_Felony,6,77,0.607781171798706
tabicl,Prior_Arrest_Episodes_Felony,6,78,0.5735305547714233
tabicl,Prior_Arrest_Episodes_Felony,6,79,0.7499597072601318
tabicl,Prior_Arrest_Episodes_Felony,6,80,0.4694008231163025
tabicl,Prior_Arrest_Episodes_Felony,6,81,0.7064000964164734
tabicl,Prior_Arrest_Episodes_Felony,6,82,0.4671727120876312
tabicl,Prior_Arrest_Episodes_Felony,6,83,0.540373682975769
tabicl,Prior_Arrest_Episodes_Felony,6,84,0.48415690660476685
tabicl,Prior_Arrest_Episodes_Felony,6,85,0.6338723301887512
tabicl,Prior_Arrest_Episodes_Felony,6,86,0.8250238299369812
tabicl,Prior_Arrest_Episodes_Felony,6,87,0.6423535943031311
tabicl,Prior_Arrest_Episodes_Felony,6,88,0.4657853841781616
tabicl,Prior_Arrest_Episodes_Felony,6,89,0.8343599438667297
tabicl,Prior_Arrest_Episodes_Felony,6,90,0.7604724764823914
tabicl,Prior_Arrest_Episodes_Felony,6,91,0.8448384404182434
tabicl,Prior_Arrest_Episodes_Felony,6,92,0.7074092626571655
tabicl,Prior_Arrest_Episodes_Felony,6,93,0.6633031368255615
tabicl,Prior_Arrest_Episodes_Felony,6,94,0.6744973063468933
tabicl,Prior_Arrest_Episodes_Felony,6,95,0.6570245623588562
tabicl,Prior_Arrest_Episodes_Felony,6,96,0.6538052558898926
tabicl,Prior_Arrest_Episodes_Felony,6,97,0.33266812562942505
tabicl,Prior_Arrest_Episodes_Felony,6,98,0.7212041616439819
tabicl,Prior_Arrest_Episodes_Felony,6,99,0.37269067764282227
tabicl,Prior_Arrest_Episodes_Felony,6,100,0.7866365313529968
tabicl,Prior_Arrest_Episodes_Felony,6,101,0.5124902725219727
tabicl,Prior_Arrest_Episodes_Felony,6,102,0.628923237323761
tabicl,Prior_Arrest_Episodes_Felony,6,103,0.8554953932762146
tabicl,Prior_Arrest_Episodes_Felony,6,104,0.7456614971160889
tabicl,Prior_Arrest_Episodes_Felony,6,105,0.3823130428791046
tabicl,Prior_Arrest_Episodes_Felony,6,106,0.8297093510627747
tabicl,Prior_Arrest_Episodes_Felony,6,107,0.3555862605571747
tabicl,Prior_Arrest_Episodes_Felony,6,108,0.5103227496147156
tabicl,Prior_Arrest_Episodes_Felony,6,109,0.6716293692588806
tabicl,Prior_Arrest_Episodes_Felony,6,110,0.4296959936618805
tabicl,Prior_Arrest_Episodes_Felony,6,111,0.44755107164382935
tabicl,Prior_Arrest_Episodes_Felony,6,112,0.5796985626220703
tabicl,Prior_Arrest_Episodes_Felony,6,113,0.3856220543384552
tabicl,Prior_Arrest_Episodes_Felony,6,114,0.2035883069038391
tabicl,Prior_Arrest_Episodes_Felony,6,115,0.8850433230400085
tabicl,Prior_Arrest_Episodes_Felony,6,116,0.7825727462768555
tabicl,Prior_Arrest_Episodes_Felony,6,117,0.6897115111351013
tabicl,Prior_Arrest_Episodes_Felony,6,118,0.6794554591178894
tabicl,Prior_Arrest_Episodes_Felony,6,119,0.6428091526031494
tabicl,Prior_Arrest_Episodes_Felony,6,120,0.24074548482894897
tabicl,Prior_Arrest_Episodes_Felony,6,121,0.9547867178916931
tabicl,Prior_Arrest_Episodes_Felony,6,122,0.5818591713905334
tabicl,Prior_Arrest_Episodes_Felony,6,123,0.5442858338356018
tabicl,Prior_Arrest_Episodes_Felony,6,124,0.7409682869911194
tabicl,Prior_Arrest_Episodes_Felony,6,125,0.43201372027397156
tabicl,Prior_Arrest_Episodes_Felony,6,126,0.5715118646621704
tabicl,Prior_Arrest_Episodes_Felony,6,127,0.8374285697937012
tabicl,Prior_Arrest_Episodes_Felony,6,128,0.6829845905303955
tabicl,Prior_Arrest_Episodes_Felony,6,129,0.6753599643707275
tabicl,Prior_Arrest_Episodes_Felony,6,130,0.272724449634552
tabicl,Prior_Arrest_Episodes_Felony,6,131,0.42792168259620667
tabicl,Prior_Arrest_Episodes_Felony,6,132,0.8151313662528992
tabicl,Prior_Arrest_Episodes_Felony,6,133,0.7676845192909241
tabicl,Prior_Arrest_Episodes_Felony,6,134,0.5652694702148438
tabicl,Prior_Arrest_Episodes_Felony,6,135,0.8427824378013611
tabicl,Prior_Arrest_Episodes_Felony,6,136,0.7886623740196228
tabicl,Prior_Arrest_Episodes_Felony,6,137,0.7646926641464233
tabicl,Prior_Arrest_Episodes_Felony,6,138,0.13135473430156708
tabicl,Prior_Arrest_Episodes_Felony,6,139,0.5308571457862854
tabicl,Prior_Arrest_Episodes_Felony,6,140,0.6351548433303833
tabicl,Prior_Arrest_Episodes_Felony,6,141,0.11803558468818665
tabicl,Prior_Arrest_Episodes_Felony,6,142,0.41233348846435547
tabicl,Prior_Arrest_Episodes_Felony,6,143,0.6288032531738281
tabicl,Prior_Arrest_Episodes_Felony,6,144,0.3072550892829895
tabicl,Prior_Arrest_Episodes_Felony,6,145,0.7502871751785278
tabicl,Prior_Arrest_Episodes_Felony,6,146,0.4000670909881592
tabicl,Prior_Arrest_Episodes_Felony,6,147,0.8782936334609985
tabicl,Prior_Arrest_Episodes_Felony,6,148,0.6153863072395325
tabicl,Prior_Arrest_Episodes_Felony,6,149,0.8641147017478943
tabicl,Prior_Arrest_Episodes_Felony,6,150,0.7968050837516785
tabicl,Prior_Arrest_Episodes_Felony,6,151,0.3330130875110626
tabicl,Prior_Arrest_Episodes_Felony,6,152,0.36140745878219604
tabicl,Prior_Arrest_Episodes_Felony,6,153,0.7627954483032227
tabicl,Prior_Arrest_Episodes_Felony,6,154,0.45638445019721985
tabicl,Prior_Arrest_Episodes_Felony,6,155,0.7313479781150818
tabicl,Prior_Arrest_Episodes_Felony,6,156,0.8853704333305359
tabicl,Prior_Arrest_Episodes_Felony,6,157,0.8862359523773193
tabicl,Prior_Arrest_Episodes_Felony,6,158,0.8474960327148438
tabicl,Prior_Arrest_Episodes_Felony,6,159,0.8711574077606201
tabicl,Prior_Arrest_Episodes_Felony,6,160,0.505809485912323
tabicl,Prior_Arrest_Episodes_Felony,6,161,0.8631598949432373
tabicl,Prior_Arrest_Episodes_Felony,6,162,0.8763803243637085
tabicl,Prior_Arrest_Episodes_Felony,6,163,0.12442074716091156
tabicl,Prior_Arrest_Episodes_Felony,6,164,0.7950833439826965
tabicl,Prior_Arrest_Episodes_Felony,6,165,0.8137220144271851
tabicl,Prior_Arrest_Episodes_Felony,6,166,0.8953828811645508
tabicl,Prior_Arrest_Episodes_Felony,6,167,0.4543111324310303
tabicl,Prior_Arrest_Episodes_Felony,6,168,0.7873457670211792
tabicl,Prior_Arrest_Episodes_Felony,6,169,0.7689860463142395
tabicl,Prior_Arrest_Episodes_Felony,6,170,0.8941613435745239
tabicl,Prior_Arrest_Episodes_Felony,6,171,0.945412278175354
tabicl,Prior_Arrest_Episodes_Felony,6,172,0.7284573316574097
tabicl,Prior_Arrest_Episodes_Felony,6,173,0.30156928300857544
tabicl,Prior_Arrest_Episodes_Felony,6,174,0.37463340163230896
tabicl,Prior_Arrest_Episodes_Felony,6,175,0.08548914641141891
tabicl,Prior_Arrest_Episodes_Felony,6,176,0.7195312976837158
tabicl,Prior_Arrest_Episodes_Felony,6,177,0.4113196134567261
tabicl,Prior_Arrest_Episodes_Felony,6,178,0.3872188627719879
tabicl,Prior_Arrest_Episodes_Felony,6,179,0.6405607461929321
tabicl,Prior_Arrest_Episodes_Felony,6,180,0.5515530109405518
tabicl,Prior_Arrest_Episodes_Felony,6,181,0.8569269180297852
tabicl,Prior_Arrest_Episodes_Felony,6,182,0.8790473341941833
tabicl,Prior_Arrest_Episodes_Felony,6,183,0.7444666028022766
tabicl,Prior_Arrest_Episodes_Felony,6,184,0.6274635791778564
tabicl,Prior_Arrest_Episodes_Felony,6,185,0.8456787467002869
tabicl,Prior_Arrest_Episodes_Felony,6,186,0.4282997250556946
tabicl,Prior_Arrest_Episodes_Felony,6,187,0.896054744720459
tabicl,Prior_Arrest_Episodes_Felony,6,188,0.48777419328689575
tabicl,Prior_Arrest_Episodes_Felony,6,189,0.6197405457496643
tabicl,Prior_Arrest_Episodes_Felony,6,190,0.6476994156837463
tabicl,Prior_Arrest_Episodes_Felony,6,191,0.8473736047744751
tabicl,Prior_Arrest_Episodes_Felony,6,192,0.6281129717826843
tabicl,Prior_Arrest_Episodes_Felony,6,193,0.37408682703971863
tabicl,Prior_Arrest_Episodes_Felony,6,194,0.5324785709381104
tabicl,Prior_Arrest_Episodes_Felony,6,195,0.6890678405761719
tabicl,Prior_Arrest_Episodes_Felony,6,196,0.5267488360404968
tabicl,Prior_Arrest_Episodes_Felony,6,197,0.26000872254371643
tabicl,Prior_Arrest_Episodes_Felony,6,198,0.858060359954834
tabicl,Prior_Arrest_Episodes_Felony,6,199,0.71625155210495
tabicl,Prior_Arrest_Episodes_Felony,7,0,0.8923983573913574
tabicl,Prior_Arrest_Episodes_Felony,7,1,0.7974879741668701
tabicl,Prior_Arrest_Episodes_Felony,7,2,0.7032343149185181
tabicl,Prior_Arrest_Episodes_Felony,7,3,0.23127783834934235
tabicl,Prior_Arrest_Episodes_Felony,7,4,0.40709373354911804
tabicl,Prior_Arrest_Episodes_Felony,7,5,0.15615202486515045
tabicl,Prior_Arrest_Episodes_Felony,7,6,0.5984277129173279
tabicl,Prior_Arrest_Episodes_Felony,7,7,0.35995498299598694
tabicl,Prior_Arrest_Episodes_Felony,7,8,0.3006984293460846
tabicl,Prior_Arrest_Episodes_Felony,7,9,0.6826402544975281
tabicl,Prior_Arrest_Episodes_Felony,7,10,0.6115052103996277
tabicl,Prior_Arrest_Episodes_Felony,7,11,0.32734397053718567
tabicl,Prior_Arrest_Episodes_Felony,7,12,0.7690939903259277
tabicl,Prior_Arrest_Episodes_Felony,7,13,0.6668972969055176
tabicl,Prior_Arrest_Episodes_Felony,7,14,0.7673466205596924
tabicl,Prior_Arrest_Episodes_Felony,7,15,0.31631895899772644
tabicl,Prior_Arrest_Episodes_Felony,7,16,0.8315678834915161
tabicl,Prior_Arrest_Episodes_Felony,7,17,0.48380202054977417
tabicl,Prior_Arrest_Episodes_Felony,7,18,0.6643970608711243
tabicl,Prior_Arrest_Episodes_Felony,7,19,0.6307589411735535
tabicl,Prior_Arrest_Episodes_Felony,7,20,0.4939015507698059
tabicl,Prior_Arrest_Episodes_Felony,7,21,0.7016220688819885
tabicl,Prior_Arrest_Episodes_Felony,7,22,0.8011736869812012
tabicl,Prior_Arrest_Episodes_Felony,7,23,0.8736662864685059
tabicl,Prior_Arrest_Episodes_Felony,7,24,0.8927503228187561
tabicl,Prior_Arrest_Episodes_Felony,7,25,0.27437224984169006
tabicl,Prior_Arrest_Episodes_Felony,7,26,0.8473485708236694
tabicl,Prior_Arrest_Episodes_Felony,7,27,0.7234655618667603
tabicl,Prior_Arrest_Episodes_Felony,7,28,0.1766703575849533
tabicl,Prior_Arrest_Episodes_Felony,7,29,0.484337717294693
tabicl,Prior_Arrest_Episodes_Felony,7,30,0.4945394992828369
tabicl,Prior_Arrest_Episodes_Felony,7,31,0.21860618889331818
tabicl,Prior_Arrest_Episodes_Felony,7,32,0.18522906303405762
tabicl,Prior_Arrest_Episodes_Felony,7,33,0.5880451798439026
tabicl,Prior_Arrest_Episodes_Felony,7,34,0.41559192538261414
tabicl,Prior_Arrest_Episodes_Felony,7,35,0.43004706501960754
tabicl,Prior_Arrest_Episodes_Felony,7,36,0.6690661311149597
tabicl,Prior_Arrest_Episodes_Felony,7,37,0.40380537509918213
tabicl,Prior_Arrest_Episodes_Felony,7,38,0.253388911485672
tabicl,Prior_Arrest_Episodes_Felony,7,39,0.5942254662513733
tabicl,Prior_Arrest_Episodes_Felony,7,40,0.17144545912742615
tabicl,Prior_Arrest_Episodes_Felony,7,41,0.8661895990371704
tabicl,Prior_Arrest_Episodes_Felony,7,42,0.67733234167099
tabicl,Prior_Arrest_Episodes_Felony,7,43,0.6758661270141602
tabicl,Prior_Arrest_Episodes_Felony,7,44,0.7196487188339233
tabicl,Prior_Arrest_Episodes_Felony,7,45,0.6879076957702637
tabicl,Prior_Arrest_Episodes_Felony,7,46,0.5675116181373596
tabicl,Prior_Arrest_Episodes_Felony,7,47,0.5249388813972473
tabicl,Prior_Arrest_Episodes_Felony,7,48,0.28915876150131226
tabicl,Prior_Arrest_Episodes_Felony,7,49,0.4294714033603668
tabicl,Prior_Arrest_Episodes_Felony,7,50,0.5513678193092346
tabicl,Prior_Arrest_Episodes_Felony,7,51,0.3738974630832672
tabicl,Prior_Arrest_Episodes_Felony,7,52,0.3083110451698303
tabicl,Prior_Arrest_Episodes_Felony,7,53,0.4864480197429657
tabicl,Prior_Arrest_Episodes_Felony,7,54,0.5086411237716675
tabicl,Prior_Arrest_Episodes_Felony,7,55,0.8120496869087219
tabicl,Prior_Arrest_Episodes_Felony,7,56,0.8270201086997986
tabicl,Prior_Arrest_Episodes_Felony,7,57,0.5832831263542175
tabicl,Prior_Arrest_Episodes_Felony,7,58,0.4459036886692047
tabicl,Prior_Arrest_Episodes_Felony,7,59,0.6164926290512085
tabicl,Prior_Arrest_Episodes_Felony,7,60,0.6799173951148987
tabicl,Prior_Arrest_Episodes_Felony,7,61,0.840552806854248
tabicl,Prior_Arrest_Episodes_Felony,7,62,0.4156285226345062
tabicl,Prior_Arrest_Episodes_Felony,7,63,0.6434921026229858
tabicl,Prior_Arrest_Episodes_Felony,7,64,0.8162113428115845
tabicl,Prior_Arrest_Episodes_Felony,7,65,0.5868880152702332
tabicl,Prior_Arrest_Episodes_Felony,7,66,0.3341740369796753
tabicl,Prior_Arrest_Episodes_Felony,7,67,0.6888377070426941
tabicl,Prior_Arrest_Episodes_Felony,7,68,0.5597037076950073
tabicl,Prior_Arrest_Episodes_Felony,7,69,0.6115874648094177
tabicl,Prior_Arrest_Episodes_Felony,7,70,0.3902103006839752
tabicl,Prior_Arrest_Episodes_Felony,7,71,0.9105539321899414
tabicl,Prior_Arrest_Episodes_Felony,7,72,0.7591525316238403
tabicl,Prior_Arrest_Episodes_Felony,7,73,0.5078433156013489
tabicl,Prior_Arrest_Episodes_Felony,7,74,0.25848424434661865
tabicl,Prior_Arrest_Episodes_Felony,7,75,0.8138247728347778
tabicl,Prior_Arrest_Episodes_Felony,7,76,0.5509369969367981
tabicl,Prior_Arrest_Episodes_Felony,7,77,0.5714188814163208
tabicl,Prior_Arrest_Episodes_Felony,7,78,0.5336210131645203
tabicl,Prior_Arrest_Episodes_Felony,7,79,0.7160009145736694
tabicl,Prior_Arrest_Episodes_Felony,7,80,0.43368491530418396
tabicl,Prior_Arrest_Episodes_Felony,7,81,0.6731144189834595
tabicl,Prior_Arrest_Episodes_Felony,7,82,0.42973336577415466
tabicl,Prior_Arrest_Episodes_Felony,7,83,0.504654049873352
tabicl,Prior_Arrest_Episodes_Felony,7,84,0.442979097366333
tabicl,Prior_Arrest_Episodes_Felony,7,85,0.6027457118034363
tabicl,Prior_Arrest_Episodes_Felony,7,86,0.8026615977287292
tabicl,Prior_Arrest_Episodes_Felony,7,87,0.603826642036438
tabicl,Prior_Arrest_Episodes_Felony,7,88,0.42955461144447327
tabicl,Prior_Arrest_Episodes_Felony,7,89,0.8080332279205322
tabicl,Prior_Arrest_Episodes_Felony,7,90,0.7280582189559937
tabicl,Prior_Arrest_Episodes_Felony,7,91,0.8212268948554993
tabicl,Prior_Arrest_Episodes_Felony,7,92,0.6784439086914062
tabicl,Prior_Arrest_Episodes_Felony,7,93,0.6307117938995361
tabicl,Prior_Arrest_Episodes_Felony,7,94,0.6372801661491394
tabicl,Prior_Arrest_Episodes_Felony,7,95,0.6172533631324768
tabicl,Prior_Arrest_Episodes_Felony,7,96,0.6138678789138794
tabicl,Prior_Arrest_Episodes_Felony,7,97,0.3060581684112549
tabicl,Prior_Arrest_Episodes_Felony,7,98,0.6880530714988708
tabicl,Prior_Arrest_Episodes_Felony,7,99,0.34688714146614075
tabicl,Prior_Arrest_Episodes_Felony,7,100,0.7603640556335449
tabicl,Prior_Arrest_Episodes_Felony,7,101,0.4814295172691345
tabicl,Prior_Arrest_Episodes_Felony,7,102,0.5942088961601257
tabicl,Prior_Arrest_Episodes_Felony,7,103,0.8281082510948181
tabicl,Prior_Arrest_Episodes_Felony,7,104,0.7117712497711182
tabicl,Prior_Arrest_Episodes_Felony,7,105,0.3447176516056061
tabicl,Prior_Arrest_Episodes_Felony,7,106,0.8034093379974365
tabicl,Prior_Arrest_Episodes_Felony,7,107,0.33104434609413147
tabicl,Prior_Arrest_Episodes_Felony,7,108,0.4753013551235199
tabicl,Prior_Arrest_Episodes_Felony,7,109,0.6292243003845215
tabicl,Prior_Arrest_Episodes_Felony,7,110,0.39955925941467285
tabicl,Prior_Arrest_Episodes_Felony,7,111,0.41749435663223267
tabicl,Prior_Arrest_Episodes_Felony,7,112,0.5425939559936523
tabicl,Prior_Arrest_Episodes_Felony,7,113,0.35974541306495667
tabicl,Prior_Arrest_Episodes_Felony,7,114,0.1872682273387909
tabicl,Prior_Arrest_Episodes_Felony,7,115,0.8623413443565369
tabicl,Prior_Arrest_Episodes_Felony,7,116,0.7528826594352722
tabicl,Prior_Arrest_Episodes_Felony,7,117,0.6539725065231323
tabicl,Prior_Arrest_Episodes_Felony,7,118,0.6447047591209412
tabicl,Prior_Arrest_Episodes_Felony,7,119,0.6035074591636658
tabicl,Prior_Arrest_Episodes_Felony,7,120,0.21640588343143463
tabicl,Prior_Arrest_Episodes_Felony,7,121,0.9456151723861694
tabicl,Prior_Arrest_Episodes_Felony,7,122,0.5412570238113403
tabicl,Prior_Arrest_Episodes_Felony,7,123,0.5007712841033936
tabicl,Prior_Arrest_Episodes_Felony,7,124,0.707679808139801
tabicl,Prior_Arrest_Episodes_Felony,7,125,0.3997727632522583
tabicl,Prior_Arrest_Episodes_Felony,7,126,0.5348080396652222
tabicl,Prior_Arrest_Episodes_Felony,7,127,0.8092405200004578
tabicl,Prior_Arrest_Episodes_Felony,7,128,0.6509027481079102
tabicl,Prior_Arrest_Episodes_Felony,7,129,0.6393469572067261
tabicl,Prior_Arrest_Episodes_Felony,7,130,0.2541772425174713
tabicl,Prior_Arrest_Episodes_Felony,7,131,0.39603736996650696
tabicl,Prior_Arrest_Episodes_Felony,7,132,0.7836413383483887
tabicl,Prior_Arrest_Episodes_Felony,7,133,0.7311770915985107
tabicl,Prior_Arrest_Episodes_Felony,7,134,0.5337069630622864
tabicl,Prior_Arrest_Episodes_Felony,7,135,0.8151826858520508
tabicl,Prior_Arrest_Episodes_Felony,7,136,0.7521829009056091
tabicl,Prior_Arrest_Episodes_Felony,7,137,0.7357985377311707
tabicl,Prior_Arrest_Episodes_Felony,7,138,0.11639825254678726
tabicl,Prior_Arrest_Episodes_Felony,7,139,0.4997532069683075
tabicl,Prior_Arrest_Episodes_Felony,7,140,0.6073557138442993
tabicl,Prior_Arrest_Episodes_Felony,7,141,0.1068544089794159
tabicl,Prior_Arrest_Episodes_Felony,7,142,0.3769001066684723
tabicl,Prior_Arrest_Episodes_Felony,7,143,0.5975083708763123
tabicl,Prior_Arrest_Episodes_Felony,7,144,0.28432443737983704
tabicl,Prior_Arrest_Episodes_Felony,7,145,0.7227896451950073
tabicl,Prior_Arrest_Episodes_Felony,7,146,0.37507542967796326
tabicl,Prior_Arrest_Episodes_Felony,7,147,0.8521260619163513
tabicl,Prior_Arrest_Episodes_Felony,7,148,0.5801251530647278
tabicl,Prior_Arrest_Episodes_Felony,7,149,0.841294527053833
tabicl,Prior_Arrest_Episodes_Felony,7,150,0.7682673335075378
tabicl,Prior_Arrest_Episodes_Felony,7,151,0.30993857979774475
tabicl,Prior_Arrest_Episodes_Felony,7,152,0.33865785598754883
tabicl,Prior_Arrest_Episodes_Felony,7,153,0.7284622192382812
tabicl,Prior_Arrest_Episodes_Felony,7,154,0.4220758378505707
tabicl,Prior_Arrest_Episodes_Felony,7,155,0.6938958764076233
tabicl,Prior_Arrest_Episodes_Felony,7,156,0.8671681880950928
tabicl,Prior_Arrest_Episodes_Felony,7,157,0.8665127754211426
tabicl,Prior_Arrest_Episodes_Felony,7,158,0.8237829208374023
tabicl,Prior_Arrest_Episodes_Felony,7,159,0.8459135890007019
tabicl,Prior_Arrest_Episodes_Felony,7,160,0.4708136320114136
tabicl,Prior_Arrest_Episodes_Felony,7,161,0.8356777429580688
tabicl,Prior_Arrest_Episodes_Felony,7,162,0.8578979969024658
tabicl,Prior_Arrest_Episodes_Felony,7,163,0.1125391274690628
tabicl,Prior_Arrest_Episodes_Felony,7,164,0.7654942274093628
tabicl,Prior_Arrest_Episodes_Felony,7,165,0.7841649055480957
tabicl,Prior_Arrest_Episodes_Felony,7,166,0.8798645734786987
tabicl,Prior_Arrest_Episodes_Felony,7,167,0.41767919063568115
tabicl,Prior_Arrest_Episodes_Felony,7,168,0.7569596767425537
tabicl,Prior_Arrest_Episodes_Felony,7,169,0.7386296987533569
tabicl,Prior_Arrest_Episodes_Felony,7,170,0.8749580979347229
tabicl,Prior_Arrest_Episodes_Felony,7,171,0.9354723691940308
tabicl,Prior_Arrest_Episodes_Felony,7,172,0.6936675310134888
tabicl,Prior_Arrest_Episodes_Felony,7,173,0.28184667229652405
tabicl,Prior_Arrest_Episodes_Felony,7,174,0.34709176421165466
tabicl,Prior_Arrest_Episodes_Felony,7,175,0.07650532573461533
tabicl,Prior_Arrest_Episodes_Felony,7,176,0.6803715229034424
tabicl,Prior_Arrest_Episodes_Felony,7,177,0.38184627890586853
tabicl,Prior_Arrest_Episodes_Felony,7,178,0.352970689535141
tabicl,Prior_Arrest_Episodes_Felony,7,179,0.6039655804634094
tabicl,Prior_Arrest_Episodes_Felony,7,180,0.5162848830223083
tabicl,Prior_Arrest_Episodes_Felony,7,181,0.8373289108276367
tabicl,Prior_Arrest_Episodes_Felony,7,182,0.8587271571159363
tabicl,Prior_Arrest_Episodes_Felony,7,183,0.7081508636474609
tabicl,Prior_Arrest_Episodes_Felony,7,184,0.5900495648384094
tabicl,Prior_Arrest_Episodes_Felony,7,185,0.8178138732910156
tabicl,Prior_Arrest_Episodes_Felony,7,186,0.3974262475967407
tabicl,Prior_Arrest_Episodes_Felony,7,187,0.8724306225776672
tabicl,Prior_Arrest_Episodes_Felony,7,188,0.4603760838508606
tabicl,Prior_Arrest_Episodes_Felony,7,189,0.5827695727348328
tabicl,Prior_Arrest_Episodes_Felony,7,190,0.6107161045074463
tabicl,Prior_Arrest_Episodes_Felony,7,191,0.8201369643211365
tabicl,Prior_Arrest_Episodes_Felony,7,192,0.5905929207801819
tabicl,Prior_Arrest_Episodes_Felony,7,193,0.3444520831108093
tabicl,Prior_Arrest_Episodes_Felony,7,194,0.5010533332824707
tabicl,Prior_Arrest_Episodes_Felony,7,195,0.6521535515785217
tabicl,Prior_Arrest_Episodes_Felony,7,196,0.4945990741252899
tabicl,Prior_Arrest_Episodes_Felony,7,197,0.23833319544792175
tabicl,Prior_Arrest_Episodes_Felony,7,198,0.8367116451263428
tabicl,Prior_Arrest_Episodes_Felony,7,199,0.6801568269729614
tabicl,Prior_Arrest_Episodes_Felony,8,0,0.912455141544342
tabicl,Prior_Arrest_Episodes_Felony,8,1,0.8327935934066772
tabicl,Prior_Arrest_Episodes_Felony,8,2,0.7389655709266663
tabicl,Prior_Arrest_Episodes_Felony,8,3,0.26912596821784973
tabicl,Prior_Arrest_Episodes_Felony,8,4,0.43896886706352234
tabicl,Prior_Arrest_Episodes_Felony,8,5,0.1761256903409958
tabicl,Prior_Arrest_Episodes_Felony,8,6,0.6530532240867615
tabicl,Prior_Arrest_Episodes_Felony,8,7,0.39558282494544983
tabicl,Prior_Arrest_Episodes_Felony,8,8,0.33181166648864746
tabicl,Prior_Arrest_Episodes_Felony,8,9,0.7377206087112427
tabicl,Prior_Arrest_Episodes_Felony,8,10,0.6609584093093872
tabicl,Prior_Arrest_Episodes_Felony,8,11,0.3601318597793579
tabicl,Prior_Arrest_Episodes_Felony,8,12,0.7986482977867126
tabicl,Prior_Arrest_Episodes_Felony,8,13,0.7152867317199707
tabicl,Prior_Arrest_Episodes_Felony,8,14,0.8046626448631287
tabicl,Prior_Arrest_Episodes_Felony,8,15,0.35978183150291443
tabicl,Prior_Arrest_Episodes_Felony,8,16,0.8596921563148499
tabicl,Prior_Arrest_Episodes_Felony,8,17,0.5207062363624573
tabicl,Prior_Arrest_Episodes_Felony,8,18,0.7062849998474121
tabicl,Prior_Arrest_Episodes_Felony,8,19,0.6744932532310486
tabicl,Prior_Arrest_Episodes_Felony,8,20,0.5389251708984375
tabicl,Prior_Arrest_Episodes_Felony,8,21,0.7528796792030334
tabicl,Prior_Arrest_Episodes_Felony,8,22,0.838555634021759
tabicl,Prior_Arrest_Episodes_Felony,8,23,0.8978970050811768
tabicl,Prior_Arrest_Episodes_Felony,8,24,0.9124231934547424
tabicl,Prior_Arrest_Episodes_Felony,8,25,0.304140567779541
tabicl,Prior_Arrest_Episodes_Felony,8,26,0.8782241940498352
tabicl,Prior_Arrest_Episodes_Felony,8,27,0.7625988721847534
tabicl,Prior_Arrest_Episodes_Felony,8,28,0.20189127326011658
tabicl,Prior_Arrest_Episodes_Felony,8,29,0.5252810716629028
tabicl,Prior_Arrest_Episodes_Felony,8,30,0.550862729549408
tabicl,Prior_Arrest_Episodes_Felony,8,31,0.2472483217716217
tabicl,Prior_Arrest_Episodes_Felony,8,32,0.2120068222284317
tabicl,Prior_Arrest_Episodes_Felony,8,33,0.6361136436462402
tabicl,Prior_Arrest_Episodes_Felony,8,34,0.46449756622314453
tabicl,Prior_Arrest_Episodes_Felony,8,35,0.48508015275001526
tabicl,Prior_Arrest_Episodes_Felony,8,36,0.7133347392082214
tabicl,Prior_Arrest_Episodes_Felony,8,37,0.45631110668182373
tabicl,Prior_Arrest_Episodes_Felony,8,38,0.2912503182888031
tabicl,Prior_Arrest_Episodes_Felony,8,39,0.6410882472991943
tabicl,Prior_Arrest_Episodes_Felony,8,40,0.19351324439048767
tabicl,Prior_Arrest_Episodes_Felony,8,41,0.8926731944084167
tabicl,Prior_Arrest_Episodes_Felony,8,42,0.7229310274124146
tabicl,Prior_Arrest_Episodes_Felony,8,43,0.7201655507087708
tabicl,Prior_Arrest_Episodes_Felony,8,44,0.7617208361625671
tabicl,Prior_Arrest_Episodes_Felony,8,45,0.7338195443153381
tabicl,Prior_Arrest_Episodes_Felony,8,46,0.612326443195343
tabicl,Prior_Arrest_Episodes_Felony,8,47,0.5752618312835693
tabicl,Prior_Arrest_Episodes_Felony,8,48,0.3228492736816406
tabicl,Prior_Arrest_Episodes_Felony,8,49,0.46480098366737366
tabicl,Prior_Arrest_Episodes_Felony,8,50,0.6030012369155884
tabicl,Prior_Arrest_Episodes_Felony,8,51,0.4187600314617157
tabicl,Prior_Arrest_Episodes_Felony,8,52,0.333926260471344
tabicl,Prior_Arrest_Episodes_Felony,8,53,0.5334627628326416
tabicl,Prior_Arrest_Episodes_Felony,8,54,0.551423966884613
tabicl,Prior_Arrest_Episodes_Felony,8,55,0.8444139361381531
tabicl,Prior_Arrest_Episodes_Felony,8,56,0.8532496690750122
tabicl,Prior_Arrest_Episodes_Felony,8,57,0.6346503496170044
tabicl,Prior_Arrest_Episodes_Felony,8,58,0.48806631565093994
tabicl,Prior_Arrest_Episodes_Felony,8,59,0.6605095267295837
tabicl,Prior_Arrest_Episodes_Felony,8,60,0.7226864099502563
tabicl,Prior_Arrest_Episodes_Felony,8,61,0.8704401254653931
tabicl,Prior_Arrest_Episodes_Felony,8,62,0.45707350969314575
tabicl,Prior_Arrest_Episodes_Felony,8,63,0.691311776638031
tabicl,Prior_Arrest_Episodes_Felony,8,64,0.84857177734375
tabicl,Prior_Arrest_Episodes_Felony,8,65,0.640792191028595
tabicl,Prior_Arrest_Episodes_Felony,8,66,0.37689831852912903
tabicl,Prior_Arrest_Episodes_Felony,8,67,0.7342059016227722
tabicl,Prior_Arrest_Episodes_Felony,8,68,0.6138640642166138
tabicl,Prior_Arrest_Episodes_Felony,8,69,0.6645300984382629
tabicl,Prior_Arrest_Episodes_Felony,8,70,0.42256978154182434
tabicl,Prior_Arrest_Episodes_Felony,8,71,0.9270183444023132
tabicl,Prior_Arrest_Episodes_Felony,8,72,0.8091391921043396
tabicl,Prior_Arrest_Episodes_Felony,8,73,0.5597822070121765
tabicl,Prior_Arrest_Episodes_Felony,8,74,0.28428521752357483
tabicl,Prior_Arrest_Episodes_Felony,8,75,0.8478262424468994
tabicl,Prior_Arrest_Episodes_Felony,8,76,0.601750373840332
tabicl,Prior_Arrest_Episodes_Felony,8,77,0.6276171803474426
tabicl,Prior_Arrest_Episodes_Felony,8,78,0.587753176689148
tabicl,Prior_Arrest_Episodes_Felony,8,79,0.7546873092651367
tabicl,Prior_Arrest_Episodes_Felony,8,80,0.48384445905685425
tabicl,Prior_Arrest_Episodes_Felony,8,81,0.7118407487869263
tabicl,Prior_Arrest_Episodes_Felony,8,82,0.4729045629501343
tabicl,Prior_Arrest_Episodes_Felony,8,83,0.5529561042785645
tabicl,Prior_Arrest_Episodes_Felony,8,84,0.49865293502807617
tabicl,Prior_Arrest_Episodes_Felony,8,85,0.6493499875068665
tabicl,Prior_Arrest_Episodes_Felony,8,86,0.8325850963592529
tabicl,Prior_Arrest_Episodes_Felony,8,87,0.6601653099060059
tabicl,Prior_Arrest_Episodes_Felony,8,88,0.4699920415878296
tabicl,Prior_Arrest_Episodes_Felony,8,89,0.83897465467453
tabicl,Prior_Arrest_Episodes_Felony,8,90,0.7691147923469543
tabicl,Prior_Arrest_Episodes_Felony,8,91,0.8462703824043274
tabicl,Prior_Arrest_Episodes_Felony,8,92,0.7178057432174683
tabicl,Prior_Arrest_Episodes_Felony,8,93,0.6753411293029785
tabicl,Prior_Arrest_Episodes_Felony,8,94,0.6844356060028076
tabicl,Prior_Arrest_Episodes_Felony,8,95,0.6635684967041016
tabicl,Prior_Arrest_Episodes_Felony,8,96,0.6627470254898071
tabicl,Prior_Arrest_Episodes_Felony,8,97,0.34277862310409546
tabicl,Prior_Arrest_Episodes_Felony,8,98,0.7300916910171509
tabicl,Prior_Arrest_Episodes_Felony,8,99,0.38394442200660706
tabicl,Prior_Arrest_Episodes_Felony,8,100,0.7889128923416138
tabicl,Prior_Arrest_Episodes_Felony,8,101,0.5190492272377014
tabicl,Prior_Arrest_Episodes_Felony,8,102,0.6471686959266663
tabicl,Prior_Arrest_Episodes_Felony,8,103,0.861687958240509
tabicl,Prior_Arrest_Episodes_Felony,8,104,0.7566936612129211
tabicl,Prior_Arrest_Episodes_Felony,8,105,0.39289334416389465
tabicl,Prior_Arrest_Episodes_Felony,8,106,0.8343180418014526
tabicl,Prior_Arrest_Episodes_Felony,8,107,0.3631388247013092
tabicl,Prior_Arrest_Episodes_Felony,8,108,0.5227663516998291
tabicl,Prior_Arrest_Episodes_Felony,8,109,0.6839730739593506
tabicl,Prior_Arrest_Episodes_Felony,8,110,0.43887487053871155
tabicl,Prior_Arrest_Episodes_Felony,8,111,0.45578306913375854
tabicl,Prior_Arrest_Episodes_Felony,8,112,0.5878015160560608
tabicl,Prior_Arrest_Episodes_Felony,8,113,0.38722023367881775
tabicl,Prior_Arrest_Episodes_Felony,8,114,0.2115609049797058
tabicl,Prior_Arrest_Episodes_Felony,8,115,0.8873701691627502
tabicl,Prior_Arrest_Episodes_Felony,8,116,0.7878977060317993
tabicl,Prior_Arrest_Episodes_Felony,8,117,0.7014833092689514
tabicl,Prior_Arrest_Episodes_Felony,8,118,0.6866828203201294
tabicl,Prior_Arrest_Episodes_Felony,8,119,0.6525164842605591
tabicl,Prior_Arrest_Episodes_Felony,8,120,0.2476242631673813
tabicl,Prior_Arrest_Episodes_Felony,8,121,0.9565791487693787
tabicl,Prior_Arrest_Episodes_Felony,8,122,0.5972989201545715
tabicl,Prior_Arrest_Episodes_Felony,8,123,0.5546318292617798
tabicl,Prior_Arrest_Episodes_Felony,8,124,0.744883120059967
tabicl,Prior_Arrest_Episodes_Felony,8,125,0.4371468722820282
tabicl,Prior_Arrest_Episodes_Felony,8,126,0.5789633989334106
tabicl,Prior_Arrest_Episodes_Felony,8,127,0.8442832827568054
tabicl,Prior_Arrest_Episodes_Felony,8,128,0.6916572451591492
tabicl,Prior_Arrest_Episodes_Felony,8,129,0.6831092834472656
tabicl,Prior_Arrest_Episodes_Felony,8,130,0.2779935300350189
tabicl,Prior_Arrest_Episodes_Felony,8,131,0.43709245324134827
tabicl,Prior_Arrest_Episodes_Felony,8,132,0.822834849357605
tabicl,Prior_Arrest_Episodes_Felony,8,133,0.7778146266937256
tabicl,Prior_Arrest_Episodes_Felony,8,134,0.5733450651168823
tabicl,Prior_Arrest_Episodes_Felony,8,135,0.8515603542327881
tabicl,Prior_Arrest_Episodes_Felony,8,136,0.7919312715530396
tabicl,Prior_Arrest_Episodes_Felony,8,137,0.7744256854057312
tabicl,Prior_Arrest_Episodes_Felony,8,138,0.13636966049671173
tabicl,Prior_Arrest_Episodes_Felony,8,139,0.5356656312942505
tabicl,Prior_Arrest_Episodes_Felony,8,140,0.645666241645813
tabicl,Prior_Arrest_Episodes_Felony,8,141,0.12644895911216736
tabicl,Prior_Arrest_Episodes_Felony,8,142,0.42366573214530945
tabicl,Prior_Arrest_Episodes_Felony,8,143,0.637010931968689
tabicl,Prior_Arrest_Episodes_Felony,8,144,0.3128940463066101
tabicl,Prior_Arrest_Episodes_Felony,8,145,0.7533624768257141
tabicl,Prior_Arrest_Episodes_Felony,8,146,0.4123046100139618
tabicl,Prior_Arrest_Episodes_Felony,8,147,0.8805302381515503
tabicl,Prior_Arrest_Episodes_Felony,8,148,0.6238285899162292
tabicl,Prior_Arrest_Episodes_Felony,8,149,0.8695163130760193
tabicl,Prior_Arrest_Episodes_Felony,8,150,0.8087399005889893
tabicl,Prior_Arrest_Episodes_Felony,8,151,0.34191635251045227
tabicl,Prior_Arrest_Episodes_Felony,8,152,0.3713848292827606
tabicl,Prior_Arrest_Episodes_Felony,8,153,0.7799296975135803
tabicl,Prior_Arrest_Episodes_Felony,8,154,0.4608651101589203
tabicl,Prior_Arrest_Episodes_Felony,8,155,0.7363147139549255
tabicl,Prior_Arrest_Episodes_Felony,8,156,0.8878117799758911
tabicl,Prior_Arrest_Episodes_Felony,8,157,0.8893182277679443
tabicl,Prior_Arrest_Episodes_Felony,8,158,0.8517763614654541
tabicl,Prior_Arrest_Episodes_Felony,8,159,0.8754135370254517
tabicl,Prior_Arrest_Episodes_Felony,8,160,0.512577474117279
tabicl,Prior_Arrest_Episodes_Felony,8,161,0.8741937875747681
tabicl,Prior_Arrest_Episodes_Felony,8,162,0.880425214767456
tabicl,Prior_Arrest_Episodes_Felony,8,163,0.12685784697532654
tabicl,Prior_Arrest_Episodes_Felony,8,164,0.8003251552581787
tabicl,Prior_Arrest_Episodes_Felony,8,165,0.8208409547805786
tabicl,Prior_Arrest_Episodes_Felony,8,166,0.9002308249473572
tabicl,Prior_Arrest_Episodes_Felony,8,167,0.466432124376297
tabicl,Prior_Arrest_Episodes_Felony,8,168,0.7945339679718018
tabicl,Prior_Arrest_Episodes_Felony,8,169,0.7759261727333069
tabicl,Prior_Arrest_Episodes_Felony,8,170,0.8965363502502441
tabicl,Prior_Arrest_Episodes_Felony,8,171,0.9474655389785767
tabicl,Prior_Arrest_Episodes_Felony,8,172,0.7419215440750122
tabicl,Prior_Arrest_Episodes_Felony,8,173,0.3133602738380432
tabicl,Prior_Arrest_Episodes_Felony,8,174,0.38117772340774536
tabicl,Prior_Arrest_Episodes_Felony,8,175,0.08987613022327423
tabicl,Prior_Arrest_Episodes_Felony,8,176,0.729262113571167
tabicl,Prior_Arrest_Episodes_Felony,8,177,0.41661444306373596
tabicl,Prior_Arrest_Episodes_Felony,8,178,0.3959949314594269
tabicl,Prior_Arrest_Episodes_Felony,8,179,0.6528639197349548
tabicl,Prior_Arrest_Episodes_Felony,8,180,0.5687786340713501
tabicl,Prior_Arrest_Episodes_Felony,8,181,0.8589814901351929
tabicl,Prior_Arrest_Episodes_Felony,8,182,0.8845571279525757
tabicl,Prior_Arrest_Episodes_Felony,8,183,0.7512940764427185
tabicl,Prior_Arrest_Episodes_Felony,8,184,0.6345503926277161
tabicl,Prior_Arrest_Episodes_Felony,8,185,0.8544365167617798
tabicl,Prior_Arrest_Episodes_Felony,8,186,0.43745896220207214
tabicl,Prior_Arrest_Episodes_Felony,8,187,0.8985149264335632
tabicl,Prior_Arrest_Episodes_Felony,8,188,0.4967253804206848
tabicl,Prior_Arrest_Episodes_Felony,8,189,0.6323990225791931
tabicl,Prior_Arrest_Episodes_Felony,8,190,0.6618422269821167
tabicl,Prior_Arrest_Episodes_Felony,8,191,0.8509281873703003
tabicl,Prior_Arrest_Episodes_Felony,8,192,0.63874351978302
tabicl,Prior_Arrest_Episodes_Felony,8,193,0.3815872073173523
tabicl,Prior_Arrest_Episodes_Felony,8,194,0.5430038571357727
tabicl,Prior_Arrest_Episodes_Felony,8,195,0.6959470510482788
tabicl,Prior_Arrest_Episodes_Felony,8,196,0.5462540984153748
tabicl,Prior_Arrest_Episodes_Felony,8,197,0.26427730917930603
tabicl,Prior_Arrest_Episodes_Felony,8,198,0.8622214198112488
tabicl,Prior_Arrest_Episodes_Felony,8,199,0.7261150479316711
tabicl,Prior_Arrest_Episodes_Felony,9,0,0.9129188060760498
tabicl,Prior_Arrest_Episodes_Felony,9,1,0.8350504040718079
tabicl,Prior_Arrest_Episodes_Felony,9,2,0.7406468987464905
tabicl,Prior_Arrest_Episodes_Felony,9,3,0.2609117925167084
tabicl,Prior_Arrest_Episodes_Felony,9,4,0.43693262338638306
tabicl,Prior_Arrest_Episodes_Felony,9,5,0.17638061940670013
tabicl,Prior_Arrest_Episodes_Felony,9,6,0.6522533297538757
tabicl,Prior_Arrest_Episodes_Felony,9,7,0.39025047421455383
tabicl,Prior_Arrest_Episodes_Felony,9,8,0.33333343267440796
tabicl,Prior_Arrest_Episodes_Felony,9,9,0.733834981918335
tabicl,Prior_Arrest_Episodes_Felony,9,10,0.6624227166175842
tabicl,Prior_Arrest_Episodes_Felony,9,11,0.3514847159385681
tabicl,Prior_Arrest_Episodes_Felony,9,12,0.8031641840934753
tabicl,Prior_Arrest_Episodes_Felony,9,13,0.7134926319122314
tabicl,Prior_Arrest_Episodes_Felony,9,14,0.8049473166465759
tabicl,Prior_Arrest_Episodes_Felony,9,15,0.35967859625816345
tabicl,Prior_Arrest_Episodes_Felony,9,16,0.8582549691200256
tabicl,Prior_Arrest_Episodes_Felony,9,17,0.5229399800300598
tabicl,Prior_Arrest_Episodes_Felony,9,18,0.7024718523025513
tabicl,Prior_Arrest_Episodes_Felony,9,19,0.6755863428115845
tabicl,Prior_Arrest_Episodes_Felony,9,20,0.5405923128128052
tabicl,Prior_Arrest_Episodes_Felony,9,21,0.74967360496521
tabicl,Prior_Arrest_Episodes_Felony,9,22,0.8337512612342834
tabicl,Prior_Arrest_Episodes_Felony,9,23,0.8958028554916382
tabicl,Prior_Arrest_Episodes_Felony,9,24,0.9124246835708618
tabicl,Prior_Arrest_Episodes_Felony,9,25,0.29977238178253174
tabicl,Prior_Arrest_Episodes_Felony,9,26,0.8769199252128601
tabicl,Prior_Arrest_Episodes_Felony,9,27,0.7588575482368469
tabicl,Prior_Arrest_Episodes_Felony,9,28,0.19356060028076172
tabicl,Prior_Arrest_Episodes_Felony,9,29,0.5301481485366821
tabicl,Prior_Arrest_Episodes_Felony,9,30,0.5491865873336792
tabicl,Prior_Arrest_Episodes_Felony,9,31,0.24663399159908295
tabicl,Prior_Arrest_Episodes_Felony,9,32,0.20812265574932098
tabicl,Prior_Arrest_Episodes_Felony,9,33,0.6401522159576416
tabicl,Prior_Arrest_Episodes_Felony,9,34,0.463069349527359
tabicl,Prior_Arrest_Episodes_Felony,9,35,0.4764916002750397
tabicl,Prior_Arrest_Episodes_Felony,9,36,0.7170782685279846
tabicl,Prior_Arrest_Episodes_Felony,9,37,0.4541671574115753
tabicl,Prior_Arrest_Episodes_Felony,9,38,0.29296809434890747
tabicl,Prior_Arrest_Episodes_Felony,9,39,0.6413339376449585
tabicl,Prior_Arrest_Episodes_Felony,9,40,0.18884539604187012
tabicl,Prior_Arrest_Episodes_Felony,9,41,0.8906437158584595
tabicl,Prior_Arrest_Episodes_Felony,9,42,0.724884569644928
tabicl,Prior_Arrest_Episodes_Felony,9,43,0.7167792320251465
tabicl,Prior_Arrest_Episodes_Felony,9,44,0.7589868307113647
tabicl,Prior_Arrest_Episodes_Felony,9,45,0.7328252792358398
tabicl,Prior_Arrest_Episodes_Felony,9,46,0.6125530004501343
tabicl,Prior_Arrest_Episodes_Felony,9,47,0.5711808800697327
tabicl,Prior_Arrest_Episodes_Felony,9,48,0.31580132246017456
tabicl,Prior_Arrest_Episodes_Felony,9,49,0.4682185649871826
tabicl,Prior_Arrest_Episodes_Felony,9,50,0.6008459329605103
tabicl,Prior_Arrest_Episodes_Felony,9,51,0.4217355251312256
tabicl,Prior_Arrest_Episodes_Felony,9,52,0.3371027112007141
tabicl,Prior_Arrest_Episodes_Felony,9,53,0.5352728366851807
tabicl,Prior_Arrest_Episodes_Felony,9,54,0.5518671274185181
tabicl,Prior_Arrest_Episodes_Felony,9,55,0.8439685702323914
tabicl,Prior_Arrest_Episodes_Felony,9,56,0.8537150621414185
tabicl,Prior_Arrest_Episodes_Felony,9,57,0.6309701204299927
tabicl,Prior_Arrest_Episodes_Felony,9,58,0.49250563979148865
tabicl,Prior_Arrest_Episodes_Felony,9,59,0.6616193652153015
tabicl,Prior_Arrest_Episodes_Felony,9,60,0.723228394985199
tabicl,Prior_Arrest_Episodes_Felony,9,61,0.8703901171684265
tabicl,Prior_Arrest_Episodes_Felony,9,62,0.4541373550891876
tabicl,Prior_Arrest_Episodes_Felony,9,63,0.690049409866333
tabicl,Prior_Arrest_Episodes_Felony,9,64,0.8453107476234436
tabicl,Prior_Arrest_Episodes_Felony,9,65,0.637951135635376
tabicl,Prior_Arrest_Episodes_Felony,9,66,0.379016250371933
tabicl,Prior_Arrest_Episodes_Felony,9,67,0.7319130897521973
tabicl,Prior_Arrest_Episodes_Felony,9,68,0.6135091185569763
tabicl,Prior_Arrest_Episodes_Felony,9,69,0.6643521189689636
tabicl,Prior_Arrest_Episodes_Felony,9,70,0.42146506905555725
tabicl,Prior_Arrest_Episodes_Felony,9,71,0.9266627430915833
tabicl,Prior_Arrest_Episodes_Felony,9,72,0.8076509237289429
tabicl,Prior_Arrest_Episodes_Felony,9,73,0.5588069558143616
tabicl,Prior_Arrest_Episodes_Felony,9,74,0.2897866666316986
tabicl,Prior_Arrest_Episodes_Felony,9,75,0.8490509390830994
tabicl,Prior_Arrest_Episodes_Felony,9,76,0.6007729172706604
tabicl,Prior_Arrest_Episodes_Felony,9,77,0.624630331993103
tabicl,Prior_Arrest_Episodes_Felony,9,78,0.5852048993110657
tabicl,Prior_Arrest_Episodes_Felony,9,79,0.7562798857688904
tabicl,Prior_Arrest_Episodes_Felony,9,80,0.48002806305885315
tabicl,Prior_Arrest_Episodes_Felony,9,81,0.703224778175354
tabicl,Prior_Arrest_Episodes_Felony,9,82,0.4742406904697418
tabicl,Prior_Arrest_Episodes_Felony,9,83,0.554823100566864
tabicl,Prior_Arrest_Episodes_Felony,9,84,0.49910593032836914
tabicl,Prior_Arrest_Episodes_Felony,9,85,0.6458399295806885
tabicl,Prior_Arrest_Episodes_Felony,9,86,0.8305012583732605
tabicl,Prior_Arrest_Episodes_Felony,9,87,0.6582624316215515
tabicl,Prior_Arrest_Episodes_Felony,9,88,0.47353050112724304
tabicl,Prior_Arrest_Episodes_Felony,9,89,0.8377785682678223
tabicl,Prior_Arrest_Episodes_Felony,9,90,0.7667298913002014
tabicl,Prior_Arrest_Episodes_Felony,9,91,0.8446871042251587
tabicl,Prior_Arrest_Episodes_Felony,9,92,0.7176623940467834
tabicl,Prior_Arrest_Episodes_Felony,9,93,0.6805533766746521
tabicl,Prior_Arrest_Episodes_Felony,9,94,0.6827803254127502
tabicl,Prior_Arrest_Episodes_Felony,9,95,0.6655744314193726
tabicl,Prior_Arrest_Episodes_Felony,9,96,0.6593867540359497
tabicl,Prior_Arrest_Episodes_Felony,9,97,0.329881876707077
tabicl,Prior_Arrest_Episodes_Felony,9,98,0.73221355676651
tabicl,Prior_Arrest_Episodes_Felony,9,99,0.38629579544067383
tabicl,Prior_Arrest_Episodes_Felony,9,100,0.7882073521614075
tabicl,Prior_Arrest_Episodes_Felony,9,101,0.5199742913246155
tabicl,Prior_Arrest_Episodes_Felony,9,102,0.6508414149284363
tabicl,Prior_Arrest_Episodes_Felony,9,103,0.8610431551933289
tabicl,Prior_Arrest_Episodes_Felony,9,104,0.7550773024559021
tabicl,Prior_Arrest_Episodes_Felony,9,105,0.38817650079727173
tabicl,Prior_Arrest_Episodes_Felony,9,106,0.8354832530021667
tabicl,Prior_Arrest_Episodes_Felony,9,107,0.36477288603782654
tabicl,Prior_Arrest_Episodes_Felony,9,108,0.5217134356498718
tabicl,Prior_Arrest_Episodes_Felony,9,109,0.6813602447509766
tabicl,Prior_Arrest_Episodes_Felony,9,110,0.4310859143733978
tabicl,Prior_Arrest_Episodes_Felony,9,111,0.4562361240386963
tabicl,Prior_Arrest_Episodes_Felony,9,112,0.5887983441352844
tabicl,Prior_Arrest_Episodes_Felony,9,113,0.38552555441856384
tabicl,Prior_Arrest_Episodes_Felony,9,114,0.207273930311203
tabicl,Prior_Arrest_Episodes_Felony,9,115,0.8858378529548645
tabicl,Prior_Arrest_Episodes_Felony,9,116,0.7905762791633606
tabicl,Prior_Arrest_Episodes_Felony,9,117,0.7026392817497253
tabicl,Prior_Arrest_Episodes_Felony,9,118,0.688263475894928
tabicl,Prior_Arrest_Episodes_Felony,9,119,0.6489538550376892
tabicl,Prior_Arrest_Episodes_Felony,9,120,0.24694596230983734
tabicl,Prior_Arrest_Episodes_Felony,9,121,0.9558637142181396
tabicl,Prior_Arrest_Episodes_Felony,9,122,0.5996289253234863
tabicl,Prior_Arrest_Episodes_Felony,9,123,0.5559049844741821
tabicl,Prior_Arrest_Episodes_Felony,9,124,0.7448305487632751
tabicl,Prior_Arrest_Episodes_Felony,9,125,0.43635064363479614
tabicl,Prior_Arrest_Episodes_Felony,9,126,0.5771046280860901
tabicl,Prior_Arrest_Episodes_Felony,9,127,0.8426067233085632
tabicl,Prior_Arrest_Episodes_Felony,9,128,0.692389190196991
tabicl,Prior_Arrest_Episodes_Felony,9,129,0.67914879322052
tabicl,Prior_Arrest_Episodes_Felony,9,130,0.27833935618400574
tabicl,Prior_Arrest_Episodes_Felony,9,131,0.4417421519756317
tabicl,Prior_Arrest_Episodes_Felony,9,132,0.8220933079719543
tabicl,Prior_Arrest_Episodes_Felony,9,133,0.7782098054885864
tabicl,Prior_Arrest_Episodes_Felony,9,134,0.5782644748687744
tabicl,Prior_Arrest_Episodes_Felony,9,135,0.8512601852416992
tabicl,Prior_Arrest_Episodes_Felony,9,136,0.7882717251777649
tabicl,Prior_Arrest_Episodes_Felony,9,137,0.7721948027610779
tabicl,Prior_Arrest_Episodes_Felony,9,138,0.12634512782096863
tabicl,Prior_Arrest_Episodes_Felony,9,139,0.5334205031394958
tabicl,Prior_Arrest_Episodes_Felony,9,140,0.6520993113517761
tabicl,Prior_Arrest_Episodes_Felony,9,141,0.12544281780719757
tabicl,Prior_Arrest_Episodes_Felony,9,142,0.410114049911499
tabicl,Prior_Arrest_Episodes_Felony,9,143,0.6399786472320557
tabicl,Prior_Arrest_Episodes_Felony,9,144,0.31027910113334656
tabicl,Prior_Arrest_Episodes_Felony,9,145,0.7556982636451721
tabicl,Prior_Arrest_Episodes_Felony,9,146,0.41186076402664185
tabicl,Prior_Arrest_Episodes_Felony,9,147,0.8782631754875183
tabicl,Prior_Arrest_Episodes_Felony,9,148,0.6216869354248047
tabicl,Prior_Arrest_Episodes_Felony,9,149,0.8695166110992432
tabicl,Prior_Arrest_Episodes_Felony,9,150,0.8089690804481506
tabicl,Prior_Arrest_Episodes_Felony,9,151,0.34168416261672974
tabicl,Prior_Arrest_Episodes_Felony,9,152,0.3729306161403656
tabicl,Prior_Arrest_Episodes_Felony,9,153,0.7811926007270813
tabicl,Prior_Arrest_Episodes_Felony,9,154,0.4589870870113373
tabicl,Prior_Arrest_Episodes_Felony,9,155,0.7346047163009644
tabicl,Prior_Arrest_Episodes_Felony,9,156,0.8882260918617249
tabicl,Prior_Arrest_Episodes_Felony,9,157,0.8898890614509583
tabicl,Prior_Arrest_Episodes_Felony,9,158,0.8529605865478516
tabicl,Prior_Arrest_Episodes_Felony,9,159,0.875321626663208
tabicl,Prior_Arrest_Episodes_Felony,9,160,0.5076459646224976
tabicl,Prior_Arrest_Episodes_Felony,9,161,0.8739495277404785
tabicl,Prior_Arrest_Episodes_Felony,9,162,0.8816417455673218
tabicl,Prior_Arrest_Episodes_Felony,9,163,0.11801791191101074
tabicl,Prior_Arrest_Episodes_Felony,9,164,0.7984316349029541
tabicl,Prior_Arrest_Episodes_Felony,9,165,0.8222929835319519
tabicl,Prior_Arrest_Episodes_Felony,9,166,0.899982750415802
tabicl,Prior_Arrest_Episodes_Felony,9,167,0.47170305252075195
tabicl,Prior_Arrest_Episodes_Felony,9,168,0.792946457862854
tabicl,Prior_Arrest_Episodes_Felony,9,169,0.7776123881340027
tabicl,Prior_Arrest_Episodes_Felony,9,170,0.8971356153488159
tabicl,Prior_Arrest_Episodes_Felony,9,171,0.9478012919425964
tabicl,Prior_Arrest_Episodes_Felony,9,172,0.7453104257583618
tabicl,Prior_Arrest_Episodes_Felony,9,173,0.3189094364643097
tabicl,Prior_Arrest_Episodes_Felony,9,174,0.3847281336784363
tabicl,Prior_Arrest_Episodes_Felony,9,175,0.08672492951154709
tabicl,Prior_Arrest_Episodes_Felony,9,176,0.7280611991882324
tabicl,Prior_Arrest_Episodes_Felony,9,177,0.4145314693450928
tabicl,Prior_Arrest_Episodes_Felony,9,178,0.3960793614387512
tabicl,Prior_Arrest_Episodes_Felony,9,179,0.6553663611412048
tabicl,Prior_Arrest_Episodes_Felony,9,180,0.5676187872886658
tabicl,Prior_Arrest_Episodes_Felony,9,181,0.8570888042449951
tabicl,Prior_Arrest_Episodes_Felony,9,182,0.8835505247116089
tabicl,Prior_Arrest_Episodes_Felony,9,183,0.7491806149482727
tabicl,Prior_Arrest_Episodes_Felony,9,184,0.6385183930397034
tabicl,Prior_Arrest_Episodes_Felony,9,185,0.850899875164032
tabicl,Prior_Arrest_Episodes_Felony,9,186,0.4403609037399292
tabicl,Prior_Arrest_Episodes_Felony,9,187,0.8945697546005249
tabicl,Prior_Arrest_Episodes_Felony,9,188,0.5048514008522034
tabicl,Prior_Arrest_Episodes_Felony,9,189,0.6355854272842407
tabicl,Prior_Arrest_Episodes_Felony,9,190,0.6561123728752136
tabicl,Prior_Arrest_Episodes_Felony,9,191,0.8488902449607849
tabicl,Prior_Arrest_Episodes_Felony,9,192,0.640770673751831
tabicl,Prior_Arrest_Episodes_Felony,9,193,0.37568163871765137
tabicl,Prior_Arrest_Episodes_Felony,9,194,0.5479408502578735
tabicl,Prior_Arrest_Episodes_Felony,9,195,0.6948193907737732
tabicl,Prior_Arrest_Episodes_Felony,9,196,0.5392261147499084
tabicl,Prior_Arrest_Episodes_Felony,9,197,0.2671881318092346
tabicl,Prior_Arrest_Episodes_Felony,9,198,0.863747775554657
tabicl,Prior_Arrest_Episodes_Felony,9,199,0.7233741879463196
tabicl,Prior_Arrest_Episodes_Felony,10 or more,0,0.9388406872749329
tabicl,Prior_Arrest_Episodes_Felony,10 or more,1,0.8732652068138123
tabicl,Prior_Arrest_Episodes_Felony,10 or more,2,0.7748069167137146
tabicl,Prior_Arrest_Episodes_Felony,10 or more,3,0.3301313519477844
tabicl,Prior_Arrest_Episodes_Felony,10 or more,4,0.5163487792015076
tabicl,Prior_Arrest_Episodes_Felony,10 or more,5,0.2115103304386139
tabicl,Prior_Arrest_Episodes_Felony,10 or more,6,0.7241515517234802
tabicl,Prior_Arrest_Episodes_Felony,10 or more,7,0.46412089467048645
tabicl,Prior_Arrest_Episodes_Felony,10 or more,8,0.3798390328884125
tabicl,Prior_Arrest_Episodes_Felony,10 or more,9,0.8042768239974976
tabicl,Prior_Arrest_Episodes_Felony,10 or more,10,0.7180072069168091
tabicl,Prior_Arrest_Episodes_Felony,10 or more,11,0.4068297743797302
tabicl,Prior_Arrest_Episodes_Felony,10 or more,12,0.8438571691513062
tabicl,Prior_Arrest_Episodes_Felony,10 or more,13,0.792624831199646
tabicl,Prior_Arrest_Episodes_Felony,10 or more,14,0.849464476108551
tabicl,Prior_Arrest_Episodes_Felony,10 or more,15,0.4249238967895508
tabicl,Prior_Arrest_Episodes_Felony,10 or more,16,0.9010075330734253
tabicl,Prior_Arrest_Episodes_Felony,10 or more,17,0.5968497395515442
tabicl,Prior_Arrest_Episodes_Felony,10 or more,18,0.7582892179489136
tabicl,Prior_Arrest_Episodes_Felony,10 or more,19,0.7256395220756531
tabicl,Prior_Arrest_Episodes_Felony,10 or more,20,0.5875146985054016
tabicl,Prior_Arrest_Episodes_Felony,10 or more,21,0.8127889633178711
tabicl,Prior_Arrest_Episodes_Felony,10 or more,22,0.8838571310043335
tabicl,Prior_Arrest_Episodes_Felony,10 or more,23,0.921382486820221
tabicl,Prior_Arrest_Episodes_Felony,10 or more,24,0.9344009757041931
tabicl,Prior_Arrest_Episodes_Felony,10 or more,25,0.35426661372184753
tabicl,Prior_Arrest_Episodes_Felony,10 or more,26,0.9155203700065613
tabicl,Prior_Arrest_Episodes_Felony,10 or more,27,0.8138503432273865
tabicl,Prior_Arrest_Episodes_Felony,10 or more,28,0.2410951852798462
tabicl,Prior_Arrest_Episodes_Felony,10 or more,29,0.5939288139343262
tabicl,Prior_Arrest_Episodes_Felony,10 or more,30,0.6083964109420776
tabicl,Prior_Arrest_Episodes_Felony,10 or more,31,0.3053298592567444
tabicl,Prior_Arrest_Episodes_Felony,10 or more,32,0.2438977211713791
tabicl,Prior_Arrest_Episodes_Felony,10 or more,33,0.7012631297111511
tabicl,Prior_Arrest_Episodes_Felony,10 or more,34,0.5318132638931274
tabicl,Prior_Arrest_Episodes_Felony,10 or more,35,0.5506002902984619
tabicl,Prior_Arrest_Episodes_Felony,10 or more,36,0.758783221244812
tabicl,Prior_Arrest_Episodes_Felony,10 or more,37,0.5270008444786072
tabicl,Prior_Arrest_Episodes_Felony,10 or more,38,0.3502073585987091
tabicl,Prior_Arrest_Episodes_Felony,10 or more,39,0.7098408937454224
tabicl,Prior_Arrest_Episodes_Felony,10 or more,40,0.2304994761943817
tabicl,Prior_Arrest_Episodes_Felony,10 or more,41,0.916792094707489
tabicl,Prior_Arrest_Episodes_Felony,10 or more,42,0.7914016246795654
tabicl,Prior_Arrest_Episodes_Felony,10 or more,43,0.7912944555282593
tabicl,Prior_Arrest_Episodes_Felony,10 or more,44,0.8193933963775635
tabicl,Prior_Arrest_Episodes_Felony,10 or more,45,0.7927291989326477
tabicl,Prior_Arrest_Episodes_Felony,10 or more,46,0.6657518744468689
tabicl,Prior_Arrest_Episodes_Felony,10 or more,47,0.6519802808761597
tabicl,Prior_Arrest_Episodes_Felony,10 or more,48,0.374551385641098
tabicl,Prior_Arrest_Episodes_Felony,10 or more,49,0.5488340854644775
tabicl,Prior_Arrest_Episodes_Felony,10 or more,50,0.6761869788169861
tabicl,Prior_Arrest_Episodes_Felony,10 or more,51,0.4849582016468048
tabicl,Prior_Arrest_Episodes_Felony,10 or more,52,0.37938961386680603
tabicl,Prior_Arrest_Episodes_Felony,10 or more,53,0.6090065240859985
tabicl,Prior_Arrest_Episodes_Felony,10 or more,54,0.615431010723114
tabicl,Prior_Arrest_Episodes_Felony,10 or more,55,0.887008786201477
tabicl,Prior_Arrest_Episodes_Felony,10 or more,56,0.8890905380249023
tabicl,Prior_Arrest_Episodes_Felony,10 or more,57,0.707781970500946
tabicl,Prior_Arrest_Episodes_Felony,10 or more,58,0.5505585074424744
tabicl,Prior_Arrest_Episodes_Felony,10 or more,59,0.7157623171806335
tabicl,Prior_Arrest_Episodes_Felony,10 or more,60,0.7968927025794983
tabicl,Prior_Arrest_Episodes_Felony,10 or more,61,0.905788779258728
tabicl,Prior_Arrest_Episodes_Felony,10 or more,62,0.52785724401474
tabicl,Prior_Arrest_Episodes_Felony,10 or more,63,0.7639783620834351
tabicl,Prior_Arrest_Episodes_Felony,10 or more,64,0.8787798285484314
tabicl,Prior_Arrest_Episodes_Felony,10 or more,65,0.7139347791671753
tabicl,Prior_Arrest_Episodes_Felony,10 or more,66,0.4223115146160126
tabicl,Prior_Arrest_Episodes_Felony,10 or more,67,0.8019158244132996
tabicl,Prior_Arrest_Episodes_Felony,10 or more,68,0.701251208782196
tabicl,Prior_Arrest_Episodes_Felony,10 or more,69,0.732674241065979
tabicl,Prior_Arrest_Episodes_Felony,10 or more,70,0.4649077355861664
tabicl,Prior_Arrest_Episodes_Felony,10 or more,71,0.9418672919273376
tabicl,Prior_Arrest_Episodes_Felony,10 or more,72,0.8663653135299683
tabicl,Prior_Arrest_Episodes_Felony,10 or more,73,0.6415741443634033
tabicl,Prior_Arrest_Episodes_Felony,10 or more,74,0.3212162256240845
tabicl,Prior_Arrest_Episodes_Felony,10 or more,75,0.8916434049606323
tabicl,Prior_Arrest_Episodes_Felony,10 or more,76,0.6622806787490845
tabicl,Prior_Arrest_Episodes_Felony,10 or more,77,0.6984891295433044
tabicl,Prior_Arrest_Episodes_Felony,10 or more,78,0.6515201330184937
tabicl,Prior_Arrest_Episodes_Felony,10 or more,79,0.803388237953186
tabicl,Prior_Arrest_Episodes_Felony,10 or more,80,0.5615642070770264
tabicl,Prior_Arrest_Episodes_Felony,10 or more,81,0.7425347566604614
tabicl,Prior_Arrest_Episodes_Felony,10 or more,82,0.5403189659118652
tabicl,Prior_Arrest_Episodes_Felony,10 or more,83,0.6105434894561768
tabicl,Prior_Arrest_Episodes_Felony,10 or more,84,0.5658496022224426
tabicl,Prior_Arrest_Episodes_Felony,10 or more,85,0.7255877256393433
tabicl,Prior_Arrest_Episodes_Felony,10 or more,86,0.8584488034248352
tabicl,Prior_Arrest_Episodes_Felony,10 or more,87,0.7363078594207764
tabicl,Prior_Arrest_Episodes_Felony,10 or more,88,0.5402306318283081
tabicl,Prior_Arrest_Episodes_Felony,10 or more,89,0.877595067024231
tabicl,Prior_Arrest_Episodes_Felony,10 or more,90,0.8164817094802856
tabicl,Prior_Arrest_Episodes_Felony,10 or more,91,0.8765641450881958
tabicl,Prior_Arrest_Episodes_Felony,10 or more,92,0.7689450979232788
tabicl,Prior_Arrest_Episodes_Felony,10 or more,93,0.7538531422615051
tabicl,Prior_Arrest_Episodes_Felony,10 or more,94,0.7326826453208923
tabicl,Prior_Arrest_Episodes_Felony,10 or more,95,0.7390367388725281
tabicl,Prior_Arrest_Episodes_Felony,10 or more,96,0.7275151610374451
tabicl,Prior_Arrest_Episodes_Felony,10 or more,97,0.39387649297714233
tabicl,Prior_Arrest_Episodes_Felony,10 or more,98,0.7799360752105713
tabicl,Prior_Arrest_Episodes_Felony,10 or more,99,0.4404389560222626
tabicl,Prior_Arrest_Episodes_Felony,10 or more,100,0.8225101232528687
tabicl,Prior_Arrest_Episodes_Felony,10 or more,101,0.6165716052055359
tabicl,Prior_Arrest_Episodes_Felony,10 or more,102,0.7079377770423889
tabicl,Prior_Arrest_Episodes_Felony,10 or more,103,0.9026855230331421
tabicl,Prior_Arrest_Episodes_Felony,10 or more,104,0.8071342706680298
tabicl,Prior_Arrest_Episodes_Felony,10 or more,105,0.46951785683631897
tabicl,Prior_Arrest_Episodes_Felony,10 or more,106,0.8822067975997925
tabicl,Prior_Arrest_Episodes_Felony,10 or more,107,0.43955162167549133
tabicl,Prior_Arrest_Episodes_Felony,10 or more,108,0.5930063724517822
tabicl,Prior_Arrest_Episodes_Felony,10 or more,109,0.7639365792274475
tabicl,Prior_Arrest_Episodes_Felony,10 or more,110,0.4715713858604431
tabicl,Prior_Arrest_Episodes_Felony,10 or more,111,0.5163184404373169
tabicl,Prior_Arrest_Episodes_Felony,10 or more,112,0.6509228944778442
tabicl,Prior_Arrest_Episodes_Felony,10 or more,113,0.4224855601787567
tabicl,Prior_Arrest_Episodes_Felony,10 or more,114,0.25844094157218933
tabicl,Prior_Arrest_Episodes_Felony,10 or more,115,0.9159871339797974
tabicl,Prior_Arrest_Episodes_Felony,10 or more,116,0.8476651906967163
tabicl,Prior_Arrest_Episodes_Felony,10 or more,117,0.7641162276268005
tabicl,Prior_Arrest_Episodes_Felony,10 or more,118,0.7667688131332397
tabicl,Prior_Arrest_Episodes_Felony,10 or more,119,0.7243873476982117
tabicl,Prior_Arrest_Episodes_Felony,10 or more,120,0.3000216782093048
tabicl,Prior_Arrest_Episodes_Felony,10 or more,121,0.9677048921585083
tabicl,Prior_Arrest_Episodes_Felony,10 or more,122,0.6528286933898926
tabicl,Prior_Arrest_Episodes_Felony,10 or more,123,0.6293115615844727
tabicl,Prior_Arrest_Episodes_Felony,10 or more,124,0.8149417042732239
tabicl,Prior_Arrest_Episodes_Felony,10 or more,125,0.48705580830574036
tabicl,Prior_Arrest_Episodes_Felony,10 or more,126,0.6396574378013611
tabicl,Prior_Arrest_Episodes_Felony,10 or more,127,0.8776341676712036
tabicl,Prior_Arrest_Episodes_Felony,10 or more,128,0.7618013024330139
tabicl,Prior_Arrest_Episodes_Felony,10 or more,129,0.7558192610740662
tabicl,Prior_Arrest_Episodes_Felony,10 or more,130,0.33561447262763977
tabicl,Prior_Arrest_Episodes_Felony,10 or more,131,0.5134390592575073
tabicl,Prior_Arrest_Episodes_Felony,10 or more,132,0.862765908241272
tabicl,Prior_Arrest_Episodes_Felony,10 or more,133,0.8223899602890015
tabicl,Prior_Arrest_Episodes_Felony,10 or more,134,0.6560915112495422
tabicl,Prior_Arrest_Episodes_Felony,10 or more,135,0.8894912004470825
tabicl,Prior_Arrest_Episodes_Felony,10 or more,136,0.8533454537391663
tabicl,Prior_Arrest_Episodes_Felony,10 or more,137,0.8210536241531372
tabicl,Prior_Arrest_Episodes_Felony,10 or more,138,0.17333847284317017
tabicl,Prior_Arrest_Episodes_Felony,10 or more,139,0.5761104822158813
tabicl,Prior_Arrest_Episodes_Felony,10 or more,140,0.7149323225021362
tabicl,Prior_Arrest_Episodes_Felony,10 or more,141,0.15512420237064362
tabicl,Prior_Arrest_Episodes_Felony,10 or more,142,0.4754481315612793
tabicl,Prior_Arrest_Episodes_Felony,10 or more,143,0.7078086137771606
tabicl,Prior_Arrest_Episodes_Felony,10 or more,144,0.37000104784965515
tabicl,Prior_Arrest_Episodes_Felony,10 or more,145,0.8145133256912231
tabicl,Prior_Arrest_Episodes_Felony,10 or more,146,0.46034008264541626
tabicl,Prior_Arrest_Episodes_Felony,10 or more,147,0.9103262424468994
tabicl,Prior_Arrest_Episodes_Felony,10 or more,148,0.6806126832962036
tabicl,Prior_Arrest_Episodes_Felony,10 or more,149,0.8968789577484131
tabicl,Prior_Arrest_Episodes_Felony,10 or more,150,0.8498412370681763
tabicl,Prior_Arrest_Episodes_Felony,10 or more,151,0.3815397620201111
tabicl,Prior_Arrest_Episodes_Felony,10 or more,152,0.4341070353984833
tabicl,Prior_Arrest_Episodes_Felony,10 or more,153,0.8339318633079529
tabicl,Prior_Arrest_Episodes_Felony,10 or more,154,0.5094957947731018
tabicl,Prior_Arrest_Episodes_Felony,10 or more,155,0.8065791726112366
tabicl,Prior_Arrest_Episodes_Felony,10 or more,156,0.9118767976760864
tabicl,Prior_Arrest_Episodes_Felony,10 or more,157,0.9198431372642517
tabicl,Prior_Arrest_Episodes_Felony,10 or more,158,0.8918105363845825
tabicl,Prior_Arrest_Episodes_Felony,10 or more,159,0.9092597365379333
tabicl,Prior_Arrest_Episodes_Felony,10 or more,160,0.5992137789726257
tabicl,Prior_Arrest_Episodes_Felony,10 or more,161,0.9087056517601013
tabicl,Prior_Arrest_Episodes_Felony,10 or more,162,0.9142065644264221
tabicl,Prior_Arrest_Episodes_Felony,10 or more,163,0.15180137753486633
tabicl,Prior_Arrest_Episodes_Felony,10 or more,164,0.8562031984329224
tabicl,Prior_Arrest_Episodes_Felony,10 or more,165,0.8578349351882935
tabicl,Prior_Arrest_Episodes_Felony,10 or more,166,0.9180473685264587
tabicl,Prior_Arrest_Episodes_Felony,10 or more,167,0.5419055819511414
tabicl,Prior_Arrest_Episodes_Felony,10 or more,168,0.8551061749458313
tabicl,Prior_Arrest_Episodes_Felony,10 or more,169,0.8273174166679382
tabicl,Prior_Arrest_Episodes_Felony,10 or more,170,0.9202914834022522
tabicl,Prior_Arrest_Episodes_Felony,10 or more,171,0.9623555541038513
tabicl,Prior_Arrest_Episodes_Felony,10 or more,172,0.7930190563201904
tabicl,Prior_Arrest_Episodes_Felony,10 or more,173,0.3697761297225952
tabicl,Prior_Arrest_Episodes_Felony,10 or more,174,0.4219651222229004
tabicl,Prior_Arrest_Episodes_Felony,10 or more,175,0.11152730137109756
tabicl,Prior_Arrest_Episodes_Felony,10 or more,176,0.7925935983657837
tabicl,Prior_Arrest_Episodes_Felony,10 or more,177,0.47775688767433167
tabicl,Prior_Arrest_Episodes_Felony,10 or more,178,0.4558466970920563
tabicl,Prior_Arrest_Episodes_Felony,10 or more,179,0.713366687297821
tabicl,Prior_Arrest_Episodes_Felony,10 or more,180,0.6553592681884766
tabicl,Prior_Arrest_Episodes_Felony,10 or more,181,0.8807765245437622
tabicl,Prior_Arrest_Episodes_Felony,10 or more,182,0.9126876592636108
tabicl,Prior_Arrest_Episodes_Felony,10 or more,183,0.8181082606315613
tabicl,Prior_Arrest_Episodes_Felony,10 or more,184,0.6995702385902405
tabicl,Prior_Arrest_Episodes_Felony,10 or more,185,0.8973854184150696
tabicl,Prior_Arrest_Episodes_Felony,10 or more,186,0.518298327922821
tabicl,Prior_Arrest_Episodes_Felony,10 or more,187,0.9230102896690369
tabicl,Prior_Arrest_Episodes_Felony,10 or more,188,0.5883944630622864
tabicl,Prior_Arrest_Episodes_Felony,10 or more,189,0.7007604837417603
tabicl,Prior_Arrest_Episodes_Felony,10 or more,190,0.704706609249115
tabicl,Prior_Arrest_Episodes_Felony,10 or more,191,0.8830316662788391
tabicl,Prior_Arrest_Episodes_Felony,10 or more,192,0.7225844264030457
tabicl,Prior_Arrest_Episodes_Felony,10 or more,193,0.4267179071903229
tabicl,Prior_Arrest_Episodes_Felony,10 or more,194,0.6287850141525269
tabicl,Prior_Arrest_Episodes_Felony,10 or more,195,0.7594268918037415
tabicl,Prior_Arrest_Episodes_Felony,10 or more,196,0.6180325746536255
tabicl,Prior_Arrest_Episodes_Felony,10 or more,197,0.3247816562652588
tabicl,Prior_Arrest_Episodes_Felony,10 or more,198,0.8912749886512756
tabicl,Prior_Arrest_Episodes_Felony,10 or more,199,0.7870466709136963
